"id";"name";"country_id";"country_code";"fips_code";"iso2";"latitude";"longitude";"wiki_data_id";"notes";"inserted_at";"inserted_by";"updated_at";"updated_by"
"1";"Southern Nations, Nationalities, and Peoples' Region";"70";"ET";"54";"SN";"6.51569110";"36.95410700";"Q203193";;"2021-08-30 05:26:31";"System";"2021-08-30 05:26:31";"System"
"2";"Somali Region";"70";"ET";"52";"SO";"6.66122930";"43.79084530";"Q202800";;"2021-08-30 05:26:31";"System";"2021-08-30 05:26:31";"System"
"3";"Amhara Region";"70";"ET";"46";"AM";"11.34942470";"37.97845850";"Q203009";;"2021-08-30 05:26:31";"System";"2021-08-30 05:26:31";"System"
"4";"Tigray Region";"70";"ET";"53";"TI";"14.03233360";"38.31657250";"Q200127";;"2021-08-30 05:26:31";"System";"2021-08-30 05:26:31";"System"
"5";"Oromia Region";"70";"ET";"51";"OR";"7.54603770";"40.63468510";"Q202107";;"2021-08-30 05:26:31";"System";"2021-08-30 05:26:31";"System"
"6";"Afar Region";"70";"ET";"45";"AF";"11.75593880";"40.95868800";"Q193494";;"2021-08-30 05:26:31";"System";"2021-08-30 05:26:31";"System"
"7";"Harari Region";"70";"ET";"50";"HA";"9.31486600";"42.19677160";"Q1033855";;"2021-08-30 05:26:31";"System";"2021-08-30 05:26:31";"System"
"8";"Dire Dawa";"70";"ET";"48";"DD";"9.60087470";"41.85014200";"Q193486";;"2021-08-30 05:26:31";"System";"2021-08-30 05:26:31";"System"
"9";"Benishangul-Gumuz Region";"70";"ET";"47";"BE";"10.78028890";"35.56578620";"Q207635";;"2021-08-30 05:26:31";"System";"2021-08-30 05:26:31";"System"
"10";"Gambela Region";"70";"ET";"49";"GA";"7.92196870";"34.15319470";"Q207638";;"2021-08-30 05:26:31";"System";"2021-08-30 05:26:31";"System"
"11";"Addis Ababa";"70";"ET";"44";"AA";"8.98060340";"38.75776050";"Q3624";;"2021-08-30 05:26:31";"System";"2021-08-30 05:26:31";"System"
"12";"Petnjica Municipality";"147";"ME";"23";"23";"42.93534800";"20.02114490";"Q15630696";;"2021-08-30 05:26:31";"System";"2021-08-30 05:26:31";"System"
"13";"Bar Municipality";"147";"ME";"02";"02";"42.12781190";"19.14043800";"Q2604068";;"2021-08-30 05:26:31";"System";"2021-08-30 05:26:31";"System"
"14";"Danilovgrad Municipality";"147";"ME";"07";"07";"42.58357000";"19.14043800";"Q3741507";;"2021-08-30 05:26:31";"System";"2021-08-30 05:26:31";"System"
"15";"Rožaje Municipality";"147";"ME";"17";"17";"42.84083890";"20.16706280";"Q3296677";;"2021-08-30 05:26:31";"System";"2021-08-30 05:26:31";"System"
"16";"Plužine Municipality";"147";"ME";"15";"15";"43.15933840";"18.85514840";"Q4864476";;"2021-08-30 05:26:31";"System";"2021-08-30 05:26:31";"System"
"17";"Nikšić Municipality";"147";"ME";"12";"12";"42.79971840";"18.76009630";"Q4865016";;"2021-08-30 05:26:31";"System";"2021-08-30 05:26:31";"System"
"18";"Šavnik Municipality";"147";"ME";"18";"18";"42.96037560";"19.14043800";"Q13365880";;"2021-08-30 05:26:31";"System";"2021-08-30 05:26:31";"System"
"19";"Plav Municipality";"147";"ME";"13";"13";"42.60013370";"19.94075410";"Q4859821";;"2021-08-30 05:26:31";"System";"2021-08-30 05:26:31";"System"
"20";"Pljevlja Municipality";"147";"ME";"14";"14";"43.27233830";"19.28315310";"Q3299950";;"2021-08-30 05:26:31";"System";"2021-08-30 05:26:31";"System"
"21";"Berane Municipality";"147";"ME";"03";"03";"42.82572890";"19.90205090";"Q4853794";;"2021-08-30 05:26:31";"System";"2021-08-30 05:26:31";"System"
"22";"Mojkovac Municipality";"147";"ME";"11";"11";"42.96880180";"19.52110630";"Q3299782";;"2021-08-30 05:26:31";"System";"2021-08-30 05:26:31";"System"
"23";"Andrijevica Municipality";"147";"ME";"01";"01";"42.73624770";"19.78595560";"Q2384773";;"2021-08-30 05:26:31";"System";"2021-08-30 05:26:31";"System"
"24";"Gusinje Municipality";"147";"ME";"22";"22";"42.55634550";"19.83060510";"Q16085370";;"2021-08-30 05:26:31";"System";"2021-08-30 05:26:31";"System"
"25";"Bijelo Polje Municipality";"147";"ME";"04";"04";"43.08465260";"19.71154720";"Q4086488";;"2021-08-30 05:26:31";"System";"2021-08-30 05:26:31";"System"
"26";"Kotor Municipality";"147";"ME";"10";"10";"42.57402610";"18.64131450";"Q4856305";;"2021-08-30 05:26:31";"System";"2021-08-30 05:26:31";"System"
"27";"Podgorica Municipality";"147";"ME";"16";"16";"42.36938340";"19.28315310";"Q3305250";;"2021-08-30 05:26:31";"System";"2021-08-30 05:26:31";"System"
"28";"Old Royal Capital Cetinje";"147";"ME";"16";"06";"42.39309590";"18.91159640";"Q3305075";;"2021-08-30 05:26:31";"System";"2021-08-30 05:26:31";"System"
"29";"Tivat Municipality";"147";"ME";"19";"19";"42.42348000";"18.71851840";"Q3738564";;"2021-08-30 05:26:31";"System";"2021-08-30 05:26:31";"System"
"30";"Budva Municipality";"147";"ME";"05";"05";"42.31407200";"18.83138320";"Q3739214";;"2021-08-30 05:26:31";"System";"2021-08-30 05:26:31";"System"
"31";"Kolašin Municipality";"147";"ME";"09";"09";"42.76019160";"19.42591140";"Q3303233";;"2021-08-30 05:26:31";"System";"2021-08-30 05:26:31";"System"
"32";"Žabljak Municipality";"147";"ME";"21";"21";"43.15551520";"19.12260180";"Q3304454";;"2021-08-30 05:26:31";"System";"2021-08-30 05:26:31";"System"
"33";"Ulcinj Municipality";"147";"ME";"20";"20";"41.96527950";"19.30694320";"Q3305169";;"2021-08-30 05:26:31";"System";"2021-08-30 05:26:31";"System"
"34";"Kunene Region";"152";"NA";"32";"KU";"-19.40863170";"13.91439900";"Q834513";;"2021-08-30 05:26:31";"System";"2021-08-30 05:26:31";"System"
"35";"Kavango West Region";"152";"NA";"41";"KW";"-18.27104800";"18.42760470";"Q14824027";;"2021-08-30 05:26:31";"System";"2021-08-30 05:26:31";"System"
"36";"Kavango East Region";"152";"NA";"40";"KE";"-18.27104800";"18.42760470";"Q14824032";;"2021-08-30 05:26:31";"System";"2021-08-30 05:26:31";"System"
"37";"Oshana Region";"152";"NA";"37";"ON";"-18.43050640";"15.68817880";"Q534528";;"2021-08-30 05:26:31";"System";"2021-08-30 05:26:31";"System"
"38";"Hardap Region";"152";"NA";"30";"HA";"-24.23101340";"17.66888700";"Q752676";;"2021-08-30 05:26:31";"System";"2021-08-30 05:26:31";"System"
"39";"Omusati Region";"152";"NA";"36";"OS";"-18.40702940";"14.84546190";"Q764385";;"2021-08-30 05:26:31";"System";"2021-08-30 05:26:31";"System"
"40";"Ohangwena Region";"152";"NA";"33";"OW";"-17.59792910";"16.81783770";"Q845702";;"2021-08-30 05:26:31";"System";"2021-08-30 05:26:31";"System"
"41";"Omaheke Region";"152";"NA";"35";"OH";"-21.84666510";"19.18800470";"Q838775";;"2021-08-30 05:26:31";"System";"2021-08-30 05:26:31";"System"
"42";"Oshikoto Region";"152";"NA";"38";"OT";"-18.41525750";"16.91225100";"Q876512";;"2021-08-30 05:26:31";"System";"2021-08-30 05:26:31";"System"
"43";"Erongo Region";"152";"NA";"29";"ER";"-22.25656820";"15.40680790";"Q648753";;"2021-08-30 05:26:31";"System";"2021-08-30 05:26:31";"System"
"44";"Khomas Region";"152";"NA";"21";"KH";"-22.63778540";"17.10119310";"Q834508";;"2021-08-30 05:26:31";"System";"2021-08-30 05:26:31";"System"
"45";"Karas Region";"152";"NA";"31";"KA";"-26.84296450";"17.29028390";"Q573467";;"2021-08-30 05:26:31";"System";"2021-08-30 05:26:31";"System"
"46";"Otjozondjupa Region";"152";"NA";"39";"OD";"-20.54869160";"17.66888700";"Q876506";;"2021-08-30 05:26:31";"System";"2021-08-30 05:26:31";"System"
"47";"Zambezi Region";"152";"NA";"28";"CA";"-17.81934190";"23.95364660";"Q473190";;"2021-08-30 05:26:31";"System";"2021-08-30 05:26:31";"System"
"48";"Ashanti Region";"83";"GH";"02";"AH";"6.74704360";"-1.52086240";"Q398417";;"2021-08-30 05:26:31";"System";"2021-08-30 05:26:31";"System"
"49";"Western Region";"83";"GH";"09";"WP";;;"Q870155";;"2021-08-30 05:26:31";"System";"2021-08-30 05:26:31";"System"
"50";"Eastern Region";"83";"GH";"05";"EP";;;"Q405670";;"2021-08-30 05:26:31";"System";"2021-08-30 05:26:31";"System"
"51";"Northern Region";"83";"GH";"06";"NP";;;"Q502215";;"2021-08-30 05:26:31";"System";"2021-08-30 05:26:31";"System"
"52";"Central Region";"83";"GH";"04";"CP";;;"Q846323";;"2021-08-30 05:26:31";"System";"2021-08-30 05:26:31";"System"
"53";"Brong-Ahafo Region";"83";"GH";"03";"BA";"7.95592470";"-1.67606910";"Q397737";;"2021-08-30 05:26:31";"System";"2021-08-30 05:26:31";"System"
"54";"Greater Accra Region";"83";"GH";"01";"AA";"5.81428360";"0.07467670";"Q431729";;"2021-08-30 05:26:31";"System";"2021-08-30 05:26:31";"System"
"55";"Upper East Region";"83";"GH";"10";"UE";"10.70824990";"-0.98206680";"Q712828";;"2021-08-30 05:26:31";"System";"2021-08-30 05:26:31";"System"
"56";"Volta Region";"83";"GH";"08";"TV";"6.57813730";"0.45023680";"Q712832";;"2021-08-30 05:26:31";"System";"2021-08-30 05:26:31";"System"
"57";"Upper West Region";"83";"GH";"11";"UW";"10.25297570";"-2.14502450";"Q715805";;"2021-08-30 05:26:31";"System";"2021-08-30 05:26:31";"System"
"58";"San Marino";"192";"SM";"07";"07";"43.94236000";"12.45777700";"Q1848";;"2021-08-30 05:26:31";"System";"2021-08-30 05:26:31";"System"
"59";"Acquaviva";"192";"SM";"01";"01";"41.86715970";"14.74694790";"Q206363";;"2021-08-30 05:26:31";"System";"2021-08-30 05:26:31";"System"
"60";"Chiesanuova";"192";"SM";"02";"02";"45.42261720";"7.65038540";"Q206980";;"2021-08-30 05:26:31";"System";"2021-08-30 05:26:31";"System"
"61";"Borgo Maggiore";"192";"SM";"06";"06";"43.95748820";"12.45525460";"Q201368";;"2021-08-30 05:26:31";"System";"2021-08-30 05:26:31";"System"
"62";"Faetano";"192";"SM";"04";"04";"43.93489670";"12.48965540";"Q206356";;"2021-08-30 05:26:31";"System";"2021-08-30 05:26:31";"System"
"63";"Montegiardino";"192";"SM";"08";"08";"43.90529990";"12.48105420";"Q206962";;"2021-08-30 05:26:31";"System";"2021-08-30 05:26:31";"System"
"64";"Domagnano";"192";"SM";"03";"03";"43.95019290";"12.46815370";"Q202202";;"2021-08-30 05:26:31";"System";"2021-08-30 05:26:31";"System"
"65";"Serravalle";"192";"SM";"09";"09";"44.72320840";"8.85740050";"Q185412";;"2021-08-30 05:26:31";"System";"2021-08-30 05:26:31";"System"
"66";"Fiorentino";"192";"SM";"05";"05";"43.90783370";"12.45812090";"Q206968";;"2021-08-30 05:26:31";"System";"2021-08-30 05:26:31";"System"
"67";"Tillabéri Region";"160";"NE";"09";"6";"14.64895250";"2.14502450";"Q861914";;"2021-08-30 05:26:31";"System";"2021-08-30 05:26:31";"System"
"68";"Dosso Region";"160";"NE";"03";"3";"13.15139470";"3.41955270";"Q850055";;"2021-08-30 05:26:31";"System";"2021-08-30 05:26:31";"System"
"69";"Zinder Region";"160";"NE";"07";"7";"15.17188810";"10.26001250";"Q204367";;"2021-08-30 05:26:31";"System";"2021-08-30 05:26:31";"System"
"70";"Maradi Region";"160";"NE";"04";"4";"13.80180740";"7.43813550";"Q850036";;"2021-08-30 05:26:31";"System";"2021-08-30 05:26:31";"System"
"71";"Agadez Region";"160";"NE";"01";"1";"20.66707520";"12.07182810";"Q389944";;"2021-08-30 05:26:31";"System";"2021-08-30 05:26:31";"System"
"72";"Diffa Region";"160";"NE";"02";"2";"13.67686470";"12.71351210";"Q1053302";;"2021-08-30 05:26:31";"System";"2021-08-30 05:26:31";"System"
"73";"Tahoua Region";"160";"NE";"06";"5";"16.09025430";"5.39395510";"Q871083";;"2021-08-30 05:26:31";"System";"2021-08-30 05:26:31";"System"
"74";"Mqabba";"135";"MT";"06";"33";"35.84441430";"14.46941860";"Q1017953";;"2021-08-30 05:26:31";"System";"2021-08-30 05:26:31";"System"
"75";"San Ġwann";"135";"MT";"54";"49";"35.90773650";"14.47524160";"Q39507";;"2021-08-30 05:26:31";"System";"2021-08-30 05:26:31";"System"
"76";"Żurrieq";"135";"MT";"54";"68";"35.82163060";"14.48106480";"Q44417";;"2021-08-30 05:26:31";"System";"2021-08-30 05:26:31";"System"
"77";"Luqa";"135";"MT";"30";"25";"35.85828650";"14.48688830";"Q475585";;"2021-08-30 05:26:31";"System";"2021-08-30 05:26:31";"System"
"78";"Marsaxlokk";"135";"MT";"33";"28";"35.84116990";"14.53930970";"Q781921";;"2021-08-30 05:26:31";"System";"2021-08-30 05:26:31";"System"
"79";"Qala";"135";"MT";"33";"42";"36.03886280";"14.31810100";"Q1088033";;"2021-08-30 05:26:31";"System";"2021-08-30 05:26:31";"System"
"80";"Żebbuġ Malta";"135";"MT";"33";"66";"35.87646480";"14.43908400";"Q44573";;"2021-08-30 05:26:31";"System";"2021-08-30 05:26:31";"System"
"81";"Xgħajra";"135";"MT";"33";"63";"35.88682820";"14.54723910";"Q520962";;"2021-08-30 05:26:31";"System";"2021-08-30 05:26:31";"System"
"82";"Kirkop";"135";"MT";"28";"23";"35.84378620";"14.48543240";"Q597464";;"2021-08-30 05:26:31";"System";"2021-08-30 05:26:31";"System"
"83";"Rabat";"135";"MT";"28";"46";"33.97159040";"-6.84981290";"Q44381";;"2021-08-30 05:26:31";"System";"2021-08-30 05:26:31";"System"
"84";"Floriana";"135";"MT";"28";"09";"45.49521850";"-73.71395760";"Q832807";;"2021-08-30 05:26:31";"System";"2021-08-30 05:26:31";"System"
"85";"Żebbuġ Gozo";"135";"MT";"28";"65";"36.07164030";"14.24540800";"Q179243";;"2021-08-30 05:26:31";"System";"2021-08-30 05:26:31";"System"
"86";"Swieqi";"135";"MT";"28";"57";"35.91911820";"14.46941860";"Q220667";;"2021-08-30 05:26:31";"System";"2021-08-30 05:26:31";"System"
"87";"Saint Lawrence";"135";"MT";"50";"50";"38.95780560";"-95.25656890";"Q537308";;"2021-08-30 05:26:31";"System";"2021-08-30 05:26:31";"System"
"88";"Birżebbuġa";"135";"MT";"05";"05";"35.81359890";"14.52474630";"Q258028";;"2021-08-30 05:26:31";"System";"2021-08-30 05:26:31";"System"
"89";"Mdina";"135";"MT";"05";"29";"35.88809300";"14.40683570";"Q207277";;"2021-08-30 05:26:31";"System";"2021-08-30 05:26:31";"System"
"90";"Santa Venera";"135";"MT";"05";"54";"35.89022010";"14.47669740";"Q585420";;"2021-08-30 05:26:31";"System";"2021-08-30 05:26:31";"System"
"91";"Kerċem";"135";"MT";"05";"22";"36.04479390";"14.22506050";"Q674679";;"2021-08-30 05:26:31";"System";"2021-08-30 05:26:31";"System"
"92";"Għarb";"135";"MT";"05";"14";"36.06890900";"14.20180980";"Q1026487";;"2021-08-30 05:26:31";"System";"2021-08-30 05:26:31";"System"
"93";"Iklin";"135";"MT";"05";"19";"35.90987740";"14.45777320";"Q304589";;"2021-08-30 05:26:31";"System";"2021-08-30 05:26:31";"System"
"94";"Santa Luċija";"135";"MT";"05";"53";"35.85614200";"14.50436000";"Q1087776";;"2021-08-30 05:26:31";"System";"2021-08-30 05:26:31";"System"
"95";"Valletta";"135";"MT";"05";"60";"35.89890850";"14.51455280";"Q23800";;"2021-08-30 05:26:31";"System";"2021-08-30 05:26:31";"System"
"96";"Msida";"135";"MT";"05";"34";"35.89563880";"14.48688830";"Q585187";;"2021-08-30 05:26:31";"System";"2021-08-30 05:26:31";"System"
"97";"Birkirkara";"135";"MT";"04";"04";"35.89547060";"14.46650720";"Q39583";;"2021-08-30 05:26:31";"System";"2021-08-30 05:26:31";"System"
"98";"Siġġiewi";"135";"MT";"04";"55";"35.84637420";"14.43157460";"Q919908";;"2021-08-30 05:26:31";"System";"2021-08-30 05:26:31";"System"
"99";"Kalkara";"135";"MT";"04";"21";"35.89142420";"14.53202780";"Q533257";;"2021-08-30 05:26:31";"System";"2021-08-30 05:26:31";"System"
"100";"St. Julian's";"135";"MT";"35";"48";"42.21225130";"-85.89171270";"Q669979";;"2021-08-30 05:26:31";"System";"2021-08-30 05:26:31";"System"
"101";"Victoria";"135";"MT";"46";"45";"28.80526740";"-97.00359820";"Q752348";;"2021-08-30 05:26:31";"System";"2021-08-30 05:26:31";"System"
"102";"Mellieħa";"135";"MT";"46";"30";"35.95235290";"14.35009750";"Q755979";;"2021-08-30 05:26:31";"System";"2021-08-30 05:26:31";"System"
"103";"Tarxien";"135";"MT";"58";"59";"35.86725520";"14.51164050";"Q744001";;"2021-08-30 05:26:31";"System";"2021-08-30 05:26:31";"System"
"104";"Sliema";"135";"MT";"58";"56";"35.91100810";"14.50290400";"Q39526";;"2021-08-30 05:26:31";"System";"2021-08-30 05:26:31";"System"
"105";"Ħamrun";"135";"MT";"58";"18";"35.88612370";"14.48834420";"Q343001";;"2021-08-30 05:26:31";"System";"2021-08-30 05:26:31";"System"
"106";"Għasri";"135";"MT";"58";"16";"36.06680750";"14.21924750";"Q1017339";;"2021-08-30 05:26:31";"System";"2021-08-30 05:26:31";"System"
"107";"Birgu";"135";"MT";"58";"03";"35.88792140";"14.52256200";"Q752346";;"2021-08-30 05:26:31";"System";"2021-08-30 05:26:31";"System"
"108";"Balzan";"135";"MT";"02";"02";"35.89574140";"14.45340650";"Q789794";;"2021-08-30 05:26:31";"System";"2021-08-30 05:26:31";"System"
"109";"Mġarr";"135";"MT";"02";"31";"35.91893270";"14.36173430";"Q691220";;"2021-08-30 05:26:31";"System";"2021-08-30 05:26:31";"System"
"110";"Attard";"135";"MT";"01";"01";"35.89049670";"14.41993220";"Q44557";;"2021-08-30 05:26:31";"System";"2021-08-30 05:26:31";"System"
"111";"Qrendi";"135";"MT";"01";"44";"35.83284880";"14.45486210";"Q282203";;"2021-08-30 05:26:31";"System";"2021-08-30 05:26:31";"System"
"112";"Naxxar";"135";"MT";"01";"38";"35.93175180";"14.43157460";"Q44397";;"2021-08-30 05:26:31";"System";"2021-08-30 05:26:31";"System"
"113";"Gżira";"135";"MT";"01";"12";"35.90589700";"14.49533380";"Q632097";;"2021-08-30 05:26:31";"System";"2021-08-30 05:26:31";"System"
"114";"Xagħra";"135";"MT";"01";"61";"36.05084500";"14.26748200";"Q605343";;"2021-08-30 05:26:31";"System";"2021-08-30 05:26:31";"System"
"115";"Paola";"135";"MT";"39";"39";"38.57223530";"-94.87912940";"Q846589";;"2021-08-30 05:26:31";"System";"2021-08-30 05:26:31";"System"
"116";"Sannat";"135";"MT";"54";"52";"36.01926430";"14.25994370";"Q602037";;"2021-08-30 05:26:31";"System";"2021-08-30 05:26:31";"System"
"117";"Dingli";"135";"MT";"07";"07";"35.86273090";"14.38501070";"Q905641";;"2021-08-30 05:26:31";"System";"2021-08-30 05:26:31";"System"
"118";"Gudja";"135";"MT";"07";"11";"35.84698030";"14.50290400";"Q1018153";;"2021-08-30 05:26:31";"System";"2021-08-30 05:26:31";"System"
"119";"Qormi";"135";"MT";"43";"43";"35.87643880";"14.46941860";"Q39578";;"2021-08-30 05:26:31";"System";"2021-08-30 05:26:31";"System"
"120";"Għargħur";"135";"MT";"43";"15";"35.92205690";"14.45631760";"Q1018111";;"2021-08-30 05:26:31";"System";"2021-08-30 05:26:31";"System"
"121";"Xewkija";"135";"MT";"43";"62";"36.02992360";"14.25994370";"Q919921";;"2021-08-30 05:26:31";"System";"2021-08-30 05:26:31";"System"
"122";"Ta' Xbiex";"135";"MT";"59";"58";"35.89914480";"14.49635190";"Q1017348";;"2021-08-30 05:26:31";"System";"2021-08-30 05:26:31";"System"
"123";"Żabbar";"135";"MT";"59";"64";"35.87247150";"14.54513540";"Q39518";;"2021-08-30 05:26:31";"System";"2021-08-30 05:26:31";"System"
"124";"Għaxaq";"135";"MT";"59";"17";"35.84403590";"14.51600900";"Q426385";;"2021-08-30 05:26:31";"System";"2021-08-30 05:26:31";"System"
"125";"Pembroke";"135";"MT";"40";"40";"34.68016260";"-79.19503730";"Q775756";;"2021-08-30 05:26:31";"System";"2021-08-30 05:26:31";"System"
"126";"Lija";"135";"MT";"29";"24";"49.18007600";"-123.10331700";"Q782049";;"2021-08-30 05:26:31";"System";"2021-08-30 05:26:31";"System"
"127";"Pietà";"135";"MT";"29";"41";"42.21862000";"-83.73464700";"Q744070";;"2021-08-30 05:26:31";"System";"2021-08-30 05:26:31";"System"
"128";"Marsa";"135";"MT";"29";"26";"34.03195870";"-118.44555350";"Q267431";;"2021-08-30 05:26:31";"System";"2021-08-30 05:26:31";"System"
"129";"Fgura";"135";"MT";"29";"08";"35.87382690";"14.52329010";"Q44388";;"2021-08-30 05:26:31";"System";"2021-08-30 05:26:31";"System"
"130";"Għajnsielem";"135";"MT";"11";"13";"36.02479660";"14.28029610";"Q761675";;"2021-08-30 05:26:31";"System";"2021-08-30 05:26:31";"System"
"131";"Mtarfa";"135";"MT";"11";"35";"35.88951250";"14.39519530";"Q656837";;"2021-08-30 05:26:31";"System";"2021-08-30 05:26:31";"System"
"132";"Munxar";"135";"MT";"11";"36";"36.02880580";"14.22506050";"Q587462";;"2021-08-30 05:26:31";"System";"2021-08-30 05:26:31";"System"
"133";"Nadur";"135";"MT";"11";"37";"36.04470190";"14.29192730";"Q929969";;"2021-08-30 05:26:31";"System";"2021-08-30 05:26:31";"System"
"134";"Fontana";"135";"MT";"11";"10";"34.09223350";"-117.43504800";"Q1002742";;"2021-08-30 05:26:31";"System";"2021-08-30 05:26:31";"System"
"135";"Żejtun";"135";"MT";"11";"67";"35.85487140";"14.53639690";"Q44392";;"2021-08-30 05:26:31";"System";"2021-08-30 05:26:31";"System"
"136";"Senglea";"135";"MT";"11";"20";"35.88730410";"14.51673710";"Q846593";;"2021-08-30 05:26:31";"System";"2021-08-30 05:26:31";"System"
"137";"Marsaskala";"135";"MT";"32";"27";"35.86036400";"14.55678760";"Q534571";;"2021-08-30 05:26:31";"System";"2021-08-30 05:26:31";"System"
"138";"Cospicua";"135";"MT";"32";"06";"35.88067530";"14.52183380";"Q757225";;"2021-08-30 05:26:31";"System";"2021-08-30 05:26:31";"System"
"139";"St. Paul's Bay";"135";"MT";"35";"51";"35.93601700";"14.39665030";"Q39521";;"2021-08-30 05:26:31";"System";"2021-08-30 05:26:31";"System"
"140";"Mosta";"135";"MT";"35";"32";"35.91415040";"14.42284270";"Q39520";;"2021-08-30 05:26:31";"System";"2021-08-30 05:26:31";"System"
"141";"Mangystau Region";"112";"KZ";"09";"MAN";"44.59080200";"53.84995080";"Q238931";;"2021-08-30 05:26:31";"System";"2021-08-30 05:26:31";"System"
"142";"Kyzylorda Region";"112";"KZ";"14";"KZY";"44.69226130";"62.65718850";"Q485322";;"2021-08-30 05:26:31";"System";"2021-08-30 05:26:31";"System"
"143";"Almaty Region";"112";"KZ";"01";"ALM";"45.01192270";"78.42293920";"Q186466";;"2021-08-30 05:26:31";"System";"2021-08-30 05:26:31";"System"
"144";"North Kazakhstan Region";"112";"KZ";"16";"SEV";"54.16220660";"69.93870710";"Q485088";;"2021-08-30 05:26:31";"System";"2021-08-30 05:26:31";"System"
"145";"Akmola Region";"112";"KZ";"03";"AKM";"51.91653200";"69.41104940";"Q485056";;"2021-08-30 05:26:31";"System";"2021-08-30 05:26:31";"System"
"146";"Pavlodar Region";"112";"KZ";"11";"PAV";"52.28784440";"76.97334530";"Q486144";;"2021-08-30 05:26:31";"System";"2021-08-30 05:26:31";"System"
"147";"Jambyl Region";"112";"KZ";"17";"ZHA";"44.22203080";"72.36579670";"Q486657";;"2021-08-30 05:26:31";"System";"2021-08-30 05:26:31";"System"
"148";"West Kazakhstan Province";"112";"KZ";"07";"ZAP";"49.56797270";"50.80666160";"Q486007";;"2021-08-30 05:26:31";"System";"2021-08-30 05:26:31";"System"
"149";"Turkestan Region";"112";"KZ";"10";"YUZ";"43.36669580";"68.40944050";"Q815330";;"2021-08-30 05:26:31";"System";"2021-08-30 05:26:31";"System"
"150";"Karaganda Region";"112";"KZ";"12";"KAR";"47.90221820";"71.77068070";"Q485429";;"2021-08-30 05:26:31";"System";"2021-08-30 05:26:31";"System"
"151";"Aktobe Region";"112";"KZ";"04";"AKT";"48.77970780";"57.99743780";"Q485437";;"2021-08-30 05:26:31";"System";"2021-08-30 05:26:31";"System"
"152";"Almaty";"112";"KZ";"02";"ALA";"43.22201460";"76.85124850";"Q35493";;"2021-08-30 05:26:31";"System";"2021-08-30 05:26:31";"System"
"153";"Atyrau Region";"112";"KZ";"06";"ATY";"47.10761880";"51.91413300";"Q427658";;"2021-08-30 05:26:31";"System";"2021-08-30 05:26:31";"System"
"154";"East Kazakhstan Region";"112";"KZ";"15";"VOS";"48.70626870";"80.79225340";"Q36156";;"2021-08-30 05:26:31";"System";"2021-08-30 05:26:31";"System"
"155";"Baikonur";"112";"KZ";"08";"BAY";"45.96458510";"63.30524280";"Q165413";;"2021-08-30 05:26:31";"System";"2021-08-30 05:26:31";"System"
"156";"Nur-Sultan";"112";"KZ";"05";"AST";"51.16052270";"71.47035580";"Q1520";;"2021-08-30 05:26:31";"System";"2021-08-30 05:26:31";"System"
"157";"Kostanay Region";"112";"KZ";"13";"KUS";"51.50770960";"64.04790730";"Q485605";;"2021-08-30 05:26:31";"System";"2021-08-30 05:26:31";"System"
"158";"Kakamega County";"113";"KE";"20";"11";"0.30789400";"34.77407930";"Q1721867";;"2021-08-30 05:26:31";"System";"2021-08-30 05:26:31";"System"
"159";"Kisii County";"113";"KE";"25";"16";"-0.67733400";"34.77960300";"Q1743730";;"2021-08-30 05:26:31";"System";"2021-08-30 05:26:31";"System"
"160";"Central Province";"113";"KE";"01";"200";;;"Q318666";;"2021-08-30 05:26:31";"System";"2021-08-30 05:26:31";"System"
"161";"Busia County";"113";"KE";"13";"04";"0.43465060";"34.24215970";"Q1017519";;"2021-08-30 05:26:31";"System";"2021-08-30 05:26:31";"System"
"162";"North Eastern Province";"113";"KE";"06";"500";"7.78530510";"81.42789840";"Q390213";;"2021-08-30 05:26:31";"System";"2021-08-30 05:26:31";"System"
"163";"Embu County";"113";"KE";"15";"06";"-0.65604770";"37.72376780";"Q1335242";;"2021-08-30 05:26:31";"System";"2021-08-30 05:26:31";"System"
"164";"Laikipia County";"113";"KE";"29";"20";"0.36060630";"36.78195050";"Q1800699";;"2021-08-30 05:26:31";"System";"2021-08-30 05:26:31";"System"
"165";"Nandi District";"113";"KE";"40";"32";"0.18358670";"35.12687810";"Q1964569";;"2021-08-30 05:26:31";"System";"2021-08-30 05:26:31";"System"
"166";"Lamu County";"113";"KE";"30";"21";"-2.23550580";"40.47200040";"Q1951652";;"2021-08-30 05:26:31";"System";"2021-08-30 05:26:31";"System"
"167";"Kirinyaga County";"113";"KE";"24";"15";"-0.65905650";"37.38272340";"Q2230311";;"2021-08-30 05:26:31";"System";"2021-08-30 05:26:31";"System"
"168";"Bungoma County";"113";"KE";"12";"03";"0.56952520";"34.55837660";"Q2928204";;"2021-08-30 05:26:31";"System";"2021-08-30 05:26:31";"System"
"169";"Uasin Gishu District";"113";"KE";"52";"44";"0.55276380";"35.30272260";"Q1121429";;"2021-08-30 05:26:31";"System";"2021-08-30 05:26:31";"System"
"170";"Isiolo County";"113";"KE";"18";"09";"0.35243520";"38.48499230";"Q1499046";;"2021-08-30 05:26:31";"System";"2021-08-30 05:26:31";"System"
"171";"Kisumu County";"113";"KE";"26";"17";"-0.09170160";"34.76795680";"Q1743809";;"2021-08-30 05:26:31";"System";"2021-08-30 05:26:31";"System"
"172";"Coast Province";"113";"KE";"02";"300";"39.13733050";"-76.72941440";"Q185371";;"2021-08-30 05:26:31";"System";"2021-08-30 05:26:31";"System"
"173";"Kwale County";"113";"KE";"28";"19";"-4.18161150";"39.46056120";"Q952571";;"2021-08-30 05:26:31";"System";"2021-08-30 05:26:31";"System"
"174";"Kilifi County";"113";"KE";"23";"14";"-3.51065080";"39.90932690";"Q1741307";;"2021-08-30 05:26:31";"System";"2021-08-30 05:26:31";"System"
"175";"Narok County";"113";"KE";"41";"33";"-1.10411100";"36.08934060";"Q1852220";;"2021-08-30 05:26:31";"System";"2021-08-30 05:26:31";"System"
"176";"Taita–Taveta County";"113";"KE";"41";"39";"-3.31606870";"38.48499230";"Q7193788";;"2021-08-30 05:26:31";"System";"2021-08-30 05:26:31";"System"
"177";"Western Province";"113";"KE";"09";"800";;;"Q38585";;"2021-08-30 05:26:31";"System";"2021-08-30 05:26:31";"System"
"178";"Muranga County";"113";"KE";"38";"29";"-0.78392810";"37.04003390";"Q1781723";;"2021-08-30 05:26:31";"System";"2021-08-30 05:26:31";"System"
"179";"Rift Valley Province";"113";"KE";"08";"700";"11.40987370";"41.28085770";"Q38587";;"2021-08-30 05:26:31";"System";"2021-08-30 05:26:31";"System"
"180";"Nyeri County";"113";"KE";"44";"36";"-0.41969150";"37.04003390";"Q749665";;"2021-08-30 05:26:31";"System";"2021-08-30 05:26:31";"System"
"181";"Baringo County";"113";"KE";"10";"01";"0.85549880";"36.08934060";"Q808201";;"2021-08-30 05:26:31";"System";"2021-08-30 05:26:31";"System"
"182";"Wajir County";"113";"KE";"54";"46";"1.63604750";"40.30886260";"Q1852209";;"2021-08-30 05:26:31";"System";"2021-08-30 05:26:31";"System"
"183";"Trans-Nzoia District";"113";"KE";"50";"42";"1.05666670";"34.95066250";"Q1278653";;"2021-08-30 05:26:31";"System";"2021-08-30 05:26:31";"System"
"184";"Machakos County";"113";"KE";"31";"22";"-1.51768370";"37.26341460";"Q1882639";;"2021-08-30 05:26:31";"System";"2021-08-30 05:26:31";"System"
"185";"Tharaka Nithi County";"113";"KE";"49";"41";"-0.29648510";"37.72376780";"Q2189432";;"2021-08-30 05:26:31";"System";"2021-08-30 05:26:31";"System"
"186";"Siaya County";"113";"KE";"46";"38";"-0.06173280";"34.24215970";"Q3482913";;"2021-08-30 05:26:31";"System";"2021-08-30 05:26:31";"System"
"187";"Mandera County";"113";"KE";"33";"24";"3.57379910";"40.95868800";"Q1477874";;"2021-08-30 05:26:31";"System";"2021-08-30 05:26:31";"System"
"188";"Makueni County";"113";"KE";"32";"23";"-2.25587340";"37.89366630";"Q473717";;"2021-08-30 05:26:31";"System";"2021-08-30 05:26:31";"System"
"189";"Eastern Province";"113";"KE";"03";"400";;;"Q328493";;"2021-08-30 05:26:31";"System";"2021-08-30 05:26:31";"System"
"190";"Migori County";"113";"KE";"36";"27";"-0.93657020";"34.41982430";"Q429955";;"2021-08-30 05:26:31";"System";"2021-08-30 05:26:31";"System"
"191";"Nairobi";"113";"KE";"05";"110";"-1.29206590";"36.82194620";"Q3870";;"2021-08-30 05:26:31";"System";"2021-08-30 05:26:31";"System"
"192";"Nyandarua County";"113";"KE";"43";"35";"-0.18038550";"36.52296410";"Q1714352";;"2021-08-30 05:26:31";"System";"2021-08-30 05:26:31";"System"
"193";"Kericho County";"113";"KE";"21";"12";"-0.18279130";"35.47819260";"Q1739252";;"2021-08-30 05:26:31";"System";"2021-08-30 05:26:31";"System"
"194";"Marsabit County";"113";"KE";"34";"25";"2.44264030";"37.97845850";"Q1323683";;"2021-08-30 05:26:31";"System";"2021-08-30 05:26:31";"System"
"195";"Homa Bay County";"113";"KE";"17";"08";"-0.62206550";"34.33103640";"Q1625834";;"2021-08-30 05:26:31";"System";"2021-08-30 05:26:31";"System"
"196";"Garissa County";"113";"KE";"16";"07";"-0.45322930";"39.64609880";"Q1494292";;"2021-08-30 05:26:31";"System";"2021-08-30 05:26:31";"System"
"197";"Kajiado County";"113";"KE";"19";"10";"-2.09807510";"36.78195050";"Q285072";;"2021-08-30 05:26:31";"System";"2021-08-30 05:26:31";"System"
"198";"Meru County";"113";"KE";"35";"26";"0.35571740";"37.80876930";"Q15045704";;"2021-08-30 05:26:31";"System";"2021-08-30 05:26:31";"System"
"199";"Kiambu County";"113";"KE";"22";"13";"-1.03137010";"36.86807910";"Q2575594";;"2021-08-30 05:26:31";"System";"2021-08-30 05:26:31";"System"
"200";"Mombasa County";"113";"KE";"37";"28";"-3.97682910";"39.71371810";"Q1112885";;"2021-08-30 05:26:31";"System";"2021-08-30 05:26:31";"System"
"201";"Elgeyo-Marakwet County";"113";"KE";"37";"05";"1.04982370";"35.47819260";"Q15216433";;"2021-08-30 05:26:31";"System";"2021-08-30 05:26:31";"System"
"202";"Vihiga District";"113";"KE";"53";"45";"0.07675530";"34.70776650";"Q1313202";;"2021-08-30 05:26:31";"System";"2021-08-30 05:26:31";"System"
"203";"Nakuru District";"113";"KE";"39";"31";"-0.30309880";"36.08002600";"Q1852202";;"2021-08-30 05:26:31";"System";"2021-08-30 05:26:31";"System"
"204";"Nyanza Province";"113";"KE";"07";"600";"-0.08898940";"34.77179120";"Q38589";;"2021-08-30 05:26:31";"System";"2021-08-30 05:26:31";"System"
"205";"Tana River County";"113";"KE";"48";"40";"-1.65184680";"39.65181650";"Q383150";;"2021-08-30 05:26:31";"System";"2021-08-30 05:26:31";"System"
"206";"Turkana County";"113";"KE";"51";"43";"3.31224770";"35.56578620";"Q1633078";;"2021-08-30 05:26:31";"System";"2021-08-30 05:26:31";"System"
"207";"Samburu County";"113";"KE";"45";"37";"1.21545060";"36.95410700";"Q2096419";;"2021-08-30 05:26:31";"System";"2021-08-30 05:26:31";"System"
"208";"West Pokot County";"113";"KE";"55";"47";"1.62100760";"35.39050460";"Q590860";;"2021-08-30 05:26:31";"System";"2021-08-30 05:26:31";"System"
"209";"Nyamira District";"113";"KE";"42";"34";"-0.56694050";"34.93412340";"Q1569613";;"2021-08-30 05:26:31";"System";"2021-08-30 05:26:31";"System"
"210";"Bomet County";"113";"KE";"11";"02";"-0.80150090";"35.30272260";"Q891952";;"2021-08-30 05:26:31";"System";"2021-08-30 05:26:31";"System"
"211";"Kitui County";"113";"KE";"27";"18";"-1.68328220";"38.31657250";"Q1722597";;"2021-08-30 05:26:31";"System";"2021-08-30 05:26:31";"System"
"212";"Bié Province";"7";"AO";"02";"BIE";"-12.57279070";"17.66888700";"Q213977";;"2021-08-30 05:26:31";"System";"2021-08-30 05:26:31";"System"
"213";"Huambo Province";"7";"AO";"08";"HUA";"-12.52682210";"15.59433880";"Q218848";;"2021-08-30 05:26:31";"System";"2021-08-30 05:26:31";"System"
"214";"Zaire Province";"7";"AO";"16";"ZAI";"-6.57334580";"13.17403480";"Q196674";;"2021-08-30 05:26:31";"System";"2021-08-30 05:26:31";"System"
"215";"Cunene Province";"7";"AO";"07";"CNN";"-16.28022210";"16.15809370";"Q216987";;"2021-08-30 05:26:31";"System";"2021-08-30 05:26:31";"System"
"216";"Cuanza Sul";"7";"AO";"06";"CUS";"-10.59519100";"15.40680790";"Q216998";;"2021-08-30 05:26:31";"System";"2021-08-30 05:26:31";"System"
"217";"Cuanza Norte Province";"7";"AO";"05";"CNO";"-9.23985130";"14.65878210";"Q216834";;"2021-08-30 05:26:31";"System";"2021-08-30 05:26:31";"System"
"218";"Benguela Province";"7";"AO";"01";"BGU";"-12.80037440";"13.91439900";"Q212786";;"2021-08-30 05:26:31";"System";"2021-08-30 05:26:31";"System"
"219";"Moxico Province";"7";"AO";"14";"MOX";"-13.42935790";"20.33088140";"Q173988";;"2021-08-30 05:26:31";"System";"2021-08-30 05:26:31";"System"
"220";"Lunda Sul Province";"7";"AO";"18";"LSU";"-10.28665780";"20.71224650";"Q219648";;"2021-08-30 05:26:31";"System";"2021-08-30 05:26:31";"System"
"221";"Bengo Province";"7";"AO";"19";"BGO";"-9.10422570";"13.72891670";"Q191299";;"2021-08-30 05:26:31";"System";"2021-08-30 05:26:31";"System"
"222";"Luanda Province";"7";"AO";"20";"LUA";"-9.03508800";"13.26634790";"Q190066";;"2021-08-30 05:26:31";"System";"2021-08-30 05:26:31";"System"
"223";"Lunda Norte Province";"7";"AO";"17";"LNO";"-8.35250220";"19.18800470";"Q214221";;"2021-08-30 05:26:31";"System";"2021-08-30 05:26:31";"System"
"224";"Uíge Province";"7";"AO";"15";"UIG";"-7.17367320";"15.40680790";"Q216972";;"2021-08-30 05:26:31";"System";"2021-08-30 05:26:31";"System"
"225";"Huíla Province";"7";"AO";"09";"HUI";"-14.92805530";"14.65878210";"Q214572";;"2021-08-30 05:26:31";"System";"2021-08-30 05:26:31";"System"
"226";"Cuando Cubango Province";"7";"AO";"04";"CCU";"-16.41808240";"18.80761950";"Q215268";;"2021-08-30 05:26:31";"System";"2021-08-30 05:26:31";"System"
"227";"Malanje Province";"7";"AO";"12";"MAL";"-9.82511830";"16.91225100";"Q219072";;"2021-08-30 05:26:31";"System";"2021-08-30 05:26:31";"System"
"228";"Cabinda Province";"7";"AO";"03";"CAB";"-5.02487490";"12.34638750";"Q168787";;"2021-08-30 05:26:31";"System";"2021-08-30 05:26:31";"System"
"229";"Gasa District";"26";"BT";"23";"GA";"28.01858860";"89.92532330";"Q578294";;"2021-08-30 05:26:31";"System";"2021-08-30 05:26:31";"System"
"230";"Tsirang District";"26";"BT";"07";"21";"27.03220700";"90.18696440";"Q728922";;"2021-08-30 05:26:31";"System";"2021-08-30 05:26:31";"System"
"231";"Wangdue Phodrang District";"26";"BT";"07";"24";"27.45260460";"90.06749280";"Q728933";;"2021-08-30 05:26:31";"System";"2021-08-30 05:26:31";"System"
"232";"Haa District";"26";"BT";"10";"13";"27.26516690";"89.17059980";"Q754448";;"2021-08-30 05:26:31";"System";"2021-08-30 05:26:31";"System"
"233";"Zhemgang District";"26";"BT";"18";"34";"27.07697500";"90.82940020";"Q197564";;"2021-08-30 05:26:31";"System";"2021-08-30 05:26:31";"System"
"234";"Lhuntse District";"26";"BT";"11";"44";"27.82649890";"91.13530200";"Q598793";;"2021-08-30 05:26:31";"System";"2021-08-30 05:26:31";"System"
"235";"Punakha District";"26";"BT";"15";"23";"27.69037160";"89.88793040";"Q587062";;"2021-08-30 05:26:31";"System";"2021-08-30 05:26:31";"System"
"236";"Trashigang District";"26";"BT";"19";"41";"27.25667950";"91.75388170";"Q652773";;"2021-08-30 05:26:31";"System";"2021-08-30 05:26:31";"System"
"237";"Paro District";"26";"BT";"13";"11";"27.42859490";"89.41665160";"Q652784";;"2021-08-30 05:26:31";"System";"2021-08-30 05:26:31";"System"
"238";"Dagana District";"26";"BT";"08";"22";"27.03228610";"89.88793040";"Q735146";;"2021-08-30 05:26:31";"System";"2021-08-30 05:26:31";"System"
"239";"Chukha District";"26";"BT";"06";"12";"27.07843040";"89.47421770";"Q652754";;"2021-08-30 05:26:31";"System";"2021-08-30 05:26:31";"System"
"240";"Bumthang District";"26";"BT";"05";"33";"27.64183900";"90.67730460";"Q463242";;"2021-08-30 05:26:31";"System";"2021-08-30 05:26:31";"System"
"241";"Thimphu District";"26";"BT";"20";"15";"27.47122160";"89.63390410";"Q254889";;"2021-08-30 05:26:31";"System";"2021-08-30 05:26:31";"System"
"242";"Mongar District";"26";"BT";"12";"42";"27.26170590";"91.28910360";"Q389734";;"2021-08-30 05:26:31";"System";"2021-08-30 05:26:31";"System"
"243";"Samdrup Jongkhar District";"26";"BT";"17";"45";"26.80356820";"91.50392070";"Q728929";;"2021-08-30 05:26:31";"System";"2021-08-30 05:26:31";"System"
"244";"Pemagatshel District";"26";"BT";"14";"43";"27.00238200";"91.34692470";"Q167279";;"2021-08-30 05:26:31";"System";"2021-08-30 05:26:31";"System"
"245";"Trongsa District";"26";"BT";"14";"32";"27.50022690";"90.50806340";"Q728938";;"2021-08-30 05:26:31";"System";"2021-08-30 05:26:31";"System"
"246";"Samtse District";"26";"BT";"16";"14";"27.02918320";"89.05615320";"Q728917";;"2021-08-30 05:26:31";"System";"2021-08-30 05:26:31";"System"
"247";"Sarpang District";"26";"BT";"09";"31";"26.93730410";"90.48799160";"Q728947";;"2021-08-30 05:26:31";"System";"2021-08-30 05:26:31";"System"
"248";"Tombouctou Region";"134";"ML";"08";"6";"21.05267060";"-3.74350900";"Q339462";;"2021-08-30 05:26:31";"System";"2021-08-30 05:26:31";"System"
"249";"Ségou Region";"134";"ML";"05";"4";"13.83944560";"-6.06791940";"Q656845";;"2021-08-30 05:26:31";"System";"2021-08-30 05:26:31";"System"
"250";"Koulikoro Region";"134";"ML";"07";"2";"13.80180740";"-7.43813550";"Q287789";;"2021-08-30 05:26:31";"System";"2021-08-30 05:26:31";"System"
"251";"Ménaka Region";"134";"ML";"07";"9";"15.91564210";"2.39617400";"Q3455550";;"2021-08-30 05:26:31";"System";"2021-08-30 05:26:31";"System"
"252";"Kayes Region";"134";"ML";"03";"1";"14.08183080";"-9.90181310";"Q332113";;"2021-08-30 05:26:31";"System";"2021-08-30 05:26:31";"System"
"253";"Bamako";"134";"ML";"01";"BKO";"12.63923160";"-8.00288920";"Q3703";;"2021-08-30 05:26:31";"System";"2021-08-30 05:26:31";"System"
"254";"Sikasso Region";"134";"ML";"06";"3";"10.89051860";"-7.43813550";"Q461298";;"2021-08-30 05:26:31";"System";"2021-08-30 05:26:31";"System"
"255";"Mopti Region";"134";"ML";"04";"5";"14.63380390";"-3.41955270";"Q214155";;"2021-08-30 05:26:31";"System";"2021-08-30 05:26:31";"System"
"256";"Taoudénit Region";"134";"ML";"04";"10";"22.67641320";"-3.97891430";"Q2424657";;"2021-08-30 05:26:31";"System";"2021-08-30 05:26:31";"System"
"257";"Kidal Region";"134";"ML";"10";"8";"18.79868320";"1.83183340";"Q338988";;"2021-08-30 05:26:31";"System";"2021-08-30 05:26:31";"System"
"258";"Gao Region";"134";"ML";"09";"7";"16.90663320";"1.52086240";"Q332392";;"2021-08-30 05:26:31";"System";"2021-08-30 05:26:31";"System"
"259";"Southern Province";"183";"RW";"15";"05";;;"Q853162";;"2021-08-30 05:26:31";"System";"2021-08-30 05:26:31";"System"
"260";"Western Province";"183";"RW";"14";"04";;;"Q737354";;"2021-08-30 05:26:31";"System";"2021-08-30 05:26:31";"System"
"261";"Eastern Province";"183";"RW";"11";"02";;;"Q853152";;"2021-08-30 05:26:31";"System";"2021-08-30 05:26:31";"System"
"262";"Kigali district";"183";"RW";"12";"01";"-1.94407270";"30.06188510";"Q167196";;"2021-08-30 05:26:31";"System";"2021-08-30 05:26:31";"System"
"263";"Northern Province";"183";"RW";"13";"03";;;"Q845807";;"2021-08-30 05:26:31";"System";"2021-08-30 05:26:31";"System"
"264";"Belize District";"23";"BZ";"01";"BZ";"17.56776790";"-88.40160410";"Q506056";;"2021-08-30 05:26:31";"System";"2021-08-30 05:26:31";"System"
"265";"Stann Creek District";"23";"BZ";"05";"SC";"16.81166310";"-88.40160410";"Q502652";;"2021-08-30 05:26:31";"System";"2021-08-30 05:26:31";"System"
"266";"Corozal District";"23";"BZ";"03";"CZL";"18.13492380";"-88.24611830";"Q512273";;"2021-08-30 05:26:31";"System";"2021-08-30 05:26:31";"System"
"267";"Toledo District";"23";"BZ";"06";"TOL";"16.24919230";"-88.86469800";"Q506049";;"2021-08-30 05:26:31";"System";"2021-08-30 05:26:31";"System"
"268";"Orange Walk District";"23";"BZ";"04";"OW";"17.76035300";"-88.86469800";"Q506036";;"2021-08-30 05:26:31";"System";"2021-08-30 05:26:31";"System"
"269";"Cayo District";"23";"BZ";"02";"CY";"17.09844450";"-88.94138650";"Q508773";;"2021-08-30 05:26:31";"System";"2021-08-30 05:26:31";"System"
"270";"Príncipe Province";"193";"ST";"01";"P";"1.61393810";"7.40569280";"Q2366966";;"2021-08-30 05:26:31";"System";"2021-08-30 05:26:31";"System"
"271";"São Tomé Province";"193";"ST";"02";"S";"0.33019240";"6.73334300";"Q6710363";;"2021-08-30 05:26:31";"System";"2021-08-30 05:26:31";"System"
"272";"Havana Province";"56";"CU";"02";"03";"23.05406980";"-82.34518900";"Q12588";;"2021-08-30 05:26:31";"System";"2021-08-30 05:26:31";"System"
"273";"Santiago de Cuba Province";"56";"CU";"15";"13";"20.23976820";"-75.99276520";"Q234200";;"2021-08-30 05:26:31";"System";"2021-08-30 05:26:31";"System"
"274";"Sancti Spíritus Province";"56";"CU";"14";"07";"21.99382140";"-79.47038850";"Q115441";;"2021-08-30 05:26:31";"System";"2021-08-30 05:26:31";"System"
"275";"Granma Province";"56";"CU";"09";"12";"20.38449020";"-76.64127120";"Q115046";;"2021-08-30 05:26:31";"System";"2021-08-30 05:26:31";"System"
"276";"Mayabeque Province";"56";"CU";"MA";"16";"22.89265290";"-81.95348150";"Q115310";;"2021-08-30 05:26:31";"System";"2021-08-30 05:26:31";"System"
"277";"Pinar del Río Province";"56";"CU";"01";"01";"22.40762560";"-83.84730150";"Q115497";;"2021-08-30 05:26:31";"System";"2021-08-30 05:26:31";"System"
"278";"Isla de la Juventud";"56";"CU";"04";"99";"21.70847370";"-82.82202320";"Q115027";;"2021-08-30 05:26:31";"System";"2021-08-30 05:26:31";"System"
"279";"Holguín Province";"56";"CU";"12";"11";"20.78378930";"-75.80690820";"Q115302";;"2021-08-30 05:26:31";"System";"2021-08-30 05:26:31";"System"
"280";"Villa Clara Province";"56";"CU";"16";"05";"22.49372040";"-79.91927020";"Q115434";;"2021-08-30 05:26:31";"System";"2021-08-30 05:26:31";"System"
"281";"Las Tunas Province";"56";"CU";"13";"10";"21.06051620";"-76.91820970";"Q115334";;"2021-08-30 05:26:31";"System";"2021-08-30 05:26:31";"System"
"282";"Ciego de Ávila Province";"56";"CU";"07";"08";"21.93295150";"-78.56608520";"Q220692";;"2021-08-30 05:26:31";"System";"2021-08-30 05:26:31";"System"
"283";"Artemisa Province";"56";"CU";"AR";"15";"22.75229030";"-82.99316070";"Q115325";;"2021-08-30 05:26:31";"System";"2021-08-30 05:26:31";"System"
"284";"Matanzas Province";"56";"CU";"03";"04";"22.57671230";"-81.33994140";"Q115438";;"2021-08-30 05:26:31";"System";"2021-08-30 05:26:31";"System"
"285";"Guantánamo Province";"56";"CU";"10";"14";"20.14559170";"-74.87410450";"Q115319";;"2021-08-30 05:26:31";"System";"2021-08-30 05:26:31";"System"
"286";"Camagüey Province";"56";"CU";"05";"09";"21.21672470";"-77.74520810";"Q215147";;"2021-08-30 05:26:31";"System";"2021-08-30 05:26:31";"System"
"287";"Cienfuegos Province";"56";"CU";"08";"06";"22.23797830";"-80.36586500";"Q115444";;"2021-08-30 05:26:31";"System";"2021-08-30 05:26:31";"System"
"288";"Jigawa";"161";"NG";"39";"JI";"12.22801200";"9.56158670";"Q682691";;"2021-08-30 05:26:31";"System";"2021-08-30 05:26:31";"System"
"289";"Enugu";"161";"NG";"47";"EN";"6.53635300";"7.43561940";"Q3817714";;"2021-08-30 05:26:31";"System";"2021-08-30 05:26:31";"System"
"290";"Kebbi";"161";"NG";"40";"KE";"11.49420030";"4.23333550";"Q748523";;"2021-08-30 05:26:31";"System";"2021-08-30 05:26:31";"System"
"291";"Benue";"161";"NG";"26";"BE";"7.33690240";"8.74036870";"Q429908";;"2021-08-30 05:26:31";"System";"2021-08-30 05:26:31";"System"
"292";"Sokoto";"161";"NG";"51";"SO";"13.05331430";"5.32227220";"Q503941";;"2021-08-30 05:26:31";"System";"2021-08-30 05:26:31";"System"
"293";"Abuja Federal Capital Territory";"161";"NG";"11";"FC";"8.89406910";"7.18604020";"Q509300";;"2021-08-30 05:26:31";"System";"2021-08-30 05:26:31";"System"
"294";"Kaduna";"161";"NG";"23";"KD";"10.37640060";"7.70945370";"Q878284";;"2021-08-30 05:26:31";"System";"2021-08-30 05:26:31";"System"
"295";"Kwara";"161";"NG";"30";"KW";"8.96689610";"4.38740510";"Q464953";;"2021-08-30 05:26:31";"System";"2021-08-30 05:26:31";"System"
"296";"Oyo";"161";"NG";"32";"OY";"8.15738090";"3.61465340";"Q503905";;"2021-08-30 05:26:31";"System";"2021-08-30 05:26:31";"System"
"297";"Yobe";"161";"NG";"44";"YO";"12.29387600";"11.43904110";"Q682777";;"2021-08-30 05:26:31";"System";"2021-08-30 05:26:31";"System"
"298";"Kogi";"161";"NG";"41";"KO";"7.73373250";"6.69058360";"Q387745";;"2021-08-30 05:26:31";"System";"2021-08-30 05:26:31";"System"
"299";"Zamfara";"161";"NG";"57";"ZA";"12.12218050";"6.22358190";"Q145793";;"2021-08-30 05:26:31";"System";"2021-08-30 05:26:31";"System"
"300";"Kano";"161";"NG";"29";"KN";"11.74706980";"8.52471070";"Q682571";;"2021-08-30 05:26:31";"System";"2021-08-30 05:26:31";"System"
"301";"Nasarawa";"161";"NG";"56";"NA";"8.49979080";"8.19969370";"Q836645";;"2021-08-30 05:26:31";"System";"2021-08-30 05:26:31";"System"
"302";"Plateau";"161";"NG";"49";"PL";"9.21820930";"9.51794880";"Q503928";;"2021-08-30 05:26:31";"System";"2021-08-30 05:26:31";"System"
"303";"Abia";"161";"NG";"45";"AB";"5.45273540";"7.52484140";"Q320852";;"2021-08-30 05:26:31";"System";"2021-08-30 05:26:31";"System"
"304";"Akwa Ibom";"161";"NG";"21";"AK";"4.90573710";"7.85366750";"Q424388";;"2021-08-30 05:26:31";"System";"2021-08-30 05:26:31";"System"
"305";"Bayelsa";"161";"NG";"52";"BY";"4.77190710";"6.06985260";"Q532153";;"2021-08-30 05:26:31";"System";"2021-08-30 05:26:31";"System"
"306";"Lagos";"161";"NG";"05";"LA";"6.52437930";"3.37920570";"Q815913";;"2021-08-30 05:26:31";"System";"2021-08-30 05:26:31";"System"
"307";"Borno";"161";"NG";"27";"BO";"11.88463560";"13.15196650";"Q130626";;"2021-08-30 05:26:31";"System";"2021-08-30 05:26:31";"System"
"308";"Imo";"161";"NG";"28";"IM";"5.57201220";"7.05882190";"Q842939";;"2021-08-30 05:26:31";"System";"2021-08-30 05:26:31";"System"
"309";"Ekiti";"161";"NG";"54";"EK";"7.71898620";"5.31095050";"Q534917";;"2021-08-30 05:26:31";"System";"2021-08-30 05:26:31";"System"
"310";"Gombe";"161";"NG";"55";"GO";"10.36377950";"11.19275870";"Q376241";;"2021-08-30 05:26:31";"System";"2021-08-30 05:26:31";"System"
"311";"Ebonyi";"161";"NG";"53";"EB";"6.26492320";"8.01373020";"Q506808";;"2021-08-30 05:26:31";"System";"2021-08-30 05:26:31";"System"
"312";"Bauchi";"161";"NG";"46";"BA";"10.77606240";"9.99919430";"Q503936";;"2021-08-30 05:26:31";"System";"2021-08-30 05:26:31";"System"
"313";"Katsina";"161";"NG";"24";"KT";"12.37967070";"7.63057480";"Q657821";;"2021-08-30 05:26:31";"System";"2021-08-30 05:26:31";"System"
"314";"Cross River";"161";"NG";"22";"CR";"5.87017240";"8.59880140";"Q739676";;"2021-08-30 05:26:31";"System";"2021-08-30 05:26:31";"System"
"315";"Anambra";"161";"NG";"25";"AN";"6.22089970";"6.93695590";"Q117714";;"2021-08-30 05:26:31";"System";"2021-08-30 05:26:31";"System"
"316";"Delta";"161";"NG";"36";"DE";"33.74537840";"-90.73545080";"Q503910";;"2021-08-30 05:26:31";"System";"2021-08-30 05:26:31";"System"
"317";"Niger";"161";"NG";"31";"NI";"9.93092240";"5.59832100";"Q503932";;"2021-08-30 05:26:31";"System";"2021-08-30 05:26:31";"System"
"318";"Edo";"161";"NG";"37";"ED";"6.63418310";"5.93040560";"Q682704";;"2021-08-30 05:26:31";"System";"2021-08-30 05:26:31";"System"
"319";"Taraba";"161";"NG";"43";"TA";"7.99936160";"10.77398630";"Q463959";;"2021-08-30 05:26:31";"System";"2021-08-30 05:26:31";"System"
"320";"Adamawa";"161";"NG";"35";"AD";"9.32647510";"12.39838530";"Q337514";;"2021-08-30 05:26:31";"System";"2021-08-30 05:26:31";"System"
"321";"Ondo";"161";"NG";"48";"ON";"6.91486820";"5.14781440";"Q836654";;"2021-08-30 05:26:31";"System";"2021-08-30 05:26:31";"System"
"322";"Osun";"161";"NG";"42";"OS";"7.56289640";"4.51995930";"Q682721";;"2021-08-30 05:26:31";"System";"2021-08-30 05:26:31";"System"
"323";"Ogun";"161";"NG";"16";"OG";"6.99797470";"3.47373780";"Q836657";;"2021-08-30 05:26:31";"System";"2021-08-30 05:26:31";"System"
"324";"Rukungiri District";"229";"UG";"93";"412";"-0.75184900";"29.92779470";"Q289419";;"2021-08-30 05:26:31";"System";"2021-08-30 05:26:31";"System"
"325";"Kyankwanzi District";"229";"UG";"93";"123";"1.09660370";"31.71954590";"Q534203";;"2021-08-30 05:26:31";"System";"2021-08-30 05:26:31";"System"
"326";"Kabarole District";"229";"UG";"79";"405";"0.58507910";"30.25127280";"Q1229910";;"2021-08-30 05:26:31";"System";"2021-08-30 05:26:31";"System"
"327";"Mpigi District";"229";"UG";"89";"106";"0.22735280";"32.32492360";"Q1362109";;"2021-08-30 05:26:31";"System";"2021-08-30 05:26:31";"System"
"328";"Apac District";"229";"UG";"26";"302";"1.87302630";"32.62774550";"Q1229750";;"2021-08-30 05:26:31";"System";"2021-08-30 05:26:31";"System"
"329";"Abim District";"229";"UG";"26";"314";"2.70669800";"33.65953370";"Q1375780";;"2021-08-30 05:26:31";"System";"2021-08-30 05:26:31";"System"
"330";"Yumbe District";"229";"UG";"97";"313";"3.46980230";"31.24832910";"Q1362587";;"2021-08-30 05:26:31";"System";"2021-08-30 05:26:31";"System"
"331";"Rukiga District";"229";"UG";"97";"431";"-1.13263370";"30.04341200";"Q38249615";;"2021-08-30 05:26:31";"System";"2021-08-30 05:26:31";"System"
"332";"Northern Region";"229";"UG";"N";"N";"9.54392690";"-0.90566230";"Q2559686";;"2021-08-30 05:26:31";"System";"2021-08-30 05:26:31";"System"
"333";"Serere District";"229";"UG";"N";"232";"1.49940330";"33.54900780";"Q1114927";;"2021-08-30 05:26:31";"System";"2021-08-30 05:26:31";"System"
"334";"Kamuli District";"229";"UG";"38";"205";"0.91871070";"33.12390490";"Q164474";;"2021-08-30 05:26:31";"System";"2021-08-30 05:26:31";"System"
"335";"Amuru District";"229";"UG";"38";"316";"2.96678780";"32.08374450";"Q1375771";;"2021-08-30 05:26:31";"System";"2021-08-30 05:26:31";"System"
"336";"Kaberamaido District";"229";"UG";"80";"213";"1.69633220";"33.21385100";"Q1229906";;"2021-08-30 05:26:31";"System";"2021-08-30 05:26:31";"System"
"337";"Namutumba District";"229";"UG";"80";"224";"0.84926100";"33.66233010";"Q1375819";;"2021-08-30 05:26:31";"System";"2021-08-30 05:26:31";"System"
"338";"Kibuku District";"229";"UG";"80";"227";"1.04528740";"33.79925360";"Q1114885";;"2021-08-30 05:26:31";"System";"2021-08-30 05:26:31";"System"
"339";"Ibanda District";"229";"UG";"80";"417";"-0.09648900";"30.57395790";"Q1318877";;"2021-08-30 05:26:31";"System";"2021-08-30 05:26:31";"System"
"340";"Iganga District";"229";"UG";"78";"203";"0.66001370";"33.48319060";"Q1229869";;"2021-08-30 05:26:31";"System";"2021-08-30 05:26:31";"System"
"341";"Dokolo District";"229";"UG";"78";"317";"1.96364210";"33.03387670";"Q1318872";;"2021-08-30 05:26:31";"System";"2021-08-30 05:26:31";"System"
"342";"Lira District";"229";"UG";"47";"307";"2.23161690";"32.94376670";"Q206519";;"2021-08-30 05:26:31";"System";"2021-08-30 05:26:31";"System"
"343";"Bukedea District";"229";"UG";"47";"219";"1.35568980";"34.10867930";"Q1375812";;"2021-08-30 05:26:31";"System";"2021-08-30 05:26:31";"System"
"344";"Alebtong District";"229";"UG";"47";"323";"2.25457730";"33.34861470";"Q3536082";;"2021-08-30 05:26:31";"System";"2021-08-30 05:26:31";"System"
"345";"Koboko District";"229";"UG";"47";"319";"3.52370580";"31.03351000";"Q1318857";;"2021-08-30 05:26:31";"System";"2021-08-30 05:26:31";"System"
"346";"Kiryandongo District";"229";"UG";"47";"421";"2.01799070";"32.08374450";"Q3539116";;"2021-08-30 05:26:31";"System";"2021-08-30 05:26:31";"System"
"347";"Kiboga District";"229";"UG";"42";"103";"0.96575900";"31.71954590";"Q892064";;"2021-08-30 05:26:31";"System";"2021-08-30 05:26:31";"System"
"348";"Kitgum District";"229";"UG";"84";"305";"3.33968290";"33.16888830";"Q500162";;"2021-08-30 05:26:31";"System";"2021-08-30 05:26:31";"System"
"349";"Bududa District";"229";"UG";"84";"218";"1.00296930";"34.33381230";"Q1365449";;"2021-08-30 05:26:31";"System";"2021-08-30 05:26:31";"System"
"350";"Mbale District";"229";"UG";"87";"209";"1.03442740";"34.19768820";"Q581822";;"2021-08-30 05:26:31";"System";"2021-08-30 05:26:31";"System"
"351";"Namayingo District";"229";"UG";"87";"230";"-0.28035750";"33.75177230";"Q1114915";;"2021-08-30 05:26:31";"System";"2021-08-30 05:26:31";"System"
"352";"Amuria District";"229";"UG";"87";"216";"2.03017000";"33.64275330";"Q1375762";;"2021-08-30 05:26:31";"System";"2021-08-30 05:26:31";"System"
"353";"Amudat District";"229";"UG";"87";"324";"1.79162240";"34.90655100";"Q3536116";;"2021-08-30 05:26:31";"System";"2021-08-30 05:26:31";"System"
"354";"Masindi District";"229";"UG";"50";"409";"1.49203630";"31.71954590";"Q1032238";;"2021-08-30 05:26:31";"System";"2021-08-30 05:26:31";"System"
"355";"Kiruhura District";"229";"UG";"50";"419";"-0.19279980";"30.80394740";"Q1318865";;"2021-08-30 05:26:31";"System";"2021-08-30 05:26:31";"System"
"356";"Masaka District";"229";"UG";"71";"105";"-0.44636910";"31.90179540";"Q1032233";;"2021-08-30 05:26:31";"System";"2021-08-30 05:26:31";"System"
"357";"Pakwach District";"229";"UG";"71";"332";"2.46071410";"31.49417380";"Q38249567";;"2021-08-30 05:26:31";"System";"2021-08-30 05:26:31";"System"
"358";"Rubanda District";"229";"UG";"71";"429";"-1.18611900";"29.84535760";"Q38249602";;"2021-08-30 05:26:31";"System";"2021-08-30 05:26:31";"System"
"359";"Tororo District";"229";"UG";"76";"212";"0.68709940";"34.06414190";"Q1186541";;"2021-08-30 05:26:31";"System";"2021-08-30 05:26:31";"System"
"360";"Kamwenge District";"229";"UG";"81";"413";"0.22579300";"30.48184460";"Q1318806";;"2021-08-30 05:26:31";"System";"2021-08-30 05:26:31";"System"
"361";"Adjumani District";"229";"UG";"65";"301";"3.25485270";"31.71954590";"Q1229734";;"2021-08-30 05:26:31";"System";"2021-08-30 05:26:31";"System"
"362";"Wakiso District";"229";"UG";"96";"113";"0.06301900";"32.44672380";"Q976848";;"2021-08-30 05:26:31";"System";"2021-08-30 05:26:31";"System"
"363";"Moyo District";"229";"UG";"72";"309";"3.56964640";"31.67393710";"Q2183668";;"2021-08-30 05:26:31";"System";"2021-08-30 05:26:31";"System"
"364";"Mityana District";"229";"UG";"72";"115";"0.44548450";"32.08374450";"Q1230005";;"2021-08-30 05:26:31";"System";"2021-08-30 05:26:31";"System"
"365";"Butaleja District";"229";"UG";"72";"221";"0.84749220";"33.84112880";"Q1375755";;"2021-08-30 05:26:31";"System";"2021-08-30 05:26:31";"System"
"366";"Gomba District";"229";"UG";"72";"121";"0.22297910";"31.67393710";"Q3321637";;"2021-08-30 05:26:31";"System";"2021-08-30 05:26:31";"System"
"367";"Jinja District";"229";"UG";"33";"204";"0.53437430";"33.30371430";"Q983748";;"2021-08-30 05:26:31";"System";"2021-08-30 05:26:31";"System"
"368";"Kayunga District";"229";"UG";"83";"112";"0.98601820";"32.85357550";"Q1207391";;"2021-08-30 05:26:31";"System";"2021-08-30 05:26:31";"System"
"369";"Kween District";"229";"UG";"83";"228";"1.44387900";"34.59713200";"Q3321998";;"2021-08-30 05:26:31";"System";"2021-08-30 05:26:31";"System"
"370";"Western Region";"229";"UG";"W";"W";"40.76672150";"-111.88772030";"Q2559188";;"2021-08-30 05:26:31";"System";"2021-08-30 05:26:31";"System"
"371";"Mubende District";"229";"UG";"56";"107";"0.57727580";"31.53700030";"Q891962";;"2021-08-30 05:26:31";"System";"2021-08-30 05:26:31";"System"
"372";"Eastern Region";"229";"UG";"E";"E";"6.23740360";"-0.45023680";"Q2559220";;"2021-08-30 05:26:31";"System";"2021-08-30 05:26:31";"System"
"373";"Kanungu District";"229";"UG";"82";"414";"-0.81952530";"29.74260400";"Q1032245";;"2021-08-30 05:26:31";"System";"2021-08-30 05:26:31";"System"
"374";"Omoro District";"229";"UG";"82";"331";"2.71522300";"32.49200880";"Q38249597";;"2021-08-30 05:26:31";"System";"2021-08-30 05:26:31";"System"
"375";"Bukomansimbi District";"229";"UG";"82";"118";"-0.14327520";"31.60548930";"Q3321599";;"2021-08-30 05:26:31";"System";"2021-08-30 05:26:31";"System"
"376";"Lyantonde District";"229";"UG";"82";"114";"-0.22406960";"31.21684660";"Q1375878";;"2021-08-30 05:26:31";"System";"2021-08-30 05:26:31";"System"
"377";"Buikwe District";"229";"UG";"82";"117";"0.31440460";"32.98883190";"Q3321631";;"2021-08-30 05:26:31";"System";"2021-08-30 05:26:31";"System"
"378";"Nwoya District";"229";"UG";"82";"328";"2.56244400";"31.90179540";"Q3539572";;"2021-08-30 05:26:31";"System";"2021-08-30 05:26:31";"System"
"379";"Zombo District";"229";"UG";"82";"330";"2.55442930";"30.94173680";"Q3539730";;"2021-08-30 05:26:31";"System";"2021-08-30 05:26:31";"System"
"380";"Buyende District";"229";"UG";"82";"226";"1.24136820";"33.12390490";"Q1114938";;"2021-08-30 05:26:31";"System";"2021-08-30 05:26:31";"System"
"381";"Bunyangabu District";"229";"UG";"82";"430";"0.48709180";"30.20510960";"Q38249629";;"2021-08-30 05:26:31";"System";"2021-08-30 05:26:31";"System"
"382";"Kampala District";"229";"UG";"37";"102";"0.34759640";"32.58251970";"Q926417";;"2021-08-30 05:26:31";"System";"2021-08-30 05:26:31";"System"
"383";"Isingiro District";"229";"UG";"37";"418";"-0.84354300";"30.80394740";"Q1318887";;"2021-08-30 05:26:31";"System";"2021-08-30 05:26:31";"System"
"384";"Butambala District";"229";"UG";"37";"119";"0.17425000";"32.10646680";"Q3321622";;"2021-08-30 05:26:31";"System";"2021-08-30 05:26:31";"System"
"385";"Bukwo District";"229";"UG";"37";"220";"1.28186510";"34.72987650";"Q1375868";;"2021-08-30 05:26:31";"System";"2021-08-30 05:26:31";"System"
"386";"Bushenyi District";"229";"UG";"29";"402";"-0.48709180";"30.20510960";"Q1229797";;"2021-08-30 05:26:31";"System";"2021-08-30 05:26:31";"System"
"387";"Bugiri District";"229";"UG";"66";"201";"0.53161270";"33.75177230";"Q1229798";;"2021-08-30 05:26:31";"System";"2021-08-30 05:26:31";"System"
"388";"Butebo District";"229";"UG";"66";"233";"1.21411240";"33.90808960";"Q44377523";;"2021-08-30 05:26:31";"System";"2021-08-30 05:26:31";"System"
"389";"Buliisa District";"229";"UG";"66";"416";"2.02996070";"31.53700030";"Q1229793";;"2021-08-30 05:26:31";"System";"2021-08-30 05:26:31";"System"
"390";"Otuke District";"229";"UG";"66";"329";"2.52140590";"33.34861470";"Q3539602";;"2021-08-30 05:26:31";"System";"2021-08-30 05:26:31";"System"
"391";"Buhweju District";"229";"UG";"66";"420";"-0.29113590";"30.29741990";"Q3537661";;"2021-08-30 05:26:31";"System";"2021-08-30 05:26:31";"System"
"392";"Agago District";"229";"UG";"66";"322";"2.92508200";"33.34861470";"Q3536053";;"2021-08-30 05:26:31";"System";"2021-08-30 05:26:31";"System"
"393";"Nakapiripirit District";"229";"UG";"91";"311";"1.96061730";"34.59713200";"Q1375853";;"2021-08-30 05:26:31";"System";"2021-08-30 05:26:31";"System"
"394";"Kalungu District";"229";"UG";"91";"122";"-0.09528310";"31.76513620";"Q3321614";;"2021-08-30 05:26:31";"System";"2021-08-30 05:26:31";"System"
"395";"Moroto District";"229";"UG";"88";"308";"2.61685450";"34.59713200";"Q1375850";;"2021-08-30 05:26:31";"System";"2021-08-30 05:26:31";"System"
"396";"Central Region";"229";"UG";"C";"C";"44.29687500";"-94.74017330";"Q429685";;"2021-08-30 05:26:31";"System";"2021-08-30 05:26:31";"System"
"397";"Oyam District";"229";"UG";"C";"321";"2.27762810";"32.44672380";"Q1318833";;"2021-08-30 05:26:31";"System";"2021-08-30 05:26:31";"System"
"398";"Kaliro District";"229";"UG";"C";"222";"1.04311070";"33.48319060";"Q1375859";;"2021-08-30 05:26:31";"System";"2021-08-30 05:26:31";"System"
"399";"Kakumiro District";"229";"UG";"C";"428";"0.78080350";"31.32413890";"Q38249480";;"2021-08-30 05:26:31";"System";"2021-08-30 05:26:31";"System"
"400";"Namisindwa District";"229";"UG";"C";"234";"0.90710100";"34.35740370";"Q44380663";;"2021-08-30 05:26:31";"System";"2021-08-30 05:26:31";"System"
"401";"Kole District";"229";"UG";"C";"325";"2.37010970";"32.76330360";"Q3539151";;"2021-08-30 05:26:31";"System";"2021-08-30 05:26:31";"System"
"402";"Kyenjojo District";"229";"UG";"85";"415";"0.60929230";"30.64012310";"Q1318815";;"2021-08-30 05:26:31";"System";"2021-08-30 05:26:31";"System"
"403";"Kagadi District";"229";"UG";"85";"427";"0.94007610";"30.81256380";"Q38249484";;"2021-08-30 05:26:31";"System";"2021-08-30 05:26:31";"System"
"404";"Ntungamo District";"229";"UG";"59";"411";"-0.98073410";"30.25127280";"Q204642";;"2021-08-30 05:26:31";"System";"2021-08-30 05:26:31";"System"
"405";"Kalangala District";"229";"UG";"36";"101";"-0.63505780";"32.53727410";"Q867219";;"2021-08-30 05:26:31";"System";"2021-08-30 05:26:31";"System"
"406";"Nakasongola District";"229";"UG";"73";"109";"1.34897210";"32.44672380";"Q976859";;"2021-08-30 05:26:31";"System";"2021-08-30 05:26:31";"System"
"407";"Sheema District";"229";"UG";"73";"426";"-0.55152980";"30.38966510";"Q3539711";;"2021-08-30 05:26:31";"System";"2021-08-30 05:26:31";"System"
"408";"Pader District";"229";"UG";"92";"312";"2.94306820";"32.80844960";"Q1230035";;"2021-08-30 05:26:31";"System";"2021-08-30 05:26:31";"System"
"409";"Kisoro District";"229";"UG";"43";"408";"-1.22094300";"29.64991620";"Q580538";;"2021-08-30 05:26:31";"System";"2021-08-30 05:26:31";"System"
"410";"Mukono District";"229";"UG";"90";"108";"0.28354760";"32.76330360";"Q1151066";;"2021-08-30 05:26:31";"System";"2021-08-30 05:26:31";"System"
"411";"Lamwo District";"229";"UG";"90";"326";"3.57075680";"32.53727410";"Q3539277";;"2021-08-30 05:26:31";"System";"2021-08-30 05:26:31";"System"
"412";"Pallisa District";"229";"UG";"60";"210";"1.23242060";"33.75177230";"Q1375843";;"2021-08-30 05:26:31";"System";"2021-08-30 05:26:31";"System"
"413";"Gulu District";"229";"UG";"30";"304";"2.81857760";"32.44672380";"Q1028215";;"2021-08-30 05:26:31";"System";"2021-08-30 05:26:31";"System"
"414";"Buvuma District";"229";"UG";"30";"120";"-0.37649120";"33.25879300";"Q3321608";;"2021-08-30 05:26:31";"System";"2021-08-30 05:26:31";"System"
"415";"Mbarara District";"229";"UG";"52";"410";"-0.60715960";"30.65450220";"Q1091595";;"2021-08-30 05:26:31";"System";"2021-08-30 05:26:31";"System"
"416";"Amolatar District";"229";"UG";"52";"315";"1.60544020";"32.80844960";"Q1318822";;"2021-08-30 05:26:31";"System";"2021-08-30 05:26:31";"System"
"417";"Lwengo District";"229";"UG";"52";"124";"-0.41652880";"31.39989950";"Q1114954";;"2021-08-30 05:26:31";"System";"2021-08-30 05:26:31";"System"
"418";"Mayuge District";"229";"UG";"86";"214";"-0.21829820";"33.57280270";"Q1364824";;"2021-08-30 05:26:31";"System";"2021-08-30 05:26:31";"System"
"419";"Bundibugyo District";"229";"UG";"28";"401";"0.68517630";"30.02029640";"Q1362129";;"2021-08-30 05:26:31";"System";"2021-08-30 05:26:31";"System"
"420";"Katakwi District";"229";"UG";"69";"207";"1.97310300";"34.06414190";"Q1229930";;"2021-08-30 05:26:31";"System";"2021-08-30 05:26:31";"System"
"421";"Maracha District";"229";"UG";"69";"320";"3.28731270";"30.94030230";"Q588927";;"2021-08-30 05:26:31";"System";"2021-08-30 05:26:31";"System"
"422";"Ntoroko District";"229";"UG";"69";"424";"1.07881780";"30.38966510";"Q3539547";;"2021-08-30 05:26:31";"System";"2021-08-30 05:26:31";"System"
"423";"Nakaseke District";"229";"UG";"69";"116";"1.22308480";"32.08374450";"Q432438";;"2021-08-30 05:26:31";"System";"2021-08-30 05:26:31";"System"
"424";"Ngora District";"229";"UG";"69";"231";"1.49081150";"33.75177230";"Q1114903";;"2021-08-30 05:26:31";"System";"2021-08-30 05:26:31";"System"
"425";"Kumi District";"229";"UG";"46";"208";"1.48769990";"33.93039910";"Q1151062";;"2021-08-30 05:26:31";"System";"2021-08-30 05:26:31";"System"
"426";"Kabale District";"229";"UG";"34";"404";"-1.24930840";"30.06652360";"Q3526470";;"2021-08-30 05:26:31";"System";"2021-08-30 05:26:31";"System"
"427";"Sembabule District";"229";"UG";"74";"111";"0.06377150";"31.35416310";"Q976883";;"2021-08-30 05:26:31";"System";"2021-08-30 05:26:31";"System"
"428";"Bulambuli District";"229";"UG";"74";"225";"1.47988460";"34.37544140";"Q1114868";;"2021-08-30 05:26:31";"System";"2021-08-30 05:26:31";"System"
"429";"Sironko District";"229";"UG";"94";"215";"1.23022740";"34.24910640";"Q1375835";;"2021-08-30 05:26:31";"System";"2021-08-30 05:26:31";"System"
"430";"Napak District";"229";"UG";"94";"327";"2.36299450";"34.24215970";"Q3539495";;"2021-08-30 05:26:31";"System";"2021-08-30 05:26:31";"System"
"431";"Busia District";"229";"UG";"67";"202";"0.40447310";"34.01958270";"Q1229800";;"2021-08-30 05:26:31";"System";"2021-08-30 05:26:31";"System"
"432";"Kapchorwa District";"229";"UG";"39";"206";"1.33502050";"34.39763560";"Q1229921";;"2021-08-30 05:26:31";"System";"2021-08-30 05:26:31";"System"
"433";"Luwero District";"229";"UG";"70";"104";"0.82711180";"32.62774550";"Q1364817";;"2021-08-30 05:26:31";"System";"2021-08-30 05:26:31";"System"
"434";"Kaabong District";"229";"UG";"70";"318";"3.51262150";"33.97500180";"Q1229881";;"2021-08-30 05:26:31";"System";"2021-08-30 05:26:31";"System"
"435";"Mitooma District";"229";"UG";"70";"423";"-0.61932760";"30.02029640";"Q3539414";;"2021-08-30 05:26:31";"System";"2021-08-30 05:26:31";"System"
"436";"Kibaale District";"229";"UG";"41";"407";"0.90668020";"31.07937050";"Q604966";;"2021-08-30 05:26:31";"System";"2021-08-30 05:26:31";"System"
"437";"Kyegegwa District";"229";"UG";"41";"422";"0.48181930";"31.05500930";"Q3539256";;"2021-08-30 05:26:31";"System";"2021-08-30 05:26:31";"System"
"438";"Manafwa District";"229";"UG";"41";"223";"0.90635990";"34.28660910";"Q1375789";;"2021-08-30 05:26:31";"System";"2021-08-30 05:26:31";"System"
"439";"Rakai District";"229";"UG";"61";"110";"-0.70691350";"31.53700030";"Q976873";;"2021-08-30 05:26:31";"System";"2021-08-30 05:26:31";"System"
"440";"Kasese District";"229";"UG";"40";"406";"0.06462850";"30.06652360";"Q1229919";;"2021-08-30 05:26:31";"System";"2021-08-30 05:26:31";"System"
"441";"Budaka District";"229";"UG";"40";"217";"1.10162770";"33.93039910";"Q1362085";;"2021-08-30 05:26:31";"System";"2021-08-30 05:26:31";"System"
"442";"Rubirizi District";"229";"UG";"40";"425";"-0.26424100";"30.10840330";"Q3539648";;"2021-08-30 05:26:31";"System";"2021-08-30 05:26:31";"System"
"443";"Kotido District";"229";"UG";"45";"306";"3.04156790";"33.88577470";"Q1318843";;"2021-08-30 05:26:31";"System";"2021-08-30 05:26:31";"System"
"444";"Soroti District";"229";"UG";"95";"211";"1.72291170";"33.52800720";"Q1091337";;"2021-08-30 05:26:31";"System";"2021-08-30 05:26:31";"System"
"445";"Luuka District";"229";"UG";"95";"229";"0.72505990";"33.30371430";"Q1114977";;"2021-08-30 05:26:31";"System";"2021-08-30 05:26:31";"System"
"446";"Nebbi District";"229";"UG";"58";"310";"2.44093920";"31.35416310";"Q1375825";;"2021-08-30 05:26:31";"System";"2021-08-30 05:26:31";"System"
"447";"Arua District";"229";"UG";"77";"303";"2.99598460";"31.17103890";"Q1229758";;"2021-08-30 05:26:31";"System";"2021-08-30 05:26:31";"System"
"448";"Kyotera District";"229";"UG";"77";"125";"-0.63589880";"31.54556370";"Q38249546";;"2021-08-30 05:26:31";"System";"2021-08-30 05:26:31";"System"
"449";"Schellenberg";"125";"LI";"08";"08";"47.23096600";"9.54678430";"Q49655";;"2021-08-30 05:26:31";"System";"2021-08-30 05:26:31";"System"
"450";"Schaan";"125";"LI";"07";"07";"47.12043400";"9.59416020";"Q49657";;"2021-08-30 05:26:31";"System";"2021-08-30 05:26:31";"System"
"451";"Eschen";"125";"LI";"02";"02";"40.76695740";"-73.95228210";"Q4540";;"2021-08-30 05:26:31";"System";"2021-08-30 05:26:31";"System"
"452";"Vaduz";"125";"LI";"11";"11";"47.14103030";"9.52092770";"Q1844";;"2021-08-30 05:26:31";"System";"2021-08-30 05:26:31";"System"
"453";"Ruggell";"125";"LI";"06";"06";"47.25292220";"9.54021270";"Q49659";;"2021-08-30 05:26:31";"System";"2021-08-30 05:26:31";"System"
"454";"Planken";"125";"LI";"05";"05";"40.66505760";"-73.50479800";"Q49660";;"2021-08-30 05:26:31";"System";"2021-08-30 05:26:31";"System"
"455";"Mauren";"125";"LI";"04";"04";"47.21892850";"9.54173500";"Q49661";;"2021-08-30 05:26:31";"System";"2021-08-30 05:26:31";"System"
"456";"Triesenberg";"125";"LI";"10";"10";"47.12245110";"9.57019850";"Q49651";;"2021-08-30 05:26:31";"System";"2021-08-30 05:26:31";"System"
"457";"Gamprin";"125";"LI";"03";"03";"47.21324900";"9.50251950";"Q49662";;"2021-08-30 05:26:31";"System";"2021-08-30 05:26:31";"System"
"458";"Balzers";"125";"LI";"01";"01";"42.05283570";"-88.03668480";"Q49663";;"2021-08-30 05:26:31";"System";"2021-08-30 05:26:31";"System"
"459";"Triesen";"125";"LI";"09";"09";"47.10979880";"9.52482960";"Q49654";;"2021-08-30 05:26:31";"System";"2021-08-30 05:26:31";"System"
"460";"Brčko District";"28";"BA";"BRC";"BRC";"44.84059440";"18.74215300";"Q194483";;"2021-08-30 05:26:31";"System";"2021-08-30 05:26:31";"System"
"461";"Tuzla Canton";"28";"BA";"BRC";"03";"44.53434630";"18.69727970";"Q18250";;"2021-08-30 05:26:31";"System";"2021-08-30 05:26:31";"System"
"462";"Central Bosnia Canton";"28";"BA";"BRC";"06";"44.13818560";"17.68667140";"Q18262";;"2021-08-30 05:26:31";"System";"2021-08-30 05:26:31";"System"
"463";"Herzegovina-Neretva Canton";"28";"BA";"BRC";"07";"43.52651590";"17.76362100";"Q18273";;"2021-08-30 05:26:31";"System";"2021-08-30 05:26:31";"System"
"464";"Posavina Canton";"28";"BA";"BRC";"02";"45.07520940";"18.37763040";"Q18249";;"2021-08-30 05:26:31";"System";"2021-08-30 05:26:31";"System"
"465";"Una-Sana Canton";"28";"BA";"BRC";"01";"44.65031160";"16.31716290";"Q18248";;"2021-08-30 05:26:31";"System";"2021-08-30 05:26:31";"System"
"466";"Sarajevo Canton";"28";"BA";"BRC";"09";"43.85125640";"18.29534420";"Q18276";;"2021-08-30 05:26:31";"System";"2021-08-30 05:26:31";"System"
"467";"Federation of Bosnia and Herzegovina";"28";"BA";"01";"BIH";"43.88748970";"17.84279300";"Q11198";;"2021-08-30 05:26:31";"System";"2021-08-30 05:26:31";"System"
"468";"Zenica-Doboj Canton";"28";"BA";"01";"04";"44.21271090";"18.16046250";"Q18253";;"2021-08-30 05:26:31";"System";"2021-08-30 05:26:31";"System"
"469";"West Herzegovina Canton";"28";"BA";"01";"08";"43.43692440";"17.38488310";"Q18275";;"2021-08-30 05:26:31";"System";"2021-08-30 05:26:31";"System"
"470";"Republika Srpska";"28";"BA";"02";"SRP";"44.72801860";"17.31481360";"Q11196";;"2021-08-30 05:26:31";"System";"2021-08-30 05:26:31";"System"
"471";"Canton 10";"28";"BA";"02";"10";"43.95341550";"16.94251870";"Q18277";;"2021-08-30 05:26:31";"System";"2021-08-30 05:26:31";"System"
"472";"Bosnian Podrinje Canton";"28";"BA";"02";"05";"43.68749000";"18.82443940";"Q18256";;"2021-08-30 05:26:31";"System";"2021-08-30 05:26:31";"System"
"473";"Dakar";"195";"SN";"01";"DK";"14.71667700";"-17.46768610";"Q856268";;"2021-08-30 05:26:31";"System";"2021-08-30 05:26:31";"System"
"474";"Kolda";"195";"SN";"11";"KD";"12.91074950";"-14.95056710";"Q738081";;"2021-08-30 05:26:31";"System";"2021-08-30 05:26:31";"System"
"475";"Kaffrine";"195";"SN";"16";"KA";"14.10520200";"-15.54157550";"Q1059694";;"2021-08-30 05:26:31";"System";"2021-08-30 05:26:31";"System"
"476";"Matam";"195";"SN";"15";"MT";"15.66002250";"-13.25769060";"Q856275";;"2021-08-30 05:26:31";"System";"2021-08-30 05:26:31";"System"
"477";"Saint-Louis";"195";"SN";"14";"SL";"38.62700250";"-90.19940420";"Q178872";;"2021-08-30 05:26:31";"System";"2021-08-30 05:26:31";"System"
"478";"Ziguinchor";"195";"SN";"12";"ZG";"12.56414790";"-16.26398250";"Q822692";;"2021-08-30 05:26:31";"System";"2021-08-30 05:26:31";"System"
"479";"Fatick";"195";"SN";"09";"FK";"14.33901670";"-16.41114250";"Q856282";;"2021-08-30 05:26:31";"System";"2021-08-30 05:26:31";"System"
"480";"Diourbel Region";"195";"SN";"03";"DB";"14.72830850";"-16.25221430";"Q856261";;"2021-08-30 05:26:31";"System";"2021-08-30 05:26:31";"System"
"481";"Kédougou";"195";"SN";"17";"KE";"12.56046070";"-12.17470770";"Q1046666";;"2021-08-30 05:26:31";"System";"2021-08-30 05:26:31";"System"
"482";"Sédhiou";"195";"SN";"18";"SE";"12.70460400";"-15.55623040";"Q589848";;"2021-08-30 05:26:31";"System";"2021-08-30 05:26:31";"System"
"483";"Kaolack";"195";"SN";"10";"KL";"14.16520830";"-16.07577490";"Q847671";;"2021-08-30 05:26:31";"System";"2021-08-30 05:26:31";"System"
"484";"Thiès Region";"195";"SN";"07";"TH";"14.79100520";"-16.93586040";"Q847682";;"2021-08-30 05:26:31";"System";"2021-08-30 05:26:31";"System"
"485";"Louga";"195";"SN";"13";"LG";"15.61417680";"-16.22868000";"Q738061";;"2021-08-30 05:26:31";"System";"2021-08-30 05:26:31";"System"
"486";"Tambacounda Region";"195";"SN";"05";"TC";"13.56190110";"-13.17403480";"Q848554";;"2021-08-30 05:26:31";"System";"2021-08-30 05:26:31";"System"
"487";"Encamp";"6";"AD";"03";"03";"42.53597640";"1.58367730";"Q24269";;"2021-08-30 05:26:31";"System";"2021-08-30 05:26:31";"System"
"488";"Andorra la Vella";"6";"AD";"07";"07";"42.50631740";"1.52183550";"Q2522163";;"2021-08-30 05:26:31";"System";"2021-08-30 05:26:31";"System"
"489";"Canillo";"6";"AD";"02";"02";"42.59782490";"1.65663770";"Q24260";;"2021-08-30 05:26:31";"System";"2021-08-30 05:26:31";"System"
"490";"Sant Julià de Lòria";"6";"AD";"06";"06";"42.45296310";"1.49182350";"Q24282";;"2021-08-30 05:26:31";"System";"2021-08-30 05:26:31";"System"
"491";"Ordino";"6";"AD";"05";"05";"42.59944330";"1.54023270";"Q24272";;"2021-08-30 05:26:31";"System";"2021-08-30 05:26:31";"System"
"492";"Escaldes-Engordany";"6";"AD";"08";"08";"42.49093790";"1.58869660";"Q24286";;"2021-08-30 05:26:31";"System";"2021-08-30 05:26:31";"System"
"493";"La Massana";"6";"AD";"04";"04";"42.54562500";"1.51473920";"Q24276";;"2021-08-30 05:26:31";"System";"2021-08-30 05:26:31";"System"
"494";"Mont Buxton";"197";"SC";"17";"17";"-4.61666670";"55.44577680";"Q3241682";;"2021-08-30 05:26:31";"System";"2021-08-30 05:26:31";"System"
"495";"La Digue";"197";"SC";"25";"15";"49.76669220";"-97.15466290";"Q581154";;"2021-08-30 05:26:31";"System";"2021-08-30 05:26:31";"System"
"496";"Saint Louis";"197";"SC";"22";"22";"38.62700250";"-90.19940420";"Q2278695";;"2021-08-30 05:26:31";"System";"2021-08-30 05:26:31";"System"
"497";"Baie Lazare";"197";"SC";"06";"06";"-4.74825250";"55.48593630";"Q2494551";;"2021-08-30 05:26:31";"System";"2021-08-30 05:26:31";"System"
"498";"Mont Fleuri";"197";"SC";"18";"18";"-4.63565430";"55.45546880";"Q1945413";;"2021-08-30 05:26:31";"System";"2021-08-30 05:26:31";"System"
"499";"Les Mamelles";"197";"SC";"29";"24";"38.82505050";"-90.48345170";"Q2280357";;"2021-08-30 05:26:31";"System";"2021-08-30 05:26:31";"System"
"500";"Grand'Anse Mahé";"197";"SC";"24";"13";"-4.67739200";"55.46377700";"Q3241690";;"2021-08-30 05:26:31";"System";"2021-08-30 05:26:31";"System"
"501";"Roche Caiman";"197";"SC";"30";"25";"-4.63960280";"55.46793150";"Q2718315";;"2021-08-30 05:26:31";"System";"2021-08-30 05:26:31";"System"
"502";"Anse Royale";"197";"SC";"05";"05";"-4.74079880";"55.50810120";"Q3241674";;"2021-08-30 05:26:31";"System";"2021-08-30 05:26:31";"System"
"503";"Glacis";"197";"SC";"12";"12";"47.11573030";"-70.30281830";"Q3241696";;"2021-08-30 05:26:31";"System";"2021-08-30 05:26:31";"System"
"504";"Grand'Anse Praslin";"197";"SC";"14";"14";"-4.31762190";"55.70783630";"Q1231388";;"2021-08-30 05:26:31";"System";"2021-08-30 05:26:31";"System"
"505";"Bel Ombre";"197";"SC";"10";"10";"-20.50100950";"57.42596240";"Q3245439";;"2021-08-30 05:26:31";"System";"2021-08-30 05:26:31";"System"
"506";"Anse-aux-Pins";"197";"SC";"01";"01";"-4.69004430";"55.51502890";"Q569458";;"2021-08-30 05:26:31";"System";"2021-08-30 05:26:31";"System"
"507";"Port Glaud";"197";"SC";"27";"21";"-4.64885230";"55.41947530";"Q1808165";;"2021-08-30 05:26:31";"System";"2021-08-30 05:26:31";"System"
"508";"Au Cap";"197";"SC";"28";"04";"-4.70597230";"55.50810120";"Q2667004";;"2021-08-30 05:26:31";"System";"2021-08-30 05:26:31";"System"
"509";"Takamaka";"197";"SC";"23";"23";"37.96459170";"-1.22177270";"Q2287379";;"2021-08-30 05:26:31";"System";"2021-08-30 05:26:31";"System"
"510";"Pointe La Rue";"197";"SC";"20";"20";"-4.68048900";"55.51918570";"Q2877260";;"2021-08-30 05:26:31";"System";"2021-08-30 05:26:31";"System"
"511";"Plaisance";"197";"SC";"19";"19";"45.60709500";"-75.11427450";"Q2199897";;"2021-08-30 05:26:31";"System";"2021-08-30 05:26:31";"System"
"512";"Beau Vallon";"197";"SC";"08";"08";"-4.62109670";"55.42778020";"Q7479348";;"2021-08-30 05:26:31";"System";"2021-08-30 05:26:31";"System"
"513";"Anse Boileau";"197";"SC";"02";"02";"-4.70472680";"55.48593630";"Q569453";;"2021-08-30 05:26:31";"System";"2021-08-30 05:26:31";"System"
"514";"Baie Sainte Anne";"197";"SC";"07";"07";"47.05259000";"-64.95245790";"Q803716";;"2021-08-30 05:26:31";"System";"2021-08-30 05:26:31";"System"
"515";"Bel Air";"197";"SC";"09";"09";"34.10024550";"-118.45946300";"Q815077";;"2021-08-30 05:26:31";"System";"2021-08-30 05:26:31";"System"
"516";"La Rivière Anglaise";"197";"SC";"26";"16";"-4.61061500";"55.45408410";"Q1819963";;"2021-08-30 05:26:31";"System";"2021-08-30 05:26:31";"System"
"517";"Cascade";"197";"SC";"11";"11";"44.51628210";"-116.04179830";"Q1928685";;"2021-08-30 05:26:31";"System";"2021-08-30 05:26:31";"System"
"518";"Shaki";"16";"AZ";"48";"SA";"41.19747530";"47.15712410";"Q234783";;"2021-08-30 05:26:31";"System";"2021-08-30 05:26:31";"System"
"519";"Tartar District";"16";"AZ";"57";"TAR";"40.34438750";"46.93765190";"Q477168";;"2021-08-30 05:26:31";"System";"2021-08-30 05:26:31";"System"
"520";"Shirvan";"16";"AZ";"07";"SR";"39.94697070";"48.92239190";"Q241116";;"2021-08-30 05:26:31";"System";"2021-08-30 05:26:31";"System"
"521";"Qazakh District";"16";"AZ";"40";"QAZ";"41.09710740";"45.35163310";"Q389381";;"2021-08-30 05:26:31";"System";"2021-08-30 05:26:31";"System"
"522";"Sadarak District";"16";"AZ";"40";"SAD";"39.71051140";"44.88642770";"Q641468";;"2021-08-30 05:26:31";"System";"2021-08-30 05:26:31";"System"
"523";"Yevlakh District";"16";"AZ";"67";"YEV";"40.61966380";"47.15003240";"Q458524";;"2021-08-30 05:26:31";"System";"2021-08-30 05:26:31";"System"
"524";"Khojali District";"16";"AZ";"64";"XCI";"39.91325530";"46.79430500";"Q330790";;"2021-08-30 05:26:31";"System";"2021-08-30 05:26:31";"System"
"525";"Kalbajar District";"16";"AZ";"26";"KAL";"40.10243290";"46.03648720";"Q457513";;"2021-08-30 05:26:31";"System";"2021-08-30 05:26:31";"System"
"526";"Qakh District";"16";"AZ";"39";"QAX";"41.42068270";"46.93201840";"Q330796";;"2021-08-30 05:26:31";"System";"2021-08-30 05:26:31";"System"
"527";"Fizuli District";"16";"AZ";"18";"FUZ";"39.53786050";"47.30338770";"Q331687";;"2021-08-30 05:26:31";"System";"2021-08-30 05:26:31";"System"
"528";"Astara District";"16";"AZ";"08";"AST";"38.49378450";"48.69443650";"Q269680";;"2021-08-30 05:26:31";"System";"2021-08-30 05:26:31";"System"
"529";"Shamakhi District";"16";"AZ";"50";"SMI";"40.63187310";"48.63638010";"Q330839";;"2021-08-30 05:26:31";"System";"2021-08-30 05:26:31";"System"
"530";"Neftchala District";"16";"AZ";"36";"NEF";"39.38810520";"49.24137430";"Q688633";;"2021-08-30 05:26:31";"System";"2021-08-30 05:26:31";"System"
"531";"Goychay";"16";"AZ";"22";"GOY";"40.62361680";"47.74030340";"Q477163";;"2021-08-30 05:26:31";"System";"2021-08-30 05:26:31";"System"
"532";"Bilasuvar District";"16";"AZ";"13";"BIL";"39.45988330";"48.55098130";"Q330834";;"2021-08-30 05:26:31";"System";"2021-08-30 05:26:31";"System"
"533";"Tovuz District";"16";"AZ";"58";"TOV";"40.99545230";"45.61659070";"Q388980";;"2021-08-30 05:26:31";"System";"2021-08-30 05:26:31";"System"
"534";"Ordubad District";"16";"AZ";"58";"ORD";"38.90216220";"46.02376250";"Q512623";;"2021-08-30 05:26:31";"System";"2021-08-30 05:26:31";"System"
"535";"Sharur District";"16";"AZ";"58";"SAR";"39.55363320";"44.98456800";"Q390820";;"2021-08-30 05:26:31";"System";"2021-08-30 05:26:31";"System"
"536";"Samukh District";"16";"AZ";"52";"SMX";"40.76046310";"46.40631810";"Q498437";;"2021-08-30 05:26:31";"System";"2021-08-30 05:26:31";"System"
"537";"Khizi District";"16";"AZ";"63";"XIZ";"40.91094890";"49.07292640";"Q476708";;"2021-08-30 05:26:31";"System";"2021-08-30 05:26:31";"System"
"538";"Yevlakh";"16";"AZ";"68";"YE";"40.61966380";"47.15003240";"Q175459";;"2021-08-30 05:26:31";"System";"2021-08-30 05:26:31";"System"
"539";"Ujar District";"16";"AZ";"59";"UCA";"40.50675250";"47.64896410";"Q476703";;"2021-08-30 05:26:31";"System";"2021-08-30 05:26:31";"System"
"540";"Absheron District";"16";"AZ";"01";"ABS";"40.36296930";"49.27368150";"Q179538";;"2021-08-30 05:26:31";"System";"2021-08-30 05:26:31";"System"
"541";"Lachin District";"16";"AZ";"28";"LAC";"39.63834140";"46.54608530";"Q301832";;"2021-08-30 05:26:31";"System";"2021-08-30 05:26:31";"System"
"542";"Qabala District";"16";"AZ";"38";"QAB";"40.92539250";"47.80161060";"Q593872";;"2021-08-30 05:26:31";"System";"2021-08-30 05:26:31";"System"
"543";"Agstafa District";"16";"AZ";"05";"AGA";"41.26559330";"45.51342910";"Q275744";;"2021-08-30 05:26:31";"System";"2021-08-30 05:26:31";"System"
"544";"Imishli District";"16";"AZ";"24";"IMI";"39.86946860";"48.06652180";"Q343908";;"2021-08-30 05:26:31";"System";"2021-08-30 05:26:31";"System"
"545";"Salyan District";"16";"AZ";"49";"SAL";"28.35248110";"82.12784000";"Q457485";;"2021-08-30 05:26:31";"System";"2021-08-30 05:26:31";"System"
"546";"Lerik District";"16";"AZ";"31";"LER";"38.77361920";"48.41514830";"Q688626";;"2021-08-30 05:26:31";"System";"2021-08-30 05:26:31";"System"
"547";"Agsu District";"16";"AZ";"06";"AGU";"40.52833390";"48.36508350";"Q330800";;"2021-08-30 05:26:31";"System";"2021-08-30 05:26:31";"System"
"548";"Qubadli District";"16";"AZ";"43";"QBI";"39.27139960";"46.63543120";"Q644048";;"2021-08-30 05:26:31";"System";"2021-08-30 05:26:31";"System"
"549";"Kurdamir District";"16";"AZ";"27";"KUR";"40.36986510";"48.16446260";"Q688589";;"2021-08-30 05:26:31";"System";"2021-08-30 05:26:31";"System"
"550";"Yardymli District";"16";"AZ";"66";"YAR";"38.90589170";"48.24961270";"Q127255";;"2021-08-30 05:26:31";"System";"2021-08-30 05:26:31";"System"
"551";"Goranboy District";"16";"AZ";"21";"GOR";"40.53805060";"46.59908910";"Q330843";;"2021-08-30 05:26:31";"System";"2021-08-30 05:26:31";"System"
"552";"Baku";"16";"AZ";"09";"BA";"40.40926170";"49.86709240";"Q9248";;"2021-08-30 05:26:31";"System";"2021-08-30 05:26:31";"System"
"553";"Agdash District";"16";"AZ";"04";"AGS";"40.63354270";"47.46743100";"Q275784";;"2021-08-30 05:26:31";"System";"2021-08-30 05:26:31";"System"
"554";"Beylagan District";"16";"AZ";"12";"BEY";"39.77230730";"47.61541660";"Q330807";;"2021-08-30 05:26:31";"System";"2021-08-30 05:26:31";"System"
"555";"Masally District";"16";"AZ";"32";"MAS";"39.03407220";"48.65893540";"Q476695";;"2021-08-30 05:26:31";"System";"2021-08-30 05:26:31";"System"
"556";"Oghuz District";"16";"AZ";"37";"OGU";"41.07279240";"47.46506720";"Q643989";;"2021-08-30 05:26:31";"System";"2021-08-30 05:26:31";"System"
"557";"Saatly District";"16";"AZ";"45";"SAT";"39.90955030";"48.35951220";"Q601105";;"2021-08-30 05:26:31";"System";"2021-08-30 05:26:31";"System"
"558";"Lankaran District";"16";"AZ";"29";"LA";"38.75286690";"48.84750150";"Q269986";;"2021-08-30 05:26:31";"System";"2021-08-30 05:26:31";"System"
"559";"Agdam District";"16";"AZ";"03";"AGM";"39.99318530";"46.99495620";"Q201647";;"2021-08-30 05:26:31";"System";"2021-08-30 05:26:31";"System"
"560";"Balakan District";"16";"AZ";"10";"BAL";"41.70375090";"46.40442130";"Q330850";;"2021-08-30 05:26:31";"System";"2021-08-30 05:26:31";"System"
"561";"Dashkasan District";"16";"AZ";"16";"DAS";"40.52022570";"46.07793040";"Q457494";;"2021-08-30 05:26:31";"System";"2021-08-30 05:26:31";"System"
"562";"Nakhchivan Autonomous Republic";"16";"AZ";"35";"NX";"39.32568140";"45.49126480";"Q131083";;"2021-08-30 05:26:31";"System";"2021-08-30 05:26:31";"System"
"563";"Quba District";"16";"AZ";"42";"QBA";"41.15642420";"48.41350210";"Q457499";;"2021-08-30 05:26:31";"System";"2021-08-30 05:26:31";"System"
"564";"Ismailli District";"16";"AZ";"25";"ISM";"40.74299360";"48.21255560";"Q344252";;"2021-08-30 05:26:31";"System";"2021-08-30 05:26:31";"System"
"565";"Sabirabad District";"16";"AZ";"46";"SAB";"39.98706630";"48.46925450";"Q382132";;"2021-08-30 05:26:31";"System";"2021-08-30 05:26:31";"System"
"566";"Zaqatala District";"16";"AZ";"70";"ZAQ";"41.59068890";"46.72403730";"Q147553";;"2021-08-30 05:26:31";"System";"2021-08-30 05:26:31";"System"
"567";"Kangarli District";"16";"AZ";"70";"KAN";"39.38719400";"45.16398520";"Q734030";;"2021-08-30 05:26:31";"System";"2021-08-30 05:26:31";"System"
"568";"Martuni";"16";"AZ";"65";"XVD";"39.79146930";"47.11008140";"Q330813";;"2021-08-30 05:26:31";"System";"2021-08-30 05:26:31";"System"
"569";"Barda District";"16";"AZ";"11";"BAR";"40.37065550";"47.13789090";"Q330857";;"2021-08-30 05:26:31";"System";"2021-08-30 05:26:31";"System"
"570";"Jabrayil District";"16";"AZ";"14";"CAB";"39.26455440";"46.96215620";"Q457491";;"2021-08-30 05:26:31";"System";"2021-08-30 05:26:31";"System"
"571";"Hajigabul District";"16";"AZ";"23";"HAC";"40.03937700";"48.92025330";"Q476690";;"2021-08-30 05:26:31";"System";"2021-08-30 05:26:31";"System"
"572";"Julfa District";"16";"AZ";"23";"CUL";"38.96049830";"45.62929390";"Q644035";;"2021-08-30 05:26:31";"System";"2021-08-30 05:26:31";"System"
"573";"Gobustan District";"16";"AZ";"41";"QOB";"40.53261040";"48.92737500";"Q457508";;"2021-08-30 05:26:31";"System";"2021-08-30 05:26:31";"System"
"574";"Goygol District";"16";"AZ";"62";"GYG";"40.55953780";"46.33149530";"Q388087";;"2021-08-30 05:26:31";"System";"2021-08-30 05:26:31";"System"
"575";"Babek District";"16";"AZ";"62";"BAB";"39.15076130";"45.44853680";"Q643895";;"2021-08-30 05:26:31";"System";"2021-08-30 05:26:31";"System"
"576";"Zardab District";"16";"AZ";"71";"ZAR";"40.21481140";"47.71494400";"Q249293";;"2021-08-30 05:26:31";"System";"2021-08-30 05:26:31";"System"
"577";"Aghjabadi District";"16";"AZ";"02";"AGC";"28.78918410";"77.51607880";"Q330818";;"2021-08-30 05:26:31";"System";"2021-08-30 05:26:31";"System"
"578";"Jalilabad District";"16";"AZ";"15";"CAL";"39.20516320";"48.51006040";"Q372795";;"2021-08-30 05:26:31";"System";"2021-08-30 05:26:31";"System"
"579";"Shahbuz District";"16";"AZ";"15";"SAH";"39.44521030";"45.65680090";"Q388081";;"2021-08-30 05:26:31";"System";"2021-08-30 05:26:31";"System"
"580";"Mingachevir";"16";"AZ";"33";"MI";"40.77025630";"47.04960150";"Q230932";;"2021-08-30 05:26:31";"System";"2021-08-30 05:26:31";"System"
"581";"Zangilan District";"16";"AZ";"69";"ZAN";"39.08568990";"46.65247280";"Q249252";;"2021-08-30 05:26:31";"System";"2021-08-30 05:26:31";"System"
"582";"Sumqayit";"16";"AZ";"54";"SM";"40.58547650";"49.63174110";"Q179833";;"2021-08-30 05:26:31";"System";"2021-08-30 05:26:31";"System"
"583";"Shamkir District";"16";"AZ";"51";"SKR";"40.82881440";"46.01668790";"Q467491";;"2021-08-30 05:26:31";"System";"2021-08-30 05:26:31";"System"
"584";"Siazan District";"16";"AZ";"53";"SIY";"41.07838330";"49.11184770";"Q820940";;"2021-08-30 05:26:31";"System";"2021-08-30 05:26:31";"System"
"585";"Ganja";"16";"AZ";"20";"GA";"36.36873380";"-95.99857670";"Q131290";;"2021-08-30 05:26:31";"System";"2021-08-30 05:26:31";"System"
"586";"Shaki District";"16";"AZ";"47";"SAK";"41.11346620";"47.13169270";"Q330864";;"2021-08-30 05:26:31";"System";"2021-08-30 05:26:31";"System"
"587";"Lankaran";"16";"AZ";"30";"LAN";"38.75286690";"48.84750150";"Q228811";;"2021-08-30 05:26:31";"System";"2021-08-30 05:26:31";"System"
"588";"Qusar District";"16";"AZ";"44";"QUS";"41.42668860";"48.43455770";"Q386506";;"2021-08-30 05:26:31";"System";"2021-08-30 05:26:31";"System"
"589";"Gədəbəy";"16";"AZ";"19";"GAD";"40.56996390";"45.81068830";"Q330749";;"2021-08-30 05:26:31";"System";"2021-08-30 05:26:31";"System"
"590";"Khachmaz District";"16";"AZ";"60";"XAC";"41.45911680";"48.80206260";"Q6398826";;"2021-08-30 05:26:31";"System";"2021-08-30 05:26:31";"System"
"591";"Shabran District";"16";"AZ";"17";"SBN";"41.22283760";"48.84573040";"Q387994";;"2021-08-30 05:26:31";"System";"2021-08-30 05:26:31";"System"
"592";"Shusha District";"16";"AZ";"55";"SUS";"39.75374380";"46.74647550";"Q388960";;"2021-08-30 05:26:31";"System";"2021-08-30 05:26:31";"System"
"593";"Skrapar District";"3";"AL";"55";"SK";"40.53499460";"20.28322170";"Q194381";;"2021-08-30 05:26:31";"System";"2021-08-30 05:26:31";"System"
"594";"Kavajë District";"3";"AL";"55";"KA";"41.18445290";"19.56275960";"Q194182";;"2021-08-30 05:26:31";"System";"2021-08-30 05:26:31";"System"
"595";"Lezhë District";"3";"AL";"48";"LE";"41.78607300";"19.64607580";"Q194185";;"2021-08-30 05:26:31";"System";"2021-08-30 05:26:31";"System"
"596";"Librazhd District";"3";"AL";"48";"LB";"41.18292320";"20.31747690";"Q207002";;"2021-08-30 05:26:31";"System";"2021-08-30 05:26:31";"System"
"597";"Korçë District";"3";"AL";"46";"KO";"40.59056700";"20.61689210";"Q191491";;"2021-08-30 05:26:31";"System";"2021-08-30 05:26:31";"System"
"598";"Elbasan County";"3";"AL";"43";"03";"41.12666720";"20.23556470";"Q193790";;"2021-08-30 05:26:31";"System";"2021-08-30 05:26:31";"System"
"599";"Lushnjë District";"3";"AL";"43";"LU";"40.94198300";"19.69964280";"Q206994";;"2021-08-30 05:26:31";"System";"2021-08-30 05:26:31";"System"
"600";"Has District";"3";"AL";"43";"HA";"42.79013360";"-83.61220120";"Q207007";;"2021-08-30 05:26:31";"System";"2021-08-30 05:26:31";"System"
"601";"Kukës County";"3";"AL";"47";"07";"42.08074640";"20.41429230";"Q231896";;"2021-08-30 05:26:31";"System";"2021-08-30 05:26:31";"System"
"602";"Malësi e Madhe District";"3";"AL";"47";"MM";"42.42451730";"19.61631850";"Q236845";;"2021-08-30 05:26:31";"System";"2021-08-30 05:26:31";"System"
"603";"Berat County";"3";"AL";"40";"01";"40.69530120";"20.04496620";"Q189296";;"2021-08-30 05:26:31";"System";"2021-08-30 05:26:31";"System"
"604";"Gjirokastër County";"3";"AL";"45";"05";"40.06728740";"20.10452290";"Q193454";;"2021-08-30 05:26:31";"System";"2021-08-30 05:26:31";"System"
"605";"Dibër District";"3";"AL";"41";"DI";"41.58881630";"20.23556470";"Q192123";;"2021-08-30 05:26:31";"System";"2021-08-30 05:26:31";"System"
"606";"Pogradec District";"3";"AL";"41";"PG";"40.90153140";"20.65562890";"Q202197";;"2021-08-30 05:26:31";"System";"2021-08-30 05:26:31";"System"
"607";"Bulqizë District";"3";"AL";"41";"BU";"41.49425870";"20.21471570";"Q191872";;"2021-08-30 05:26:31";"System";"2021-08-30 05:26:31";"System"
"608";"Devoll District";"3";"AL";"41";"DV";"40.64473470";"20.95066360";"Q192126";;"2021-08-30 05:26:31";"System";"2021-08-30 05:26:31";"System"
"609";"Lezhë County";"3";"AL";"48";"08";"41.78137590";"19.80679160";"Q193436";;"2021-08-30 05:26:31";"System";"2021-08-30 05:26:31";"System"
"610";"Dibër County";"3";"AL";"41";"09";"41.58881630";"20.23556470";"Q192866";;"2021-08-30 05:26:31";"System";"2021-08-30 05:26:31";"System"
"611";"Shkodër County";"3";"AL";"49";"10";"42.15037100";"19.66393090";"Q193438";;"2021-08-30 05:26:31";"System";"2021-08-30 05:26:31";"System"
"612";"Kuçovë District";"3";"AL";"49";"KC";"40.78370630";"19.87823480";"Q211946";;"2021-08-30 05:26:31";"System";"2021-08-30 05:26:31";"System"
"613";"Vlorë District";"3";"AL";"51";"VL";"40.46606680";"19.49135600";"Q158601";;"2021-08-30 05:26:31";"System";"2021-08-30 05:26:31";"System"
"614";"Krujë District";"3";"AL";"51";"KR";"41.50947650";"19.77107320";"Q205261";;"2021-08-30 05:26:31";"System";"2021-08-30 05:26:31";"System"
"615";"Tirana County";"3";"AL";"50";"11";"41.24275980";"19.80679160";"Q229892";;"2021-08-30 05:26:31";"System";"2021-08-30 05:26:31";"System"
"616";"Tepelenë District";"3";"AL";"50";"TE";"40.29666320";"20.01816730";"Q202656";;"2021-08-30 05:26:31";"System";"2021-08-30 05:26:31";"System"
"617";"Gramsh District";"3";"AL";"50";"GR";"40.86698730";"20.18493230";"Q210090";;"2021-08-30 05:26:31";"System";"2021-08-30 05:26:31";"System"
"618";"Delvinë District";"3";"AL";"50";"DL";"39.94813640";"20.09558910";"Q166959";;"2021-08-30 05:26:31";"System";"2021-08-30 05:26:31";"System"
"619";"Peqin District";"3";"AL";"50";"PQ";"41.04709020";"19.75023840";"Q202652";;"2021-08-30 05:26:31";"System";"2021-08-30 05:26:31";"System"
"620";"Pukë District";"3";"AL";"50";"PU";"42.04697720";"19.89609680";"Q206997";;"2021-08-30 05:26:31";"System";"2021-08-30 05:26:31";"System"
"621";"Gjirokastër District";"3";"AL";"45";"GJ";"40.06728740";"20.10452290";"Q209749";;"2021-08-30 05:26:31";"System";"2021-08-30 05:26:31";"System"
"622";"Kurbin District";"3";"AL";"45";"KB";"41.64126440";"19.70559500";"Q123602";;"2021-08-30 05:26:31";"System";"2021-08-30 05:26:31";"System"
"623";"Kukës District";"3";"AL";"47";"KU";"42.08074640";"20.41429230";"Q123395";;"2021-08-30 05:26:31";"System";"2021-08-30 05:26:31";"System"
"624";"Sarandë District";"3";"AL";"47";"SR";"39.85921190";"20.02710010";"Q748235";;"2021-08-30 05:26:31";"System";"2021-08-30 05:26:31";"System"
"625";"Përmet District";"3";"AL";"47";"PR";"40.23618370";"20.35173340";"Q121074";;"2021-08-30 05:26:31";"System";"2021-08-30 05:26:31";"System"
"626";"Shkodër District";"3";"AL";"49";"SH";"42.06929850";"19.50325590";"Q194176";;"2021-08-30 05:26:31";"System";"2021-08-30 05:26:31";"System"
"627";"Fier District";"3";"AL";"44";"FR";"40.72750400";"19.56275960";"Q209019";;"2021-08-30 05:26:31";"System";"2021-08-30 05:26:31";"System"
"628";"Kolonjë District";"3";"AL";"44";"ER";"40.33732620";"20.67946760";"Q194178";;"2021-08-30 05:26:31";"System";"2021-08-30 05:26:31";"System"
"629";"Berat District";"3";"AL";"40";"BR";"40.70863770";"19.94373140";"Q202981";;"2021-08-30 05:26:31";"System";"2021-08-30 05:26:31";"System"
"630";"Korçë County";"3";"AL";"46";"06";"40.59056700";"20.61689210";"Q193464";;"2021-08-30 05:26:31";"System";"2021-08-30 05:26:31";"System"
"631";"Fier County";"3";"AL";"44";"04";"40.91913920";"19.66393090";"Q231900";;"2021-08-30 05:26:31";"System";"2021-08-30 05:26:31";"System"
"632";"Durrës County";"3";"AL";"42";"02";"41.50809720";"19.61631850";"Q192853";;"2021-08-30 05:26:31";"System";"2021-08-30 05:26:31";"System"
"633";"Tirana District";"3";"AL";"50";"TR";"41.32754590";"19.81869820";"Q201073";;"2021-08-30 05:26:31";"System";"2021-08-30 05:26:31";"System"
"634";"Vlorë County";"3";"AL";"51";"12";"40.15009600";"19.80679160";"Q192849";;"2021-08-30 05:26:31";"System";"2021-08-30 05:26:31";"System"
"635";"Mat District";"3";"AL";"51";"MT";"41.59376750";"19.99732440";"Q202665";;"2021-08-30 05:26:31";"System";"2021-08-30 05:26:31";"System"
"636";"Tropojë District";"3";"AL";"51";"TP";"42.39821510";"20.16259550";"Q123615";;"2021-08-30 05:26:31";"System";"2021-08-30 05:26:31";"System"
"637";"Mallakastër District";"3";"AL";"51";"MK";"40.52733760";"19.78297910";"Q207437";;"2021-08-30 05:26:31";"System";"2021-08-30 05:26:31";"System"
"638";"Mirditë District";"3";"AL";"51";"MR";"41.76428600";"19.90205090";"Q236850";;"2021-08-30 05:26:31";"System";"2021-08-30 05:26:31";"System"
"639";"Durrës District";"3";"AL";"42";"DR";"41.37065170";"19.52110630";"Q37662";;"2021-08-30 05:26:31";"System";"2021-08-30 05:26:31";"System"
"640";"Sveti Nikole Municipality";"129";"MK";"A4";"69";"41.89803120";"21.99994350";"Q2308277";;"2021-08-30 05:26:31";"System";"2021-08-30 05:26:31";"System"
"641";"Kratovo Municipality";"129";"MK";"51";"43";"42.05371410";"22.07148350";"Q1992716";;"2021-08-30 05:26:31";"System";"2021-08-30 05:26:31";"System"
"642";"Zajas Municipality";"129";"MK";"C1";"31";"41.60303280";"20.87913430";"Q2018939";;"2021-08-30 05:26:31";"System";"2021-08-30 05:26:31";"System"
"643";"Staro Nagoričane Municipality";"129";"MK";"97";"71";"42.21916920";"21.90455410";"Q2128903";;"2021-08-30 05:26:31";"System";"2021-08-30 05:26:31";"System"
"644";"Češinovo-Obleševo Municipality";"129";"MK";"19";"81";"41.86393160";"22.26224600";"Q281898";;"2021-08-30 05:26:31";"System";"2021-08-30 05:26:31";"System"
"645";"Debarca Municipality";"129";"MK";"F5";"22";"41.35840770";"20.85529190";"Q1323340";;"2021-08-30 05:26:31";"System";"2021-08-30 05:26:31";"System"
"646";"Probištip Municipality";"129";"MK";"83";"63";"41.95891460";"22.16686700";"Q2270414";;"2021-08-30 05:26:31";"System";"2021-08-30 05:26:31";"System"
"647";"Krivogaštani Municipality";"129";"MK";"53";"45";"41.30823060";"21.36796890";"Q2018930";;"2021-08-30 05:26:31";"System";"2021-08-30 05:26:31";"System"
"648";"Gevgelija Municipality";"129";"MK";"33";"18";"41.21186060";"22.38146240";"Q2018974";;"2021-08-30 05:26:31";"System";"2021-08-30 05:26:31";"System"
"649";"Bogdanci Municipality";"129";"MK";"08";"05";"41.18696160";"22.59602680";"Q1992752";;"2021-08-30 05:26:31";"System";"2021-08-30 05:26:31";"System"
"650";"Vraneštica Municipality";"129";"MK";"B6";"15";"41.48290870";"21.05796320";"Q1998500";;"2021-08-30 05:26:31";"System";"2021-08-30 05:26:31";"System"
"651";"Veles Municipality";"129";"MK";"F1";"13";"41.72744260";"21.71376940";"Q2088561";;"2021-08-30 05:26:31";"System";"2021-08-30 05:26:31";"System"
"652";"Bosilovo Municipality";"129";"MK";"11";"07";"41.49048640";"22.78671740";"Q1779775";;"2021-08-30 05:26:31";"System";"2021-08-30 05:26:31";"System"
"653";"Mogila Municipality";"129";"MK";"D9";"53";"41.14796450";"21.45143690";"Q1839369";;"2021-08-30 05:26:31";"System";"2021-08-30 05:26:31";"System"
"654";"Tearce Municipality";"129";"MK";"A5";"75";"42.07775110";"21.05349230";"Q2282274";;"2021-08-30 05:26:31";"System";"2021-08-30 05:26:31";"System"
"655";"Demir Kapija Municipality";"129";"MK";"25";"24";"41.37955380";"22.21455710";"Q2370973";;"2021-08-30 05:26:31";"System";"2021-08-30 05:26:31";"System"
"656";"Aračinovo Municipality";"129";"MK";"01";"02";"42.02473810";"21.57664070";"Q597345";;"2021-08-30 05:26:31";"System";"2021-08-30 05:26:31";"System"
"657";"Drugovo Municipality";"129";"MK";"30";"28";"41.44081530";"20.92682010";"Q1996439";;"2021-08-30 05:26:31";"System";"2021-08-30 05:26:31";"System"
"658";"Vasilevo Municipality";"129";"MK";"A9";"11";"41.47416990";"22.64221280";"Q2018980";;"2021-08-30 05:26:31";"System";"2021-08-30 05:26:31";"System"
"659";"Lipkovo Municipality";"129";"MK";"59";"48";"42.20066260";"21.61837550";"Q2041236";;"2021-08-30 05:26:31";"System";"2021-08-30 05:26:31";"System"
"660";"Brvenica Municipality";"129";"MK";"12";"08";"41.96814820";"20.98195860";"Q1057563";;"2021-08-30 05:26:31";"System";"2021-08-30 05:26:31";"System"
"661";"Štip Municipality";"129";"MK";"98";"83";"41.70792970";"22.19071220";"Q2423082";;"2021-08-30 05:26:31";"System";"2021-08-30 05:26:31";"System"
"662";"Vevčani Municipality";"129";"MK";"B3";"12";"41.24075430";"20.59156490";"Q2029825";;"2021-08-30 05:26:31";"System";"2021-08-30 05:26:31";"System"
"663";"Tetovo Municipality";"129";"MK";"E8";"76";"42.02748600";"20.95066360";"Q3245456";;"2021-08-30 05:26:31";"System";"2021-08-30 05:26:31";"System"
"664";"Negotino Municipality";"129";"MK";"69";"54";"41.49899850";"22.09532970";"Q3246545";;"2021-08-30 05:26:31";"System";"2021-08-30 05:26:31";"System"
"665";"Konče Municipality";"129";"MK";"47";"41";"41.51710110";"22.38146240";"Q1992728";;"2021-08-30 05:26:31";"System";"2021-08-30 05:26:31";"System"
"666";"Prilep Municipality";"129";"MK";"E3";"62";"41.26931420";"21.71376940";"Q6312454";;"2021-08-30 05:26:31";"System";"2021-08-30 05:26:31";"System"
"667";"Saraj Municipality";"129";"MK";"90";"68";"41.98694960";"21.26065540";"Q1309481";;"2021-08-30 05:26:31";"System";"2021-08-30 05:26:31";"System"
"668";"Želino Municipality";"129";"MK";"C3";"30";"41.90065310";"21.11757670";"Q1996410";;"2021-08-30 05:26:31";"System";"2021-08-30 05:26:31";"System"
"669";"Mavrovo and Rostuša Municipality";"129";"MK";"E4";"50";"41.60924270";"20.60124880";"Q1323332";;"2021-08-30 05:26:31";"System";"2021-08-30 05:26:31";"System"
"670";"Plasnica Municipality";"129";"MK";"80";"61";"41.45463490";"21.10565390";"Q2018921";;"2021-08-30 05:26:31";"System";"2021-08-30 05:26:31";"System"
"671";"Valandovo Municipality";"129";"MK";"E9";"10";"41.32119090";"22.50066930";"Q2018965";;"2021-08-30 05:26:31";"System";"2021-08-30 05:26:31";"System"
"672";"Vinica Municipality";"129";"MK";"B4";"14";"41.85710200";"22.57218810";"Q2479526";;"2021-08-30 05:26:31";"System";"2021-08-30 05:26:31";"System"
"673";"Zrnovci Municipality";"129";"MK";"C6";"33";"41.82282210";"22.41722560";"Q950881";;"2021-08-30 05:26:31";"System";"2021-08-30 05:26:31";"System"
"674";"Karbinci";"129";"MK";"40";"37";"41.81801590";"22.23247580";"Q1346554";;"2021-08-30 05:26:31";"System";"2021-08-30 05:26:31";"System"
"675";"Dolneni Municipality";"129";"MK";"28";"27";"41.46409350";"21.40374070";"Q1992691";;"2021-08-30 05:26:31";"System";"2021-08-30 05:26:31";"System"
"676";"Čaška Municipality";"129";"MK";"C9";"80";"41.64743800";"21.69141150";"Q1994547";;"2021-08-30 05:26:31";"System";"2021-08-30 05:26:31";"System"
"677";"Kriva Palanka Municipality";"129";"MK";"52";"44";"42.20584540";"22.33079650";"Q1422453";;"2021-08-30 05:26:31";"System";"2021-08-30 05:26:31";"System"
"678";"Jegunovce Municipality";"129";"MK";"D5";"35";"42.07407200";"21.12204780";"Q431908";;"2021-08-30 05:26:31";"System";"2021-08-30 05:26:31";"System"
"679";"Bitola Municipality";"129";"MK";"06";"04";"41.03633020";"21.33219740";"Q159380";;"2021-08-30 05:26:31";"System";"2021-08-30 05:26:31";"System"
"680";"Šuto Orizari Municipality";"129";"MK";"A3";"84";"42.02904160";"21.40970270";"Q1020859";;"2021-08-30 05:26:31";"System";"2021-08-30 05:26:31";"System"
"681";"Karpoš Municipality";"129";"MK";"41";"38";"41.97096610";"21.39181680";"Q1463246";;"2021-08-30 05:26:31";"System";"2021-08-30 05:26:31";"System"
"682";"Oslomej Municipality";"129";"MK";"77";"57";"41.57583910";"21.02219600";"Q2001785";;"2021-08-30 05:26:31";"System";"2021-08-30 05:26:31";"System"
"683";"Kumanovo Municipality";"129";"MK";"D7";"47";"42.07326130";"21.78531430";"Q2352376";;"2021-08-30 05:26:31";"System";"2021-08-30 05:26:31";"System"
"684";"Greater Skopje";"129";"MK";"F6";"85";"41.99812940";"21.42543550";"Q2575820";;"2021-08-30 05:26:31";"System";"2021-08-30 05:26:31";"System"
"685";"Pehčevo Municipality";"129";"MK";"78";"60";"41.77371320";"22.88204890";"Q426114";;"2021-08-30 05:26:31";"System";"2021-08-30 05:26:31";"System"
"686";"Kisela Voda Municipality";"129";"MK";"44";"39";"41.92748000";"21.49317130";"Q1386136";;"2021-08-30 05:26:31";"System";"2021-08-30 05:26:31";"System"
"687";"Demir Hisar Municipality";"129";"MK";"D3";"25";"41.22708300";"21.14142260";"Q856278";;"2021-08-30 05:26:31";"System";"2021-08-30 05:26:31";"System"
"688";"Kičevo Municipality";"129";"MK";"43";"40";"41.51291120";"20.95250650";"Q2018957";;"2021-08-30 05:26:31";"System";"2021-08-30 05:26:31";"System"
"689";"Vrapčište Municipality";"129";"MK";"B7";"16";"41.87911600";"20.83145000";"Q1996740";;"2021-08-30 05:26:31";"System";"2021-08-30 05:26:31";"System"
"690";"Ilinden Municipality";"129";"MK";"36";"34";"41.99574430";"21.56769750";"Q657754";;"2021-08-30 05:26:31";"System";"2021-08-30 05:26:31";"System"
"691";"Rosoman Municipality";"129";"MK";"87";"67";"41.48480060";"21.88070640";"Q2088585";;"2021-08-30 05:26:31";"System";"2021-08-30 05:26:31";"System"
"692";"Makedonski Brod Municipality";"129";"MK";"D8";"52";"41.51330880";"21.21743290";"Q2364199";;"2021-08-30 05:26:31";"System";"2021-08-30 05:26:31";"System"
"693";"Gostivar Municipality";"129";"MK";"D4";"19";"41.80255410";"20.90893780";"Q521112";;"2021-08-30 05:26:31";"System";"2021-08-30 05:26:31";"System"
"694";"Butel Municipality";"129";"MK";"F4";"09";"42.08950680";"21.46336100";"Q935620";;"2021-08-30 05:26:31";"System";"2021-08-30 05:26:31";"System"
"695";"Delčevo Municipality";"129";"MK";"22";"23";"41.96843870";"22.76288300";"Q1323322";;"2021-08-30 05:26:31";"System";"2021-08-30 05:26:31";"System"
"696";"Novaci Municipality";"129";"MK";"E1";"55";"41.04426610";"21.45888940";"Q2088022";;"2021-08-30 05:26:31";"System";"2021-08-30 05:26:31";"System"
"697";"Dojran Municipality";"129";"MK";"E5";"26";"41.24366720";"22.69137640";"Q1996413";;"2021-08-30 05:26:31";"System";"2021-08-30 05:26:31";"System"
"698";"Petrovec Municipality";"129";"MK";"79";"59";"41.90298970";"21.68992100";"Q1018191";;"2021-08-30 05:26:31";"System";"2021-08-30 05:26:31";"System"
"699";"Ohrid Municipality";"129";"MK";"E2";"58";"41.06820880";"20.75992660";"Q1125333";;"2021-08-30 05:26:31";"System";"2021-08-30 05:26:31";"System"
"700";"Struga Municipality";"129";"MK";"E6";"72";"41.31737440";"20.66456830";"Q749618";;"2021-08-30 05:26:31";"System";"2021-08-30 05:26:31";"System"
"701";"Makedonska Kamenica Municipality";"129";"MK";"62";"51";"42.06946040";"22.54834900";"Q2041219";;"2021-08-30 05:26:31";"System";"2021-08-30 05:26:31";"System"
"702";"Centar Municipality";"129";"MK";"62";"77";"41.96989340";"21.42162670";"Q1463152";;"2021-08-30 05:26:31";"System";"2021-08-30 05:26:31";"System"
"703";"Aerodrom Municipality";"129";"MK";"F3";"01";"41.94643630";"21.49317130";"Q1992708";;"2021-08-30 05:26:31";"System";"2021-08-30 05:26:31";"System"
"704";"Čair Municipality";"129";"MK";"C8";"79";"41.99303550";"21.43653180";"Q1419314";;"2021-08-30 05:26:31";"System";"2021-08-30 05:26:31";"System"
"705";"Lozovo Municipality";"129";"MK";"60";"49";"41.78181390";"21.90008270";"Q1996470";;"2021-08-30 05:26:31";"System";"2021-08-30 05:26:31";"System"
"706";"Zelenikovo Municipality";"129";"MK";"C2";"32";"41.87338120";"21.60272500";"Q9050283";;"2021-08-30 05:26:31";"System";"2021-08-30 05:26:31";"System"
"707";"Gazi Baba Municipality";"129";"MK";"32";"17";"42.01629610";"21.49913340";"Q2019836";;"2021-08-30 05:26:31";"System";"2021-08-30 05:26:31";"System"
"708";"Gradsko Municipality";"129";"MK";"35";"20";"41.59916080";"21.88070640";"Q1992701";;"2021-08-30 05:26:31";"System";"2021-08-30 05:26:31";"System"
"709";"Radoviš Municipality";"129";"MK";"84";"64";"41.64955310";"22.47682870";"Q2738284";;"2021-08-30 05:26:31";"System";"2021-08-30 05:26:31";"System"
"710";"Strumica Municipality";"129";"MK";"E7";"73";"41.43780040";"22.64274280";"Q2308287";;"2021-08-30 05:26:31";"System";"2021-08-30 05:26:31";"System"
"711";"Studeničani Municipality";"129";"MK";"A2";"74";"41.92256390";"21.53639650";"Q2088034";;"2021-08-30 05:26:31";"System";"2021-08-30 05:26:31";"System"
"712";"Resen Municipality";"129";"MK";"86";"66";"40.93680930";"21.04604070";"Q740591";;"2021-08-30 05:26:31";"System";"2021-08-30 05:26:31";"System"
"713";"Kavadarci Municipality";"129";"MK";"D6";"36";"41.28900680";"21.99994350";"Q1155055";;"2021-08-30 05:26:31";"System";"2021-08-30 05:26:31";"System"
"714";"Kruševo Municipality";"129";"MK";"54";"46";"41.37693310";"21.26065540";"Q2476159";;"2021-08-30 05:26:31";"System";"2021-08-30 05:26:31";"System"
"715";"Čučer-Sandevo Municipality";"129";"MK";"20";"82";"42.14839460";"21.40374070";"Q629720";;"2021-08-30 05:26:31";"System";"2021-08-30 05:26:31";"System"
"716";"Berovo Municipality";"129";"MK";"04";"03";"41.66619290";"22.76288300";"Q793727";;"2021-08-30 05:26:31";"System";"2021-08-30 05:26:31";"System"
"717";"Rankovce Municipality";"129";"MK";"85";"65";"42.18081410";"22.09532970";"Q1475001";;"2021-08-30 05:26:31";"System";"2021-08-30 05:26:31";"System"
"718";"Novo Selo Municipality";"129";"MK";"72";"56";"41.43255800";"22.88204890";"Q1946579";;"2021-08-30 05:26:31";"System";"2021-08-30 05:26:31";"System"
"719";"Sopište Municipality";"129";"MK";"92";"70";"41.86384920";"21.30834990";"Q2282240";;"2021-08-30 05:26:31";"System";"2021-08-30 05:26:31";"System"
"720";"Centar Župa Municipality";"129";"MK";"18";"78";"41.46522590";"20.59305480";"Q1779085";;"2021-08-30 05:26:31";"System";"2021-08-30 05:26:31";"System"
"721";"Bogovinje Municipality";"129";"MK";"C7";"06";"41.92363710";"20.91638870";"Q9035785";;"2021-08-30 05:26:31";"System";"2021-08-30 05:26:31";"System"
"722";"Gjorče Petrov Municipality";"129";"MK";"29";"29";"42.06063740";"21.32027360";"Q924278";;"2021-08-30 05:26:31";"System";"2021-08-30 05:26:31";"System"
"723";"Kočani Municipality";"129";"MK";"46";"42";"41.98583740";"22.40530460";"Q1819289";;"2021-08-30 05:26:31";"System";"2021-08-30 05:26:31";"System"
"724";"Požega-Slavonia County";"55";"HR";"11";"11";"45.34178680";"17.81143590";"Q58111";;"2021-08-30 05:26:31";"System";"2021-08-30 05:26:31";"System"
"725";"Split-Dalmatia County";"55";"HR";"15";"17";"43.52403280";"16.81783770";"Q58253";;"2021-08-30 05:26:31";"System";"2021-08-30 05:26:31";"System"
"726";"Međimurje County";"55";"HR";"09";"20";"46.37666440";"16.42132980";"Q58330";;"2021-08-30 05:26:31";"System";"2021-08-30 05:26:31";"System"
"727";"Zadar County";"55";"HR";"19";"13";"44.14693900";"15.61649430";"Q58146";;"2021-08-30 05:26:31";"System";"2021-08-30 05:26:31";"System"
"728";"Dubrovnik-Neretva County";"55";"HR";"03";"19";"43.07665880";"17.52684710";"Q58289";;"2021-08-30 05:26:31";"System";"2021-08-30 05:26:31";"System"
"729";"Krapina-Zagorje County";"55";"HR";"07";"02";"46.10133930";"15.88096930";"Q57056";;"2021-08-30 05:26:31";"System";"2021-08-30 05:26:31";"System"
"730";"Šibenik-Knin County";"55";"HR";"13";"15";"43.92814850";"16.10376940";"Q58194";;"2021-08-30 05:26:31";"System";"2021-08-30 05:26:31";"System"
"731";"Lika-Senj County";"55";"HR";"08";"09";"44.61922180";"15.47016080";"Q58081";;"2021-08-30 05:26:31";"System";"2021-08-30 05:26:31";"System"
"732";"Virovitica-Podravina County";"55";"HR";"17";"10";"45.65579850";"17.79324720";"Q58092";;"2021-08-30 05:26:31";"System";"2021-08-30 05:26:31";"System"
"733";"Sisak-Moslavina County";"55";"HR";"14";"03";"45.38379260";"16.53809940";"Q57060";;"2021-08-30 05:26:31";"System";"2021-08-30 05:26:31";"System"
"734";"Bjelovar-Bilogora County";"55";"HR";"01";"07";"45.89879720";"16.84230930";"Q58060";;"2021-08-30 05:26:31";"System";"2021-08-30 05:26:31";"System"
"735";"Primorje-Gorski Kotar County";"55";"HR";"12";"08";"45.31739960";"14.81674660";"Q58071";;"2021-08-30 05:26:31";"System";"2021-08-30 05:26:31";"System"
"736";"Zagreb County";"55";"HR";"20";"01";"45.87066120";"16.39549100";"Q27038";;"2021-08-30 05:26:31";"System";"2021-08-30 05:26:31";"System"
"737";"Brod-Posavina County";"55";"HR";"02";"12";"45.26379510";"17.32645620";"Q58129";;"2021-08-30 05:26:31";"System";"2021-08-30 05:26:31";"System"
"738";"Zagreb";"55";"HR";"21";"21";"45.81501080";"15.98191890";"Q1435";;"2021-08-30 05:26:31";"System";"2021-08-30 05:26:31";"System"
"739";"Varaždin County";"55";"HR";"16";"05";"46.23174730";"16.33605590";"Q57967";;"2021-08-30 05:26:31";"System";"2021-08-30 05:26:31";"System"
"740";"Osijek-Baranja County";"55";"HR";"10";"14";"45.55764280";"18.39421410";"Q58159";;"2021-08-30 05:26:31";"System";"2021-08-30 05:26:31";"System"
"741";"Vukovar-Syrmia County";"55";"HR";"18";"16";"45.17735520";"18.80535270";"Q58225";;"2021-08-30 05:26:31";"System";"2021-08-30 05:26:31";"System"
"742";"Koprivnica-Križevci County";"55";"HR";"06";"06";"46.15689190";"16.83908260";"Q58026";;"2021-08-30 05:26:31";"System";"2021-08-30 05:26:31";"System"
"743";"Istria County";"55";"HR";"04";"18";"45.12864550";"13.90154200";"Q58268";;"2021-08-30 05:26:31";"System";"2021-08-30 05:26:31";"System"
"744";"Kyrenia District";"57";"CY";"02";"06";"35.29919400";"33.23632460";"Q59146";;"2021-08-30 05:26:31";"System";"2021-08-30 05:26:31";"System"
"745";"Nicosia District";"57";"CY";"04";"01";"35.18556590";"33.38227640";"Q59147";;"2021-08-30 05:26:31";"System";"2021-08-30 05:26:31";"System"
"746";"Paphos District";"57";"CY";"06";"05";"34.91645940";"32.49200880";"Q59133";;"2021-08-30 05:26:31";"System";"2021-08-30 05:26:31";"System"
"747";"Larnaca District";"57";"CY";"03";"03";"34.85072060";"33.48319060";"Q59153";;"2021-08-30 05:26:31";"System";"2021-08-30 05:26:31";"System"
"748";"Limassol District";"57";"CY";"05";"02";"34.70713010";"33.02261740";"Q59150";;"2021-08-30 05:26:31";"System";"2021-08-30 05:26:31";"System"
"749";"Famagusta District";"57";"CY";"01";"04";"35.28570230";"33.84112880";"Q59148";;"2021-08-30 05:26:31";"System";"2021-08-30 05:26:31";"System"
"750";"Rangpur Division";"19";"BD";"87";"F";"25.84833880";"88.94138650";"Q876023";;"2021-08-30 05:26:31";"System";"2021-08-30 05:26:31";"System"
"751";"Cox's Bazar District";"19";"BD";"87";"11";"21.56406260";"92.02821290";"Q1122278";;"2021-08-30 05:26:31";"System";"2021-08-30 05:26:31";"System"
"752";"Bandarban District";"19";"BD";"87";"01";"21.83110020";"92.36863210";"Q806273";;"2021-08-30 05:26:31";"System";"2021-08-30 05:26:31";"System"
"753";"Rajshahi Division";"19";"BD";"83";"E";"24.71057760";"88.94138650";"Q379382";;"2021-08-30 05:26:31";"System";"2021-08-30 05:26:31";"System"
"754";"Pabna District";"19";"BD";"83";"49";"24.15850500";"89.44807180";"Q1083505";;"2021-08-30 05:26:31";"System";"2021-08-30 05:26:31";"System"
"755";"Sherpur District";"19";"BD";"83";"57";"25.07462350";"90.14949040";"Q2039314";;"2021-08-30 05:26:31";"System";"2021-08-30 05:26:31";"System"
"756";"Bhola District";"19";"BD";"83";"07";"22.17853150";"90.71010230";"Q855042";;"2021-08-30 05:26:31";"System";"2021-08-30 05:26:31";"System"
"757";"Jessore District";"19";"BD";"83";"22";"23.16340140";"89.21816640";"Q1862981";;"2021-08-30 05:26:31";"System";"2021-08-30 05:26:31";"System"
"758";"Mymensingh Division";"19";"BD";"H";"H";"24.71362000";"90.45023680";"Q19594930";;"2021-08-30 05:26:31";"System";"2021-08-30 05:26:31";"System"
"759";"Rangpur District";"19";"BD";"87";"55";"25.74679250";"89.25083350";"Q2344570";;"2021-08-30 05:26:31";"System";"2021-08-30 05:26:31";"System"
"760";"Dhaka Division";"19";"BD";"81";"C";"23.95357420";"90.14949880";"Q330158";;"2021-08-30 05:26:31";"System";"2021-08-30 05:26:31";"System"
"761";"Chapai Nawabganj District";"19";"BD";"81";"45";"24.74131110";"88.29120690";"Q46043";;"2021-08-30 05:26:31";"System";"2021-08-30 05:26:31";"System"
"762";"Faridpur District";"19";"BD";"81";"15";"23.54239190";"89.63089210";"Q2093552";;"2021-08-30 05:26:31";"System";"2021-08-30 05:26:31";"System"
"763";"Comilla District";"19";"BD";"81";"08";"23.45756670";"91.18089960";"Q1480778";;"2021-08-30 05:26:31";"System";"2021-08-30 05:26:31";"System"
"764";"Netrokona District";"19";"BD";"81";"41";"24.81032840";"90.86564150";"Q2344966";;"2021-08-30 05:26:31";"System";"2021-08-30 05:26:31";"System"
"765";"Sylhet Division";"19";"BD";"86";"G";"24.70498110";"91.67606910";"Q459732";;"2021-08-30 05:26:31";"System";"2021-08-30 05:26:31";"System"
"766";"Mymensingh District";"19";"BD";"H";"34";"24.75385750";"90.40729190";"Q1429976";;"2021-08-30 05:26:31";"System";"2021-08-30 05:26:31";"System"
"767";"Sylhet District";"19";"BD";"86";"60";"24.89933570";"91.87004730";"Q2093352";;"2021-08-30 05:26:31";"System";"2021-08-30 05:26:31";"System"
"768";"Chandpur District";"19";"BD";"86";"09";"23.25131480";"90.85178460";"Q1429697";;"2021-08-30 05:26:31";"System";"2021-08-30 05:26:31";"System"
"769";"Narail District";"19";"BD";"86";"43";"23.11629290";"89.58404040";"Q1550260";;"2021-08-30 05:26:31";"System";"2021-08-30 05:26:31";"System"
"770";"Narayanganj District";"19";"BD";"86";"40";"23.71466010";"90.56360900";"Q2208354";;"2021-08-30 05:26:31";"System";"2021-08-30 05:26:31";"System"
"771";"Dhaka District";"19";"BD";"81";"13";"23.81051400";"90.33718890";"Q1850485";;"2021-08-30 05:26:31";"System";"2021-08-30 05:26:31";"System"
"772";"Nilphamari District";"19";"BD";"81";"46";"25.84827980";"88.94141340";"Q2188627";;"2021-08-30 05:26:31";"System";"2021-08-30 05:26:31";"System"
"773";"Rajbari District";"19";"BD";"81";"53";"23.71513400";"89.58748190";"Q2348762";;"2021-08-30 05:26:31";"System";"2021-08-30 05:26:31";"System"
"774";"Kushtia District";"19";"BD";"81";"30";"23.89069950";"89.10993680";"Q956895";;"2021-08-30 05:26:31";"System";"2021-08-30 05:26:31";"System"
"775";"Khulna Division";"19";"BD";"82";"D";"22.80878160";"89.24671910";"Q501696";;"2021-08-30 05:26:31";"System";"2021-08-30 05:26:31";"System"
"776";"Meherpur District";"19";"BD";"82";"39";"23.80519910";"88.67235780";"Q1474206";;"2021-08-30 05:26:31";"System";"2021-08-30 05:26:31";"System"
"777";"Patuakhali District";"19";"BD";"82";"51";"22.22486320";"90.45475030";"Q1429761";;"2021-08-30 05:26:31";"System";"2021-08-30 05:26:31";"System"
"778";"Jhalokati District";"19";"BD";"82";"25";"22.57208000";"90.18696440";"Q2093327";;"2021-08-30 05:26:31";"System";"2021-08-30 05:26:31";"System"
"779";"Kishoreganj District";"19";"BD";"82";"26";"24.42604570";"90.98206680";"Q2344833";;"2021-08-30 05:26:31";"System";"2021-08-30 05:26:31";"System"
"780";"Lalmonirhat District";"19";"BD";"82";"32";"25.99233980";"89.28472510";"Q2373734";;"2021-08-30 05:26:31";"System";"2021-08-30 05:26:31";"System"
"781";"Sirajganj District";"19";"BD";"82";"59";"24.31411150";"89.56996150";"Q2429432";;"2021-08-30 05:26:31";"System";"2021-08-30 05:26:31";"System"
"782";"Tangail District";"19";"BD";"82";"63";"24.39174270";"89.99482570";"Q952184";;"2021-08-30 05:26:31";"System";"2021-08-30 05:26:31";"System"
"783";"Dinajpur District";"19";"BD";"82";"14";"25.62791230";"88.63317580";"Q1985120";;"2021-08-30 05:26:31";"System";"2021-08-30 05:26:31";"System"
"784";"Barguna District";"19";"BD";"82";"02";"22.09529150";"90.11206960";"Q808172";;"2021-08-30 05:26:31";"System";"2021-08-30 05:26:31";"System"
"785";"Chittagong District";"19";"BD";"84";"10";"22.51501050";"91.75388170";"Q1074991";;"2021-08-30 05:26:31";"System";"2021-08-30 05:26:31";"System"
"786";"Khagrachari District";"19";"BD";"84";"29";"23.13217510";"91.94902100";"Q1429685";;"2021-08-30 05:26:31";"System";"2021-08-30 05:26:31";"System"
"787";"Natore District";"19";"BD";"84";"44";"24.41024300";"89.00761770";"Q2093361";;"2021-08-30 05:26:31";"System";"2021-08-30 05:26:31";"System"
"788";"Chuadanga District";"19";"BD";"84";"12";"23.61605120";"88.82630060";"Q2094570";;"2021-08-30 05:26:31";"System";"2021-08-30 05:26:31";"System"
"789";"Jhenaidah District";"19";"BD";"84";"23";"23.54498730";"89.17260310";"Q2188750";;"2021-08-30 05:26:31";"System";"2021-08-30 05:26:31";"System"
"790";"Munshiganj District";"19";"BD";"84";"35";"23.49809310";"90.41266210";"Q1990519";;"2021-08-30 05:26:31";"System";"2021-08-30 05:26:31";"System"
"791";"Pirojpur District";"19";"BD";"84";"50";"22.57907440";"89.97592640";"Q609190";;"2021-08-30 05:26:31";"System";"2021-08-30 05:26:31";"System"
"792";"Gopalganj District";"19";"BD";"84";"17";"26.48315840";"84.43655000";"Q1537813";;"2021-08-30 05:26:31";"System";"2021-08-30 05:26:31";"System"
"793";"Kurigram District";"19";"BD";"84";"28";"25.80724140";"89.62947460";"Q2348751";;"2021-08-30 05:26:31";"System";"2021-08-30 05:26:31";"System"
"794";"Moulvibazar District";"19";"BD";"84";"38";"24.30953440";"91.73149030";"Q281435";;"2021-08-30 05:26:31";"System";"2021-08-30 05:26:31";"System"
"795";"Gaibandha District";"19";"BD";"84";"19";"25.32969280";"89.54296520";"Q2344595";;"2021-08-30 05:26:31";"System";"2021-08-30 05:26:31";"System"
"796";"Bagerhat District";"19";"BD";"84";"05";"22.66024360";"89.78954780";"Q2344861";;"2021-08-30 05:26:31";"System";"2021-08-30 05:26:31";"System"
"797";"Bogra District";"19";"BD";"84";"03";"24.85104020";"89.36972250";"Q2039066";;"2021-08-30 05:26:31";"System";"2021-08-30 05:26:31";"System"
"798";"Gazipur District";"19";"BD";"84";"18";"24.09581710";"90.41251810";"Q2094101";;"2021-08-30 05:26:31";"System";"2021-08-30 05:26:31";"System"
"799";"Satkhira District";"19";"BD";"84";"58";"22.31548120";"89.11145250";"Q1233680";;"2021-08-30 05:26:31";"System";"2021-08-30 05:26:31";"System"
"800";"Panchagarh District";"19";"BD";"84";"52";"26.27087050";"88.59517510";"Q2367822";;"2021-08-30 05:26:31";"System";"2021-08-30 05:26:31";"System"
"801";"Shariatpur District";"19";"BD";"84";"62";"23.24232140";"90.43477110";"Q253007";;"2021-08-30 05:26:31";"System";"2021-08-30 05:26:31";"System"
"802";"Bahadia";"19";"BD";"84";"33";"23.78987120";"90.16714830";"Q2024719";;"2021-08-30 05:26:31";"System";"2021-08-30 05:26:31";"System"
"803";"Chittagong Division";"19";"BD";"84";"B";"23.17931570";"91.98815270";"Q158087";;"2021-08-30 05:26:31";"System";"2021-08-30 05:26:31";"System"
"804";"Thakurgaon District";"19";"BD";"84";"64";"26.04183920";"88.42826160";"Q2367825";;"2021-08-30 05:26:31";"System";"2021-08-30 05:26:31";"System"
"805";"Habiganj District";"19";"BD";"84";"20";"24.47712360";"91.45065650";"Q1438974";;"2021-08-30 05:26:31";"System";"2021-08-30 05:26:31";"System"
"806";"Joypurhat District";"19";"BD";"84";"24";"25.09473490";"89.09449370";"Q2348146";;"2021-08-30 05:26:31";"System";"2021-08-30 05:26:31";"System"
"807";"Barisal Division";"19";"BD";"85";"A";"22.38111310";"90.33718890";"Q459723";;"2021-08-30 05:26:31";"System";"2021-08-30 05:26:31";"System"
"808";"Jamalpur District";"19";"BD";"85";"21";"25.08309260";"89.78532180";"Q2039306";;"2021-08-30 05:26:31";"System";"2021-08-30 05:26:31";"System"
"809";"Rangamati Hill District";"19";"BD";"85";"56";"22.73241730";"92.29851340";"Q2121686";;"2021-08-30 05:26:31";"System";"2021-08-30 05:26:31";"System"
"810";"Brahmanbaria District";"19";"BD";"85";"04";"23.96081810";"91.11150140";"Q897330";;"2021-08-30 05:26:31";"System";"2021-08-30 05:26:31";"System"
"811";"Khulna District";"19";"BD";"82";"27";"22.67377350";"89.39665810";"Q2093344";;"2021-08-30 05:26:31";"System";"2021-08-30 05:26:31";"System"
"812";"Sunamganj District";"19";"BD";"82";"61";"25.07145350";"91.39916270";"Q2093388";;"2021-08-30 05:26:31";"System";"2021-08-30 05:26:31";"System"
"813";"Rajshahi District";"19";"BD";"83";"54";"24.37330870";"88.60487160";"Q2344697";;"2021-08-30 05:26:31";"System";"2021-08-30 05:26:31";"System"
"814";"Naogaon District";"19";"BD";"83";"48";"24.91315970";"88.75309520";"Q2094277";;"2021-08-30 05:26:31";"System";"2021-08-30 05:26:31";"System"
"815";"Noakhali District";"19";"BD";"83";"47";"22.87237890";"91.09731840";"Q68585";;"2021-08-30 05:26:31";"System";"2021-08-30 05:26:31";"System"
"816";"Feni District";"19";"BD";"83";"16";"22.94087840";"91.40666460";"Q1404741";;"2021-08-30 05:26:31";"System";"2021-08-30 05:26:31";"System"
"817";"Madaripur District";"19";"BD";"83";"36";"23.23933460";"90.18696440";"Q928836";;"2021-08-30 05:26:31";"System";"2021-08-30 05:26:31";"System"
"818";"Barisal District";"19";"BD";"85";"06";"22.70220980";"90.36963160";"Q1763301";;"2021-08-30 05:26:31";"System";"2021-08-30 05:26:31";"System"
"819";"Lakshmipur District";"19";"BD";"85";"31";"22.94467440";"90.82819070";"Q1550252";;"2021-08-30 05:26:31";"System";"2021-08-30 05:26:31";"System"
"820";"Okayama Prefecture";"109";"JP";"31";"33";"34.89634070";"133.63753140";"Q132936";;"2021-08-30 05:26:31";"System";"2021-08-30 05:26:31";"System"
"821";"Chiba Prefecture";"109";"JP";"04";"12";"35.33541550";"140.18325160";"Q80011";;"2021-08-30 05:26:31";"System";"2021-08-30 05:26:31";"System"
"822";"Ōita Prefecture";"109";"JP";"30";"44";"33.15892990";"131.36111210";"Q133924";;"2021-08-30 05:26:31";"System";"2021-08-30 05:26:31";"System"
"823";"Tokyo";"109";"JP";"40";"13";"35.67619190";"139.65031060";"Q1490";;"2021-08-30 05:26:31";"System";"2021-08-30 05:26:31";"System"
"824";"Nara Prefecture";"109";"JP";"28";"29";"34.29755280";"135.82797340";"Q131287";;"2021-08-30 05:26:31";"System";"2021-08-30 05:26:31";"System"
"825";"Shizuoka Prefecture";"109";"JP";"37";"22";"35.09293970";"138.31902760";"Q131320";;"2021-08-30 05:26:31";"System";"2021-08-30 05:26:31";"System"
"826";"Shimane Prefecture";"109";"JP";"36";"32";"35.12440940";"132.62934460";"Q132751";;"2021-08-30 05:26:31";"System";"2021-08-30 05:26:31";"System"
"827";"Aichi Prefecture";"109";"JP";"01";"23";"35.01825050";"137.29238930";"Q80434";;"2021-08-30 05:26:31";"System";"2021-08-30 05:26:31";"System"
"828";"Hiroshima Prefecture";"109";"JP";"11";"34";"34.88234080";"133.01948970";"Q617375";;"2021-08-30 05:26:31";"System";"2021-08-30 05:26:31";"System"
"829";"Akita Prefecture";"109";"JP";"02";"05";"40.13762930";"140.33434100";"Q81863";;"2021-08-30 05:26:31";"System";"2021-08-30 05:26:31";"System"
"830";"Ishikawa Prefecture";"109";"JP";"15";"17";"36.32603170";"136.52896530";"Q131281";;"2021-08-30 05:26:31";"System";"2021-08-30 05:26:31";"System"
"831";"Hyōgo Prefecture";"109";"JP";"13";"28";"34.85795180";"134.54537870";"Q130290";;"2021-08-30 05:26:31";"System";"2021-08-30 05:26:31";"System"
"832";"Hokkaidō Prefecture";"109";"JP";"12";"01";"43.22032660";"142.86347370";"Q1037393";;"2021-08-30 05:26:31";"System";"2021-08-30 05:26:31";"System"
"833";"Mie Prefecture";"109";"JP";"23";"24";"33.81439010";"136.04870470";"Q128196";;"2021-08-30 05:26:31";"System";"2021-08-30 05:26:31";"System"
"834";"Kyōto Prefecture";"109";"JP";"22";"26";"35.15666090";"135.52519820";"Q120730";;"2021-08-30 05:26:31";"System";"2021-08-30 05:26:31";"System"
"835";"Yamaguchi Prefecture";"109";"JP";"45";"35";"34.27967690";"131.52127420";"Q127264";;"2021-08-30 05:26:31";"System";"2021-08-30 05:26:31";"System"
"836";"Tokushima Prefecture";"109";"JP";"39";"36";"33.94196550";"134.32365570";"Q160734";;"2021-08-30 05:26:31";"System";"2021-08-30 05:26:31";"System"
"837";"Yamagata Prefecture";"109";"JP";"44";"06";"38.53705640";"140.14351980";"Q125863";;"2021-08-30 05:26:31";"System";"2021-08-30 05:26:31";"System"
"838";"Toyama Prefecture";"109";"JP";"42";"16";"36.69582660";"137.21370710";"Q132929";;"2021-08-30 05:26:31";"System";"2021-08-30 05:26:31";"System"
"839";"Aomori Prefecture";"109";"JP";"03";"02";"40.76570770";"140.91758790";"Q71699";;"2021-08-30 05:26:31";"System";"2021-08-30 05:26:31";"System"
"840";"Kagoshima Prefecture";"109";"JP";"18";"46";"31.39119580";"130.87785860";"Q15701";;"2021-08-30 05:26:31";"System";"2021-08-30 05:26:31";"System"
"841";"Niigata Prefecture";"109";"JP";"29";"15";"37.51783860";"138.92697940";"Q132705";;"2021-08-30 05:26:31";"System";"2021-08-30 05:26:31";"System"
"842";"Kanagawa Prefecture";"109";"JP";"19";"14";"35.49135350";"139.28414300";"Q127513";;"2021-08-30 05:26:31";"System";"2021-08-30 05:26:31";"System"
"843";"Nagano Prefecture";"109";"JP";"26";"20";"36.15439410";"137.92182040";"Q127877";;"2021-08-30 05:26:31";"System";"2021-08-30 05:26:31";"System"
"844";"Wakayama Prefecture";"109";"JP";"43";"30";"33.94809140";"135.37453580";"Q131314";;"2021-08-30 05:26:31";"System";"2021-08-30 05:26:31";"System"
"845";"Shiga Prefecture";"109";"JP";"35";"25";"35.32920140";"136.05632120";"Q131358";;"2021-08-30 05:26:31";"System";"2021-08-30 05:26:31";"System"
"846";"Kumamoto Prefecture";"109";"JP";"21";"43";"32.85944270";"130.79691490";"Q130308";;"2021-08-30 05:26:31";"System";"2021-08-30 05:26:31";"System"
"847";"Fukushima Prefecture";"109";"JP";"08";"07";"37.38343730";"140.18325160";"Q71707";;"2021-08-30 05:26:31";"System";"2021-08-30 05:26:31";"System"
"848";"Fukui Prefecture";"109";"JP";"06";"18";"35.89622700";"136.21115790";"Q133879";;"2021-08-30 05:26:31";"System";"2021-08-30 05:26:31";"System"
"849";"Nagasaki Prefecture";"109";"JP";"27";"42";"33.24885250";"129.69309120";"Q169376";;"2021-08-30 05:26:31";"System";"2021-08-30 05:26:31";"System"
"850";"Tottori Prefecture";"109";"JP";"41";"31";"35.35731610";"133.40666180";"Q133935";;"2021-08-30 05:26:31";"System";"2021-08-30 05:26:31";"System"
"851";"Ibaraki Prefecture";"109";"JP";"14";"08";"36.21935710";"140.18325160";"Q83273";;"2021-08-30 05:26:31";"System";"2021-08-30 05:26:31";"System"
"852";"Yamanashi Prefecture";"109";"JP";"46";"19";"35.66351130";"138.63888790";"Q132720";;"2021-08-30 05:26:31";"System";"2021-08-30 05:26:31";"System"
"853";"Okinawa Prefecture";"109";"JP";"47";"47";"26.12019110";"127.70250120";"Q766445";;"2021-08-30 05:26:31";"System";"2021-08-30 05:26:31";"System"
"854";"Tochigi Prefecture";"109";"JP";"38";"09";"36.67147390";"139.85472660";"Q44843";;"2021-08-30 05:26:31";"System";"2021-08-30 05:26:31";"System"
"855";"Miyazaki Prefecture";"109";"JP";"25";"45";"32.60360220";"131.44125100";"Q130300";;"2021-08-30 05:26:31";"System";"2021-08-30 05:26:31";"System"
"856";"Iwate Prefecture";"109";"JP";"16";"03";"39.58329890";"141.25345740";"Q48326";;"2021-08-30 05:26:31";"System";"2021-08-30 05:26:31";"System"
"857";"Miyagi Prefecture";"109";"JP";"24";"04";"38.63061200";"141.11930480";"Q47896";;"2021-08-30 05:26:31";"System";"2021-08-30 05:26:31";"System"
"858";"Gifu Prefecture";"109";"JP";"09";"21";"35.74374910";"136.98051030";"Q131277";;"2021-08-30 05:26:31";"System";"2021-08-30 05:26:31";"System"
"859";"Ōsaka Prefecture";"109";"JP";"32";"27";"34.64133150";"135.56293940";"Q122723";;"2021-08-30 05:26:31";"System";"2021-08-30 05:26:31";"System"
"860";"Saitama Prefecture";"109";"JP";"34";"11";"35.99625130";"139.44660050";"Q128186";;"2021-08-30 05:26:31";"System";"2021-08-30 05:26:31";"System"
"861";"Fukuoka Prefecture";"109";"JP";"07";"40";"33.56625590";"130.71585700";"Q123258";;"2021-08-30 05:26:31";"System";"2021-08-30 05:26:31";"System"
"862";"Gunma Prefecture";"109";"JP";"10";"10";"36.56053880";"138.87999720";"Q129499";;"2021-08-30 05:26:31";"System";"2021-08-30 05:26:31";"System"
"863";"Saga Prefecture";"109";"JP";"33";"41";"33.30783710";"130.22712430";"Q160420";;"2021-08-30 05:26:31";"System";"2021-08-30 05:26:31";"System"
"864";"Kagawa Prefecture";"109";"JP";"17";"37";"34.22259150";"134.01991520";"Q161454";;"2021-08-30 05:26:31";"System";"2021-08-30 05:26:31";"System"
"865";"Ehime Prefecture";"109";"JP";"05";"38";"33.60253060";"132.78575830";"Q123376";;"2021-08-30 05:26:31";"System";"2021-08-30 05:26:31";"System"
"866";"Ontario";"39";"CA";"08";"ON";"51.25377500";"-85.32321400";"Q1904";;"2021-08-30 05:26:31";"System";"2021-08-30 05:26:31";"System"
"867";"Manitoba";"39";"CA";"03";"MB";"53.76086080";"-98.81387620";"Q1948";;"2021-08-30 05:26:31";"System";"2021-08-30 05:26:31";"System"
"868";"New Brunswick";"39";"CA";"04";"NB";"46.56531630";"-66.46191640";"Q1965";;"2021-08-30 05:26:31";"System";"2021-08-30 05:26:31";"System"
"869";"Yukon";"39";"CA";"12";"YT";"35.50672150";"-97.76254410";"Q2009";;"2021-08-30 05:26:31";"System";"2021-08-30 05:26:31";"System"
"870";"Saskatchewan";"39";"CA";"11";"SK";"52.93991590";"-106.45086390";"Q1989";;"2021-08-30 05:26:31";"System";"2021-08-30 05:26:31";"System"
"871";"Prince Edward Island";"39";"CA";"09";"PE";"46.51071200";"-63.41681360";"Q1979";;"2021-08-30 05:26:31";"System";"2021-08-30 05:26:31";"System"
"872";"Alberta";"39";"CA";"01";"AB";"53.93327060";"-116.57650350";"Q1951";;"2021-08-30 05:26:31";"System";"2021-08-30 05:26:31";"System"
"873";"Quebec";"39";"CA";"10";"QC";"52.93991590";"-73.54913610";"Q176";;"2021-08-30 05:26:31";"System";"2021-08-30 05:26:31";"System"
"874";"Nova Scotia";"39";"CA";"07";"NS";"44.68198660";"-63.74431100";"Q1952";;"2021-08-30 05:26:31";"System";"2021-08-30 05:26:31";"System"
"875";"British Columbia";"39";"CA";"02";"BC";"53.72666830";"-127.64762050";"Q1974";;"2021-08-30 05:26:31";"System";"2021-08-30 05:26:31";"System"
"876";"Nunavut";"39";"CA";"14";"NU";"70.29977110";"-83.10757700";"Q2023";;"2021-08-30 05:26:31";"System";"2021-08-30 05:26:31";"System"
"877";"Newfoundland and Labrador";"39";"CA";"05";"NL";"53.13550910";"-57.66043640";"Q2003";;"2021-08-30 05:26:31";"System";"2021-08-30 05:26:31";"System"
"878";"Northwest Territories";"39";"CA";"13";"NT";"64.82554410";"-124.84573340";"Q2007";;"2021-08-30 05:26:31";"System";"2021-08-30 05:26:31";"System"
"879";"White Nile";"209";"SD";"41";"NW";"9.33215160";"31.46153000";"Q311371";;"2021-08-30 05:26:31";"System";"2021-08-30 05:26:31";"System"
"880";"Red Sea";"209";"SD";"36";"RS";"20.28023200";"38.51257300";"Q310120";;"2021-08-30 05:26:31";"System";"2021-08-30 05:26:31";"System"
"881";"Khartoum";"209";"SD";"29";"KH";"15.50065440";"32.55989940";"Q310385";;"2021-08-30 05:26:31";"System";"2021-08-30 05:26:31";"System"
"882";"Sennar";"209";"SD";"58";"SI";"13.56746900";"33.56720450";"Q865534";;"2021-08-30 05:26:31";"System";"2021-08-30 05:26:31";"System"
"883";"South Kordofan";"209";"SD";"50";"KS";"11.19901920";"29.41793240";"Q465490";;"2021-08-30 05:26:31";"System";"2021-08-30 05:26:31";"System"
"884";"Kassala";"209";"SD";"52";"KA";"15.45813320";"36.40396290";"Q954963";;"2021-08-30 05:26:31";"System";"2021-08-30 05:26:31";"System"
"885";"Al Jazirah";"209";"SD";"38";"GZ";"14.88596110";"33.43835300";"Q309469";;"2021-08-30 05:26:31";"System";"2021-08-30 05:26:31";"System"
"886";"Al Qadarif";"209";"SD";"39";"GD";"14.02430700";"35.36856790";"Q309478";;"2021-08-30 05:26:31";"System";"2021-08-30 05:26:31";"System"
"887";"Blue Nile";"209";"SD";"42";"NB";"47.59867300";"-122.33441900";"Q309489";;"2021-08-30 05:26:31";"System";"2021-08-30 05:26:31";"System"
"888";"West Darfur";"209";"SD";"47";"DW";"12.84635610";"23.00119890";"Q846331";;"2021-08-30 05:26:31";"System";"2021-08-30 05:26:31";"System"
"889";"West Kordofan";"209";"SD";"62";"GK";"11.19901920";"29.41793240";"Q536396";;"2021-08-30 05:26:31";"System";"2021-08-30 05:26:31";"System"
"890";"North Darfur";"209";"SD";"55";"DN";"15.76619690";"24.90422080";"Q688306";;"2021-08-30 05:26:31";"System";"2021-08-30 05:26:31";"System"
"891";"River Nile";"209";"SD";"53";"NR";"23.97275950";"32.87492060";"Q849297";;"2021-08-30 05:26:31";"System";"2021-08-30 05:26:31";"System"
"892";"East Darfur";"209";"SD";"60";"DE";"14.37827470";"24.90422080";"Q3545641";;"2021-08-30 05:26:31";"System";"2021-08-30 05:26:31";"System"
"893";"North Kordofan";"209";"SD";"56";"KN";"13.83064410";"29.41793240";"Q864093";;"2021-08-30 05:26:31";"System";"2021-08-30 05:26:31";"System"
"894";"South Darfur";"209";"SD";"49";"DS";"11.64886390";"24.90422080";"Q838778";;"2021-08-30 05:26:31";"System";"2021-08-30 05:26:31";"System"
"895";"Northern";"209";"SD";"43";"NO";"38.06381700";"-84.46286480";"Q310118";;"2021-08-30 05:26:31";"System";"2021-08-30 05:26:31";"System"
"896";"Central Darfur";"209";"SD";"61";"DC";"14.37827470";"24.90422080";"Q4116493";;"2021-08-30 05:26:31";"System";"2021-08-30 05:26:31";"System"
"897";"Khelvachauri Municipality";"81";"GE";"61";"29";"41.58019260";"41.66107420";"Q175786";;"2021-08-30 05:26:31";"System";"2021-08-30 05:26:31";"System"
"898";"Senaki Municipality";"81";"GE";"49";"50";"42.26963600";"42.06568960";"Q2490876";;"2021-08-30 05:26:31";"System";"2021-08-30 05:26:31";"System"
"899";"Tbilisi";"81";"GE";"51";"TB";"41.71513770";"44.82709600";"Q994";;"2021-08-30 05:26:31";"System";"2021-08-30 05:26:31";"System"
"900";"Adjara";"81";"GE";"04";"AJ";"41.60056260";"42.06883830";"Q45693";;"2021-08-30 05:26:31";"System";"2021-08-30 05:26:31";"System"
"901";"Autonomous Republic of Abkhazia";"81";"GE";"02";"AB";"43.00155440";"41.02340700";"Q2914461";;"2021-08-30 05:26:31";"System";"2021-08-30 05:26:31";"System"
"902";"Mtskheta-Mtianeti";"81";"GE";"69";"MM";"42.16821850";"44.65060580";"Q203339";;"2021-08-30 05:26:31";"System";"2021-08-30 05:26:31";"System"
"903";"Shida Kartli";"81";"GE";"73";"SK";"42.07569440";"43.95404620";"Q200047";;"2021-08-30 05:26:31";"System";"2021-08-30 05:26:31";"System"
"904";"Kvemo Kartli";"81";"GE";"68";"KK";"41.47918330";"44.65604510";"Q200048";;"2021-08-30 05:26:31";"System";"2021-08-30 05:26:31";"System"
"905";"Imereti";"81";"GE";"66";"IM";"42.23010800";"42.90086640";"Q200045";;"2021-08-30 05:26:31";"System";"2021-08-30 05:26:31";"System"
"906";"Samtskhe-Javakheti";"81";"GE";"72";"SJ";"41.54792960";"43.27764000";"Q19039";;"2021-08-30 05:26:31";"System";"2021-08-30 05:26:31";"System"
"907";"Guria";"81";"GE";"65";"GU";"41.94427360";"42.04580910";"Q19038";;"2021-08-30 05:26:31";"System";"2021-08-30 05:26:31";"System"
"908";"Samegrelo-Zemo Svaneti";"81";"GE";"71";"SZ";"42.73522470";"42.16893620";"Q200309";;"2021-08-30 05:26:31";"System";"2021-08-30 05:26:31";"System"
"909";"Racha-Lechkhumi and Kvemo Svaneti";"81";"GE";"70";"RL";"42.67188730";"43.05628360";"Q38893";;"2021-08-30 05:26:31";"System";"2021-08-30 05:26:31";"System"
"910";"Kakheti";"81";"GE";"67";"KA";"41.64816020";"45.69055540";"Q169674";;"2021-08-30 05:26:31";"System";"2021-08-30 05:26:31";"System"
"911";"Northern Province";"198";"SL";"02";"N";;;"Q912359";;"2021-08-30 05:26:31";"System";"2021-08-30 05:26:31";"System"
"912";"Southern Province";"198";"SL";"03";"S";;;"Q772185";;"2021-08-30 05:26:31";"System";"2021-08-30 05:26:31";"System"
"913";"Western Area";"198";"SL";"04";"W";"40.25459690";"-80.24554440";"Q1050475";;"2021-08-30 05:26:31";"System";"2021-08-30 05:26:31";"System"
"914";"Eastern Province";"198";"SL";"01";"E";;;"Q1050497";;"2021-08-30 05:26:31";"System";"2021-08-30 05:26:31";"System"
"915";"Hiran";"203";"SO";"07";"HI";"4.32101500";"45.29938620";"Q660040";;"2021-08-30 05:26:31";"System";"2021-08-30 05:26:31";"System"
"916";"Mudug";"203";"SO";"10";"MU";"6.56567260";"47.76375650";"Q877034";;"2021-08-30 05:26:31";"System";"2021-08-30 05:26:31";"System"
"917";"Bakool";"203";"SO";"01";"BK";"4.36572210";"44.09603110";"Q282471";;"2021-08-30 05:26:31";"System";"2021-08-30 05:26:31";"System"
"918";"Galguduud";"203";"SO";"05";"GA";"5.18501280";"46.82528380";"Q876772";;"2021-08-30 05:26:31";"System";"2021-08-30 05:26:31";"System"
"919";"Sanaag Region";"203";"SO";"12";"SA";"10.39382180";"47.76375650";"Q751387";;"2021-08-30 05:26:31";"System";"2021-08-30 05:26:31";"System"
"920";"Nugal";"203";"SO";"18";"NU";"43.27938610";"17.03392050";"Q1046329";;"2021-08-30 05:26:31";"System";"2021-08-30 05:26:31";"System"
"921";"Lower Shebelle";"203";"SO";"14";"SH";"1.87664580";"44.24790150";"Q877028";;"2021-08-30 05:26:31";"System";"2021-08-30 05:26:31";"System"
"922";"Middle Juba";"203";"SO";"08";"JD";"2.07804880";"41.60118140";"Q1046324";;"2021-08-30 05:26:31";"System";"2021-08-30 05:26:31";"System"
"923";"Middle Shebelle";"203";"SO";"13";"SD";"2.92502470";"45.90396890";"Q678435";;"2021-08-30 05:26:31";"System";"2021-08-30 05:26:31";"System"
"924";"Lower Juba";"203";"SO";"09";"JH";"0.22402100";"41.60118140";"Q877042";;"2021-08-30 05:26:31";"System";"2021-08-30 05:26:31";"System"
"925";"Awdal Region";"203";"SO";"21";"AW";"10.63342850";"43.32946600";"Q791667";;"2021-08-30 05:26:31";"System";"2021-08-30 05:26:31";"System"
"926";"Bay";"203";"SO";"04";"BY";"37.03655340";"-95.61747670";"Q812064";;"2021-08-30 05:26:31";"System";"2021-08-30 05:26:31";"System"
"927";"Banaadir";"203";"SO";"02";"BN";"2.11873750";"45.33694590";"Q806070";;"2021-08-30 05:26:31";"System";"2021-08-30 05:26:31";"System"
"928";"Gedo";"203";"SO";"06";"GE";"3.50392270";"42.23624350";"Q856719";;"2021-08-30 05:26:31";"System";"2021-08-30 05:26:31";"System"
"929";"Togdheer Region";"203";"SO";"19";"TO";"9.44605870";"45.29938620";"Q865590";;"2021-08-30 05:26:31";"System";"2021-08-30 05:26:31";"System"
"930";"Bari";"203";"SO";"03";"BR";"41.11714320";"16.87187150";"Q729170";;"2021-08-30 05:26:31";"System";"2021-08-30 05:26:31";"System"
"931";"Northern Cape";"204";"ZA";"08";"NC";"-29.04668080";"21.85685860";"Q132418";;"2021-08-30 05:26:31";"System";"2021-08-30 05:26:31";"System"
"932";"Free State";"204";"ZA";"03";"FS";"37.68585250";"-97.28112560";"Q160284";;"2021-08-30 05:26:31";"System";"2021-08-30 05:26:31";"System"
"933";"Limpopo";"204";"ZA";"09";"LP";"-23.40129460";"29.41793240";"Q134907";;"2021-08-30 05:26:31";"System";"2021-08-30 05:26:31";"System"
"934";"North West";"204";"ZA";"10";"NW";"32.75885200";"-97.32880600";"Q165956";;"2021-08-30 05:26:31";"System";"2021-08-30 05:26:31";"System"
"935";"KwaZulu-Natal";"204";"ZA";"02";"KZN";"-28.53055390";"30.89582420";"Q81725";;"2021-08-30 05:26:31";"System";"2021-08-30 05:26:31";"System"
"936";"Gauteng";"204";"ZA";"06";"GP";"-26.27075930";"28.11226790";"Q133083";;"2021-08-30 05:26:31";"System";"2021-08-30 05:26:31";"System"
"937";"Mpumalanga";"204";"ZA";"07";"MP";"-25.56533600";"30.52790960";"Q132410";;"2021-08-30 05:26:31";"System";"2021-08-30 05:26:31";"System"
"938";"Eastern Cape";"204";"ZA";"05";"EC";"-32.29684020";"26.41938900";"Q130840";;"2021-08-30 05:26:31";"System";"2021-08-30 05:26:31";"System"
"939";"Western Cape";"204";"ZA";"11";"WC";"-33.22779180";"21.85685860";"Q127167";;"2021-08-30 05:26:31";"System";"2021-08-30 05:26:31";"System"
"940";"Chontales Department";"159";"NI";"04";"CO";"11.93947170";"-85.18940450";"Q498443";;"2021-08-30 05:26:31";"System";"2021-08-30 05:26:31";"System"
"941";"Managua Department";"159";"NI";"10";"MN";"12.13916990";"-86.33767610";"Q260009";;"2021-08-30 05:26:31";"System";"2021-08-30 05:26:31";"System"
"942";"Rivas Department";"159";"NI";"15";"RI";"11.40234900";"-85.68457800";"Q728127";;"2021-08-30 05:26:31";"System";"2021-08-30 05:26:31";"System"
"943";"Granada Department";"159";"NI";"06";"GR";"11.93440730";"-85.95600050";"Q258405";;"2021-08-30 05:26:31";"System";"2021-08-30 05:26:31";"System"
"944";"León Department";"159";"NI";"08";"LE";"12.50920370";"-86.66110830";"Q586818";;"2021-08-30 05:26:31";"System";"2021-08-30 05:26:31";"System"
"945";"Estelí Department";"159";"NI";"05";"ES";"13.08511390";"-86.36301970";"Q728015";;"2021-08-30 05:26:31";"System";"2021-08-30 05:26:31";"System"
"946";"Boaco Department";"159";"NI";"01";"BO";"12.46928400";"-85.66146820";"Q280973";;"2021-08-30 05:26:31";"System";"2021-08-30 05:26:31";"System"
"947";"Matagalpa Department";"159";"NI";"12";"MT";"12.94984360";"-85.43755740";"Q728099";;"2021-08-30 05:26:31";"System";"2021-08-30 05:26:31";"System"
"948";"Madriz Department";"159";"NI";"09";"MD";"13.47260050";"-86.45920910";"Q728056";;"2021-08-30 05:26:31";"System";"2021-08-30 05:26:31";"System"
"949";"Río San Juan Department";"159";"NI";"14";"SJ";"11.47816100";"-84.77333250";"Q728155";;"2021-08-30 05:26:31";"System";"2021-08-30 05:26:31";"System"
"950";"Carazo Department";"159";"NI";"02";"CA";"11.72747290";"-86.21584970";"Q461133";;"2021-08-30 05:26:31";"System";"2021-08-30 05:26:31";"System"
"951";"North Caribbean Coast Autonomous Region";"159";"NI";"17";"AN";"13.83944560";"-83.93208060";"Q498452";;"2021-08-30 05:26:31";"System";"2021-08-30 05:26:31";"System"
"952";"South Caribbean Coast Autonomous Region";"159";"NI";"18";"AS";"12.19185020";"-84.10128610";"Q291279";;"2021-08-30 05:26:31";"System";"2021-08-30 05:26:31";"System"
"953";"Masaya Department";"159";"NI";"11";"MS";"11.97593280";"-86.07334980";"Q570358";;"2021-08-30 05:26:31";"System";"2021-08-30 05:26:31";"System"
"954";"Chinandega Department";"159";"NI";"03";"CI";"12.88200620";"-87.14228950";"Q644024";;"2021-08-30 05:26:31";"System";"2021-08-30 05:26:31";"System"
"955";"Jinotega Department";"159";"NI";"07";"JI";"13.08839070";"-85.99939970";"Q728120";;"2021-08-30 05:26:31";"System";"2021-08-30 05:26:31";"System"
"956";"Karak Governorate";"111";"JO";"09";"KA";"31.18535270";"35.70476820";"Q735245";;"2021-08-30 05:26:31";"System";"2021-08-30 05:26:31";"System"
"957";"Tafilah Governorate";"111";"JO";"12";"AT";"30.83380630";"35.61605130";"Q750259";;"2021-08-30 05:26:31";"System";"2021-08-30 05:26:31";"System"
"958";"Madaba Governorate";"111";"JO";"23";"MD";"31.71960970";"35.79327540";"Q750447";;"2021-08-30 05:26:31";"System";"2021-08-30 05:26:31";"System"
"959";"Aqaba Governorate";"111";"JO";"21";"AQ";"29.53208600";"35.00628210";"Q260796";;"2021-08-30 05:26:31";"System";"2021-08-30 05:26:31";"System"
"960";"Irbid Governorate";"111";"JO";"18";"IR";"32.55696360";"35.84789650";"Q721441";;"2021-08-30 05:26:31";"System";"2021-08-30 05:26:31";"System"
"961";"Balqa Governorate";"111";"JO";"02";"BA";"32.03668060";"35.72884800";"Q721431";;"2021-08-30 05:26:31";"System";"2021-08-30 05:26:31";"System"
"962";"Mafraq Governorate";"111";"JO";"15";"MA";"32.34169230";"36.20201750";"Q854871";;"2021-08-30 05:26:31";"System";"2021-08-30 05:26:31";"System"
"963";"Ajloun Governorate";"111";"JO";"20";"AJ";"32.33255840";"35.75168440";"Q506658";;"2021-08-30 05:26:31";"System";"2021-08-30 05:26:31";"System"
"964";"Ma'an Governorate";"111";"JO";"19";"MN";"30.19267890";"35.72493190";"Q606340";;"2021-08-30 05:26:31";"System";"2021-08-30 05:26:31";"System"
"965";"Amman Governorate";"111";"JO";"16";"AM";"31.94536330";"35.92838950";"Q472788";;"2021-08-30 05:26:31";"System";"2021-08-30 05:26:31";"System"
"966";"Jerash Governorate";"111";"JO";"22";"JA";"32.27472370";"35.89609540";"Q750270";;"2021-08-30 05:26:31";"System";"2021-08-30 05:26:31";"System"
"967";"Zarqa Governorate";"111";"JO";"17";"AZ";"32.06085050";"36.09421210";"Q721445";;"2021-08-30 05:26:31";"System";"2021-08-30 05:26:31";"System"
"968";"Manzini District";"212";"SZ";"03";"MA";"-26.50819990";"31.37131640";"Q305395";;"2021-08-30 05:26:31";"System";"2021-08-30 05:26:31";"System"
"969";"Hhohho District";"212";"SZ";"01";"HH";"-26.13656620";"31.35416310";"Q735570";;"2021-08-30 05:26:31";"System";"2021-08-30 05:26:31";"System"
"970";"Lubombo District";"212";"SZ";"02";"LU";"-26.78517730";"31.81070790";"Q856657";;"2021-08-30 05:26:31";"System";"2021-08-30 05:26:31";"System"
"971";"Shiselweni District";"212";"SZ";"04";"SH";"-26.98275770";"31.35416310";"Q845934";;"2021-08-30 05:26:31";"System";"2021-08-30 05:26:31";"System"
"972";"Al Jahra Governorate";"117";"KW";"05";"JA";"29.99318310";"47.76347310";"Q405701";;"2021-08-30 05:26:31";"System";"2021-08-30 05:26:31";"System"
"973";"Hawalli Governorate";"117";"KW";"08";"HA";"29.30567160";"48.03076130";"Q747432";;"2021-08-30 05:26:31";"System";"2021-08-30 05:26:31";"System"
"974";"Mubarak Al-Kabeer Governorate";"117";"KW";"09";"MU";"29.21224000";"48.06051080";"Q913370";;"2021-08-30 05:26:31";"System";"2021-08-30 05:26:31";"System"
"975";"Al Farwaniyah Governorate";"117";"KW";"07";"FA";"29.27335700";"47.94001540";"Q1072757";;"2021-08-30 05:26:31";"System";"2021-08-30 05:26:31";"System"
"976";"Capital Governorate";"117";"KW";"02";"KU";"26.22851610";"50.58604970";"Q1046645";;"2021-08-30 05:26:31";"System";"2021-08-30 05:26:31";"System"
"977";"Al Ahmadi Governorate";"117";"KW";"04";"AH";"28.57451250";"48.10247430";"Q552354";;"2021-08-30 05:26:31";"System";"2021-08-30 05:26:31";"System"
"978";"Luang Prabang Province";"119";"LA";"17";"LP";"20.06562290";"102.62162110";"Q747881";;"2021-08-30 05:26:31";"System";"2021-08-30 05:26:31";"System"
"979";"Vientiane Prefecture";"119";"LA";"24";"VT";"18.11054100";"102.52980280";"Q390377";;"2021-08-30 05:26:31";"System";"2021-08-30 05:26:31";"System"
"980";"Vientiane Province";"119";"LA";"27";"VI";"18.57050630";"102.62162110";"Q720066";;"2021-08-30 05:26:31";"System";"2021-08-30 05:26:31";"System"
"981";"Salavan Province";"119";"LA";"19";"SL";"15.81710730";"106.25221430";"Q302656";;"2021-08-30 05:26:31";"System";"2021-08-30 05:26:31";"System"
"982";"Attapeu Province";"119";"LA";"01";"AT";"14.93634000";"107.10119310";"Q503004";;"2021-08-30 05:26:31";"System";"2021-08-30 05:26:31";"System"
"983";"Xaisomboun Province";"119";"LA";"28";"XS";"18.43629240";"104.47233010";"Q20202028";;"2021-08-30 05:26:31";"System";"2021-08-30 05:26:31";"System"
"984";"Sekong Province";"119";"LA";"26";"XE";"15.57674460";"107.00670310";"Q585707";;"2021-08-30 05:26:31";"System";"2021-08-30 05:26:31";"System"
"985";"Bolikhamsai Province";"119";"LA";"23";"BL";"18.43629240";"104.47233010";"Q2403514";;"2021-08-30 05:26:31";"System";"2021-08-30 05:26:31";"System"
"986";"Khammouane Province";"119";"LA";"15";"KH";"17.63840660";"105.21948080";"Q506641";;"2021-08-30 05:26:31";"System";"2021-08-30 05:26:31";"System"
"987";"Phongsaly Province";"119";"LA";"18";"PH";"21.59193770";"102.25479190";"Q334868";;"2021-08-30 05:26:31";"System";"2021-08-30 05:26:31";"System"
"988";"Oudomxay Province";"119";"LA";"07";"OU";"20.49219290";"101.88917210";"Q465961";;"2021-08-30 05:26:31";"System";"2021-08-30 05:26:31";"System"
"989";"Houaphanh Province";"119";"LA";"03";"HO";"20.32541750";"104.10013260";"Q502997";;"2021-08-30 05:26:31";"System";"2021-08-30 05:26:31";"System"
"990";"Savannakhet Province";"119";"LA";"20";"SV";"16.50653810";"105.59433880";"Q465940";;"2021-08-30 05:26:31";"System";"2021-08-30 05:26:31";"System"
"991";"Bokeo Province";"119";"LA";"22";"BK";"20.28726620";"100.70978670";"Q334884";;"2021-08-30 05:26:31";"System";"2021-08-30 05:26:31";"System"
"992";"Luang Namtha Province";"119";"LA";"16";"LM";"20.91701870";"101.16173560";"Q948691";;"2021-08-30 05:26:31";"System";"2021-08-30 05:26:31";"System"
"993";"Sainyabuli Province";"119";"LA";"13";"XA";"19.39078860";"101.52480550";"Q465929";;"2021-08-30 05:26:31";"System";"2021-08-30 05:26:31";"System"
"994";"Xaisomboun";"119";"LA";"25";"XN";;;"Q846580";;"2021-08-30 05:26:31";"System";"2021-08-30 05:26:31";"System"
"995";"Xiangkhouang Province";"119";"LA";"14";"XI";"19.60930030";"103.72891670";"Q465947";;"2021-08-30 05:26:31";"System";"2021-08-30 05:26:31";"System"
"996";"Champasak Province";"119";"LA";"02";"CH";"14.65786640";"105.96998780";"Q334888";;"2021-08-30 05:26:31";"System";"2021-08-30 05:26:31";"System"
"997";"Talas Region";"118";"KG";"06";"T";"42.28673390";"72.52048270";"Q109838";;"2021-08-30 05:26:31";"System";"2021-08-30 05:26:31";"System"
"998";"Batken Region";"118";"KG";"09";"B";"39.97214250";"69.85974060";"Q487631";;"2021-08-30 05:26:31";"System";"2021-08-30 05:26:31";"System"
"999";"Naryn Region";"118";"KG";"04";"N";"41.29432270";"75.34121790";"Q486375";;"2021-08-30 05:26:31";"System";"2021-08-30 05:26:31";"System"
"1000";"Jalal-Abad Region";"118";"KG";"03";"J";"41.10680800";"72.89880690";"Q487640";;"2021-08-30 05:26:31";"System";"2021-08-30 05:26:31";"System"
"1001";"Bishkek";"118";"KG";"01";"GB";"42.87462120";"74.56976170";"Q9361";;"2021-08-30 05:26:31";"System";"2021-08-30 05:26:31";"System"
"1002";"Issyk-Kul Region";"118";"KG";"07";"Y";"42.18594280";"77.56194190";"Q487413";;"2021-08-30 05:26:31";"System";"2021-08-30 05:26:31";"System"
"1003";"Osh";"118";"KG";"08";"GO";"36.06313990";"-95.91828950";"Q47282";;"2021-08-30 05:26:31";"System";"2021-08-30 05:26:31";"System"
"1004";"Chuy Region";"118";"KG";"02";"C";"42.56550000";"74.40566120";"Q486370";;"2021-08-30 05:26:31";"System";"2021-08-30 05:26:31";"System"
"1005";"Osh Region";"118";"KG";"08";"O";"39.84073660";"72.89880690";"Q231987";;"2021-08-30 05:26:31";"System";"2021-08-30 05:26:31";"System"
"1006";"Trøndelag";"165";"NO";"21";"50";"63.54201250";"10.93692670";"Q127676";;"2021-08-30 05:26:31";"System";"2021-08-30 05:26:31";"System"
"1007";"Oslo";"165";"NO";"12";"03";"59.91386880";"10.75224540";"Q585";;"2021-08-30 05:26:31";"System";"2021-08-30 05:26:31";"System"
"1008";"Vestfold";"165";"NO";"20";"07";"59.17078620";"10.11443550";"Q50619";;"2021-08-30 05:26:31";"System";"2021-08-30 05:26:31";"System"
"1009";"Oppland";"165";"NO";"11";"05";"61.54227520";"9.71663150";"Q50617";;"2021-08-30 05:26:31";"System";"2021-08-30 05:26:31";"System"
"1010";"Sør-Trøndelag";"165";"NO";"16";"16";"63.01368230";"10.34871360";"Q50628";;"2021-08-30 05:26:31";"System";"2021-08-30 05:26:31";"System"
"1011";"Buskerud";"165";"NO";"04";"06";"60.48460250";"8.69837640";"Q50618";;"2021-08-30 05:26:31";"System";"2021-08-30 05:26:31";"System"
"1012";"Nord-Trøndelag";"165";"NO";"10";"17";"64.43707920";"11.74629500";"Q50629";;"2021-08-30 05:26:31";"System";"2021-08-30 05:26:31";"System"
"1013";"Svalbard";"165";"NO";"SV";"21";"77.87497250";"20.97518210";"Q25231";;"2021-08-30 05:26:31";"System";"2021-08-30 05:26:31";"System"
"1014";"Vest-Agder";"165";"NO";"19";"10";"58.09990810";"6.58698090";"Q50623";;"2021-08-30 05:26:31";"System";"2021-08-30 05:26:31";"System"
"1015";"Troms";"165";"NO";"18";"19";"69.81782420";"18.78193650";"Q50631";;"2021-08-30 05:26:31";"System";"2021-08-30 05:26:31";"System"
"1016";"Finnmark";"165";"NO";"05";"20";"70.48303880";"26.01351070";"Q50632";;"2021-08-30 05:26:31";"System";"2021-08-30 05:26:31";"System"
"1017";"Akershus";"165";"NO";"01";"02";"28.37042030";"-81.54680580";"Q50615";;"2021-08-30 05:26:31";"System";"2021-08-30 05:26:31";"System"
"1018";"Sogn og Fjordane";"165";"NO";"15";"14";"61.55394350";"6.33258790";"Q50626";;"2021-08-30 05:26:31";"System";"2021-08-30 05:26:31";"System"
"1019";"Hedmark";"165";"NO";"06";"04";"61.39673110";"11.56273690";"Q50616";;"2021-08-30 05:26:31";"System";"2021-08-30 05:26:31";"System"
"1020";"Møre og Romsdal";"165";"NO";"08";"15";"62.84068330";"7.00714300";"Q50627";;"2021-08-30 05:26:31";"System";"2021-08-30 05:26:31";"System"
"1021";"Rogaland";"165";"NO";"14";"11";"59.14895440";"6.01434320";"Q50624";;"2021-08-30 05:26:31";"System";"2021-08-30 05:26:31";"System"
"1022";"Østfold";"165";"NO";"13";"01";"59.25582860";"11.32790060";"Q50614";;"2021-08-30 05:26:31";"System";"2021-08-30 05:26:31";"System"
"1023";"Hordaland";"165";"NO";"07";"12";"60.27336740";"5.72201940";"Q50625";;"2021-08-30 05:26:31";"System";"2021-08-30 05:26:31";"System"
"1024";"Telemark";"165";"NO";"17";"08";"59.39139850";"8.32112090";"Q2254";;"2021-08-30 05:26:31";"System";"2021-08-30 05:26:31";"System"
"1025";"Nordland";"165";"NO";"09";"18";"67.69305800";"12.70739360";"Q50630";;"2021-08-30 05:26:31";"System";"2021-08-30 05:26:31";"System"
"1026";"Jan Mayen";"165";"NO";"JN";"22";"71.03181800";"-8.29203460";"Q14056";;"2021-08-30 05:26:31";"System";"2021-08-30 05:26:31";"System"
"1027";"Hódmezővásárhely";"99";"HU";"29";"HV";"46.41812620";"20.33003150";"Q124375";;"2021-08-30 05:26:31";"System";"2021-08-30 05:26:31";"System"
"1028";"Érd";"99";"HU";"43";"ER";"47.39197180";"18.90454400";"Q193050";;"2021-08-30 05:26:31";"System";"2021-08-30 05:26:31";"System"
"1029";"Szeged";"99";"HU";"19";"SD";"46.25301020";"20.14142530";"Q81581";;"2021-08-30 05:26:31";"System";"2021-08-30 05:26:31";"System"
"1030";"Nagykanizsa";"99";"HU";"32";"NK";"46.45902180";"16.98967960";"Q14424";;"2021-08-30 05:26:31";"System";"2021-08-30 05:26:31";"System"
"1031";"Csongrád County";"99";"HU";"06";"CS";"46.41670500";"20.25661610";"Q193031";;"2021-08-30 05:26:31";"System";"2021-08-30 05:26:31";"System"
"1032";"Debrecen";"99";"HU";"07";"DE";"47.53160490";"21.62731240";"Q79880";;"2021-08-30 05:26:31";"System";"2021-08-30 05:26:31";"System"
"1033";"Székesfehérvár";"99";"HU";"35";"SF";"47.18602620";"18.42213580";"Q130212";;"2021-08-30 05:26:31";"System";"2021-08-30 05:26:31";"System"
"1034";"Nyíregyháza";"99";"HU";"33";"NY";"47.94953240";"21.72440530";"Q171223";;"2021-08-30 05:26:31";"System";"2021-08-30 05:26:31";"System"
"1035";"Somogy County";"99";"HU";"17";"SO";"46.55485900";"17.58667320";"Q190522";;"2021-08-30 05:26:31";"System";"2021-08-30 05:26:31";"System"
"1036";"Békéscsaba";"99";"HU";"26";"BC";"46.67359390";"21.08773090";"Q178878";;"2021-08-30 05:26:31";"System";"2021-08-30 05:26:31";"System"
"1037";"Eger";"99";"HU";"28";"EG";"47.90253480";"20.37722840";"Q167109";;"2021-08-30 05:26:31";"System";"2021-08-30 05:26:31";"System"
"1038";"Tolna County";"99";"HU";"21";"TO";"46.47627540";"18.55706270";"Q191625";;"2021-08-30 05:26:31";"System";"2021-08-30 05:26:31";"System"
"1039";"Vas County";"99";"HU";"22";"VA";"47.09291110";"16.68121830";"Q187677";;"2021-08-30 05:26:31";"System";"2021-08-30 05:26:31";"System"
"1040";"Heves County";"99";"HU";"11";"HE";"47.80576170";"20.20385590";"Q191604";;"2021-08-30 05:26:31";"System";"2021-08-30 05:26:31";"System"
"1041";"Győr";"99";"HU";"25";"GY";"47.68745690";"17.65039740";"Q134494";;"2021-08-30 05:26:31";"System";"2021-08-30 05:26:31";"System"
"1042";"Győr-Moson-Sopron County";"99";"HU";"09";"GS";"47.65092850";"17.25058830";"Q187753";;"2021-08-30 05:26:31";"System";"2021-08-30 05:26:31";"System"
"1043";"Jász-Nagykun-Szolnok County";"99";"HU";"20";"JN";"47.25555790";"20.52324560";"Q189655";;"2021-08-30 05:26:31";"System";"2021-08-30 05:26:31";"System"
"1044";"Fejér County";"99";"HU";"08";"FE";"47.12179320";"18.52948150";"Q187693";;"2021-08-30 05:26:31";"System";"2021-08-30 05:26:31";"System"
"1045";"Szabolcs-Szatmár-Bereg County";"99";"HU";"18";"SZ";"48.03949540";"22.00333000";"Q190518";;"2021-08-30 05:26:31";"System";"2021-08-30 05:26:31";"System"
"1046";"Zala County";"99";"HU";"24";"ZA";"46.73844040";"16.91522520";"Q185374";;"2021-08-30 05:26:31";"System";"2021-08-30 05:26:31";"System"
"1047";"Szolnok";"99";"HU";"36";"SK";"47.16213550";"20.18247120";"Q181276";;"2021-08-30 05:26:31";"System";"2021-08-30 05:26:31";"System"
"1048";"Bács-Kiskun County";"99";"HU";"01";"BK";"46.56614370";"19.42724640";"Q181018";;"2021-08-30 05:26:31";"System";"2021-08-30 05:26:31";"System"
"1049";"Dunaújváros";"99";"HU";"27";"DU";"46.96190590";"18.93552270";"Q187812";;"2021-08-30 05:26:31";"System";"2021-08-30 05:26:31";"System"
"1050";"Zalaegerszeg";"99";"HU";"40";"ZE";"46.84169360";"16.84163220";"Q60037";;"2021-08-30 05:26:31";"System";"2021-08-30 05:26:31";"System"
"1051";"Nógrád County";"99";"HU";"14";"NO";"47.90410310";"19.04985040";"Q194273";;"2021-08-30 05:26:31";"System";"2021-08-30 05:26:31";"System"
"1052";"Szombathely";"99";"HU";"37";"SH";"47.23068510";"16.62184410";"Q42007";;"2021-08-30 05:26:31";"System";"2021-08-30 05:26:31";"System"
"1053";"Pécs";"99";"HU";"15";"PS";"46.07273450";"18.23226600";"Q45779";;"2021-08-30 05:26:31";"System";"2021-08-30 05:26:31";"System"
"1054";"Veszprém County";"99";"HU";"23";"VE";"47.09309740";"17.91007630";"Q188890";;"2021-08-30 05:26:31";"System";"2021-08-30 05:26:31";"System"
"1055";"Baranya County";"99";"HU";"02";"BA";"46.04845850";"18.27191730";"Q186195";;"2021-08-30 05:26:31";"System";"2021-08-30 05:26:31";"System"
"1056";"Kecskemét";"99";"HU";"31";"KM";"46.89637110";"19.68968610";"Q171357";;"2021-08-30 05:26:31";"System";"2021-08-30 05:26:31";"System"
"1057";"Sopron";"99";"HU";"34";"SN";"47.68166190";"16.58447950";"Q168648";;"2021-08-30 05:26:31";"System";"2021-08-30 05:26:31";"System"
"1058";"Borsod-Abaúj-Zemplén County";"99";"HU";"04";"BZ";"48.29394010";"20.69341120";"Q188895";;"2021-08-30 05:26:31";"System";"2021-08-30 05:26:31";"System"
"1059";"Pest County";"99";"HU";"16";"PE";"47.44800010";"19.46181280";"Q188612";;"2021-08-30 05:26:31";"System";"2021-08-30 05:26:31";"System"
"1060";"Békés County";"99";"HU";"03";"BE";"46.67048990";"21.04349960";"Q191616";;"2021-08-30 05:26:31";"System";"2021-08-30 05:26:31";"System"
"1061";"Szekszárd";"99";"HU";"42";"SS";"46.34743260";"18.70622930";"Q189761";;"2021-08-30 05:26:31";"System";"2021-08-30 05:26:31";"System"
"1062";"Veszprém";"99";"HU";"39";"VM";"47.10280870";"17.90930190";"Q146317";;"2021-08-30 05:26:31";"System";"2021-08-30 05:26:31";"System"
"1063";"Hajdú-Bihar County";"99";"HU";"10";"HB";"47.46883550";"21.54532270";"Q185368";;"2021-08-30 05:26:31";"System";"2021-08-30 05:26:31";"System"
"1064";"Budapest";"99";"HU";"05";"BU";"47.49791200";"19.04023500";"Q1781";;"2021-08-30 05:26:31";"System";"2021-08-30 05:26:31";"System"
"1065";"Miskolc";"99";"HU";"13";"MI";"48.10347750";"20.77843840";"Q102397";;"2021-08-30 05:26:31";"System";"2021-08-30 05:26:31";"System"
"1066";"Tatabánya";"99";"HU";"38";"TB";"47.56924600";"18.40481800";"Q187821";;"2021-08-30 05:26:31";"System";"2021-08-30 05:26:31";"System"
"1067";"Kaposvár";"99";"HU";"30";"KV";"46.35936060";"17.79676390";"Q184998";;"2021-08-30 05:26:31";"System";"2021-08-30 05:26:31";"System"
"1068";"Salgótarján";"99";"HU";"41";"ST";"48.09352370";"19.79998130";"Q189769";;"2021-08-30 05:26:31";"System";"2021-08-30 05:26:31";"System"
"1069";"County Tipperary";"105";"IE";"26";"TA";"52.47378940";"-8.16185140";"Q184618";;"2021-08-30 05:26:31";"System";"2021-08-30 05:26:31";"System"
"1070";"County Sligo";"105";"IE";"25";"SO";"54.15532770";"-8.60645320";"Q179325";;"2021-08-30 05:26:31";"System";"2021-08-30 05:26:31";"System"
"1071";"County Donegal";"105";"IE";"06";"DL";"54.65489930";"-8.10409670";"Q179424";;"2021-08-30 05:26:31";"System";"2021-08-30 05:26:31";"System"
"1072";"County Dublin";"105";"IE";"07";"D";"53.34980530";"-6.26030970";"Q173500";;"2021-08-30 05:26:31";"System";"2021-08-30 05:26:31";"System"
"1073";"Leinster";"105";"IE";"L";"L";"53.32715380";"-7.51408410";"Q159736";;"2021-08-30 05:26:31";"System";"2021-08-30 05:26:31";"System"
"1074";"County Cork";"105";"IE";"04";"CO";"51.89851430";"-8.47560350";"Q162475";;"2021-08-30 05:26:31";"System";"2021-08-30 05:26:31";"System"
"1075";"County Monaghan";"105";"IE";"22";"MN";"54.24920460";"-6.96831320";"Q184760";;"2021-08-30 05:26:31";"System";"2021-08-30 05:26:31";"System"
"1076";"County Longford";"105";"IE";"18";"LD";"53.72749820";"-7.79315270";"Q186220";;"2021-08-30 05:26:31";"System";"2021-08-30 05:26:31";"System"
"1077";"County Kerry";"105";"IE";"11";"KY";"52.15446070";"-9.56686330";"Q184469";;"2021-08-30 05:26:31";"System";"2021-08-30 05:26:31";"System"
"1078";"County Offaly";"105";"IE";"23";"OY";"53.23568710";"-7.71222290";"Q184445";;"2021-08-30 05:26:31";"System";"2021-08-30 05:26:31";"System"
"1079";"County Galway";"105";"IE";"10";"G";"53.35645090";"-8.85341130";"Q169923";;"2021-08-30 05:26:31";"System";"2021-08-30 05:26:31";"System"
"1080";"Munster";"105";"IE";"M";"M";"51.94711970";"7.58453200";"Q131438";;"2021-08-30 05:26:31";"System";"2021-08-30 05:26:31";"System"
"1081";"County Roscommon";"105";"IE";"24";"RN";"53.75926040";"-8.26816210";"Q179437";;"2021-08-30 05:26:31";"System";"2021-08-30 05:26:31";"System"
"1082";"County Kildare";"105";"IE";"12";"KE";"53.21204340";"-6.81947080";"Q173332";;"2021-08-30 05:26:31";"System";"2021-08-30 05:26:31";"System"
"1083";"County Louth";"105";"IE";"19";"LH";"53.92523240";"-6.48894230";"Q183539";;"2021-08-30 05:26:31";"System";"2021-08-30 05:26:31";"System"
"1084";"County Mayo";"105";"IE";"20";"MO";"54.01526040";"-9.42893690";"Q178626";;"2021-08-30 05:26:31";"System";"2021-08-30 05:26:31";"System"
"1085";"County Wicklow";"105";"IE";"31";"WW";"52.98623130";"-6.36725430";"Q182591";;"2021-08-30 05:26:31";"System";"2021-08-30 05:26:31";"System"
"1086";"Ulster";"105";"IE";"U";"U";"54.76165550";"-6.96122730";"Q93195";;"2021-08-30 05:26:31";"System";"2021-08-30 05:26:31";"System"
"1087";"Connacht";"105";"IE";"U";"C";"53.83762430";"-8.95844810";"Q164421";;"2021-08-30 05:26:31";"System";"2021-08-30 05:26:31";"System"
"1088";"County Cavan";"105";"IE";"02";"CN";"53.97654240";"-7.29966230";"Q187402";;"2021-08-30 05:26:31";"System";"2021-08-30 05:26:31";"System"
"1089";"County Waterford";"105";"IE";"27";"WD";"52.19435490";"-7.62275120";"Q184594";;"2021-08-30 05:26:31";"System";"2021-08-30 05:26:31";"System"
"1090";"County Kilkenny";"105";"IE";"13";"KK";"52.57769570";"-7.21800200";"Q180231";;"2021-08-30 05:26:31";"System";"2021-08-30 05:26:31";"System"
"1091";"County Clare";"105";"IE";"03";"CE";"43.04664000";"-87.89958100";"Q181862";;"2021-08-30 05:26:31";"System";"2021-08-30 05:26:31";"System"
"1092";"County Meath";"105";"IE";"21";"MH";"53.60554800";"-6.65641690";"Q183544";;"2021-08-30 05:26:31";"System";"2021-08-30 05:26:31";"System"
"1093";"County Wexford";"105";"IE";"30";"WX";"52.47936030";"-6.58399130";"Q184599";;"2021-08-30 05:26:31";"System";"2021-08-30 05:26:31";"System"
"1094";"County Limerick";"105";"IE";"16";"LK";"52.50905170";"-8.74749550";"Q178283";;"2021-08-30 05:26:31";"System";"2021-08-30 05:26:31";"System"
"1095";"County Carlow";"105";"IE";"01";"CW";"52.72322170";"-6.81082950";"Q181882";;"2021-08-30 05:26:31";"System";"2021-08-30 05:26:31";"System"
"1096";"County Laois";"105";"IE";"15";"LS";"52.99429500";"-7.33230070";"Q55299";;"2021-08-30 05:26:31";"System";"2021-08-30 05:26:31";"System"
"1097";"County Westmeath";"105";"IE";"29";"WH";"53.53453080";"-7.46532170";"Q182633";;"2021-08-30 05:26:31";"System";"2021-08-30 05:26:31";"System"
"1098";"Djelfa";"4";"DZ";"22";"17";"34.67039560";"3.25037610";"Q233233";;"2021-08-30 05:26:31";"System";"2021-08-30 05:26:31";"System"
"1099";"El Oued";"4";"DZ";"43";"39";"33.36781100";"6.85165110";"Q233651";;"2021-08-30 05:26:31";"System";"2021-08-30 05:26:31";"System"
"1100";"El Tarf";"4";"DZ";"44";"36";"36.75766780";"8.30763430";"Q236788";;"2021-08-30 05:26:31";"System";"2021-08-30 05:26:31";"System"
"1101";"Oran";"4";"DZ";"09";"31";"35.60823510";"-0.56360900";"Q231331";;"2021-08-30 05:26:31";"System";"2021-08-30 05:26:31";"System"
"1102";"Naama";"4";"DZ";"49";"45";"33.26673170";"-0.31286590";"Q233675";;"2021-08-30 05:26:31";"System";"2021-08-30 05:26:31";"System"
"1103";"Annaba";"4";"DZ";"37";"23";"36.80205080";"7.52472430";"Q213944";;"2021-08-30 05:26:31";"System";"2021-08-30 05:26:31";"System"
"1104";"Bouïra";"4";"DZ";"21";"10";"36.36918460";"3.90061940";"Q233655";;"2021-08-30 05:26:31";"System";"2021-08-30 05:26:31";"System"
"1105";"Chlef";"4";"DZ";"41";"02";"36.16935150";"1.28910360";"Q231752";;"2021-08-30 05:26:31";"System";"2021-08-30 05:26:31";"System"
"1106";"Tiaret";"4";"DZ";"13";"14";"35.37086890";"1.32178520";"Q233258";;"2021-08-30 05:26:31";"System";"2021-08-30 05:26:31";"System"
"1107";"Tlemcen";"4";"DZ";"15";"13";"34.67802840";"-1.36621600";"Q233632";;"2021-08-30 05:26:31";"System";"2021-08-30 05:26:31";"System"
"1108";"Béchar";"4";"DZ";"38";"08";"31.62380980";"-2.21624430";"Q215467";;"2021-08-30 05:26:31";"System";"2021-08-30 05:26:31";"System"
"1109";"Médéa";"4";"DZ";"06";"26";"36.26370780";"2.75878570";"Q235810";;"2021-08-30 05:26:31";"System";"2021-08-30 05:26:31";"System"
"1110";"Skikda";"4";"DZ";"31";"21";"36.67211980";"6.83509990";"Q234227";;"2021-08-30 05:26:31";"System";"2021-08-30 05:26:31";"System"
"1111";"Blida";"4";"DZ";"20";"09";"36.53112300";"2.89762540";"Q233637";;"2021-08-30 05:26:31";"System";"2021-08-30 05:26:31";"System"
"1112";"Illizi";"4";"DZ";"46";"33";"26.16900050";"8.48424650";"Q233659";;"2021-08-30 05:26:31";"System";"2021-08-30 05:26:31";"System"
"1113";"Jijel";"4";"DZ";"24";"18";"36.71796810";"5.98325770";"Q235718";;"2021-08-30 05:26:31";"System";"2021-08-30 05:26:31";"System"
"1114";"Biskra";"4";"DZ";"19";"07";"34.84494370";"5.72485670";"Q458402";;"2021-08-30 05:26:31";"System";"2021-08-30 05:26:31";"System"
"1115";"Tipasa";"4";"DZ";"55";"42";"36.54626500";"2.18432850";"Q235814";;"2021-08-30 05:26:31";"System";"2021-08-30 05:26:31";"System"
"1116";"Bordj Bou Arréridj";"4";"DZ";"39";"34";"36.07399250";"4.76302710";"Q266411";;"2021-08-30 05:26:31";"System";"2021-08-30 05:26:31";"System"
"1117";"Tébessa";"4";"DZ";"33";"12";"35.12906910";"7.95928630";"Q267224";;"2021-08-30 05:26:31";"System";"2021-08-30 05:26:31";"System"
"1118";"Adrar";"4";"DZ";"34";"01";"26.41813100";"-0.60147170";"Q188166";;"2021-08-30 05:26:31";"System";"2021-08-30 05:26:31";"System"
"1119";"Aïn Defla";"4";"DZ";"35";"44";"36.25094290";"1.93938150";"Q168953";;"2021-08-30 05:26:31";"System";"2021-08-30 05:26:31";"System"
"1120";"Tindouf";"4";"DZ";"54";"37";"27.80631190";"-5.72998210";"Q231151";;"2021-08-30 05:26:31";"System";"2021-08-30 05:26:31";"System"
"1121";"Constantine";"4";"DZ";"04";"25";"36.33739110";"6.66381200";"Q232043";;"2021-08-30 05:26:31";"System";"2021-08-30 05:26:31";"System"
"1122";"Aïn Témouchent";"4";"DZ";"36";"46";"35.29926980";"-1.13927920";"Q233670";;"2021-08-30 05:26:31";"System";"2021-08-30 05:26:31";"System"
"1123";"Saïda";"4";"DZ";"10";"20";"34.84152070";"0.14560550";"Q233640";;"2021-08-30 05:26:31";"System";"2021-08-30 05:26:31";"System"
"1124";"Mascara";"4";"DZ";"26";"29";"35.39041250";"0.14949880";"Q236776";;"2021-08-30 05:26:31";"System";"2021-08-30 05:26:31";"System"
"1125";"Boumerdès";"4";"DZ";"40";"35";"36.68395590";"3.62178020";"Q236752";;"2021-08-30 05:26:31";"System";"2021-08-30 05:26:31";"System"
"1126";"Khenchela";"4";"DZ";"47";"40";"35.42694040";"7.14601550";"Q213950";;"2021-08-30 05:26:31";"System";"2021-08-30 05:26:31";"System"
"1127";"Ghardaïa";"4";"DZ";"45";"47";"32.49437410";"3.64446000";"Q17601";;"2021-08-30 05:26:31";"System";"2021-08-30 05:26:31";"System"
"1128";"Béjaïa";"4";"DZ";"18";"06";"36.75152580";"5.05568370";"Q233665";;"2021-08-30 05:26:31";"System";"2021-08-30 05:26:31";"System"
"1129";"El Bayadh";"4";"DZ";"42";"32";"32.71488240";"0.90566230";"Q235703";;"2021-08-30 05:26:31";"System";"2021-08-30 05:26:31";"System"
"1130";"Relizane";"4";"DZ";"51";"48";"35.73834050";"0.75328090";"Q236758";;"2021-08-30 05:26:31";"System";"2021-08-30 05:26:31";"System"
"1131";"Tizi Ouzou";"4";"DZ";"14";"15";"36.70691100";"4.23333550";"Q233645";;"2021-08-30 05:26:31";"System";"2021-08-30 05:26:31";"System"
"1132";"Mila";"4";"DZ";"48";"43";"36.36479570";"6.15269850";"Q235723";;"2021-08-30 05:26:31";"System";"2021-08-30 05:26:31";"System"
"1133";"Tissemsilt";"4";"DZ";"56";"38";"35.60537810";"1.81309800";"Q235805";;"2021-08-30 05:26:31";"System";"2021-08-30 05:26:31";"System"
"1134";"M'Sila";"4";"DZ";"27";"28";"35.71866460";"4.52334230";"Q240870";;"2021-08-30 05:26:31";"System";"2021-08-30 05:26:31";"System"
"1135";"Tamanghasset";"4";"DZ";"53";"11";"22.79029720";"5.51932680";"Q229467";;"2021-08-30 05:26:31";"System";"2021-08-30 05:26:31";"System"
"1136";"Oum El Bouaghi";"4";"DZ";"29";"04";"35.86887890";"7.11082660";"Q235705";;"2021-08-30 05:26:31";"System";"2021-08-30 05:26:31";"System"
"1137";"Guelma";"4";"DZ";"23";"24";"36.46274440";"7.43308330";"Q235727";;"2021-08-30 05:26:31";"System";"2021-08-30 05:26:31";"System"
"1138";"Laghouat";"4";"DZ";"25";"03";"33.80783410";"2.86282940";"Q231748";;"2021-08-30 05:26:31";"System";"2021-08-30 05:26:31";"System"
"1139";"Ouargla";"4";"DZ";"50";"30";"32.22648630";"5.72998210";"Q235709";;"2021-08-30 05:26:31";"System";"2021-08-30 05:26:31";"System"
"1140";"Mostaganem";"4";"DZ";"07";"27";"35.95830540";"0.33718890";"Q221445";;"2021-08-30 05:26:31";"System";"2021-08-30 05:26:31";"System"
"1141";"Sétif";"4";"DZ";"12";"19";"36.30733890";"5.56172790";"Q237164";;"2021-08-30 05:26:31";"System";"2021-08-30 05:26:31";"System"
"1142";"Batna";"4";"DZ";"03";"05";"35.59659540";"5.89871390";"Q215452";;"2021-08-30 05:26:31";"System";"2021-08-30 05:26:31";"System"
"1143";"Souk Ahras";"4";"DZ";"52";"41";"36.28010620";"7.93840330";"Q236772";;"2021-08-30 05:26:31";"System";"2021-08-30 05:26:31";"System"
"1144";"Algiers";"4";"DZ";"01";"16";"36.69972940";"3.05761990";"Q141026";;"2021-08-30 05:26:31";"System";"2021-08-30 05:26:31";"System"
"1146";"Burgos Province";"207";"ES";"";"BU";"42.33807580";"-3.58126920";"Q55271";;"2021-08-30 05:26:31";"System";"2021-08-30 05:26:31";"System"
"1147";"Salamanca Province";"207";"ES";"";"SA";"40.95152630";"-6.23759470";"Q71080";;"2021-08-30 05:26:31";"System";"2021-08-30 05:26:31";"System"
"1157";"Palencia Province";"207";"ES";"";"P";"42.00968320";"-4.52879490";"Q55269";;"2021-08-30 05:26:31";"System";"2021-08-30 05:26:31";"System"
"1158";"Madrid";"207";"ES";"29";"MD";"40.41675150";"-3.70383220";"Q5756";;"2021-08-30 05:26:31";"System";"2021-08-30 05:26:31";"System"
"1159";"Melilla";"207";"ES";"ML";"ML";"35.29227750";"-2.93809730";"Q5831";;"2021-08-30 05:26:31";"System";"2021-08-30 05:26:31";"System"
"1160";"Asturias";"207";"ES";"34";"AS";"43.36139530";"-5.85932670";"Q3934";;"2021-08-30 05:26:31";"System";"2021-08-30 05:26:31";"System"
"1161";"Zamora Province";"207";"ES";"";"ZA";"41.60957440";"-5.89871390";"Q71113";;"2021-08-30 05:26:31";"System";"2021-08-30 05:26:31";"System"
"1167";"Galicia";"207";"ES";"58";"GA";"42.57505540";"-8.13385580";"Q3908";;"2021-08-30 05:26:31";"System";"2021-08-30 05:26:31";"System"
"1170";"Cantabria";"207";"ES";"39";"CB";"43.18283960";"-3.98784270";"Q3946";;"2021-08-30 05:26:31";"System";"2021-08-30 05:26:31";"System"
"1171";"La Rioja";"207";"ES";"27";"RI";"42.28707330";"-2.53960300";"Q5727";;"2021-08-30 05:26:31";"System";"2021-08-30 05:26:31";"System"
"1174";"Balearic Islands";"207";"ES";"07";"PM";"39.35877590";"2.73563280";"Q5765";;"2021-08-30 05:26:31";"System";"2021-08-30 05:26:31";"System"
"1175";"Valencia";"207";"ES";"60";"VC";"39.48401080";"-0.75328090";"Q5720";;"2021-08-30 05:26:31";"System";"2021-08-30 05:26:31";"System"
"1176";"Murcia";"207";"ES";"31";"MC";"38.13981410";"-1.36621600";"Q5772";;"2021-08-30 05:26:31";"System";"2021-08-30 05:26:31";"System"
"1177";"Aragon";"207";"ES";"52";"AR";"41.59762750";"-0.90566230";"Q4040";;"2021-08-30 05:26:31";"System";"2021-08-30 05:26:31";"System"
"1183";"Valladolid Province";"207";"ES";"";"VA";"41.65173750";"-4.72449500";"Q71097";;"2021-08-30 05:26:31";"System";"2021-08-30 05:26:31";"System"
"1184";"Castile and León";"207";"ES";"55";"CL";"41.83568210";"-4.39763570";"Q5739";;"2021-08-30 05:26:31";"System";"2021-08-30 05:26:31";"System"
"1185";"Canary Islands";"207";"ES";"53";"CN";"28.29156370";"-16.62913040";"Q5813";;"2021-08-30 05:26:31";"System";"2021-08-30 05:26:31";"System"
"1189";"Ávila";"207";"ES";"";"AV";"40.69345110";"-4.89356270";"Q55288";;"2021-08-30 05:26:31";"System";"2021-08-30 05:26:31";"System"
"1190";"Extremadura";"207";"ES";"57";"EX";"39.49373920";"-6.06791940";"Q5777";;"2021-08-30 05:26:31";"System";"2021-08-30 05:26:31";"System"
"1191";"Basque Country";"207";"ES";"59";"PV";"42.98962480";"-2.61892730";"Q3995";;"2021-08-30 05:26:31";"System";"2021-08-30 05:26:31";"System"
"1192";"Segovia Province";"207";"ES";"";"SG";"40.94292960";"-4.10889420";"Q55283";;"2021-08-30 05:26:31";"System";"2021-08-30 05:26:31";"System"
"1193";"Andalusia";"207";"ES";"51";"AN";"37.54427060";"-4.72775280";"Q5783";;"2021-08-30 05:26:31";"System";"2021-08-30 05:26:31";"System"
"1200";"Léon";"207";"ES";"55";"LE";"42.59870410";"-5.56708390";"Q71140";;"2021-08-30 05:26:31";"System";"2021-08-30 05:26:31";"System"
"1203";"Catalonia";"207";"ES";"56";"CT";"41.59115890";"1.52086240";"Q5705";;"2021-08-30 05:26:31";"System";"2021-08-30 05:26:31";"System"
"1204";"Navarra";"207";"ES";"32";"NC";"42.69539090";"-1.67606910";"Q4018";;"2021-08-30 05:26:31";"System";"2021-08-30 05:26:31";"System"
"1205";"Castilla La Mancha";"207";"ES";"54";"CM";"39.27956070";"-3.09770200";"Q5748";;"2021-08-30 05:26:31";"System";"2021-08-30 05:26:31";"System"
"1206";"Ceuta";"207";"ES";"CE";"CE";"35.88938740";"-5.32134550";"Q5823";;"2021-08-30 05:26:31";"System";"2021-08-30 05:26:31";"System"
"1208";"Soria Province";"207";"ES";"";"SO";"41.76654640";"-2.47903060";"Q55276";;"2021-08-30 05:26:31";"System";"2021-08-30 05:26:31";"System"
"1209";"Guanacaste Province";"53";"CR";"03";"G";"10.62673990";"-85.44367060";"Q690026";;"2021-08-30 05:26:31";"System";"2021-08-30 05:26:31";"System"
"1210";"Puntarenas Province";"53";"CR";"07";"P";"9.21695310";"-83.33618800";"Q502170";;"2021-08-30 05:26:31";"System";"2021-08-30 05:26:31";"System"
"1211";"Provincia de Cartago";"53";"CR";"02";"C";"9.86223110";"-83.92141870";"Q502181";;"2021-08-30 05:26:31";"System";"2021-08-30 05:26:31";"System"
"1212";"Heredia Province";"53";"CR";"04";"H";"10.47352300";"-84.01674230";"Q502192";;"2021-08-30 05:26:31";"System";"2021-08-30 05:26:31";"System"
"1213";"Limón Province";"53";"CR";"06";"L";"9.98963980";"-83.03324170";"Q642644";;"2021-08-30 05:26:31";"System";"2021-08-30 05:26:31";"System"
"1214";"San José Province";"53";"CR";"08";"SJ";"9.91297270";"-84.07682940";"Q647808";;"2021-08-30 05:26:31";"System";"2021-08-30 05:26:31";"System"
"1215";"Alajuela Province";"53";"CR";"01";"A";"10.39158300";"-84.43827210";"Q502188";;"2021-08-30 05:26:31";"System";"2021-08-30 05:26:31";"System"
"1216";"Brunei-Muara District";"33";"BN";"02";"BM";"4.93112060";"114.95168690";"Q153009";;"2021-08-30 05:26:31";"System";"2021-08-30 05:26:31";"System"
"1217";"Belait District";"33";"BN";"01";"BE";"4.37507490";"114.61928990";"Q40395";;"2021-08-30 05:26:31";"System";"2021-08-30 05:26:31";"System"
"1218";"Temburong District";"33";"BN";"03";"TE";"4.62041280";"115.14148400";"Q263285";;"2021-08-30 05:26:31";"System";"2021-08-30 05:26:31";"System"
"1219";"Tutong District";"33";"BN";"04";"TU";"4.71403730";"114.66679390";"Q40398";;"2021-08-30 05:26:31";"System";"2021-08-30 05:26:31";"System"
"1220";"Saint Philip";"20";"BB";"10";"10";"35.23311400";"-89.43640420";"Q1647436";;"2021-08-30 05:26:31";"System";"2021-08-30 05:26:31";"System"
"1221";"Saint Lucy";"20";"BB";"07";"07";"38.76146250";"-77.44914390";"Q1647447";;"2021-08-30 05:26:31";"System";"2021-08-30 05:26:31";"System"
"1222";"Saint Peter";"20";"BB";"09";"09";"37.08271190";"-94.51712500";"Q932723";;"2021-08-30 05:26:31";"System";"2021-08-30 05:26:31";"System"
"1223";"Saint Joseph";"20";"BB";"06";"06";"39.76745780";"-94.84668100";"Q550249";;"2021-08-30 05:26:31";"System";"2021-08-30 05:26:31";"System"
"1224";"Saint James";"20";"BB";"04";"04";"48.52356600";"-1.32378850";"Q592141";;"2021-08-30 05:26:31";"System";"2021-08-30 05:26:31";"System"
"1225";"Saint Thomas";"20";"BB";"11";"11";"18.33809650";"-64.89409460";"Q1647432";;"2021-08-30 05:26:31";"System";"2021-08-30 05:26:31";"System"
"1226";"Saint George";"20";"BB";"03";"03";"37.09652780";"-113.56841640";"Q1647443";;"2021-08-30 05:26:31";"System";"2021-08-30 05:26:31";"System"
"1227";"Saint John";"20";"BB";"05";"05";"45.27331530";"-66.06330800";"Q1626540";;"2021-08-30 05:26:31";"System";"2021-08-30 05:26:31";"System"
"1228";"Christ Church";"20";"BB";"01";"01";"36.00604070";"-95.92112100";"Q1626524";;"2021-08-30 05:26:31";"System";"2021-08-30 05:26:31";"System"
"1229";"Saint Andrew";"20";"BB";"02";"02";;;"Q1647439";;"2021-08-30 05:26:31";"System";"2021-08-30 05:26:31";"System"
"1230";"Saint Michael";"20";"BB";"08";"08";"36.03597700";"-95.84905200";"Q819170";;"2021-08-30 05:26:31";"System";"2021-08-30 05:26:31";"System"
"1231";"Ta'izz Governorate";"245";"YE";"25";"TA";"13.57758860";"44.01779890";"Q388330";;"2021-08-30 05:26:31";"System";"2021-08-30 05:26:31";"System"
"1232";"Sana'a";"245";"YE";"16";"SA";"15.36944510";"44.19100660";"Q2471";;"2021-08-30 05:26:31";"System";"2021-08-30 05:26:31";"System"
"1233";"Ibb Governorate";"245";"YE";"23";"IB";"14.14157170";"44.24790150";"Q388274";;"2021-08-30 05:26:31";"System";"2021-08-30 05:26:31";"System"
"1234";"Ma'rib Governorate";"245";"YE";"14";"MA";"15.51588800";"45.44980650";"Q498465";;"2021-08-30 05:26:31";"System";"2021-08-30 05:26:31";"System"
"1235";"Al Mahwit Governorate";"245";"YE";"10";"MW";"15.39632290";"43.56069460";"Q388280";;"2021-08-30 05:26:31";"System";"2021-08-30 05:26:31";"System"
"1236";"Sana'a Governorate";"245";"YE";"16";"SN";"15.31689130";"44.47480180";"Q388291";;"2021-08-30 05:26:31";"System";"2021-08-30 05:26:31";"System"
"1237";"Abyan Governorate";"245";"YE";"01";"AB";"13.63434130";"46.05632120";"Q241774";;"2021-08-30 05:26:31";"System";"2021-08-30 05:26:31";"System"
"1238";"Hadhramaut Governorate";"245";"YE";"04";"HD";"16.93041350";"49.36531490";"Q241135";;"2021-08-30 05:26:31";"System";"2021-08-30 05:26:31";"System"
"1239";"Socotra Governorate";"245";"YE";"28";"SU";"12.46342050";"53.82373850";"Q15728745";;"2021-08-30 05:26:31";"System";"2021-08-30 05:26:31";"System"
"1240";"Al Bayda' Governorate";"245";"YE";"20";"BA";"14.35886620";"45.44980650";"Q221212";;"2021-08-30 05:26:31";"System";"2021-08-30 05:26:31";"System"
"1241";"Al Hudaydah Governorate";"245";"YE";"08";"HU";"15.30530720";"43.01948970";"Q275755";;"2021-08-30 05:26:31";"System";"2021-08-30 05:26:31";"System"
"1242";"'Adan Governorate";"245";"YE";"02";"AD";"12.82574810";"44.79438040";"Q275729";;"2021-08-30 05:26:31";"System";"2021-08-30 05:26:31";"System"
"1243";"Al Jawf Governorate";"245";"YE";"21";"JA";"16.79018190";"45.29938620";"Q328128";;"2021-08-30 05:26:31";"System";"2021-08-30 05:26:31";"System"
"1244";"Hajjah Governorate";"245";"YE";"22";"HJ";"16.11806310";"43.32946600";"Q328158";;"2021-08-30 05:26:31";"System";"2021-08-30 05:26:31";"System"
"1245";"Lahij Governorate";"245";"YE";"24";"LA";"13.14895880";"44.85054950";"Q388318";;"2021-08-30 05:26:31";"System";"2021-08-30 05:26:31";"System"
"1246";"Dhamar Governorate";"245";"YE";"11";"DH";"14.71953440";"44.24790150";"Q328193";;"2021-08-30 05:26:31";"System";"2021-08-30 05:26:31";"System"
"1247";"Shabwah Governorate";"245";"YE";"05";"SH";"14.75463030";"46.51626200";"Q328180";;"2021-08-30 05:26:31";"System";"2021-08-30 05:26:31";"System"
"1248";"Raymah Governorate";"245";"YE";"27";"RA";"14.62776820";"43.71424840";"Q475033";;"2021-08-30 05:26:31";"System";"2021-08-30 05:26:31";"System"
"1249";"Saada Governorate";"245";"YE";"15";"SD";"16.84765280";"43.94367880";"Q275732";;"2021-08-30 05:26:31";"System";"2021-08-30 05:26:31";"System"
"1250";"'Amran Governorate";"245";"YE";"19";"AM";"16.25692140";"43.94367880";"Q275720";;"2021-08-30 05:26:31";"System";"2021-08-30 05:26:31";"System"
"1251";"Al Mahrah Governorate";"245";"YE";"03";"MR";"16.52384230";"51.68342750";"Q275752";;"2021-08-30 05:26:31";"System";"2021-08-30 05:26:31";"System"
"1252";"Sangha-Mbaéré";"42";"CF";"16";"SE";"3.43686070";"16.34637910";"Q856237";;"2021-08-30 05:26:31";"System";"2021-08-30 05:26:31";"System"
"1253";"Nana-Grébizi Economic Prefecture";"42";"CF";"15";"KB";"7.18486070";"19.37832060";"Q856227";;"2021-08-30 05:26:31";"System";"2021-08-30 05:26:31";"System"
"1254";"Ouham Prefecture";"42";"CF";"12";"AC";"7.09091100";"17.66888700";"Q726620";;"2021-08-30 05:26:31";"System";"2021-08-30 05:26:31";"System"
"1255";"Ombella-M'Poko Prefecture";"42";"CF";"17";"MP";"5.11888250";"18.42760470";"Q378970";;"2021-08-30 05:26:31";"System";"2021-08-30 05:26:31";"System"
"1256";"Lobaye Prefecture";"42";"CF";"07";"LB";"4.35259810";"17.47951730";"Q821037";;"2021-08-30 05:26:31";"System";"2021-08-30 05:26:31";"System"
"1257";"Mambéré-Kadéï";"42";"CF";"04";"HS";"4.70556530";"15.96998780";"Q848567";;"2021-08-30 05:26:31";"System";"2021-08-30 05:26:31";"System"
"1258";"Haut-Mbomou Prefecture";"42";"CF";"05";"HM";"6.25371340";"25.47335540";"Q848578";;"2021-08-30 05:26:31";"System";"2021-08-30 05:26:31";"System"
"1259";"Bamingui-Bangoran Prefecture";"42";"CF";"01";"BB";"8.27334550";"20.71224650";"Q741025";;"2021-08-30 05:26:31";"System";"2021-08-30 05:26:31";"System"
"1260";"Nana-Mambéré Prefecture";"42";"CF";"09";"NM";"5.69321350";"15.21948080";"Q742455";;"2021-08-30 05:26:31";"System";"2021-08-30 05:26:31";"System"
"1261";"Vakaga Prefecture";"42";"CF";"14";"VK";"9.51132960";"22.23840170";"Q848585";;"2021-08-30 05:26:31";"System";"2021-08-30 05:26:31";"System"
"1262";"Bangui";"42";"CF";"18";"BGF";"4.39467350";"18.55818990";"Q3832";;"2021-08-30 05:26:31";"System";"2021-08-30 05:26:31";"System"
"1263";"Kémo Prefecture";"42";"CF";"06";"KG";"5.88677940";"19.37832060";"Q848572";;"2021-08-30 05:26:31";"System";"2021-08-30 05:26:31";"System"
"1264";"Basse-Kotto Prefecture";"42";"CF";"02";"BK";"4.87193190";"21.28450250";"Q810484";;"2021-08-30 05:26:31";"System";"2021-08-30 05:26:31";"System"
"1265";"Ouaka Prefecture";"42";"CF";"11";"UK";"6.31682160";"20.71224650";"Q848560";;"2021-08-30 05:26:31";"System";"2021-08-30 05:26:31";"System"
"1266";"Mbomou Prefecture";"42";"CF";"08";"MB";"5.55683700";"23.76328280";"Q848582";;"2021-08-30 05:26:31";"System";"2021-08-30 05:26:31";"System"
"1267";"Ouham-Pendé Prefecture";"42";"CF";"13";"OP";"6.48509840";"16.15809370";"Q848591";;"2021-08-30 05:26:31";"System";"2021-08-30 05:26:31";"System"
"1268";"Haute-Kotto Prefecture";"42";"CF";"03";"HK";"7.79643790";"23.38235450";"Q848596";;"2021-08-30 05:26:31";"System";"2021-08-30 05:26:31";"System"
"1269";"Romblon";"174";"PH";"54";"ROM";"12.57780160";"122.26914600";"Q13875";;"2021-08-30 05:26:31";"System";"2021-08-30 05:26:31";"System"
"1270";"Bukidnon";"174";"PH";"12";"BUK";"8.05150540";"124.92299460";"Q13753";;"2021-08-30 05:26:31";"System";"2021-08-30 05:26:31";"System"
"1271";"Rizal";"174";"PH";"53";"RIZ";"14.60374460";"121.30840880";"Q13874";;"2021-08-30 05:26:31";"System";"2021-08-30 05:26:31";"System"
"1272";"Bohol";"174";"PH";"11";"BOH";"9.84999110";"124.14354270";"Q13752";;"2021-08-30 05:26:31";"System";"2021-08-30 05:26:31";"System"
"1273";"Quirino";"174";"PH";"68";"QUI";"16.27004240";"121.53700030";"Q13873";;"2021-08-30 05:26:31";"System";"2021-08-30 05:26:31";"System"
"1274";"Biliran";"174";"PH";"68";"BIL";"11.58331520";"124.46418480";"Q13751";;"2021-08-30 05:26:31";"System";"2021-08-30 05:26:31";"System"
"1275";"Quezon";"174";"PH";"H2";"QUE";"14.03139060";"122.11309090";"Q13872";;"2021-08-30 05:26:31";"System";"2021-08-30 05:26:31";"System"
"1276";"Siquijor";"174";"PH";"69";"SIG";"9.19987790";"123.59519250";"Q13879";;"2021-08-30 05:26:31";"System";"2021-08-30 05:26:31";"System"
"1277";"Sarangani";"174";"PH";"69";"SAR";"5.92671750";"124.99475100";"Q13877";;"2021-08-30 05:26:31";"System";"2021-08-30 05:26:31";"System"
"1278";"Bulacan";"174";"PH";"13";"BUL";"14.79427350";"120.87990080";"Q13755";;"2021-08-30 05:26:31";"System";"2021-08-30 05:26:31";"System"
"1279";"Cagayan";"174";"PH";"14";"CAG";"18.24896290";"121.87878330";"Q13759";;"2021-08-30 05:26:31";"System";"2021-08-30 05:26:31";"System"
"1280";"South Cotabato";"174";"PH";"70";"SCO";"6.33575650";"124.77407930";"Q13882";;"2021-08-30 05:26:31";"System";"2021-08-30 05:26:31";"System"
"1281";"Sorsogon";"174";"PH";"58";"SOR";"12.99270950";"124.01474640";"Q13881";;"2021-08-30 05:26:31";"System";"2021-08-30 05:26:31";"System"
"1282";"Sultan Kudarat";"174";"PH";"71";"SUK";"6.50694010";"124.41982430";"Q13885";;"2021-08-30 05:26:31";"System";"2021-08-30 05:26:31";"System"
"1283";"Camarines Norte";"174";"PH";"15";"CAN";"14.13902650";"122.76330360";"Q13763";;"2021-08-30 05:26:31";"System";"2021-08-30 05:26:31";"System"
"1284";"Southern Leyte";"174";"PH";"59";"SLE";"10.33462060";"125.17087410";"Q13884";;"2021-08-30 05:26:31";"System";"2021-08-30 05:26:31";"System"
"1285";"Camiguin";"174";"PH";"17";"CAM";"9.17321640";"124.72987650";"Q13769";;"2021-08-30 05:26:31";"System";"2021-08-30 05:26:31";"System"
"1286";"Surigao del Norte";"174";"PH";"61";"SUN";"9.51482800";"125.69699840";"Q13889";;"2021-08-30 05:26:31";"System";"2021-08-30 05:26:31";"System"
"1287";"Camarines Sur";"174";"PH";"16";"CAS";"13.52501970";"123.34861470";"Q13767";;"2021-08-30 05:26:31";"System";"2021-08-30 05:26:31";"System"
"1288";"Sulu";"174";"PH";"60";"SLU";"5.97490110";"121.03351000";"Q13887";;"2021-08-30 05:26:31";"System";"2021-08-30 05:26:31";"System"
"1289";"Davao Oriental";"174";"PH";"26";"DAO";"7.31715850";"126.54198870";"Q13806";;"2021-08-30 05:26:31";"System";"2021-08-30 05:26:31";"System"
"1290";"Eastern Samar";"174";"PH";"23";"EAS";"11.50007310";"125.49999080";"Q13809";;"2021-08-30 05:26:31";"System";"2021-08-30 05:26:31";"System"
"1291";"Dinagat Islands";"174";"PH";"23";"DIN";"10.12818160";"125.60954740";"Q13807";;"2021-08-30 05:26:31";"System";"2021-08-30 05:26:31";"System"
"1292";"Capiz";"174";"PH";"18";"CAP";"11.55288160";"122.74072300";"Q13772";;"2021-08-30 05:26:31";"System";"2021-08-30 05:26:31";"System"
"1293";"Tawi-Tawi";"174";"PH";"72";"TAW";"5.13381100";"119.95092600";"Q13893";;"2021-08-30 05:26:31";"System";"2021-08-30 05:26:31";"System"
"1294";"Calabarzon";"174";"PH";"40";"40";"14.10078030";"121.07937050";"Q13650";;"2021-08-30 05:26:31";"System";"2021-08-30 05:26:31";"System"
"1295";"Tarlac";"174";"PH";"63";"TAR";"15.47547860";"120.59634920";"Q13892";;"2021-08-30 05:26:31";"System";"2021-08-30 05:26:31";"System"
"1296";"Surigao del Sur";"174";"PH";"62";"SUR";"8.54049060";"126.11447580";"Q13891";;"2021-08-30 05:26:31";"System";"2021-08-30 05:26:31";"System"
"1297";"Zambales";"174";"PH";"64";"ZMB";"15.50817660";"119.96978080";"Q13895";;"2021-08-30 05:26:31";"System";"2021-08-30 05:26:31";"System"
"1298";"Ilocos Norte";"174";"PH";"28";"ILN";"18.16472810";"120.71155920";"Q13813";;"2021-08-30 05:26:31";"System";"2021-08-30 05:26:31";"System"
"1299";"Mimaropa";"174";"PH";"41";"41";"9.84320650";"118.73647830";"Q13658";;"2021-08-30 05:26:31";"System";"2021-08-30 05:26:31";"System"
"1300";"Ifugao";"174";"PH";"27";"IFU";"16.83307920";"121.17103890";"Q13812";;"2021-08-30 05:26:31";"System";"2021-08-30 05:26:31";"System"
"1301";"Catanduanes";"174";"PH";"19";"CAT";"13.70886840";"124.24215970";"Q13778";;"2021-08-30 05:26:31";"System";"2021-08-30 05:26:31";"System"
"1302";"Zamboanga del Norte";"174";"PH";"65";"ZAN";"8.38862820";"123.16888830";"Q13899";;"2021-08-30 05:26:31";"System";"2021-08-30 05:26:31";"System"
"1303";"Guimaras";"174";"PH";"65";"GUI";"10.59286610";"122.63250810";"Q13810";;"2021-08-30 05:26:31";"System";"2021-08-30 05:26:31";"System"
"1304";"Bicol Region";"174";"PH";"05";"05";"13.42098850";"123.41367360";"Q13662";;"2021-08-30 05:26:31";"System";"2021-08-30 05:26:31";"System"
"1305";"Western Visayas";"174";"PH";"06";"06";"11.00498360";"122.53727410";"Q13665";;"2021-08-30 05:26:31";"System";"2021-08-30 05:26:31";"System"
"1306";"Cebu";"174";"PH";"21";"CEB";"10.31569920";"123.88543660";"Q13786";;"2021-08-30 05:26:31";"System";"2021-08-30 05:26:31";"System"
"1307";"Cavite";"174";"PH";"20";"CAV";"14.47912970";"120.89696340";"Q13785";;"2021-08-30 05:26:31";"System";"2021-08-30 05:26:31";"System"
"1308";"Central Visayas";"174";"PH";"07";"07";"9.81687500";"124.06414190";"Q13669";;"2021-08-30 05:26:31";"System";"2021-08-30 05:26:31";"System"
"1309";"Davao Occidental";"174";"PH";"11";"DVO";"6.09413960";"125.60954740";"Q3656379";;"2021-08-30 05:26:31";"System";"2021-08-30 05:26:31";"System"
"1310";"Soccsksargen";"174";"PH";"12";"12";"6.27069180";"124.68565090";"Q13701";;"2021-08-30 05:26:31";"System";"2021-08-30 05:26:31";"System"
"1311";"Compostela Valley";"174";"PH";"12";"COM";"7.51251500";"126.17626150";"Q13789";;"2021-08-30 05:26:31";"System";"2021-08-30 05:26:31";"System"
"1312";"Kalinga";"174";"PH";"12";"KAL";"17.47404220";"121.35416310";"Q13827";;"2021-08-30 05:26:31";"System";"2021-08-30 05:26:31";"System"
"1313";"Isabela";"174";"PH";"31";"ISA";"18.50077590";"-67.02434620";"Q13826";;"2021-08-30 05:26:31";"System";"2021-08-30 05:26:31";"System"
"1314";"Caraga";"174";"PH";"13";"13";"8.80145620";"125.74068820";"Q13704";;"2021-08-30 05:26:31";"System";"2021-08-30 05:26:31";"System"
"1315";"Iloilo";"174";"PH";"30";"ILI";"10.72015010";"122.56210630";"Q13825";;"2021-08-30 05:26:31";"System";"2021-08-30 05:26:31";"System"
"1316";"Autonomous Region in Muslim Mindanao";"174";"PH";"14";"14";"6.95683130";"124.24215970";"Q13708";;"2021-08-30 05:26:31";"System";"2021-08-30 05:26:31";"System"
"1317";"La Union";"174";"PH";"36";"LUN";"38.87668780";"-77.12809120";"Q13829";;"2021-08-30 05:26:31";"System";"2021-08-30 05:26:31";"System"
"1318";"Davao del Sur";"174";"PH";"25";"DAS";"6.76626870";"125.32842690";"Q13794";;"2021-08-30 05:26:31";"System";"2021-08-30 05:26:31";"System"
"1319";"Davao del Norte";"174";"PH";"24";"DAV";"7.56176990";"125.65328480";"Q13792";;"2021-08-30 05:26:31";"System";"2021-08-30 05:26:31";"System"
"1320";"Cotabato";"174";"PH";"57";"NCO";"7.20466680";"124.23104390";"Q13791";;"2021-08-30 05:26:31";"System";"2021-08-30 05:26:31";"System"
"1321";"Ilocos Sur";"174";"PH";"29";"ILS";"17.22786640";"120.57395790";"Q12741";;"2021-08-30 05:26:31";"System";"2021-08-30 05:26:31";"System"
"1322";"Eastern Visayas";"174";"PH";"08";"08";"12.24455330";"125.03881640";"Q13675";;"2021-08-30 05:26:31";"System";"2021-08-30 05:26:31";"System"
"1323";"Agusan del Norte";"174";"PH";"02";"AGN";"8.94562590";"125.53192340";"Q13714";;"2021-08-30 05:26:31";"System";"2021-08-30 05:26:31";"System"
"1324";"Abra";"174";"PH";"01";"ABR";"42.49708300";"-96.38441000";"Q13711";;"2021-08-30 05:26:31";"System";"2021-08-30 05:26:31";"System"
"1325";"Zamboanga Peninsula";"174";"PH";"09";"09";"8.15407700";"123.25879300";"Q13682";;"2021-08-30 05:26:31";"System";"2021-08-30 05:26:31";"System"
"1326";"Agusan del Sur";"174";"PH";"03";"AGS";"8.04638880";"126.06153840";"Q13721";;"2021-08-30 05:26:31";"System";"2021-08-30 05:26:31";"System"
"1327";"Lanao del Norte";"174";"PH";"34";"LAN";"7.87218110";"123.88577470";"Q13841";;"2021-08-30 05:26:31";"System";"2021-08-30 05:26:31";"System"
"1328";"Laguna";"174";"PH";"33";"LAG";"33.54271890";"-117.78535680";"Q13840";;"2021-08-30 05:26:31";"System";"2021-08-30 05:26:31";"System"
"1329";"Marinduque";"174";"PH";"38";"MAD";"13.47671710";"121.90321920";"Q13846";;"2021-08-30 05:26:31";"System";"2021-08-30 05:26:31";"System"
"1330";"Maguindanao";"174";"PH";"56";"MAG";"6.94225810";"124.41982430";"Q13845";;"2021-08-30 05:26:31";"System";"2021-08-30 05:26:31";"System"
"1331";"Aklan";"174";"PH";"04";"AKL";"11.81661090";"122.09415410";"Q13723";;"2021-08-30 05:26:31";"System";"2021-08-30 05:26:31";"System"
"1332";"Leyte";"174";"PH";"37";"LEY";"10.86245360";"124.88111950";"Q13844";;"2021-08-30 05:26:31";"System";"2021-08-30 05:26:31";"System"
"1333";"Lanao del Sur";"174";"PH";"35";"LAS";"7.82317600";"124.41982430";"Q13843";;"2021-08-30 05:26:31";"System";"2021-08-30 05:26:31";"System"
"1334";"Apayao";"174";"PH";"35";"APA";"18.01203040";"121.17103890";"Q13728";;"2021-08-30 05:26:31";"System";"2021-08-30 05:26:31";"System"
"1335";"Cordillera Administrative Region";"174";"PH";"15";"15";"17.35125420";"121.17188510";"Q13606";;"2021-08-30 05:26:31";"System";"2021-08-30 05:26:31";"System"
"1336";"Antique";"174";"PH";"06";"ANT";"37.03586950";"-95.63616940";"Q13727";;"2021-08-30 05:26:31";"System";"2021-08-30 05:26:31";"System"
"1337";"Albay";"174";"PH";"05";"ALB";"13.17748270";"123.52800720";"Q13726";;"2021-08-30 05:26:31";"System";"2021-08-30 05:26:31";"System"
"1338";"Masbate";"174";"PH";"39";"MAS";"12.35743460";"123.55040760";"Q13847";;"2021-08-30 05:26:31";"System";"2021-08-30 05:26:31";"System"
"1339";"Northern Mindanao";"174";"PH";"10";"10";"8.02016350";"124.68565090";"Q13690";;"2021-08-30 05:26:31";"System";"2021-08-30 05:26:31";"System"
"1340";"Davao Region";"174";"PH";"11";"11";"7.30416220";"126.08934060";"Q13694";;"2021-08-30 05:26:31";"System";"2021-08-30 05:26:31";"System"
"1341";"Aurora";"174";"PH";"G8";"AUR";"36.97089100";"-93.71797900";"Q13730";;"2021-08-30 05:26:31";"System";"2021-08-30 05:26:31";"System"
"1342";"Cagayan Valley";"174";"PH";"02";"02";"16.97537580";"121.81070790";"Q13615";;"2021-08-30 05:26:31";"System";"2021-08-30 05:26:31";"System"
"1343";"Misamis Occidental";"174";"PH";"42";"MSC";"8.33749030";"123.70706190";"Q13857";;"2021-08-30 05:26:31";"System";"2021-08-30 05:26:31";"System"
"1344";"Bataan";"174";"PH";"07";"BAN";"14.64168420";"120.48184460";"Q13739";;"2021-08-30 05:26:31";"System";"2021-08-30 05:26:31";"System"
"1345";"Central Luzon";"174";"PH";"03";"03";"15.48277220";"120.71200230";"Q13617";;"2021-08-30 05:26:31";"System";"2021-08-30 05:26:31";"System"
"1346";"Basilan";"174";"PH";"22";"BAS";"6.42963490";"121.98701650";"Q13737";;"2021-08-30 05:26:31";"System";"2021-08-30 05:26:31";"System"
"1347";"Metro Manila";"174";"PH";"00";"NCR";"14.60905370";"121.02225650";"Q13580";;"2021-08-30 05:26:31";"System";"2021-08-30 05:26:31";"System"
"1348";"Misamis Oriental";"174";"PH";"43";"MSR";"8.50455580";"124.62195920";"Q13860";;"2021-08-30 05:26:31";"System";"2021-08-30 05:26:31";"System"
"1349";"Northern Samar";"174";"PH";"67";"NSA";"12.36131990";"124.77407930";"Q13864";;"2021-08-30 05:26:31";"System";"2021-08-30 05:26:31";"System"
"1350";"Negros Oriental";"174";"PH";"46";"NER";"9.62820830";"122.98883190";"Q13863";;"2021-08-30 05:26:31";"System";"2021-08-30 05:26:31";"System"
"1351";"Negros Occidental";"174";"PH";"45";"NEC";"10.29256090";"123.02465180";"Q13862";;"2021-08-30 05:26:31";"System";"2021-08-30 05:26:31";"System"
"1352";"Batanes";"174";"PH";"08";"BTN";"20.44850740";"121.97081290";"Q13740";;"2021-08-30 05:26:31";"System";"2021-08-30 05:26:31";"System"
"1353";"Mountain Province";"174";"PH";"44";"MOU";"40.70754370";"-73.95010330";"Q13861";;"2021-08-30 05:26:31";"System";"2021-08-30 05:26:31";"System"
"1354";"Oriental Mindoro";"174";"PH";"41";"MDR";"13.05645980";"121.40694170";"Q13868";;"2021-08-30 05:26:31";"System";"2021-08-30 05:26:31";"System"
"1355";"Ilocos Region";"174";"PH";"01";"01";"16.08321440";"120.61998950";"Q12933";;"2021-08-30 05:26:31";"System";"2021-08-30 05:26:31";"System"
"1356";"Occidental Mindoro";"174";"PH";"40";"MDC";"13.10241110";"120.76512840";"Q13867";;"2021-08-30 05:26:31";"System";"2021-08-30 05:26:31";"System"
"1357";"Zamboanga del Sur";"174";"PH";"66";"ZAS";"7.83830540";"123.29666570";"Q13900";;"2021-08-30 05:26:31";"System";"2021-08-30 05:26:31";"System"
"1358";"Nueva Vizcaya";"174";"PH";"48";"NUV";"16.33011070";"121.17103890";"Q13866";;"2021-08-30 05:26:31";"System";"2021-08-30 05:26:31";"System"
"1359";"Batangas";"174";"PH";"09";"BTG";"13.75646510";"121.05830760";"Q13744";;"2021-08-30 05:26:31";"System";"2021-08-30 05:26:31";"System"
"1360";"Nueva Ecija";"174";"PH";"47";"NUE";"15.57837500";"121.11126150";"Q13865";;"2021-08-30 05:26:31";"System";"2021-08-30 05:26:31";"System"
"1361";"Palawan";"174";"PH";"49";"PLW";"9.83494930";"118.73836150";"Q13869";;"2021-08-30 05:26:31";"System";"2021-08-30 05:26:31";"System"
"1362";"Zamboanga Sibugay";"174";"PH";"09";"ZSI";"7.52252470";"122.31075170";"Q13902";;"2021-08-30 05:26:31";"System";"2021-08-30 05:26:31";"System"
"1363";"Benguet";"174";"PH";"10";"BEN";"16.55772570";"120.80394740";"Q13750";;"2021-08-30 05:26:31";"System";"2021-08-30 05:26:31";"System"
"1364";"Pangasinan";"174";"PH";"51";"PAN";"15.89490550";"120.28631830";"Q13871";;"2021-08-30 05:26:31";"System";"2021-08-30 05:26:31";"System"
"1365";"Pampanga";"174";"PH";"50";"PAM";"15.07940900";"120.61998950";"Q13870";;"2021-08-30 05:26:31";"System";"2021-08-30 05:26:31";"System"
"1366";"Northern District";"106";"IL";"03";"Z";"36.15118640";"-95.99517630";"Q189942";;"2021-08-30 05:26:31";"System";"2021-08-30 05:26:31";"System"
"1367";"Central District";"106";"IL";"02";"M";"47.60875830";"-122.29642350";"Q188785";;"2021-08-30 05:26:31";"System";"2021-08-30 05:26:31";"System"
"1368";"Southern District";"106";"IL";"01";"D";"40.71375860";"-74.00090590";"Q188781";;"2021-08-30 05:26:31";"System";"2021-08-30 05:26:31";"System"
"1369";"Haifa District";"106";"IL";"04";"HA";"32.48141110";"34.99475100";"Q185845";;"2021-08-30 05:26:31";"System";"2021-08-30 05:26:31";"System"
"1370";"Jerusalem District";"106";"IL";"06";"JM";"31.76482430";"34.99475100";"Q192232";;"2021-08-30 05:26:31";"System";"2021-08-30 05:26:31";"System"
"1371";"Tel Aviv District";"106";"IL";"05";"TA";"32.09290750";"34.80721650";"Q192811";;"2021-08-30 05:26:31";"System";"2021-08-30 05:26:31";"System"
"1372";"Limburg";"22";"BE";"05";"VLI";;;"Q1095";;"2021-08-30 05:26:31";"System";"2021-08-30 05:26:31";"System"
"1373";"Flanders";"22";"BE";"VLG";"VLG";"51.01087060";"3.72646130";"Q234";;"2021-08-30 05:26:31";"System";"2021-08-30 05:26:31";"System"
"1374";"Flemish Brabant";"22";"BE";"12";"VBR";"50.88154340";"4.56459700";"Q1118";;"2021-08-30 05:26:31";"System";"2021-08-30 05:26:31";"System"
"1375";"Hainaut";"22";"BE";"03";"WHT";"50.52570760";"4.06210170";"Q1129";;"2021-08-30 05:26:31";"System";"2021-08-30 05:26:31";"System"
"1376";"Brussels-Capital Region";"22";"BE";"11";"BRU";"50.85034630";"4.35172110";"Q240";;"2021-08-30 05:26:31";"System";"2021-08-30 05:26:31";"System"
"1377";"East Flanders";"22";"BE";"08";"VOV";"51.03621010";"3.73731240";"Q1114";;"2021-08-30 05:26:31";"System";"2021-08-30 05:26:31";"System"
"1378";"Namur";"22";"BE";"07";"WNA";"50.46738830";"4.87198540";"Q1125";;"2021-08-30 05:26:31";"System";"2021-08-30 05:26:31";"System"
"1379";"Luxembourg";"22";"BE";"06";"WLX";"49.81527300";"6.12958300";"Q1126";;"2021-08-30 05:26:31";"System";"2021-08-30 05:26:31";"System"
"1380";"Wallonia";"22";"BE";"WAL";"WAL";"50.41756370";"4.45100660";"Q231";;"2021-08-30 05:26:31";"System";"2021-08-30 05:26:31";"System"
"1381";"Antwerp";"22";"BE";"01";"VAN";"51.21944750";"4.40246430";"Q1116";;"2021-08-30 05:26:31";"System";"2021-08-30 05:26:31";"System"
"1382";"Walloon Brabant";"22";"BE";"10";"WBR";"50.63324100";"4.52431500";"Q1122";;"2021-08-30 05:26:31";"System";"2021-08-30 05:26:31";"System"
"1383";"West Flanders";"22";"BE";"09";"VWV";"40.01793340";"-105.28067330";"Q1113";;"2021-08-30 05:26:31";"System";"2021-08-30 05:26:31";"System"
"1384";"Liège";"22";"BE";"04";"WLG";"50.63255740";"5.57966620";"Q1127";;"2021-08-30 05:26:31";"System";"2021-08-30 05:26:31";"System"
"1385";"Darién Province";"170";"PA";"05";"5";"7.86817130";"-77.83672820";"Q688660";;"2021-08-30 05:26:31";"System";"2021-08-30 05:26:31";"System"
"1386";"Colón Province";"170";"PA";"04";"3";"9.18519890";"-80.05349230";"Q820514";;"2021-08-30 05:26:31";"System";"2021-08-30 05:26:31";"System"
"1387";"Coclé Province";"170";"PA";"03";"2";"8.62660680";"-80.36586500";"Q825799";;"2021-08-30 05:26:31";"System";"2021-08-30 05:26:31";"System"
"1388";"Guna Yala";"170";"PA";"09";"KY";"9.23443950";"-78.19262500";"Q919017";;"2021-08-30 05:26:31";"System";"2021-08-30 05:26:31";"System"
"1389";"Herrera Province";"170";"PA";"06";"6";"7.77042820";"-80.72144170";"Q842886";;"2021-08-30 05:26:31";"System";"2021-08-30 05:26:31";"System"
"1390";"Los Santos Province";"170";"PA";"07";"7";"7.59093020";"-80.36586500";"Q911278";;"2021-08-30 05:26:31";"System";"2021-08-30 05:26:31";"System"
"1391";"Ngöbe-Buglé Comarca";"170";"PA";"12";"NB";"8.65958330";"-81.77870210";"Q1129783";;"2021-08-30 05:26:31";"System";"2021-08-30 05:26:31";"System"
"1392";"Veraguas Province";"170";"PA";"10";"9";"8.12310330";"-81.07546570";"Q593137";;"2021-08-30 05:26:31";"System";"2021-08-30 05:26:31";"System"
"1393";"Bocas del Toro Province";"170";"PA";"01";"1";"9.41655210";"-82.52077870";"Q217138";;"2021-08-30 05:26:31";"System";"2021-08-30 05:26:31";"System"
"1394";"Panamá Oeste Province";"170";"PA";"13";"10";"9.11967510";"-79.29021330";"Q16250688";;"2021-08-30 05:26:31";"System";"2021-08-30 05:26:31";"System"
"1395";"Panamá Province";"170";"PA";"08";"8";"9.11967510";"-79.29021330";"Q557506";;"2021-08-30 05:26:31";"System";"2021-08-30 05:26:31";"System"
"1396";"Emberá-Wounaan Comarca";"170";"PA";"11";"EM";"8.37669830";"-77.65361250";"Q1141041";;"2021-08-30 05:26:31";"System";"2021-08-30 05:26:31";"System"
"1397";"Chiriquí Province";"170";"PA";"02";"4";"8.58489800";"-82.38857830";"Q739651";;"2021-08-30 05:26:31";"System";"2021-08-30 05:26:31";"System"
"1398";"Howland Island";"233";"US";"HQ";"UM-84";"0.81132190";"-176.61827360";"Q131305";;"2021-08-30 05:26:31";"System";"2021-08-30 05:26:31";"System"
"1399";"Delaware";"233";"US";"10";"DE";"38.91083250";"-75.52766990";"Q1393";;"2021-08-30 05:26:31";"System";"2021-08-30 05:26:31";"System"
"1400";"Alaska";"233";"US";"02";"AK";"64.20084130";"-149.49367330";"Q797";;"2021-08-30 05:26:31";"System";"2021-08-30 05:26:31";"System"
"1401";"Maryland";"233";"US";"24";"MD";"39.04575490";"-76.64127120";"Q1391";;"2021-08-30 05:26:31";"System";"2021-08-30 05:26:31";"System"
"1402";"Baker Island";"233";"US";"FQ";"UM-81";"0.19362660";"-176.47690800";"Q46879";;"2021-08-30 05:26:31";"System";"2021-08-30 05:26:31";"System"
"1403";"Kingman Reef";"233";"US";"KQ";"UM-89";"6.38333300";"-162.41666700";"Q130895";;"2021-08-30 05:26:31";"System";"2021-08-30 05:26:31";"System"
"1404";"New Hampshire";"233";"US";"33";"NH";"43.19385160";"-71.57239530";"Q759";;"2021-08-30 05:26:31";"System";"2021-08-30 05:26:31";"System"
"1405";"Wake Island";"233";"US";"WQ";"UM-79";"19.27961900";"166.64993480";"Q43296";;"2021-08-30 05:26:31";"System";"2021-08-30 05:26:31";"System"
"1406";"Kansas";"233";"US";"20";"KS";"39.01190200";"-98.48424650";"Q1558";;"2021-08-30 05:26:31";"System";"2021-08-30 05:26:31";"System"
"1407";"Texas";"233";"US";"48";"TX";"31.96859880";"-99.90181310";"Q1439";;"2021-08-30 05:26:31";"System";"2021-08-30 05:26:31";"System"
"1408";"Nebraska";"233";"US";"31";"NE";"41.49253740";"-99.90181310";"Q1553";;"2021-08-30 05:26:31";"System";"2021-08-30 05:26:31";"System"
"1409";"Vermont";"233";"US";"50";"VT";"44.55880280";"-72.57784150";"Q16551";;"2021-08-30 05:26:31";"System";"2021-08-30 05:26:31";"System"
"1410";"Jarvis Island";"233";"US";"DQ";"UM-86";"-0.37435030";"-159.99672060";"Q62218";;"2021-08-30 05:26:31";"System";"2021-08-30 05:26:31";"System"
"1411";"Hawaii";"233";"US";"15";"HI";"19.89676620";"-155.58278180";"Q782";;"2021-08-30 05:26:31";"System";"2021-08-30 05:26:31";"System"
"1412";"Guam";"233";"US";"GQ";"GU";"13.44430400";"144.79373100";"Q16635";;"2021-08-30 05:26:31";"System";"2021-08-30 05:26:31";"System"
"1413";"United States Virgin Islands";"233";"US";"VQ";"VI";"18.33576500";"-64.89633500";"Q11703";;"2021-08-30 05:26:31";"System";"2021-08-30 05:26:31";"System"
"1414";"Utah";"233";"US";"49";"UT";"39.32098010";"-111.09373110";"Q829";;"2021-08-30 05:26:31";"System";"2021-08-30 05:26:31";"System"
"1415";"Oregon";"233";"US";"41";"OR";"43.80413340";"-120.55420120";"Q824";;"2021-08-30 05:26:31";"System";"2021-08-30 05:26:31";"System"
"1416";"California";"233";"US";"06";"CA";"36.77826100";"-119.41793240";"Q99";;"2021-08-30 05:26:31";"System";"2021-08-30 05:26:31";"System"
"1417";"New Jersey";"233";"US";"34";"NJ";"40.05832380";"-74.40566120";"Q1408";;"2021-08-30 05:26:31";"System";"2021-08-30 05:26:31";"System"
"1418";"North Dakota";"233";"US";"38";"ND";"47.55149260";"-101.00201190";"Q1207";;"2021-08-30 05:26:31";"System";"2021-08-30 05:26:31";"System"
"1419";"Kentucky";"233";"US";"21";"KY";"37.83933320";"-84.27001790";"Q1603";;"2021-08-30 05:26:31";"System";"2021-08-30 05:26:31";"System"
"1420";"Minnesota";"233";"US";"27";"MN";"46.72955300";"-94.68589980";"Q1527";;"2021-08-30 05:26:31";"System";"2021-08-30 05:26:31";"System"
"1421";"Oklahoma";"233";"US";"40";"OK";"35.46756020";"-97.51642760";"Q1649";;"2021-08-30 05:26:31";"System";"2021-08-30 05:26:31";"System"
"1422";"Pennsylvania";"233";"US";"42";"PA";"41.20332160";"-77.19452470";"Q1400";;"2021-08-30 05:26:31";"System";"2021-08-30 05:26:31";"System"
"1423";"New Mexico";"233";"US";"35";"NM";"34.51994020";"-105.87009010";"Q1522";;"2021-08-30 05:26:31";"System";"2021-08-30 05:26:31";"System"
"1424";"American Samoa";"233";"US";"AQ";"AS";"-14.27097200";"-170.13221700";"Q16641";;"2021-08-30 05:26:31";"System";"2021-08-30 05:26:31";"System"
"1425";"Illinois";"233";"US";"17";"IL";"40.63312490";"-89.39852830";"Q1204";;"2021-08-30 05:26:31";"System";"2021-08-30 05:26:31";"System"
"1426";"Michigan";"233";"US";"26";"MI";"44.31484430";"-85.60236430";"Q1166";;"2021-08-30 05:26:31";"System";"2021-08-30 05:26:31";"System"
"1427";"Virginia";"233";"US";"51";"VA";"37.43157340";"-78.65689420";"Q1370";;"2021-08-30 05:26:31";"System";"2021-08-30 05:26:31";"System"
"1428";"Johnston Atoll";"233";"US";"JQ";"UM-67";"16.72950350";"-169.53364770";"Q131008";;"2021-08-30 05:26:31";"System";"2021-08-30 05:26:31";"System"
"1429";"West Virginia";"233";"US";"54";"WV";"38.59762620";"-80.45490260";"Q1371";;"2021-08-30 05:26:31";"System";"2021-08-30 05:26:31";"System"
"1430";"Mississippi";"233";"US";"28";"MS";"32.35466790";"-89.39852830";"Q1494";;"2021-08-30 05:26:31";"System";"2021-08-30 05:26:31";"System"
"1431";"Northern Mariana Islands";"233";"US";"CQ";"MP";"15.09790000";"145.67390000";"Q16644";;"2021-08-30 05:26:31";"System";"2021-08-30 05:26:31";"System"
"1432";"United States Minor Outlying Islands";"233";"US";"CQ";"UM";"19.28231920";"166.64704700";"Q16645";;"2021-08-30 05:26:31";"System";"2021-08-30 05:26:31";"System"
"1433";"Massachusetts";"233";"US";"25";"MA";"42.40721070";"-71.38243740";"Q771";;"2021-08-30 05:26:31";"System";"2021-08-30 05:26:31";"System"
"1434";"Arizona";"233";"US";"04";"AZ";"34.04892810";"-111.09373110";"Q816";;"2021-08-30 05:26:31";"System";"2021-08-30 05:26:31";"System"
"1435";"Connecticut";"233";"US";"09";"CT";"41.60322070";"-73.08774900";"Q779";;"2021-08-30 05:26:31";"System";"2021-08-30 05:26:31";"System"
"1436";"Florida";"233";"US";"12";"FL";"27.66482740";"-81.51575350";"Q812";;"2021-08-30 05:26:31";"System";"2021-08-30 05:26:31";"System"
"1437";"District of Columbia";"233";"US";"11";"DC";"38.90719230";"-77.03687070";"Q3551781";;"2021-08-30 05:26:31";"System";"2021-08-30 05:26:31";"System"
"1438";"Midway Atoll";"233";"US";"MQ";"UM-71";"28.20721680";"-177.37349260";"Q47863";;"2021-08-30 05:26:31";"System";"2021-08-30 05:26:31";"System"
"1439";"Navassa Island";"233";"US";"BQ";"UM-76";"18.41006890";"-75.01146120";"Q25359";;"2021-08-30 05:26:31";"System";"2021-08-30 05:26:31";"System"
"1440";"Indiana";"233";"US";"18";"IN";"40.26719410";"-86.13490190";"Q1415";;"2021-08-30 05:26:31";"System";"2021-08-30 05:26:31";"System"
"1441";"Wisconsin";"233";"US";"55";"WI";"43.78443970";"-88.78786780";"Q1537";;"2021-08-30 05:26:31";"System";"2021-08-30 05:26:31";"System"
"1442";"Wyoming";"233";"US";"56";"WY";"43.07596780";"-107.29028390";"Q1214";;"2021-08-30 05:26:31";"System";"2021-08-30 05:26:31";"System"
"1443";"South Carolina";"233";"US";"45";"SC";"33.83608100";"-81.16372450";"Q1456";;"2021-08-30 05:26:31";"System";"2021-08-30 05:26:31";"System"
"1444";"Arkansas";"233";"US";"05";"AR";"35.20105000";"-91.83183340";"Q1612";;"2021-08-30 05:26:31";"System";"2021-08-30 05:26:31";"System"
"1445";"South Dakota";"233";"US";"46";"SD";"43.96951480";"-99.90181310";"Q1211";;"2021-08-30 05:26:31";"System";"2021-08-30 05:26:31";"System"
"1446";"Montana";"233";"US";"30";"MT";"46.87968220";"-110.36256580";"Q1212";;"2021-08-30 05:26:31";"System";"2021-08-30 05:26:31";"System"
"1447";"North Carolina";"233";"US";"37";"NC";"35.75957310";"-79.01929970";"Q1454";;"2021-08-30 05:26:31";"System";"2021-08-30 05:26:31";"System"
"1448";"Palmyra Atoll";"233";"US";"LQ";"UM-95";"5.88850260";"-162.07866560";"Q123076";;"2021-08-30 05:26:31";"System";"2021-08-30 05:26:31";"System"
"1449";"Puerto Rico";"233";"US";"RQ";"PR";"18.22083300";"-66.59014900";"Q1183";;"2021-08-30 05:26:31";"System";"2021-08-30 05:26:31";"System"
"1450";"Colorado";"233";"US";"08";"CO";"39.55005070";"-105.78206740";"Q1261";;"2021-08-30 05:26:31";"System";"2021-08-30 05:26:31";"System"
"1451";"Missouri";"233";"US";"29";"MO";"37.96425290";"-91.83183340";"Q1581";;"2021-08-30 05:26:31";"System";"2021-08-30 05:26:31";"System"
"1452";"New York";"233";"US";"36";"NY";"40.71277530";"-74.00597280";"Q1384";;"2021-08-30 05:26:31";"System";"2021-08-30 05:26:31";"System"
"1453";"Maine";"233";"US";"23";"ME";"45.25378300";"-69.44546890";"Q724";;"2021-08-30 05:26:31";"System";"2021-08-30 05:26:31";"System"
"1454";"Tennessee";"233";"US";"47";"TN";"35.51749130";"-86.58044730";"Q1509";;"2021-08-30 05:26:31";"System";"2021-08-30 05:26:31";"System"
"1455";"Georgia";"233";"US";"13";"GA";"32.16562210";"-82.90007510";"Q1428";;"2021-08-30 05:26:31";"System";"2021-08-30 05:26:31";"System"
"1456";"Alabama";"233";"US";"01";"AL";"32.31823140";"-86.90229800";"Q173";;"2021-08-30 05:26:31";"System";"2021-08-30 05:26:31";"System"
"1457";"Louisiana";"233";"US";"22";"LA";"30.98429770";"-91.96233270";"Q1588";;"2021-08-30 05:26:31";"System";"2021-08-30 05:26:31";"System"
"1458";"Nevada";"233";"US";"32";"NV";"38.80260970";"-116.41938900";"Q1227";;"2021-08-30 05:26:31";"System";"2021-08-30 05:26:31";"System"
"1459";"Iowa";"233";"US";"19";"IA";"41.87800250";"-93.09770200";"Q1546";;"2021-08-30 05:26:31";"System";"2021-08-30 05:26:31";"System"
"1460";"Idaho";"233";"US";"16";"ID";"44.06820190";"-114.74204080";"Q1221";;"2021-08-30 05:26:31";"System";"2021-08-30 05:26:31";"System"
"1461";"Rhode Island";"233";"US";"44";"RI";"41.58009450";"-71.47742910";"Q1387";;"2021-08-30 05:26:31";"System";"2021-08-30 05:26:31";"System"
"1462";"Washington";"233";"US";"53";"WA";"47.75107410";"-120.74013850";"Q1223";;"2021-08-30 05:26:31";"System";"2021-08-30 05:26:31";"System"
"1463";"Shinyanga Region";"218";"TZ";"15";"22";"-3.68099610";"33.42714030";"Q153339";;"2021-08-30 05:26:31";"System";"2021-08-30 05:26:31";"System"
"1464";"Simiyu Region";"218";"TZ";"31";"30";"-2.83087380";"34.15319470";"Q2787568";;"2021-08-30 05:26:31";"System";"2021-08-30 05:26:31";"System"
"1465";"Kagera Region";"218";"TZ";"19";"05";"-1.30011150";"31.26263660";"Q309190";;"2021-08-30 05:26:31";"System";"2021-08-30 05:26:31";"System"
"1466";"Dodoma Region";"218";"TZ";"03";"03";"-6.57382280";"36.26308460";"Q213268";;"2021-08-30 05:26:31";"System";"2021-08-30 05:26:31";"System"
"1467";"Kilimanjaro Region";"218";"TZ";"06";"09";"-4.13369270";"37.80876930";"Q328922";;"2021-08-30 05:26:31";"System";"2021-08-30 05:26:31";"System"
"1468";"Mara Region";"218";"TZ";"08";"13";"-1.77535380";"34.15319470";"Q458406";;"2021-08-30 05:26:31";"System";"2021-08-30 05:26:31";"System"
"1469";"Tabora Region";"218";"TZ";"17";"24";"-5.03421380";"32.80844960";"Q153335";;"2021-08-30 05:26:31";"System";"2021-08-30 05:26:31";"System"
"1470";"Morogoro Region";"218";"TZ";"10";"16";"-8.81371730";"36.95410700";"Q458388";;"2021-08-30 05:26:31";"System";"2021-08-30 05:26:31";"System"
"1471";"Zanzibar Central/South Region";"218";"TZ";"21";"11";"-6.26428510";"39.44502810";"Q643120";;"2021-08-30 05:26:31";"System";"2021-08-30 05:26:31";"System"
"1472";"South Pemba Region";"218";"TZ";"20";"10";"-5.31469610";"39.75495110";"Q498067";;"2021-08-30 05:26:31";"System";"2021-08-30 05:26:31";"System"
"1473";"Zanzibar North Region";"218";"TZ";"22";"07";"-5.93950930";"39.27910110";"Q147116";;"2021-08-30 05:26:31";"System";"2021-08-30 05:26:31";"System"
"1474";"Singida Region";"218";"TZ";"16";"23";"-6.74533520";"34.15319470";"Q153326";;"2021-08-30 05:26:31";"System";"2021-08-30 05:26:31";"System"
"1475";"Zanzibar Urban/West Region";"218";"TZ";"25";"15";"-6.22981360";"39.25832930";"Q180822";;"2021-08-30 05:26:31";"System";"2021-08-30 05:26:31";"System"
"1476";"Mtwara Region";"218";"TZ";"11";"17";"-10.33984550";"40.16574660";"Q499465";;"2021-08-30 05:26:31";"System";"2021-08-30 05:26:31";"System"
"1477";"Rukwa Region";"218";"TZ";"24";"20";"-8.01094440";"31.44561790";"Q153329";;"2021-08-30 05:26:31";"System";"2021-08-30 05:26:31";"System"
"1478";"Kigoma Region";"218";"TZ";"05";"08";"-4.88240920";"29.66150550";"Q747943";;"2021-08-30 05:26:31";"System";"2021-08-30 05:26:31";"System"
"1479";"Mwanza Region";"218";"TZ";"12";"18";"-2.46711970";"32.89868120";"Q331153";;"2021-08-30 05:26:31";"System";"2021-08-30 05:26:31";"System"
"1480";"Njombe Region";"218";"TZ";"30";"29";"-9.24226320";"35.12687810";"Q2086273";;"2021-08-30 05:26:31";"System";"2021-08-30 05:26:31";"System"
"1481";"Geita Region";"218";"TZ";"28";"27";"-2.82422570";"32.26538870";"Q1848521";;"2021-08-30 05:26:31";"System";"2021-08-30 05:26:31";"System"
"1482";"Katavi Region";"218";"TZ";"29";"28";"-6.36771250";"31.26263660";"Q2682731";;"2021-08-30 05:26:31";"System";"2021-08-30 05:26:31";"System"
"1483";"Lindi Region";"218";"TZ";"07";"12";"-9.23433940";"38.31657250";"Q309339";;"2021-08-30 05:26:31";"System";"2021-08-30 05:26:31";"System"
"1484";"Manyara Region";"218";"TZ";"27";"26";"-4.31500580";"36.95410700";"Q331117";;"2021-08-30 05:26:31";"System";"2021-08-30 05:26:31";"System"
"1485";"Pwani Region";"218";"TZ";"02";"19";"-7.32377140";"38.82054540";"Q458412";;"2021-08-30 05:26:31";"System";"2021-08-30 05:26:31";"System"
"1486";"Ruvuma Region";"218";"TZ";"14";"21";"-10.68787170";"36.26308460";"Q115318";;"2021-08-30 05:26:31";"System";"2021-08-30 05:26:31";"System"
"1487";"Tanga Region";"218";"TZ";"18";"25";"-5.30497890";"38.31657250";"Q389737";;"2021-08-30 05:26:31";"System";"2021-08-30 05:26:31";"System"
"1488";"North Pemba Region";"218";"TZ";"13";"06";"-5.03193520";"39.77555710";"Q498073";;"2021-08-30 05:26:31";"System";"2021-08-30 05:26:31";"System"
"1489";"Iringa Region";"218";"TZ";"04";"04";"-7.78874420";"35.56578620";"Q309352";;"2021-08-30 05:26:31";"System";"2021-08-30 05:26:31";"System"
"1490";"Dar es Salaam Region";"218";"TZ";"23";"02";"-6.79235400";"39.20832840";"Q557539";;"2021-08-30 05:26:31";"System";"2021-08-30 05:26:31";"System"
"1491";"Arusha Region";"218";"TZ";"26";"01";"-3.38692540";"36.68299270";"Q329261";;"2021-08-30 05:26:31";"System";"2021-08-30 05:26:31";"System"
"1492";"Eastern Finland Province";"74";"FI";"14";"IS";"62.56338910";"28.50240420";"Q194073";;"2021-08-30 05:26:31";"System";"2021-08-30 05:26:31";"System"
"1493";"Tavastia Proper";"74";"FI";"05";"06";"60.90701500";"24.30054980";"Q5695";;"2021-08-30 05:26:31";"System";"2021-08-30 05:26:31";"System"
"1494";"Central Ostrobothnia";"74";"FI";"16";"07";"63.56217350";"24.00136310";"Q5696";;"2021-08-30 05:26:31";"System";"2021-08-30 05:26:31";"System"
"1495";"Southern Savonia";"74";"FI";"10";"04";"61.69451480";"27.80050150";"Q5693";;"2021-08-30 05:26:31";"System";"2021-08-30 05:26:31";"System"
"1496";"Kainuu";"74";"FI";"18";"05";"64.37365640";"28.74374750";"Q5694";;"2021-08-30 05:26:31";"System";"2021-08-30 05:26:31";"System"
"1497";"South Karelia";"74";"FI";"09";"02";"61.11819490";"28.10243720";"Q5691";;"2021-08-30 05:26:31";"System";"2021-08-30 05:26:31";"System"
"1498";"Southern Ostrobothnia";"74";"FI";"14";"03";"62.94330990";"23.52852670";"Q5692";;"2021-08-30 05:26:31";"System";"2021-08-30 05:26:31";"System"
"1499";"Oulu Province";"74";"FI";"08";"OL";"65.01207480";"25.46504960";"Q202112";;"2021-08-30 05:26:31";"System";"2021-08-30 05:26:31";"System"
"1500";"Lapland";"74";"FI";"19";"LL";"67.92223040";"26.50464380";"Q200258";;"2021-08-30 05:26:31";"System";"2021-08-30 05:26:31";"System"
"1501";"Satakunta";"74";"FI";"04";"17";"61.59327580";"22.14830810";"Q5709";;"2021-08-30 05:26:31";"System";"2021-08-30 05:26:31";"System"
"1502";"Päijänne Tavastia";"74";"FI";"07";"16";"61.32300410";"25.73224960";"Q5708";;"2021-08-30 05:26:31";"System";"2021-08-30 05:26:31";"System"
"1503";"Northern Savonia";"74";"FI";"07";"15";"63.08448000";"27.02535040";"Q5706";;"2021-08-30 05:26:31";"System";"2021-08-30 05:26:31";"System"
"1504";"North Karelia";"74";"FI";"12";"13";"62.80620780";"30.15538870";"Q5703";;"2021-08-30 05:26:31";"System";"2021-08-30 05:26:31";"System"
"1505";"Northern Ostrobothnia";"74";"FI";"17";"14";"65.27949300";"26.28904170";"Q5704";;"2021-08-30 05:26:31";"System";"2021-08-30 05:26:31";"System"
"1506";"Pirkanmaa";"74";"FI";"06";"11";"61.69869180";"23.78955980";"Q5701";;"2021-08-30 05:26:31";"System";"2021-08-30 05:26:31";"System"
"1507";"Finland Proper";"74";"FI";"02";"19";"60.36279140";"22.44393690";"Q5712";;"2021-08-30 05:26:31";"System";"2021-08-30 05:26:31";"System"
"1508";"Ostrobothnia";"74";"FI";"15";"12";"63.11817570";"21.90610620";"Q5702";;"2021-08-30 05:26:31";"System";"2021-08-30 05:26:31";"System"
"1509";"Åland Islands";"74";"FI";"01";"01";"60.17852470";"19.91561050";"Q5689";;"2021-08-30 05:26:31";"System";"2021-08-30 05:26:31";"System"
"1510";"Uusimaa";"74";"FI";"01";"18";"60.21872000";"25.27162100";"Q5711";;"2021-08-30 05:26:31";"System";"2021-08-30 05:26:31";"System"
"1511";"Central Finland";"74";"FI";"13";"08";"62.56667430";"25.55494450";"Q5697";;"2021-08-30 05:26:31";"System";"2021-08-30 05:26:31";"System"
"1512";"Kymenlaakso";"74";"FI";"08";"09";"60.78051200";"26.88293360";"Q5698";;"2021-08-30 05:26:31";"System";"2021-08-30 05:26:31";"System"
"1513";"Canton of Diekirch";"127";"LU";"08";"DI";"49.86717840";"6.15956330";"Q691842";;"2021-08-30 05:26:31";"System";"2021-08-30 05:26:31";"System"
"1514";"Luxembourg District";"127";"LU";"03";"L";"49.59537060";"6.13331780";"Q2032";;"2021-08-30 05:26:31";"System";"2021-08-30 05:26:31";"System"
"1515";"Canton of Echternach";"127";"LU";"03";"EC";"49.81141330";"6.41756350";"Q720221";;"2021-08-30 05:26:31";"System";"2021-08-30 05:26:31";"System"
"1516";"Canton of Redange";"127";"LU";"03";"RD";"49.76455000";"5.88948000";"Q835980";;"2021-08-30 05:26:31";"System";"2021-08-30 05:26:31";"System"
"1517";"Canton of Esch-sur-Alzette";"127";"LU";"03";"ES";"49.50088050";"5.98609250";"Q188283";;"2021-08-30 05:26:31";"System";"2021-08-30 05:26:31";"System"
"1518";"Canton of Capellen";"127";"LU";"03";"CA";"49.64039310";"5.95538460";"Q397678";;"2021-08-30 05:26:31";"System";"2021-08-30 05:26:31";"System"
"1519";"Canton of Remich";"127";"LU";"03";"RM";"49.54501700";"6.36742220";"Q691781";;"2021-08-30 05:26:31";"System";"2021-08-30 05:26:31";"System"
"1520";"Grevenmacher District";"127";"LU";"02";"G";"49.68085100";"6.44075240";"Q208284";;"2021-08-30 05:26:31";"System";"2021-08-30 05:26:31";"System"
"1521";"Canton of Clervaux";"127";"LU";"02";"CL";"50.05463130";"6.02858750";"Q691793";;"2021-08-30 05:26:31";"System";"2021-08-30 05:26:31";"System"
"1522";"Canton of Mersch";"127";"LU";"02";"ME";"49.75429060";"6.12921850";"Q753917";;"2021-08-30 05:26:31";"System";"2021-08-30 05:26:31";"System"
"1523";"Canton of Vianden";"127";"LU";"02";"VD";"49.93419240";"6.20199170";"Q845600";;"2021-08-30 05:26:31";"System";"2021-08-30 05:26:31";"System"
"1524";"Diekirch District";"127";"LU";"01";"D";"49.86717200";"6.15963620";"Q208747";;"2021-08-30 05:26:31";"System";"2021-08-30 05:26:31";"System"
"1525";"Canton of Grevenmacher";"127";"LU";"01";"GR";"49.68084100";"6.44075930";"Q836002";;"2021-08-30 05:26:31";"System";"2021-08-30 05:26:31";"System"
"1526";"Canton of Wiltz";"127";"LU";"01";"WI";"49.96622000";"5.93243060";"Q550021";;"2021-08-30 05:26:31";"System";"2021-08-30 05:26:31";"System"
"1527";"Canton of Luxembourg";"127";"LU";"01";"LU";"49.63010250";"6.15201850";"Q691741";;"2021-08-30 05:26:31";"System";"2021-08-30 05:26:31";"System"
"1528";"Region Zealand";"59";"DK";"20";"85";"55.46325180";"11.72149790";"Q26589";;"2021-08-30 05:26:31";"System";"2021-08-30 05:26:31";"System"
"1529";"Region of Southern Denmark";"59";"DK";"21";"83";"55.33077140";"9.09249030";"Q26061";;"2021-08-30 05:26:31";"System";"2021-08-30 05:26:31";"System"
"1530";"Capital Region of Denmark";"59";"DK";"17";"84";"55.67518120";"12.54932610";"Q26073";;"2021-08-30 05:26:31";"System";"2021-08-30 05:26:31";"System"
"1531";"Central Denmark Region";"59";"DK";"18";"82";"56.30213900";"9.30277700";"Q26586";;"2021-08-30 05:26:31";"System";"2021-08-30 05:26:31";"System"
"1532";"North Denmark Region";"59";"DK";"19";"81";"56.83074160";"9.49305270";"Q26067";;"2021-08-30 05:26:31";"System";"2021-08-30 05:26:31";"System"
"1533";"Gävleborg County";"213";"SE";"03";"X";"61.30119930";"16.15342140";"Q103699";;"2021-08-30 05:26:31";"System";"2021-08-30 05:26:31";"System"
"1534";"Dalarna County";"213";"SE";"10";"W";"61.09170120";"14.66636530";"Q103732";;"2021-08-30 05:26:31";"System";"2021-08-30 05:26:31";"System"
"1535";"Värmland County";"213";"SE";"22";"S";"59.72940650";"13.23540240";"Q106789";;"2021-08-30 05:26:31";"System";"2021-08-30 05:26:31";"System"
"1536";"Östergötland County";"213";"SE";"16";"E";"58.34536350";"15.51978440";"Q104940";;"2021-08-30 05:26:31";"System";"2021-08-30 05:26:31";"System"
"1537";"Blekinge";"213";"SE";"02";"K";"56.27838370";"15.01800580";"Q102377";;"2021-08-30 05:26:31";"System";"2021-08-30 05:26:31";"System"
"1538";"Norrbotten County";"213";"SE";"14";"BD";"66.83092160";"20.39919660";"Q103686";;"2021-08-30 05:26:31";"System";"2021-08-30 05:26:31";"System"
"1539";"Örebro County";"213";"SE";"15";"T";"59.53503600";"15.00657310";"Q104257";;"2021-08-30 05:26:31";"System";"2021-08-30 05:26:31";"System"
"1540";"Södermanland County";"213";"SE";"18";"D";"59.03363490";"16.75188990";"Q106915";;"2021-08-30 05:26:31";"System";"2021-08-30 05:26:31";"System"
"1541";"Skåne County";"213";"SE";"27";"M";"55.99025720";"13.59576920";"Q103659";;"2021-08-30 05:26:31";"System";"2021-08-30 05:26:31";"System"
"1542";"Kronoberg County";"213";"SE";"12";"G";"56.71834030";"14.41146730";"Q104746";;"2021-08-30 05:26:31";"System";"2021-08-30 05:26:31";"System"
"1543";"Västerbotten County";"213";"SE";"23";"AC";"65.33373110";"16.51616940";"Q104877";;"2021-08-30 05:26:31";"System";"2021-08-30 05:26:31";"System"
"1544";"Kalmar County";"213";"SE";"09";"H";"57.23501560";"16.18493490";"Q103707";;"2021-08-30 05:26:31";"System";"2021-08-30 05:26:31";"System"
"1545";"Uppsala County";"213";"SE";"21";"C";"60.00922620";"17.27145880";"Q104926";;"2021-08-30 05:26:31";"System";"2021-08-30 05:26:31";"System"
"1546";"Gotland County";"213";"SE";"05";"I";"57.46841210";"18.48674470";"Q103738";;"2021-08-30 05:26:31";"System";"2021-08-30 05:26:31";"System"
"1547";"Västra Götaland County";"213";"SE";"28";"O";"58.25279260";"13.05964250";"Q103093";;"2021-08-30 05:26:31";"System";"2021-08-30 05:26:31";"System"
"1548";"Halland County";"213";"SE";"06";"N";"56.89668050";"12.80339930";"Q103691";;"2021-08-30 05:26:31";"System";"2021-08-30 05:26:31";"System"
"1549";"Västmanland County";"213";"SE";"25";"U";"59.67138790";"16.21589530";"Q105075";;"2021-08-30 05:26:31";"System";"2021-08-30 05:26:31";"System"
"1550";"Jönköping County";"213";"SE";"08";"F";"57.37084340";"14.34391740";"Q103672";;"2021-08-30 05:26:31";"System";"2021-08-30 05:26:31";"System"
"1551";"Stockholm County";"213";"SE";"26";"AB";"59.60249580";"18.13843830";"Q104231";;"2021-08-30 05:26:31";"System";"2021-08-30 05:26:31";"System"
"1552";"Västernorrland County";"213";"SE";"24";"Y";"63.42764730";"17.72924440";"Q104891";;"2021-08-30 05:26:31";"System";"2021-08-30 05:26:31";"System"
"1553";"Plungė District Municipality";"126";"LT";"24";"35";"55.91078400";"21.84540690";"Q404943";;"2021-08-30 05:26:31";"System";"2021-08-30 05:26:31";"System"
"1554";"Šiauliai District Municipality";"126";"LT";"61";"44";"55.97214560";"23.03323710";"Q1417346";;"2021-08-30 05:26:31";"System";"2021-08-30 05:26:31";"System"
"1555";"Jurbarkas District Municipality";"126";"LT";"61";"12";"55.07740700";"22.74195690";"Q2089815";;"2021-08-30 05:26:31";"System";"2021-08-30 05:26:31";"System"
"1556";"Kaunas County";"126";"LT";"57";"KU";"54.98728630";"23.95257360";"Q853861";;"2021-08-30 05:26:31";"System";"2021-08-30 05:26:31";"System"
"1557";"Mažeikiai District Municipality";"126";"LT";"57";"26";"56.30924390";"22.34146800";"Q313132";;"2021-08-30 05:26:31";"System";"2021-08-30 05:26:31";"System"
"1558";"Panevėžys County";"126";"LT";"60";"PN";"55.97480490";"25.07947670";"Q188085";;"2021-08-30 05:26:31";"System";"2021-08-30 05:26:31";"System"
"1559";"Elektrėnai municipality";"126";"LT";"60";"08";"54.76539340";"24.77405830";"Q2089777";;"2021-08-30 05:26:31";"System";"2021-08-30 05:26:31";"System"
"1560";"Švenčionys District Municipality";"126";"LT";"60";"49";"55.10280980";"26.00718550";"Q1813849";;"2021-08-30 05:26:31";"System";"2021-08-30 05:26:31";"System"
"1561";"Akmenė District Municipality";"126";"LT";"60";"01";"56.24550290";"22.74711690";"Q1023041";;"2021-08-30 05:26:31";"System";"2021-08-30 05:26:31";"System"
"1562";"Ignalina District Municipality";"126";"LT";"60";"09";"55.40903420";"26.32848930";"Q2069330";;"2021-08-30 05:26:31";"System";"2021-08-30 05:26:31";"System"
"1563";"Neringa Municipality";"126";"LT";"60";"28";"55.45724030";"21.08390050";"Q9305847";;"2021-08-30 05:26:31";"System";"2021-08-30 05:26:31";"System"
"1564";"Visaginas Municipality";"126";"LT";"60";"59";"55.59411800";"26.43079540";"Q2558824";;"2021-08-30 05:26:31";"System";"2021-08-30 05:26:31";"System"
"1565";"Kaunas District Municipality";"126";"LT";"57";"16";"54.99362360";"23.63249410";"Q1351722";;"2021-08-30 05:26:31";"System";"2021-08-30 05:26:31";"System"
"1566";"Biržai District Municipality";"126";"LT";"57";"06";"56.20177190";"24.75601180";"Q763504";;"2021-08-30 05:26:31";"System";"2021-08-30 05:26:31";"System"
"1567";"Jonava District Municipality";"126";"LT";"57";"10";"55.07272420";"24.27933370";"Q1351768";;"2021-08-30 05:26:31";"System";"2021-08-30 05:26:31";"System"
"1568";"Radviliškis District Municipality";"126";"LT";"57";"37";"55.81083990";"23.54648700";"Q1755961";;"2021-08-30 05:26:31";"System";"2021-08-30 05:26:31";"System"
"1569";"Telšiai County";"126";"LT";"63";"TE";"56.10266160";"22.11139150";"Q188963";;"2021-08-30 05:26:31";"System";"2021-08-30 05:26:31";"System"
"1570";"Marijampolė County";"126";"LT";"59";"MR";"54.78199710";"23.13413650";"Q853948";;"2021-08-30 05:26:31";"System";"2021-08-30 05:26:31";"System"
"1571";"Kretinga District Municipality";"126";"LT";"59";"22";"55.88384200";"21.23509190";"Q156560";;"2021-08-30 05:26:31";"System";"2021-08-30 05:26:31";"System"
"1572";"Tauragė District Municipality";"126";"LT";"62";"50";"55.25036600";"22.29095000";"Q2071640";;"2021-08-30 05:26:31";"System";"2021-08-30 05:26:31";"System"
"1573";"Tauragė County";"126";"LT";"62";"TA";"55.30725860";"22.35729390";"Q188960";;"2021-08-30 05:26:31";"System";"2021-08-30 05:26:31";"System"
"1574";"Alytus County";"126";"LT";"56";"AL";"54.20002140";"24.15126340";"Q669470";;"2021-08-30 05:26:31";"System";"2021-08-30 05:26:31";"System"
"1575";"Kazlų Rūda municipality";"126";"LT";"56";"17";"54.78075260";"23.48402430";"Q1461972";;"2021-08-30 05:26:31";"System";"2021-08-30 05:26:31";"System"
"1576";"Šakiai District Municipality";"126";"LT";"56";"41";"54.95267100";"23.04801990";"Q2021307";;"2021-08-30 05:26:31";"System";"2021-08-30 05:26:31";"System"
"1577";"Šalčininkai District Municipality";"126";"LT";"56";"42";"54.30976700";"25.38756400";"Q1799182";;"2021-08-30 05:26:31";"System";"2021-08-30 05:26:31";"System"
"1578";"Prienai District Municipality";"126";"LT";"56";"36";"54.63835800";"23.94680090";"Q47090";;"2021-08-30 05:26:31";"System";"2021-08-30 05:26:31";"System"
"1579";"Druskininkai municipality";"126";"LT";"56";"07";"53.99336850";"24.03424380";"Q669649";;"2021-08-30 05:26:31";"System";"2021-08-30 05:26:31";"System"
"1580";"Kaunas City Municipality";"126";"LT";"57";"15";"54.91453260";"23.90535180";"Q928938";;"2021-08-30 05:26:31";"System";"2021-08-30 05:26:31";"System"
"1581";"Joniškis District Municipality";"126";"LT";"57";"11";"56.23607300";"23.61365790";"Q610133";;"2021-08-30 05:26:31";"System";"2021-08-30 05:26:31";"System"
"1582";"Molėtai District Municipality";"126";"LT";"57";"27";"55.22653090";"25.41800110";"Q2089785";;"2021-08-30 05:26:31";"System";"2021-08-30 05:26:31";"System"
"1583";"Kaišiadorys District Municipality";"126";"LT";"57";"13";"54.85886690";"24.42779290";"Q2069320";;"2021-08-30 05:26:31";"System";"2021-08-30 05:26:31";"System"
"1584";"Kėdainiai District Municipality";"126";"LT";"57";"18";"55.35609470";"23.98326830";"Q46786";;"2021-08-30 05:26:31";"System";"2021-08-30 05:26:31";"System"
"1585";"Kupiškis District Municipality";"126";"LT";"57";"23";"55.84287410";"25.02958160";"Q2089791";;"2021-08-30 05:26:31";"System";"2021-08-30 05:26:31";"System"
"1586";"Šiauliai County";"126";"LT";"61";"SA";"55.99857510";"23.13800510";"Q186410";;"2021-08-30 05:26:31";"System";"2021-08-30 05:26:31";"System"
"1587";"Raseiniai District Municipality";"126";"LT";"61";"38";"55.38194990";"23.11561290";"Q2069355";;"2021-08-30 05:26:31";"System";"2021-08-30 05:26:31";"System"
"1588";"Palanga City Municipality";"126";"LT";"61";"31";"55.92019800";"21.06776140";"Q3685410";;"2021-08-30 05:26:31";"System";"2021-08-30 05:26:31";"System"
"1589";"Panevėžys City Municipality";"126";"LT";"60";"32";"55.73479150";"24.35747740";"Q3685412";;"2021-08-30 05:26:31";"System";"2021-08-30 05:26:31";"System"
"1590";"Rietavas municipality";"126";"LT";"60";"39";"55.70217190";"21.99865640";"Q712011";;"2021-08-30 05:26:31";"System";"2021-08-30 05:26:31";"System"
"1591";"Kalvarija municipality";"126";"LT";"60";"14";"54.37616740";"23.19203210";"Q1461987";;"2021-08-30 05:26:31";"System";"2021-08-30 05:26:31";"System"
"1592";"Vilnius District Municipality";"126";"LT";"65";"58";"54.77325780";"25.58671130";"Q118903";;"2021-08-30 05:26:31";"System";"2021-08-30 05:26:31";"System"
"1593";"Trakai District Municipality";"126";"LT";"65";"52";"54.63791130";"24.93468940";"Q1987743";;"2021-08-30 05:26:31";"System";"2021-08-30 05:26:31";"System"
"1594";"Širvintos District Municipality";"126";"LT";"65";"47";"55.04310200";"24.95698100";"Q58882";;"2021-08-30 05:26:31";"System";"2021-08-30 05:26:31";"System"
"1595";"Pakruojis District Municipality";"126";"LT";"65";"30";"56.07326050";"23.93899060";"Q1657116";;"2021-08-30 05:26:31";"System";"2021-08-30 05:26:31";"System"
"1596";"Ukmergė District Municipality";"126";"LT";"65";"53";"55.24526500";"24.77607490";"Q68929";;"2021-08-30 05:26:31";"System";"2021-08-30 05:26:31";"System"
"1597";"Klaipeda City Municipality";"126";"LT";"58";"20";"55.70329480";"21.14427950";"Q16456513";;"2021-08-30 05:26:31";"System";"2021-08-30 05:26:31";"System"
"1598";"Utena District Municipality";"126";"LT";"64";"54";"55.50846140";"25.68326420";"Q2089798";;"2021-08-30 05:26:31";"System";"2021-08-30 05:26:31";"System"
"1599";"Alytus District Municipality";"126";"LT";"56";"03";"54.32974960";"24.19609310";"Q769940";;"2021-08-30 05:26:31";"System";"2021-08-30 05:26:31";"System"
"1600";"Klaipėda County";"126";"LT";"58";"KL";"55.65197440";"21.37439560";"Q475207";;"2021-08-30 05:26:31";"System";"2021-08-30 05:26:31";"System"
"1601";"Vilnius County";"126";"LT";"65";"VL";"54.80865020";"25.21821390";"Q188061";;"2021-08-30 05:26:31";"System";"2021-08-30 05:26:31";"System"
"1602";"Varėna District Municipality";"126";"LT";"65";"55";"54.22033300";"24.57899700";"Q1351747";;"2021-08-30 05:26:31";"System";"2021-08-30 05:26:31";"System"
"1603";"Birštonas Municipality";"126";"LT";"65";"05";"54.56696640";"24.00930980";"Q2015893";;"2021-08-30 05:26:31";"System";"2021-08-30 05:26:31";"System"
"1604";"Klaipėda District Municipality";"126";"LT";"58";"21";"55.68416150";"21.44164640";"Q141132";;"2021-08-30 05:26:31";"System";"2021-08-30 05:26:31";"System"
"1605";"Alytus City Municipality";"126";"LT";"56";"02";"54.39629380";"24.04587610";"Q3685407";;"2021-08-30 05:26:31";"System";"2021-08-30 05:26:31";"System"
"1606";"Vilnius City Municipality";"126";"LT";"65";"57";"54.67107610";"25.28787210";"Q923117";;"2021-08-30 05:26:31";"System";"2021-08-30 05:26:31";"System"
"1607";"Šilutė District Municipality";"126";"LT";"65";"46";"55.35041400";"21.46598590";"Q282098";;"2021-08-30 05:26:31";"System";"2021-08-30 05:26:31";"System"
"1608";"Telšiai District Municipality";"126";"LT";"63";"51";"55.91752150";"22.34518400";"Q588916";;"2021-08-30 05:26:31";"System";"2021-08-30 05:26:31";"System"
"1609";"Šiauliai City Municipality";"126";"LT";"61";"43";"55.93490850";"23.31368230";"Q4993831";;"2021-08-30 05:26:31";"System";"2021-08-30 05:26:31";"System"
"1610";"Marijampolė Municipality";"126";"LT";"59";"25";"54.57110940";"23.48593710";"Q1931377";;"2021-08-30 05:26:31";"System";"2021-08-30 05:26:31";"System"
"1611";"Lazdijai District Municipality";"126";"LT";"59";"24";"54.23432670";"23.51565050";"Q2069342";;"2021-08-30 05:26:31";"System";"2021-08-30 05:26:31";"System"
"1612";"Pagėgiai municipality";"126";"LT";"59";"29";"55.17213200";"21.96836140";"Q2283574";;"2021-08-30 05:26:31";"System";"2021-08-30 05:26:31";"System"
"1613";"Šilalė District Municipality";"126";"LT";"59";"45";"55.49268000";"22.18455590";"Q677400";;"2021-08-30 05:26:31";"System";"2021-08-30 05:26:31";"System"
"1614";"Panevėžys District Municipality";"126";"LT";"60";"33";"55.61667280";"24.31422830";"Q1351758";;"2021-08-30 05:26:31";"System";"2021-08-30 05:26:31";"System"
"1615";"Rokiškis District Municipality";"126";"LT";"60";"40";"55.95550390";"25.58592490";"Q766969";;"2021-08-30 05:26:31";"System";"2021-08-30 05:26:31";"System"
"1616";"Pasvalys District Municipality";"126";"LT";"60";"34";"56.06046190";"24.39629100";"Q1461920";;"2021-08-30 05:26:31";"System";"2021-08-30 05:26:31";"System"
"1617";"Skuodas District Municipality";"126";"LT";"60";"48";"56.27021690";"21.52143310";"Q219115";;"2021-08-30 05:26:31";"System";"2021-08-30 05:26:31";"System"
"1618";"Kelmė District Municipality";"126";"LT";"60";"19";"55.62663520";"22.87817200";"Q1387044";;"2021-08-30 05:26:31";"System";"2021-08-30 05:26:31";"System"
"1619";"Zarasai District Municipality";"126";"LT";"60";"60";"55.73096090";"26.24529500";"Q664415";;"2021-08-30 05:26:31";"System";"2021-08-30 05:26:31";"System"
"1620";"Vilkaviškis District Municipality";"126";"LT";"60";"56";"54.65194500";"23.03515500";"Q2021318";;"2021-08-30 05:26:31";"System";"2021-08-30 05:26:31";"System"
"1621";"Utena County";"126";"LT";"64";"UT";"55.53189690";"25.79046990";"Q188659";;"2021-08-30 05:26:31";"System";"2021-08-30 05:26:31";"System"
"1622";"Opole Voivodeship";"176";"PL";"79";"OP";"50.80037610";"17.93798900";"Q54171";;"2021-08-30 05:26:31";"System";"2021-08-30 05:26:31";"System"
"1623";"Silesian Voivodeship";"176";"PL";"83";"SL";"50.57165950";"19.32197680";"Q54181";;"2021-08-30 05:26:31";"System";"2021-08-30 05:26:31";"System"
"1624";"Pomeranian Voivodeship";"176";"PL";"82";"PM";"54.29442520";"18.15311640";"Q54180";;"2021-08-30 05:26:31";"System";"2021-08-30 05:26:31";"System"
"1625";"Kuyavian-Pomeranian Voivodeship";"176";"PL";"73";"KP";"53.16483630";"18.48342240";"Q54153";;"2021-08-30 05:26:31";"System";"2021-08-30 05:26:31";"System"
"1626";"Podkarpackie Voivodeship";"176";"PL";"80";"PK";"50.05747490";"22.08956910";"Q54175";;"2021-08-30 05:26:31";"System";"2021-08-30 05:26:31";"System"
"1628";"Warmian-Masurian Voivodeship";"176";"PL";"85";"WN";"53.86711170";"20.70278610";"Q54184";;"2021-08-30 05:26:31";"System";"2021-08-30 05:26:31";"System"
"1629";"Lower Silesian Voivodeship";"176";"PL";"72";"DS";"51.13398610";"16.88419610";"Q54150";;"2021-08-30 05:26:31";"System";"2021-08-30 05:26:31";"System"
"1630";"Świętokrzyskie Voivodeship";"176";"PL";"84";"SK";"50.62610410";"20.94062790";"Q54183";;"2021-08-30 05:26:31";"System";"2021-08-30 05:26:31";"System"
"1631";"Lubusz Voivodeship";"176";"PL";"76";"LB";"52.22746120";"15.25591030";"Q54157";;"2021-08-30 05:26:31";"System";"2021-08-30 05:26:31";"System"
"1632";"Podlaskie Voivodeship";"176";"PL";"81";"PD";"53.06971590";"22.96746390";"Q54177";;"2021-08-30 05:26:31";"System";"2021-08-30 05:26:31";"System"
"1633";"West Pomeranian Voivodeship";"176";"PL";"87";"ZP";"53.46578910";"15.18225810";"Q54188";;"2021-08-30 05:26:31";"System";"2021-08-30 05:26:31";"System"
"1634";"Greater Poland Voivodeship";"176";"PL";"86";"WP";"52.27998600";"17.35229390";"Q54187";;"2021-08-30 05:26:31";"System";"2021-08-30 05:26:31";"System"
"1635";"Lesser Poland Voivodeship";"176";"PL";"77";"MA";"49.72253060";"20.25033580";"Q54159";;"2021-08-30 05:26:31";"System";"2021-08-30 05:26:31";"System"
"1636";"Łódź Voivodeship";"176";"PL";"74";"LD";"51.46347710";"19.17269740";"Q54158";;"2021-08-30 05:26:31";"System";"2021-08-30 05:26:31";"System"
"1637";"Masovian Voivodeship";"176";"PL";"78";"MZ";"51.89271820";"21.00216790";"Q54169";;"2021-08-30 05:26:31";"System";"2021-08-30 05:26:31";"System"
"1638";"Lublin Voivodeship";"176";"PL";"75";"LU";"51.24935190";"23.10113920";"Q54155";;"2021-08-30 05:26:31";"System";"2021-08-30 05:26:31";"System"
"1639";"Aargau";"214";"CH";"01";"AG";"47.38766640";"8.25542950";"Q11972";;"2021-08-30 05:26:31";"System";"2021-08-30 05:26:31";"System"
"1640";"Canton of Fribourg";"214";"CH";"06";"FR";"46.68167480";"7.11726350";"Q12640";;"2021-08-30 05:26:31";"System";"2021-08-30 05:26:31";"System"
"1641";"Basel-Landschaft";"214";"CH";"03";"BL";"47.44181220";"7.76440020";"Q12146";;"2021-08-30 05:26:31";"System";"2021-08-30 05:26:31";"System"
"1642";"Uri";"214";"CH";"21";"UR";"41.48606470";"-71.53085370";"Q12404";;"2021-08-30 05:26:31";"System";"2021-08-30 05:26:31";"System"
"1643";"Ticino";"214";"CH";"20";"TI";"46.33173400";"8.80045290";"Q12724";;"2021-08-30 05:26:31";"System";"2021-08-30 05:26:31";"System"
"1644";"Canton of St. Gallen";"214";"CH";"15";"SG";"47.14562540";"9.35043320";"Q12746";;"2021-08-30 05:26:31";"System";"2021-08-30 05:26:31";"System"
"1645";"canton of Bern";"214";"CH";"05";"BE";"46.79886210";"7.70807010";"Q11911";;"2021-08-30 05:26:31";"System";"2021-08-30 05:26:31";"System"
"1646";"Canton of Zug";"214";"CH";"24";"ZG";"47.16615050";"8.51547490";"Q11933";;"2021-08-30 05:26:31";"System";"2021-08-30 05:26:31";"System"
"1647";"Canton of Geneva";"214";"CH";"07";"GE";"46.21800730";"6.12169250";"Q11917";;"2021-08-30 05:26:31";"System";"2021-08-30 05:26:31";"System"
"1648";"Canton of Valais";"214";"CH";"22";"VS";"46.19046140";"7.54492260";"Q834";;"2021-08-30 05:26:31";"System";"2021-08-30 05:26:31";"System"
"1649";"Appenzell Innerrhoden";"214";"CH";"10";"AI";"47.31619250";"9.43165730";"Q12094";;"2021-08-30 05:26:31";"System";"2021-08-30 05:26:31";"System"
"1650";"Obwalden";"214";"CH";"14";"OW";"46.87785800";"8.25124900";"Q12573";;"2021-08-30 05:26:31";"System";"2021-08-30 05:26:31";"System"
"1651";"Canton of Vaud";"214";"CH";"23";"VD";"46.56131350";"6.53676500";"Q12771";;"2021-08-30 05:26:31";"System";"2021-08-30 05:26:31";"System"
"1652";"Nidwalden";"214";"CH";"13";"NW";"46.92670160";"8.38499820";"Q12592";;"2021-08-30 05:26:31";"System";"2021-08-30 05:26:31";"System"
"1653";"Schwyz";"214";"CH";"17";"SZ";"47.02071380";"8.65298840";"Q12433";;"2021-08-30 05:26:31";"System";"2021-08-30 05:26:31";"System"
"1654";"Canton of Schaffhausen";"214";"CH";"16";"SH";"47.70093640";"8.56800400";"Q12697";;"2021-08-30 05:26:31";"System";"2021-08-30 05:26:31";"System"
"1655";"Appenzell Ausserrhoden";"214";"CH";"02";"AR";"47.36648100";"9.30009160";"Q12079";;"2021-08-30 05:26:31";"System";"2021-08-30 05:26:31";"System"
"1656";"canton of Zürich";"214";"CH";"25";"ZH";"47.35953600";"8.63564520";"Q11943";;"2021-08-30 05:26:31";"System";"2021-08-30 05:26:31";"System"
"1657";"Thurgau";"214";"CH";"19";"TG";"47.60378560";"9.05573710";"Q12713";;"2021-08-30 05:26:31";"System";"2021-08-30 05:26:31";"System"
"1658";"Canton of Jura";"214";"CH";"26";"JU";"47.34444740";"7.14306080";"Q12755";;"2021-08-30 05:26:31";"System";"2021-08-30 05:26:31";"System"
"1659";"Canton of Neuchâtel";"214";"CH";"12";"NE";"46.98998740";"6.92927320";"Q12738";;"2021-08-30 05:26:31";"System";"2021-08-30 05:26:31";"System"
"1660";"Graubünden";"214";"CH";"09";"GR";"46.65698710";"9.57802570";"Q11925";;"2021-08-30 05:26:31";"System";"2021-08-30 05:26:31";"System"
"1661";"Glarus";"214";"CH";"08";"GL";"47.04112320";"9.06790000";"Q11922";;"2021-08-30 05:26:31";"System";"2021-08-30 05:26:31";"System"
"1662";"Canton of Solothurn";"214";"CH";"18";"SO";"47.33207170";"7.63883850";"Q11929";;"2021-08-30 05:26:31";"System";"2021-08-30 05:26:31";"System"
"1663";"Canton of Lucerne";"214";"CH";"11";"LU";"47.07956710";"8.16624450";"Q12121";;"2021-08-30 05:26:31";"System";"2021-08-30 05:26:31";"System"
"1664";"Tuscany";"107";"IT";"16";"52";"43.77105130";"11.24862080";"Q1273";;"2021-08-30 05:26:31";"System";"2021-08-30 05:26:31";"System"
"1665";"Province of Padua";"107";"IT";"16";"PD";"45.36618640";"11.82091390";"Q16226";;"2021-08-30 05:26:31";"System";"2021-08-30 05:26:31";"System"
"1666";"Province of Parma";"107";"IT";"16";"PR";"44.80153220";"10.32793540";"Q16228";;"2021-08-30 05:26:31";"System";"2021-08-30 05:26:31";"System"
"1667";"Libero consorzio comunale di Siracusa";"107";"IT";"16";"SR";"37.06569240";"15.28571090";"Q25510290";;"2021-08-30 05:26:31";"System";"2021-08-30 05:26:31";"System"
"1668";"Metropolitan City of Palermo";"107";"IT";"16";"PA";"38.11569000";"13.36148680";"Q20795016";;"2021-08-30 05:26:31";"System";"2021-08-30 05:26:31";"System"
"1669";"Campania";"107";"IT";"04";"72";"40.66708870";"15.10681130";"Q1438";;"2021-08-30 05:26:31";"System";"2021-08-30 05:26:31";"System"
"1670";"Marche";"107";"IT";"10";"57";"30.55670700";"-81.44930300";"Q1279";;"2021-08-30 05:26:31";"System";"2021-08-30 05:26:31";"System"
"1671";"Metropolitan City of Reggio Calabria";"107";"IT";"10";"RC";"38.10843960";"15.64370480";"Q3678586";;"2021-08-30 05:26:31";"System";"2021-08-30 05:26:31";"System"
"1672";"Province of Ancona";"107";"IT";"10";"AN";"43.54932450";"13.26634790";"Q16114";;"2021-08-30 05:26:31";"System";"2021-08-30 05:26:31";"System"
"1673";"Metropolitan City of Venice";"107";"IT";"10";"VE";"45.44146850";"12.31526720";"Q3678587";;"2021-08-30 05:26:31";"System";"2021-08-30 05:26:31";"System"
"1674";"Province of Latina";"107";"IT";"10";"LT";"41.40874760";"13.08179030";"Q16196";;"2021-08-30 05:26:31";"System";"2021-08-30 05:26:31";"System"
"1675";"Province of Lecce";"107";"IT";"10";"LE";"40.23473930";"18.14286690";"Q16197";;"2021-08-30 05:26:31";"System";"2021-08-30 05:26:31";"System"
"1676";"Province of Pavia";"107";"IT";"10";"PV";"45.32181660";"8.84662360";"Q16231";;"2021-08-30 05:26:31";"System";"2021-08-30 05:26:31";"System"
"1677";"Province of Lecco";"107";"IT";"10";"LC";"45.93829410";"9.38572900";"Q16199";;"2021-08-30 05:26:31";"System";"2021-08-30 05:26:31";"System"
"1678";"Lazio";"107";"IT";"07";"62";"45.69916670";"-73.65583330";"Q1282";;"2021-08-30 05:26:31";"System";"2021-08-30 05:26:31";"System"
"1679";"Abruzzo";"107";"IT";"01";"65";"42.19201190";"13.72891670";"Q1284";;"2021-08-30 05:26:31";"System";"2021-08-30 05:26:31";"System"
"1680";"Metropolitan City of Florence";"107";"IT";"01";"FI";"43.76791780";"11.25237920";"Q18288148";;"2021-08-30 05:26:31";"System";"2021-08-30 05:26:31";"System"
"1681";"Province of Ascoli Piceno";"107";"IT";"01";"AP";"42.86389330";"13.58997330";"Q16117";;"2021-08-30 05:26:31";"System";"2021-08-30 05:26:31";"System"
"1682";"Metropolitan City of Cagliari";"107";"IT";"01";"CA";"39.22384110";"9.12166130";"Q3622022";;"2021-08-30 05:26:31";"System";"2021-08-30 05:26:31";"System"
"1683";"Umbria";"107";"IT";"18";"55";"42.93800400";"12.62162110";"Q1280";;"2021-08-30 05:26:31";"System";"2021-08-30 05:26:31";"System"
"1684";"Metropolitan City of Bologna";"107";"IT";"18";"BO";"44.49488700";"11.34261620";"Q18288145";;"2021-08-30 05:26:31";"System";"2021-08-30 05:26:31";"System"
"1685";"Province of Pisa";"107";"IT";"18";"PI";"43.72283150";"10.40171940";"Q16244";;"2021-08-30 05:26:31";"System";"2021-08-30 05:26:31";"System"
"1686";"Province of Barletta-Andria-Trani";"107";"IT";"18";"BT";"41.20045430";"16.20514840";"Q16124";;"2021-08-30 05:26:31";"System";"2021-08-30 05:26:31";"System"
"1687";"Province of Pistoia";"107";"IT";"18";"PT";"43.95437330";"10.89030990";"Q16245";;"2021-08-30 05:26:31";"System";"2021-08-30 05:26:31";"System"
"1688";"Apulia";"107";"IT";"13";"75";"40.79283930";"17.10119310";"Q1447";;"2021-08-30 05:26:31";"System";"2021-08-30 05:26:31";"System"
"1689";"Province of Belluno";"107";"IT";"13";"BL";"46.24976590";"12.19695650";"Q16126";;"2021-08-30 05:26:31";"System";"2021-08-30 05:26:31";"System"
"1690";"Province of Pordenone";"107";"IT";"13";"PN";"46.03788620";"12.71083500";"Q16247";;"2021-08-30 05:26:31";"System";"2021-08-30 05:26:31";"System"
"1691";"Province of Perugia";"107";"IT";"13";"PG";"42.93800400";"12.62162110";"Q16240";;"2021-08-30 05:26:31";"System";"2021-08-30 05:26:31";"System"
"1692";"Province of Avellino";"107";"IT";"13";"AV";"40.99645100";"15.12589550";"Q16120";;"2021-08-30 05:26:31";"System";"2021-08-30 05:26:31";"System"
"1693";"Pesaro and Urbino Province";"107";"IT";"13";"PU";"43.61301180";"12.71351210";"Q16241";;"2021-08-30 05:26:31";"System";"2021-08-30 05:26:31";"System"
"1694";"Province of Pescara";"107";"IT";"13";"PE";"42.35706550";"13.96080910";"Q16242";;"2021-08-30 05:26:31";"System";"2021-08-30 05:26:31";"System"
"1695";"Molise";"107";"IT";"11";"67";"41.67388650";"14.75209390";"Q1443";;"2021-08-30 05:26:31";"System";"2021-08-30 05:26:31";"System"
"1696";"Province of Piacenza";"107";"IT";"11";"PC";"44.82631120";"9.52914470";"Q16243";;"2021-08-30 05:26:31";"System";"2021-08-30 05:26:31";"System"
"1697";"Province of Potenza";"107";"IT";"11";"PZ";"40.41821940";"15.87600400";"Q16249";;"2021-08-30 05:26:31";"System";"2021-08-30 05:26:31";"System"
"1698";"Metropolitan City of Milan";"107";"IT";"11";"MI";"45.45862600";"9.18187300";"Q18288155";;"2021-08-30 05:26:31";"System";"2021-08-30 05:26:31";"System"
"1699";"Metropolitan City of Genoa";"107";"IT";"11";"GE";"44.40564930";"8.94625640";"Q18288152";;"2021-08-30 05:26:31";"System";"2021-08-30 05:26:31";"System"
"1700";"Province of Prato";"107";"IT";"11";"PO";"44.04539000";"11.11644520";"Q16250";;"2021-08-30 05:26:31";"System";"2021-08-30 05:26:31";"System"
"1701";"Benevento Province";"107";"IT";"11";"BN";"41.20350930";"14.75209390";"Q16134";;"2021-08-30 05:26:31";"System";"2021-08-30 05:26:31";"System"
"1702";"Piedmont";"107";"IT";"12";"21";"45.05223660";"7.51538850";"Q1216";;"2021-08-30 05:26:31";"System";"2021-08-30 05:26:31";"System"
"1703";"Calabria";"107";"IT";"03";"78";"39.30877140";"16.34637910";"Q1458";;"2021-08-30 05:26:31";"System";"2021-08-30 05:26:31";"System"
"1704";"Province of Bergamo";"107";"IT";"03";"BG";"45.69826420";"9.67726980";"Q16137";;"2021-08-30 05:26:31";"System";"2021-08-30 05:26:31";"System"
"1705";"Lombardy";"107";"IT";"09";"25";"45.47906710";"9.84524330";"Q1210";;"2021-08-30 05:26:31";"System";"2021-08-30 05:26:31";"System"
"1706";"Basilicata";"107";"IT";"02";"77";"40.64307660";"15.96998780";"Q1452";;"2021-08-30 05:26:31";"System";"2021-08-30 05:26:31";"System"
"1707";"Province of Ravenna";"107";"IT";"02";"RA";"44.41844430";"12.20359980";"Q16252";;"2021-08-30 05:26:31";"System";"2021-08-30 05:26:31";"System"
"1708";"Province of Reggio Emilia";"107";"IT";"02";"RE";"44.58565800";"10.55647360";"Q16254";;"2021-08-30 05:26:31";"System";"2021-08-30 05:26:31";"System"
"1709";"Sicily";"107";"IT";"15";"82";"37.59999380";"14.01535570";"Q1460";;"2021-08-30 05:26:31";"System";"2021-08-30 05:26:31";"System"
"1710";"Metropolitan City of Turin";"107";"IT";"15";"TO";"45.06329900";"7.66928900";"Q18288162";;"2021-08-30 05:26:31";"System";"2021-08-30 05:26:31";"System"
"1711";"Metropolitan City of Rome";"107";"IT";"15";"RM";"41.90270080";"12.49623520";"Q18288160";;"2021-08-30 05:26:31";"System";"2021-08-30 05:26:31";"System"
"1712";"Province of Rieti";"107";"IT";"15";"RI";"42.36744050";"12.89750980";"Q16267";;"2021-08-30 05:26:31";"System";"2021-08-30 05:26:31";"System"
"1713";"Province of Rimini";"107";"IT";"15";"RN";"44.06782880";"12.56951580";"Q16268";;"2021-08-30 05:26:31";"System";"2021-08-30 05:26:31";"System"
"1714";"Province of Brindisi";"107";"IT";"15";"BR";"40.61126630";"17.76362100";"Q16148";;"2021-08-30 05:26:31";"System";"2021-08-30 05:26:31";"System"
"1715";"Sardinia";"107";"IT";"14";"88";"40.12087520";"9.01289260";"Q1462";;"2021-08-30 05:26:31";"System";"2021-08-30 05:26:31";"System"
"1716";"Aosta Valley";"107";"IT";"19";"23";"45.73888780";"7.42618660";"Q1222";;"2021-08-30 05:26:31";"System";"2021-08-30 05:26:31";"System"
"1717";"Province of Brescia";"107";"IT";"19";"BS";"45.54155260";"10.21180190";"Q16144";;"2021-08-30 05:26:31";"System";"2021-08-30 05:26:31";"System"
"1718";"Libero consorzio comunale di Caltanissetta";"107";"IT";"19";"CL";"37.48601300";"14.06149820";"Q26160410";;"2021-08-30 05:26:31";"System";"2021-08-30 05:26:31";"System"
"1719";"Province of Rovigo";"107";"IT";"19";"RO";"45.02418180";"11.82381620";"Q16270";;"2021-08-30 05:26:31";"System";"2021-08-30 05:26:31";"System"
"1720";"Province of Salerno";"107";"IT";"19";"SA";"40.42878320";"15.21948080";"Q16271";;"2021-08-30 05:26:31";"System";"2021-08-30 05:26:31";"System"
"1721";"Province of Campobasso";"107";"IT";"19";"CB";"41.67388650";"14.75209390";"Q16151";;"2021-08-30 05:26:31";"System";"2021-08-30 05:26:31";"System"
"1722";"Province of Sassari";"107";"IT";"19";"SS";"40.79679070";"8.57504070";"Q16272";;"2021-08-30 05:26:31";"System";"2021-08-30 05:26:31";"System"
"1723";"Libero consorzio comunale di Enna";"107";"IT";"19";"EN";"37.56762160";"14.27953490";"Q26160408";;"2021-08-30 05:26:31";"System";"2021-08-30 05:26:31";"System"
"1724";"Metropolitan City of Naples";"107";"IT";"19";"NA";"40.90197500";"14.33264400";"Q18241891";;"2021-08-30 05:26:31";"System";"2021-08-30 05:26:31";"System"
"1725";"Trentino-South Tyrol";"107";"IT";"17";"32";"46.43366620";"11.16932960";"Q1237";;"2021-08-30 05:26:31";"System";"2021-08-30 05:26:31";"System"
"1726";"Province of Verbano-Cusio-Ossola";"107";"IT";"17";"VB";"46.13996880";"8.27246490";"Q16312";;"2021-08-30 05:26:31";"System";"2021-08-30 05:26:31";"System"
"1727";"Libero consorzio comunale di Agrigento";"107";"IT";"17";"AG";"37.31052020";"13.58579780";"Q26160406";;"2021-08-30 05:26:31";"System";"2021-08-30 05:26:31";"System"
"1728";"Province of Catanzaro";"107";"IT";"17";"CZ";"38.88963480";"16.44058720";"Q16159";;"2021-08-30 05:26:31";"System";"2021-08-30 05:26:31";"System"
"1729";"Libero consorzio comunale di Ragusa";"107";"IT";"17";"RG";"36.92692730";"14.72551290";"Q26160405";;"2021-08-30 05:26:31";"System";"2021-08-30 05:26:31";"System"
"1730";"Province of Carbonia-Iglesias";"107";"IT";"17";"CI";"39.25346590";"8.57210160";"Q16152";;"2021-08-30 05:26:31";"System";"2021-08-30 05:26:31";"System"
"1731";"Province of Caserta";"107";"IT";"17";"CE";"41.20783540";"14.10013260";"Q16153";;"2021-08-30 05:26:31";"System";"2021-08-30 05:26:31";"System"
"1732";"Province of Savona";"107";"IT";"17";"SV";"44.28879950";"8.26505800";"Q16274";;"2021-08-30 05:26:31";"System";"2021-08-30 05:26:31";"System"
"1733";"Libero consorzio comunale di Trapani";"107";"IT";"17";"TP";"38.01831160";"12.51482650";"Q26160403";;"2021-08-30 05:26:31";"System";"2021-08-30 05:26:31";"System"
"1734";"Province of Siena";"107";"IT";"17";"SI";"43.29377320";"11.43391480";"Q16275";;"2021-08-30 05:26:31";"System";"2021-08-30 05:26:31";"System"
"1735";"Province of Viterbo";"107";"IT";"17";"VT";"42.40024200";"11.88917210";"Q16318";;"2021-08-30 05:26:31";"System";"2021-08-30 05:26:31";"System"
"1736";"Province of Verona";"107";"IT";"17";"VR";"45.44184980";"11.07353160";"Q16314";;"2021-08-30 05:26:31";"System";"2021-08-30 05:26:31";"System"
"1737";"Province of Vibo Valentia";"107";"IT";"17";"VV";"38.63785650";"16.20514840";"Q16315";;"2021-08-30 05:26:31";"System";"2021-08-30 05:26:31";"System"
"1738";"Province of Vicenza";"107";"IT";"17";"VI";"45.69839950";"11.56614650";"Q16316";;"2021-08-30 05:26:31";"System";"2021-08-30 05:26:31";"System"
"1739";"Province of Chieti";"107";"IT";"17";"CH";"42.03344280";"14.37919120";"Q16160";;"2021-08-30 05:26:31";"System";"2021-08-30 05:26:31";"System"
"1740";"Province of Como";"107";"IT";"17";"CO";"45.80804160";"9.08517930";"Q16161";;"2021-08-30 05:26:31";"System";"2021-08-30 05:26:31";"System"
"1741";"Province of Sondrio";"107";"IT";"17";"SO";"46.17276360";"9.79949170";"Q16282";;"2021-08-30 05:26:31";"System";"2021-08-30 05:26:31";"System"
"1742";"Province of Cosenza";"107";"IT";"17";"CS";"39.56441050";"16.25221430";"Q16162";;"2021-08-30 05:26:31";"System";"2021-08-30 05:26:31";"System"
"1743";"Province of Taranto";"107";"IT";"17";"TA";"40.57409010";"17.24299760";"Q16283";;"2021-08-30 05:26:31";"System";"2021-08-30 05:26:31";"System"
"1744";"Province of Fermo";"107";"IT";"17";"FM";"43.09313670";"13.58997330";"Q16167";;"2021-08-30 05:26:31";"System";"2021-08-30 05:26:31";"System"
"1745";"Province of Livorno";"107";"IT";"17";"LI";"43.02398480";"10.66471010";"Q16200";;"2021-08-30 05:26:31";"System";"2021-08-30 05:26:31";"System"
"1746";"Province of Ferrara";"107";"IT";"17";"FE";"44.76636800";"11.76440680";"Q16168";;"2021-08-30 05:26:31";"System";"2021-08-30 05:26:31";"System"
"1747";"Province of Lodi";"107";"IT";"17";"LO";"45.24050360";"9.52925120";"Q16201";;"2021-08-30 05:26:31";"System";"2021-08-30 05:26:31";"System"
"1748";"Trentino";"107";"IT";"17";"TN";"46.05120040";"11.11753920";"Q16289";;"2021-08-30 05:26:31";"System";"2021-08-30 05:26:31";"System"
"1749";"Province of Lucca";"107";"IT";"17";"LU";"43.83767360";"10.49505300";"Q16202";;"2021-08-30 05:26:31";"System";"2021-08-30 05:26:31";"System"
"1750";"Province of Macerata";"107";"IT";"17";"MC";"43.24593220";"13.26634790";"Q16203";;"2021-08-30 05:26:31";"System";"2021-08-30 05:26:31";"System"
"1751";"Province of Cremona";"107";"IT";"17";"CR";"45.20143750";"9.98365820";"Q16163";;"2021-08-30 05:26:31";"System";"2021-08-30 05:26:31";"System"
"1752";"Province of Teramo";"107";"IT";"17";"TE";"42.58956080";"13.63627150";"Q16284";;"2021-08-30 05:26:31";"System";"2021-08-30 05:26:31";"System"
"1753";"Veneto";"107";"IT";"20";"34";"45.44146620";"12.31525950";"Q1243";;"2021-08-30 05:26:31";"System";"2021-08-30 05:26:31";"System"
"1754";"Province of Crotone";"107";"IT";"20";"KR";"39.13098560";"17.00670310";"Q16165";;"2021-08-30 05:26:31";"System";"2021-08-30 05:26:31";"System"
"1755";"Province of Terni";"107";"IT";"20";"TR";"42.56345340";"12.52980280";"Q16286";;"2021-08-30 05:26:31";"System";"2021-08-30 05:26:31";"System"
"1756";"Friuli–Venezia Giulia";"107";"IT";"06";"36";"46.22591770";"13.10336460";"Q1250";;"2021-08-30 05:26:31";"System";"2021-08-30 05:26:31";"System"
"1757";"Province of Modena";"107";"IT";"06";"MO";"44.55137990";"10.91804800";"Q16209";;"2021-08-30 05:26:31";"System";"2021-08-30 05:26:31";"System"
"1758";"Province of Mantua";"107";"IT";"06";"MN";"45.16677280";"10.77536130";"Q16204";;"2021-08-30 05:26:31";"System";"2021-08-30 05:26:31";"System"
"1759";"Province of Massa and Carrara";"107";"IT";"06";"MS";"44.22139980";"10.03596610";"Q16205";;"2021-08-30 05:26:31";"System";"2021-08-30 05:26:31";"System"
"1760";"Province of Matera";"107";"IT";"06";"MT";"40.66634960";"16.60436360";"Q16206";;"2021-08-30 05:26:31";"System";"2021-08-30 05:26:31";"System"
"1761";"Province of Medio Campidano";"107";"IT";"06";"VS";"39.53173890";"8.70407500";"Q16207";;"2021-08-30 05:26:31";"System";"2021-08-30 05:26:31";"System"
"1762";"Province of Treviso";"107";"IT";"06";"TV";"45.66685170";"12.24306170";"Q16292";;"2021-08-30 05:26:31";"System";"2021-08-30 05:26:31";"System"
"1763";"Province of Trieste";"107";"IT";"06";"TS";"45.68948230";"13.78330720";"Q16293";;"2021-08-30 05:26:31";"System";"2021-08-30 05:26:31";"System"
"1764";"Province of Udine";"107";"IT";"06";"UD";"46.14079720";"13.16628960";"Q16294";;"2021-08-30 05:26:31";"System";"2021-08-30 05:26:31";"System"
"1765";"Province of Varese";"107";"IT";"06";"VA";"45.79902600";"8.73009450";"Q16299";;"2021-08-30 05:26:31";"System";"2021-08-30 05:26:31";"System"
"1766";"Metropolitan City of Catania";"107";"IT";"06";"CT";"37.45154380";"15.05574150";"Q20991246";;"2021-08-30 05:26:31";"System";"2021-08-30 05:26:31";"System"
"1767";"South Tyrol";"107";"IT";"06";"BZ";"46.49494500";"11.34026570";"Q15124";;"2021-08-30 05:26:31";"System";"2021-08-30 05:26:31";"System"
"1768";"Liguria";"107";"IT";"08";"42";"44.31679170";"8.39649380";"Q1256";;"2021-08-30 05:26:31";"System";"2021-08-30 05:26:31";"System"
"1769";"Province of Monza and Brianza";"107";"IT";"08";"MB";"45.62359900";"9.25880150";"Q16210";;"2021-08-30 05:26:31";"System";"2021-08-30 05:26:31";"System"
"1770";"Metropolitan City of Messina";"107";"IT";"08";"ME";"38.19373350";"15.55420570";"Q20991250";;"2021-08-30 05:26:31";"System";"2021-08-30 05:26:31";"System"
"1771";"Province of Foggia";"107";"IT";"08";"FG";"41.63844800";"15.59433880";"Q15129";;"2021-08-30 05:26:31";"System";"2021-08-30 05:26:31";"System"
"1772";"Metropolitan City of Bari";"107";"IT";"08";"BA";"41.11714320";"16.87187150";"Q18241854";;"2021-08-30 05:26:31";"System";"2021-08-30 05:26:31";"System"
"1773";"Emilia-Romagna";"107";"IT";"05";"45";"44.59676070";"11.21863960";"Q1263";;"2021-08-30 05:26:31";"System";"2021-08-30 05:26:31";"System"
"1774";"Province of Novara";"107";"IT";"05";"NO";"45.54851330";"8.51507930";"Q16216";;"2021-08-30 05:26:31";"System";"2021-08-30 05:26:31";"System"
"1775";"Province of Cuneo";"107";"IT";"05";"CN";"44.59703140";"7.61142170";"Q15091";;"2021-08-30 05:26:31";"System";"2021-08-30 05:26:31";"System"
"1776";"Province of Frosinone";"107";"IT";"05";"FR";"41.65765280";"13.63627150";"Q16181";;"2021-08-30 05:26:31";"System";"2021-08-30 05:26:31";"System"
"1777";"Province of Gorizia";"107";"IT";"05";"GO";"45.90538990";"13.51637250";"Q16184";;"2021-08-30 05:26:31";"System";"2021-08-30 05:26:31";"System"
"1778";"Province of Biella";"107";"IT";"05";"BI";"45.56281760";"8.05827170";"Q15094";;"2021-08-30 05:26:31";"System";"2021-08-30 05:26:31";"System"
"1779";"Province of Forlì-Cesena";"107";"IT";"05";"FC";"43.99476810";"11.98046130";"Q16180";;"2021-08-30 05:26:31";"System";"2021-08-30 05:26:31";"System"
"1780";"Province of Asti";"107";"IT";"05";"AT";"44.90076520";"8.20643150";"Q15099";;"2021-08-30 05:26:31";"System";"2021-08-30 05:26:31";"System"
"1781";"Province of L'Aquila";"107";"IT";"05";"AQ";"42.12563170";"13.63627150";"Q16189";;"2021-08-30 05:26:31";"System";"2021-08-30 05:26:31";"System"
"1782";"Province of Ogliastra";"107";"IT";"05";"OG";"39.84105360";"9.45615500";"Q16223";;"2021-08-30 05:26:31";"System";"2021-08-30 05:26:31";"System"
"1783";"Province of Alessandria";"107";"IT";"05";"AL";"44.81755870";"8.70466270";"Q15097";;"2021-08-30 05:26:31";"System";"2021-08-30 05:26:31";"System"
"1784";"Province of Olbia-Tempio";"107";"IT";"05";"OT";"40.82683830";"9.27855830";"Q16224";;"2021-08-30 05:26:31";"System";"2021-08-30 05:26:31";"System"
"1785";"Province of Vercelli";"107";"IT";"05";"VC";"45.32022040";"8.41850800";"Q15096";;"2021-08-30 05:26:31";"System";"2021-08-30 05:26:31";"System"
"1786";"Province of Oristano";"107";"IT";"05";"OR";"40.05990680";"8.74811670";"Q16225";;"2021-08-30 05:26:31";"System";"2021-08-30 05:26:31";"System"
"1787";"Province of Grosseto";"107";"IT";"05";"GR";"42.85180070";"11.25237920";"Q16185";;"2021-08-30 05:26:31";"System";"2021-08-30 05:26:31";"System"
"1788";"Province of Imperia";"107";"IT";"05";"IM";"43.94186600";"7.82863680";"Q16186";;"2021-08-30 05:26:31";"System";"2021-08-30 05:26:31";"System"
"1789";"Province of Isernia";"107";"IT";"05";"IS";"41.58915550";"14.19309180";"Q16187";;"2021-08-30 05:26:31";"System";"2021-08-30 05:26:31";"System"
"1790";"Province of Nuoro";"107";"IT";"05";"NU";"40.32869040";"9.45615500";"Q16220";;"2021-08-30 05:26:31";"System";"2021-08-30 05:26:31";"System"
"1791";"Province of La Spezia";"107";"IT";"05";"SP";"44.24479130";"9.76786870";"Q16188";;"2021-08-30 05:26:31";"System";"2021-08-30 05:26:31";"System"
"1792";"North Sumatra (Sumatra Utara)";"102";"ID";"26";"SU";"2.11535470";"99.54509740";"Q2140";;"2021-08-30 05:26:31";"System";"2021-08-30 05:26:31";"System"
"1793";"Bengkulu";"102";"ID";"03";"BE";"-3.79284510";"102.26076410";"Q1890";;"2021-08-30 05:26:31";"System";"2021-08-30 05:26:31";"System"
"1794";"Central Kalimantan (Kalimantan Tengah)";"102";"ID";"13";"KT";"-1.68148780";"113.38235450";"Q3891";;"2021-08-30 05:26:31";"System";"2021-08-30 05:26:31";"System"
"1795";"South Sulawesi (Sulawesi Selatan)";"102";"ID";"38";"SN";"-3.66879940";"119.97405340";"Q5078";;"2021-08-30 05:26:31";"System";"2021-08-30 05:26:31";"System"
"1796";"Southeast Sulawesi (Sulawesi Tenggara)";"102";"ID";"22";"SG";"-4.14491000";"122.17460500";"Q5075";;"2021-08-30 05:26:31";"System";"2021-08-30 05:26:31";"System"
"1797";"Sumatra";"102";"ID";"22";"SM";"-0.58972400";"101.34310580";"Q3492";;"2021-08-30 05:26:31";"System";"2021-08-30 05:26:31";"System"
"1798";"Papua";"102";"ID";"36";"PA";"-5.01222020";"141.34701590";"Q5095";;"2021-08-30 05:26:31";"System";"2021-08-30 05:26:31";"System"
"1799";"West Papua (Papua Barat)";"102";"ID";"39";"PB";"-1.33611540";"133.17471620";"Q5096";;"2021-08-30 05:26:31";"System";"2021-08-30 05:26:31";"System"
"1800";"Maluku";"102";"ID";"28";"MA";"-3.23846160";"130.14527340";"Q5093";;"2021-08-30 05:26:31";"System";"2021-08-30 05:26:31";"System"
"1801";"North Maluku (Maluku Utara)";"102";"ID";"29";"MU";"1.57099930";"127.80876930";"Q5094";;"2021-08-30 05:26:31";"System";"2021-08-30 05:26:31";"System"
"1802";"Central Java (Jawa Tengah)";"102";"ID";"07";"JT";"-7.15097500";"110.14025940";"Q3557";;"2021-08-30 05:26:31";"System";"2021-08-30 05:26:31";"System"
"1803";"Sulawesi";"102";"ID";"07";"SL";"-1.84790000";"120.52790000";"Q3812";;"2021-08-30 05:26:31";"System";"2021-08-30 05:26:31";"System"
"1804";"East Kalimantan (Kalimantan Timur)";"102";"ID";"14";"KI";"0.53865860";"116.41938900";"Q3899";;"2021-08-30 05:26:31";"System";"2021-08-30 05:26:31";"System"
"1805";"Jakarta (DKI Jakarta)";"102";"ID";"04";"JK";"-6.20876340";"106.84559900";"Q3630";;"2021-08-30 05:26:31";"System";"2021-08-30 05:26:31";"System"
"1806";"Kalimantan";"102";"ID";"04";"KA";"0.96188340";"114.55484950";"Q3795";;"2021-08-30 05:26:31";"System";"2021-08-30 05:26:31";"System"
"1807";"Riau Islands (Kepulauan Riau)";"102";"ID";"40";"KR";"3.94565140";"108.14286690";"Q2223";;"2021-08-30 05:26:31";"System";"2021-08-30 05:26:31";"System"
"1808";"North Sulawesi (Sulawesi Utara)";"102";"ID";"31";"SA";"0.62469320";"123.97500180";"Q5068";;"2021-08-30 05:26:31";"System";"2021-08-30 05:26:31";"System"
"1809";"Riau";"102";"ID";"37";"RI";"0.29334690";"101.70682940";"Q2175";;"2021-08-30 05:26:31";"System";"2021-08-30 05:26:31";"System"
"1810";"Banten";"102";"ID";"33";"BT";"-6.40581720";"106.06401790";"Q3540";;"2021-08-30 05:26:31";"System";"2021-08-30 05:26:31";"System"
"1811";"Lampung";"102";"ID";"15";"LA";"-4.55858490";"105.40680790";"Q2110";;"2021-08-30 05:26:31";"System";"2021-08-30 05:26:31";"System"
"1812";"Gorontalo";"102";"ID";"34";"GO";"0.54354420";"123.05676930";"Q5067";;"2021-08-30 05:26:31";"System";"2021-08-30 05:26:31";"System"
"1813";"Central Sulawesi (Sulawesi Tengah)";"102";"ID";"21";"ST";"-1.43002540";"121.44561790";"Q5065";;"2021-08-30 05:26:31";"System";"2021-08-30 05:26:31";"System"
"1814";"West Nusa Tenggara (Nusa Tenggara Barat)";"102";"ID";"17";"NB";"-8.65293340";"117.36164760";"Q5062";;"2021-08-30 05:26:31";"System";"2021-08-30 05:26:31";"System"
"1815";"Jambi";"102";"ID";"05";"JA";"-1.61012290";"103.61312030";"Q2051";;"2021-08-30 05:26:31";"System";"2021-08-30 05:26:31";"System"
"1816";"South Sumatra (Sumatra Selatan)";"102";"ID";"32";"SS";"-3.31943740";"103.91439900";"Q2271";;"2021-08-30 05:26:31";"System";"2021-08-30 05:26:31";"System"
"1817";"West Sulawesi (Sulawesi Barat)";"102";"ID";"41";"SR";"-2.84413710";"119.23207840";"Q5082";;"2021-08-30 05:26:31";"System";"2021-08-30 05:26:31";"System"
"1818";"East Nusa Tenggara (Nusa Tenggara Timur)";"102";"ID";"18";"NT";"-8.65738190";"121.07937050";"Q5061";;"2021-08-30 05:26:31";"System";"2021-08-30 05:26:31";"System"
"1819";"South Kalimantan (Kalimantan Selatan)";"102";"ID";"12";"KS";"-3.09264150";"115.28375850";"Q3906";;"2021-08-30 05:26:31";"System";"2021-08-30 05:26:31";"System"
"1820";"Bangka Belitung Islands (Kepulauan Bangka Belitung)";"102";"ID";"35";"BB";"-2.74105130";"106.44058720";"Q1866";;"2021-08-30 05:26:31";"System";"2021-08-30 05:26:31";"System"
"1821";"Lesser Sunda Islands";"102";"ID";"35";"NU";"-9.00000000";"120.00000000";"Q3803";;"2021-08-30 05:26:31";"System";"2021-08-30 05:26:31";"System"
"1822";"Aceh";"102";"ID";"01";"AC";"4.69513500";"96.74939930";"Q1823";;"2021-08-30 05:26:31";"System";"2021-08-30 05:26:31";"System"
"1823";"Maluku Islands";"102";"ID";"01";"ML";"-2.86461660";"129.57659740";"Q3827";;"2021-08-30 05:26:31";"System";"2021-08-30 05:26:31";"System"
"1824";"North Kalimantan (Kalimantan Utara)";"102";"ID";"42";"KU";"3.07309290";"116.04138890";"Q3903";;"2021-08-30 05:26:31";"System";"2021-08-30 05:26:31";"System"
"1825";"West Java (Jawa Barat)";"102";"ID";"30";"JB";"-7.09091100";"107.66888700";"Q3724";;"2021-08-30 05:26:31";"System";"2021-08-30 05:26:31";"System"
"1826";"Bali";"102";"ID";"02";"BA";"-8.34053890";"115.09195090";"Q3125978";;"2021-08-30 05:26:31";"System";"2021-08-30 05:26:31";"System"
"1827";"East Java (Jawa Timur)";"102";"ID";"08";"JI";"-7.53606390";"112.23840170";"Q3586";;"2021-08-30 05:26:31";"System";"2021-08-30 05:26:31";"System"
"1828";"West Sumatra (Sumatra Barat)";"102";"ID";"24";"SB";"-0.73993970";"100.80000510";"Q2772";;"2021-08-30 05:26:31";"System";"2021-08-30 05:26:31";"System"
"1829";"Special Region of Yogyakarta (DI Yogyakarta)";"102";"ID";"10";"YO";"-7.87538490";"110.42620880";"Q3741";;"2021-08-30 05:26:31";"System";"2021-08-30 05:26:31";"System"
"1830";"Phoenix Islands";"114";"KI";"03";"P";"33.32843690";"-111.98247740";"Q271674";;"2021-08-30 05:26:31";"System";"2021-08-30 05:26:31";"System"
"1831";"Gilbert Islands";"114";"KI";"01";"G";"0.35242620";"174.75526340";"Q271876";;"2021-08-30 05:26:31";"System";"2021-08-30 05:26:31";"System"
"1832";"Line Islands";"114";"KI";"02";"L";"1.74294390";"-157.21328260";"Q55076234";;"2021-08-30 05:26:31";"System";"2021-08-30 05:26:31";"System"
"1833";"Primorsky Krai";"182";"RU";"59";"PRI";"45.05256410";"135.00000000";"Q4341";;"2021-08-30 05:26:31";"System";"2021-08-30 05:26:31";"System"
"1834";"Novgorod Oblast";"182";"RU";"52";"NGR";"58.24275520";"32.56651900";"Q2240";;"2021-08-30 05:26:31";"System";"2021-08-30 05:26:31";"System"
"1835";"Jewish Autonomous Oblast";"182";"RU";"89";"YEV";"48.48081470";"131.76573670";"Q7730";;"2021-08-30 05:26:31";"System";"2021-08-30 05:26:31";"System"
"1836";"Nenets Autonomous Okrug";"182";"RU";"50";"NEN";"67.60783370";"57.63383310";"Q2164";;"2021-08-30 05:26:31";"System";"2021-08-30 05:26:31";"System"
"1837";"Rostov Oblast";"182";"RU";"61";"ROS";"47.68532470";"41.82589520";"Q3573";;"2021-08-30 05:26:31";"System";"2021-08-30 05:26:31";"System"
"1838";"Khanty-Mansi Autonomous Okrug";"182";"RU";"32";"KHM";"62.22870620";"70.64100570";"Q6320";;"2021-08-30 05:26:31";"System";"2021-08-30 05:26:31";"System"
"1839";"Magadan Oblast";"182";"RU";"44";"MAG";"62.66434170";"153.91499100";"Q7971";;"2021-08-30 05:26:31";"System";"2021-08-30 05:26:31";"System"
"1840";"Krasnoyarsk Krai";"182";"RU";"91";"KYA";"64.24797580";"95.11041760";"Q6563";;"2021-08-30 05:26:31";"System";"2021-08-30 05:26:31";"System"
"1841";"Republic of Karelia";"182";"RU";"28";"KR";"63.15587020";"32.99055520";"Q1914";;"2021-08-30 05:26:31";"System";"2021-08-30 05:26:31";"System"
"1842";"Republic of Buryatia";"182";"RU";"11";"BU";"54.83311460";"112.40605300";"Q6809";;"2021-08-30 05:26:31";"System";"2021-08-30 05:26:31";"System"
"1843";"Murmansk Oblast";"182";"RU";"49";"MUR";"67.84426740";"35.08841020";"Q1759";;"2021-08-30 05:26:31";"System";"2021-08-30 05:26:31";"System"
"1844";"Kaluga Oblast";"182";"RU";"25";"KLU";"54.38726660";"35.18890940";"Q2842";;"2021-08-30 05:26:31";"System";"2021-08-30 05:26:31";"System"
"1845";"Chelyabinsk Oblast";"182";"RU";"13";"CHE";"54.43194220";"60.87889630";"Q5714";;"2021-08-30 05:26:31";"System";"2021-08-30 05:26:31";"System"
"1846";"Omsk Oblast";"182";"RU";"54";"OMS";"55.05546690";"73.31673420";"Q5835";;"2021-08-30 05:26:31";"System";"2021-08-30 05:26:31";"System"
"1847";"Yamalo-Nenets Autonomous Okrug";"182";"RU";"87";"YAN";"66.06530570";"76.93451930";"Q6407";;"2021-08-30 05:26:31";"System";"2021-08-30 05:26:31";"System"
"1848";"Sakha Republic";"182";"RU";"63";"SA";"66.76134510";"124.12375300";"Q6605";;"2021-08-30 05:26:31";"System";"2021-08-30 05:26:31";"System"
"1849";"Arkhangelsk";"182";"RU";"06";"ARK";"64.54585490";"40.55057690";"Q1875";;"2021-08-30 05:26:31";"System";"2021-08-30 05:26:31";"System"
"1850";"Republic of Dagestan";"182";"RU";"17";"DA";"42.14318860";"47.09497990";"Q5118";;"2021-08-30 05:26:31";"System";"2021-08-30 05:26:31";"System"
"1851";"Yaroslavl Oblast";"182";"RU";"88";"YAR";"57.89915230";"38.83886330";"Q2448";;"2021-08-30 05:26:31";"System";"2021-08-30 05:26:31";"System"
"1852";"Republic of Adygea";"182";"RU";"01";"AD";"44.82291550";"40.17544630";"Q3734";;"2021-08-30 05:26:31";"System";"2021-08-30 05:26:31";"System"
"1853";"Republic of North Ossetia-Alania";"182";"RU";"68";"SE";"43.04513020";"44.28709720";"Q5237";;"2021-08-30 05:26:31";"System";"2021-08-30 05:26:31";"System"
"1854";"Republic of Bashkortostan";"182";"RU";"08";"BA";"54.23121720";"56.16452570";"Q5710";;"2021-08-30 05:26:31";"System";"2021-08-30 05:26:31";"System"
"1855";"Kursk Oblast";"182";"RU";"41";"KRS";"51.76340260";"35.38118120";"Q3178";;"2021-08-30 05:26:31";"System";"2021-08-30 05:26:31";"System"
"1856";"Ulyanovsk Oblast";"182";"RU";"81";"ULY";"53.97933570";"47.77624250";"Q5634";;"2021-08-30 05:26:31";"System";"2021-08-30 05:26:31";"System"
"1857";"Nizhny Novgorod Oblast";"182";"RU";"51";"NIZ";"55.79951590";"44.02967690";"Q2246";;"2021-08-30 05:26:31";"System";"2021-08-30 05:26:31";"System"
"1858";"Amur Oblast";"182";"RU";"05";"AMU";"54.60350650";"127.48017210";"Q6886";;"2021-08-30 05:26:31";"System";"2021-08-30 05:26:31";"System"
"1859";"Chukotka Autonomous Okrug";"182";"RU";"15";"CHU";"65.62983550";"171.69521590";"Q7984";;"2021-08-30 05:26:31";"System";"2021-08-30 05:26:31";"System"
"1860";"Tver Oblast";"182";"RU";"77";"TVE";"57.00216540";"33.98531420";"Q2292";;"2021-08-30 05:26:31";"System";"2021-08-30 05:26:31";"System"
"1861";"Republic of Tatarstan";"182";"RU";"73";"TA";"55.18023640";"50.72639450";"Q5481";;"2021-08-30 05:26:31";"System";"2021-08-30 05:26:31";"System"
"1862";"Samara Oblast";"182";"RU";"65";"SAM";"53.41838390";"50.47255280";"Q1727";;"2021-08-30 05:26:31";"System";"2021-08-30 05:26:31";"System"
"1863";"Pskov Oblast";"182";"RU";"60";"PSK";"56.77085990";"29.09400900";"Q2218";;"2021-08-30 05:26:31";"System";"2021-08-30 05:26:31";"System"
"1864";"Ivanovo Oblast";"182";"RU";"21";"IVA";"57.10568540";"41.48300840";"Q2654";;"2021-08-30 05:26:31";"System";"2021-08-30 05:26:31";"System"
"1865";"Kamchatka Krai";"182";"RU";"92";"KAM";"61.43439810";"166.78841310";"Q7948";;"2021-08-30 05:26:31";"System";"2021-08-30 05:26:31";"System"
"1866";"Astrakhan Oblast";"182";"RU";"07";"AST";"46.13211660";"48.06101150";"Q3941";;"2021-08-30 05:26:31";"System";"2021-08-30 05:26:31";"System"
"1867";"Bryansk Oblast";"182";"RU";"10";"BRY";"53.04085990";"33.26909000";"Q2810";;"2021-08-30 05:26:31";"System";"2021-08-30 05:26:31";"System"
"1868";"Stavropol Krai";"182";"RU";"70";"STA";"44.66809930";"43.52021400";"Q5207";;"2021-08-30 05:26:31";"System";"2021-08-30 05:26:31";"System"
"1869";"Karachay-Cherkess Republic";"182";"RU";"27";"KC";"43.88451430";"41.73039390";"Q5328";;"2021-08-30 05:26:31";"System";"2021-08-30 05:26:31";"System"
"1870";"Mari El Republic";"182";"RU";"45";"ME";"56.43845700";"47.96077580";"Q5446";;"2021-08-30 05:26:31";"System";"2021-08-30 05:26:31";"System"
"1871";"Perm Krai";"182";"RU";"90";"PER";"58.82319290";"56.58724810";"Q5400";;"2021-08-30 05:26:31";"System";"2021-08-30 05:26:31";"System"
"1872";"Tomsk Oblast";"182";"RU";"75";"TOM";"58.89698820";"82.67655000";"Q5884";;"2021-08-30 05:26:31";"System";"2021-08-30 05:26:31";"System"
"1873";"Khabarovsk Krai";"182";"RU";"30";"KHA";"50.58884310";"135.00000000";"Q7788";;"2021-08-30 05:26:31";"System";"2021-08-30 05:26:31";"System"
"1874";"Vologda Oblast";"182";"RU";"85";"VLG";"59.87067110";"40.65554110";"Q2015";;"2021-08-30 05:26:31";"System";"2021-08-30 05:26:31";"System"
"1875";"Sakhalin";"182";"RU";"64";"SAK";"50.69098480";"142.95056890";"Q7797";;"2021-08-30 05:26:31";"System";"2021-08-30 05:26:31";"System"
"1876";"Altai Republic";"182";"RU";"03";"AL";"50.61819240";"86.21993080";"Q5971";;"2021-08-30 05:26:31";"System";"2021-08-30 05:26:31";"System"
"1877";"Republic of Khakassia";"182";"RU";"31";"KK";"53.04522810";"90.39821450";"Q6543";;"2021-08-30 05:26:31";"System";"2021-08-30 05:26:31";"System"
"1878";"Tambov Oblast";"182";"RU";"72";"TAM";"52.64165890";"41.42164510";"Q3550";;"2021-08-30 05:26:31";"System";"2021-08-30 05:26:31";"System"
"1879";"Saint Petersburg";"182";"RU";"66";"SPE";"59.93105840";"30.36090960";"Q656";;"2021-08-30 05:26:31";"System";"2021-08-30 05:26:31";"System"
"1880";"Irkutsk";"182";"RU";"20";"IRK";"52.28548340";"104.28902220";"Q6585";;"2021-08-30 05:26:31";"System";"2021-08-30 05:26:31";"System"
"1881";"Vladimir Oblast";"182";"RU";"83";"VLA";"56.15534650";"40.59266850";"Q2702";;"2021-08-30 05:26:31";"System";"2021-08-30 05:26:31";"System"
"1882";"Moscow Oblast";"182";"RU";"47";"MOS";"55.34039600";"38.29176510";"Q1697";;"2021-08-30 05:26:31";"System";"2021-08-30 05:26:31";"System"
"1883";"Republic of Kalmykia";"182";"RU";"24";"KL";"46.18671760";"45.00000000";"Q3953";;"2021-08-30 05:26:31";"System";"2021-08-30 05:26:31";"System"
"1884";"Republic of Ingushetia";"182";"RU";"19";"IN";"43.40516980";"44.82029990";"Q5219";;"2021-08-30 05:26:31";"System";"2021-08-30 05:26:31";"System"
"1885";"Smolensk Oblast";"182";"RU";"69";"SMO";"54.98829940";"32.66773780";"Q2347";;"2021-08-30 05:26:31";"System";"2021-08-30 05:26:31";"System"
"1886";"Orenburg Oblast";"182";"RU";"55";"ORE";"51.76340260";"54.61881880";"Q5338";;"2021-08-30 05:26:31";"System";"2021-08-30 05:26:31";"System"
"1887";"Saratov Oblast";"182";"RU";"67";"SAR";"51.83692630";"46.75393970";"Q5334";;"2021-08-30 05:26:31";"System";"2021-08-30 05:26:31";"System"
"1888";"Novosibirsk";"182";"RU";"53";"NVS";"54.98326930";"82.89638310";"Q5851";;"2021-08-30 05:26:31";"System";"2021-08-30 05:26:31";"System"
"1889";"Lipetsk Oblast";"182";"RU";"43";"LIP";"52.52647020";"39.20322690";"Q3510";;"2021-08-30 05:26:31";"System";"2021-08-30 05:26:31";"System"
"1890";"Kirov Oblast";"182";"RU";"33";"KIR";"58.41985290";"50.20972480";"Q5387";;"2021-08-30 05:26:31";"System";"2021-08-30 05:26:31";"System"
"1891";"Krasnodar Krai";"182";"RU";"38";"KDA";"45.64152890";"39.70559770";"Q3680";;"2021-08-30 05:26:31";"System";"2021-08-30 05:26:31";"System"
"1892";"Kabardino-Balkar Republic";"182";"RU";"22";"KB";"43.39324690";"43.56284980";"Q5267";;"2021-08-30 05:26:31";"System";"2021-08-30 05:26:31";"System"
"1893";"Chechen Republic";"182";"RU";"12";"CE";"43.40233010";"45.71874680";"Q5187";;"2021-08-30 05:26:31";"System";"2021-08-30 05:26:31";"System"
"1894";"Sverdlovsk";"182";"RU";"71";"SVE";"56.84309930";"60.64540860";"Q5462";;"2021-08-30 05:26:31";"System";"2021-08-30 05:26:31";"System"
"1895";"Tula Oblast";"182";"RU";"76";"TUL";"54.16376800";"37.56495070";"Q2792";;"2021-08-30 05:26:31";"System";"2021-08-30 05:26:31";"System"
"1896";"Leningrad Oblast";"182";"RU";"42";"LEN";"60.07932080";"31.89266450";"Q2191";;"2021-08-30 05:26:31";"System";"2021-08-30 05:26:31";"System"
"1897";"Kemerovo Oblast";"182";"RU";"29";"KEM";"54.75746480";"87.40552880";"Q6076";;"2021-08-30 05:26:31";"System";"2021-08-30 05:26:31";"System"
"1898";"Republic of Mordovia";"182";"RU";"46";"MO";"54.23694410";"44.06839700";"Q5340";;"2021-08-30 05:26:31";"System";"2021-08-30 05:26:31";"System"
"1899";"Komi Republic";"182";"RU";"34";"KO";"63.86305390";"54.83126900";"Q2073";;"2021-08-30 05:26:31";"System";"2021-08-30 05:26:31";"System"
"1900";"Tuva Republic";"182";"RU";"79";"TY";"51.88726690";"95.62601720";"Q960";;"2021-08-30 05:26:31";"System";"2021-08-30 05:26:31";"System"
"1901";"Moscow";"182";"RU";"48";"MOW";"55.75582600";"37.61729990";"Q649";;"2021-08-30 05:26:31";"System";"2021-08-30 05:26:31";"System"
"1902";"Kaliningrad";"182";"RU";"23";"KGD";"54.71042640";"20.45221440";"Q1749";;"2021-08-30 05:26:31";"System";"2021-08-30 05:26:31";"System"
"1903";"Belgorod Oblast";"182";"RU";"09";"BEL";"50.71069260";"37.75333770";"Q3329";;"2021-08-30 05:26:31";"System";"2021-08-30 05:26:31";"System"
"1904";"Zabaykalsky Krai";"182";"RU";"93";"ZAB";"53.09287710";"116.96765610";"Q6838";;"2021-08-30 05:26:31";"System";"2021-08-30 05:26:31";"System"
"1905";"Ryazan Oblast";"182";"RU";"62";"RYA";"54.38759640";"41.25956610";"Q2753";;"2021-08-30 05:26:31";"System";"2021-08-30 05:26:31";"System"
"1906";"Voronezh Oblast";"182";"RU";"86";"VOR";"50.85897130";"39.86443740";"Q3447";;"2021-08-30 05:26:31";"System";"2021-08-30 05:26:31";"System"
"1907";"Tyumen Oblast";"182";"RU";"78";"TYU";"56.96343870";"66.94827800";"Q5824";;"2021-08-30 05:26:31";"System";"2021-08-30 05:26:31";"System"
"1908";"Oryol Oblast";"182";"RU";"56";"ORL";"52.78564140";"36.92423440";"Q3129";;"2021-08-30 05:26:31";"System";"2021-08-30 05:26:31";"System"
"1909";"Penza Oblast";"182";"RU";"57";"PNZ";"53.14121050";"44.09400480";"Q5545";;"2021-08-30 05:26:31";"System";"2021-08-30 05:26:31";"System"
"1910";"Kostroma Oblast";"182";"RU";"37";"KOS";"58.55010690";"43.95411020";"Q2596";;"2021-08-30 05:26:31";"System";"2021-08-30 05:26:31";"System"
"1911";"Altai Krai";"182";"RU";"04";"ALT";"51.79362980";"82.67585960";"Q5942";;"2021-08-30 05:26:31";"System";"2021-08-30 05:26:31";"System"
"1912";"Sevastopol";"182";"RU";"20";"UA-40";"44.61665000";"33.52536710";"Q7525";;"2021-08-30 05:26:31";"System";"2021-08-30 05:26:31";"System"
"1913";"Udmurt Republic";"182";"RU";"80";"UD";"57.06702180";"53.02779480";"Q5422";;"2021-08-30 05:26:31";"System";"2021-08-30 05:26:31";"System"
"1914";"Chuvash Republic";"182";"RU";"16";"CU";"55.55959920";"46.92835350";"Q5466";;"2021-08-30 05:26:31";"System";"2021-08-30 05:26:31";"System"
"1915";"Kurgan Oblast";"182";"RU";"40";"KGN";"55.44815480";"65.11809750";"Q5741";;"2021-08-30 05:26:31";"System";"2021-08-30 05:26:31";"System"
"1916";"Lomaiviti";"73";"FJ";"40";"06";"-17.70900000";"179.09100000";"Q2144922";;"2021-08-30 05:26:31";"System";"2021-08-30 05:26:31";"System"
"1917";"Ba";"73";"FJ";"40";"01";"36.06138930";"-95.80058720";"Q797434";;"2021-08-30 05:26:31";"System";"2021-08-30 05:26:31";"System"
"1918";"Tailevu";"73";"FJ";"40";"14";"-17.82691110";"178.29324800";"Q1365322";;"2021-08-30 05:26:31";"System";"2021-08-30 05:26:31";"System"
"1919";"Nadroga-Navosa";"73";"FJ";"40";"08";"-17.98652780";"177.65811300";"Q952528";;"2021-08-30 05:26:31";"System";"2021-08-30 05:26:31";"System"
"1920";"Rewa";"73";"FJ";"40";"12";"34.79235170";"-82.36092640";"Q1365257";;"2021-08-30 05:26:31";"System";"2021-08-30 05:26:31";"System"
"1921";"Northern Division";"73";"FJ";"03";"N";"32.87687660";"-117.21563450";"Q1062430";;"2021-08-30 05:26:31";"System";"2021-08-30 05:26:31";"System"
"1922";"Macuata";"73";"FJ";"03";"07";"-16.48649220";"179.28472510";"Q1365304";;"2021-08-30 05:26:31";"System";"2021-08-30 05:26:31";"System"
"1923";"Western Division";"73";"FJ";"05";"W";"42.96621980";"-78.70211340";"Q1062451";;"2021-08-30 05:26:31";"System";"2021-08-30 05:26:31";"System"
"1924";"Cakaudrove";"73";"FJ";"05";"03";"-16.58141050";"179.51200840";"Q676046";;"2021-08-30 05:26:31";"System";"2021-08-30 05:26:31";"System"
"1925";"Serua";"73";"FJ";"05";"13";"-18.18047490";"178.05097900";"Q1208362";;"2021-08-30 05:26:31";"System";"2021-08-30 05:26:31";"System"
"1926";"Ra";"73";"FJ";"05";"11";"37.10031530";"-95.67442460";"Q1208350";;"2021-08-30 05:26:31";"System";"2021-08-30 05:26:31";"System"
"1927";"Naitasiri";"73";"FJ";"05";"09";"-17.89757540";"178.20715980";"Q1365284";;"2021-08-30 05:26:31";"System";"2021-08-30 05:26:31";"System"
"1928";"Namosi";"73";"FJ";"05";"10";"-18.08641760";"178.12913870";"Q1365295";;"2021-08-30 05:26:31";"System";"2021-08-30 05:26:31";"System"
"1929";"Central Division";"73";"FJ";"01";"C";"34.04400660";"-118.24727380";"Q1053789";;"2021-08-30 05:26:31";"System";"2021-08-30 05:26:31";"System"
"1930";"Bua";"73";"FJ";"01";"02";"43.09645840";"-89.50088000";"Q1365265";;"2021-08-30 05:26:31";"System";"2021-08-30 05:26:31";"System"
"1931";"Rotuma";"73";"FJ";"04";"R";"-12.50250690";"177.07241640";"Q459763";;"2021-08-30 05:26:31";"System";"2021-08-30 05:26:31";"System"
"1932";"Eastern Division";"73";"FJ";"02";"E";"32.80943050";"-117.12899370";"Q182169";;"2021-08-30 05:26:31";"System";"2021-08-30 05:26:31";"System"
"1933";"Lau";"73";"FJ";"02";"05";"31.66870150";"-106.39557630";"Q513104";;"2021-08-30 05:26:31";"System";"2021-08-30 05:26:31";"System"
"1934";"Kadavu";"73";"FJ";"02";"04";"-19.01271220";"178.18766760";"Q1196481";;"2021-08-30 05:26:31";"System";"2021-08-30 05:26:31";"System"
"1935";"Labuan";"132";"MY";"15";"15";"5.28314560";"115.23082500";"Q214504";;"2021-08-30 05:26:31";"System";"2021-08-30 05:26:31";"System"
"1936";"Sabah";"132";"MY";"16";"12";"5.97883980";"116.07531990";"Q179029";;"2021-08-30 05:26:31";"System";"2021-08-30 05:26:31";"System"
"1937";"Sarawak";"132";"MY";"11";"13";"1.55327830";"110.35921270";"Q170462";;"2021-08-30 05:26:31";"System";"2021-08-30 05:26:31";"System"
"1938";"Perlis";"132";"MY";"08";"09";"29.92270940";"-90.12285590";"Q213467";;"2021-08-30 05:26:31";"System";"2021-08-30 05:26:31";"System"
"1939";"Penang";"132";"MY";"09";"07";"5.41639350";"100.33267860";"Q188096";;"2021-08-30 05:26:31";"System";"2021-08-30 05:26:31";"System"
"1940";"Pahang";"132";"MY";"06";"06";"3.81263180";"103.32562040";"Q191346";;"2021-08-30 05:26:31";"System";"2021-08-30 05:26:31";"System"
"1941";"Malacca";"132";"MY";"04";"04";"2.18959400";"102.25008680";"Q185221";;"2021-08-30 05:26:31";"System";"2021-08-30 05:26:31";"System"
"1942";"Terengganu";"132";"MY";"13";"11";"5.31169160";"103.13241540";"Q189701";;"2021-08-30 05:26:31";"System";"2021-08-30 05:26:31";"System"
"1943";"Perak";"132";"MY";"07";"08";"4.59211260";"101.09010900";"Q188953";;"2021-08-30 05:26:31";"System";"2021-08-30 05:26:31";"System"
"1944";"Selangor";"132";"MY";"12";"10";"3.07383790";"101.51834690";"Q189710";;"2021-08-30 05:26:31";"System";"2021-08-30 05:26:31";"System"
"1945";"Putrajaya";"132";"MY";"17";"16";"2.92636100";"101.69644500";"Q182378";;"2021-08-30 05:26:31";"System";"2021-08-30 05:26:31";"System"
"1946";"Kelantan";"132";"MY";"03";"03";"6.12539690";"102.23807100";"Q185944";;"2021-08-30 05:26:31";"System";"2021-08-30 05:26:31";"System"
"1947";"Kedah";"132";"MY";"02";"02";"6.11839640";"100.36845950";"Q188947";;"2021-08-30 05:26:31";"System";"2021-08-30 05:26:31";"System"
"1948";"Negeri Sembilan";"132";"MY";"05";"05";"2.72580580";"101.94237820";"Q213893";;"2021-08-30 05:26:31";"System";"2021-08-30 05:26:31";"System"
"1949";"Kuala Lumpur";"132";"MY";"14";"14";"3.13900300";"101.68685500";"Q1865";;"2021-08-30 05:26:31";"System";"2021-08-30 05:26:31";"System"
"1950";"Johor";"132";"MY";"01";"01";"1.48536820";"103.76181540";"Q183032";;"2021-08-30 05:26:31";"System";"2021-08-30 05:26:31";"System"
"1951";"Mashonaland East Province";"247";"ZW";"04";"ME";"-18.58716420";"31.26263660";"Q465853";;"2021-08-30 05:26:31";"System";"2021-08-30 05:26:31";"System"
"1952";"Matabeleland South Province";"247";"ZW";"07";"MS";"-21.05233700";"29.04599270";"Q498355";;"2021-08-30 05:26:31";"System";"2021-08-30 05:26:31";"System"
"1953";"Mashonaland West Province";"247";"ZW";"05";"MW";"-17.48510290";"29.78892480";"Q457189";;"2021-08-30 05:26:31";"System";"2021-08-30 05:26:31";"System"
"1954";"Matabeleland North Province";"247";"ZW";"06";"MN";"-18.53315660";"27.54958460";"Q456562";;"2021-08-30 05:26:31";"System";"2021-08-30 05:26:31";"System"
"1955";"Mashonaland Central Province";"247";"ZW";"03";"MC";"-16.76442950";"31.07937050";"Q596156";;"2021-08-30 05:26:31";"System";"2021-08-30 05:26:31";"System"
"1956";"Bulawayo Province";"247";"ZW";"09";"BU";"-20.14895050";"28.53310380";"Q24045859";;"2021-08-30 05:26:31";"System";"2021-08-30 05:26:31";"System"
"1957";"Midlands Province";"247";"ZW";"02";"MI";"-19.05520090";"29.60354950";"Q456556";;"2021-08-30 05:26:31";"System";"2021-08-30 05:26:31";"System"
"1958";"Harare Province";"247";"ZW";"10";"HA";"-17.82162880";"31.04922590";"Q16928358";;"2021-08-30 05:26:31";"System";"2021-08-30 05:26:31";"System"
"1959";"Manicaland";"247";"ZW";"01";"MA";"-18.92163860";"32.17460500";"Q465847";;"2021-08-30 05:26:31";"System";"2021-08-30 05:26:31";"System"
"1960";"Masvingo Province";"247";"ZW";"08";"MV";"-20.62415090";"31.26263660";"Q498351";;"2021-08-30 05:26:31";"System";"2021-08-30 05:26:31";"System"
"1961";"Bulgan Province";"146";"MN";"21";"067";"48.96909130";"102.88317230";"Q209774";;"2021-08-30 05:26:31";"System";"2021-08-30 05:26:31";"System"
"1962";"Darkhan-Uul Province";"146";"MN";"23";"037";"49.46484340";"105.97459190";"Q18827";;"2021-08-30 05:26:31";"System";"2021-08-30 05:26:31";"System"
"1963";"Dornod Province";"146";"MN";"06";"061";"47.46581540";"115.39271200";"Q207795";;"2021-08-30 05:26:31";"System";"2021-08-30 05:26:31";"System"
"1964";"Khovd Province";"146";"MN";"12";"043";"47.11296540";"92.31107520";"Q194098";;"2021-08-30 05:26:31";"System";"2021-08-30 05:26:31";"System"
"1965";"Övörkhangai Province";"146";"MN";"15";"055";"45.76243920";"103.09170320";"Q234713";;"2021-08-30 05:26:31";"System";"2021-08-30 05:26:31";"System"
"1966";"Orkhon Province";"146";"MN";"25";"035";"49.00470500";"104.30165270";"Q234710";;"2021-08-30 05:26:31";"System";"2021-08-30 05:26:31";"System"
"1967";"Ömnögovi Province";"146";"MN";"14";"053";"43.50002400";"104.28611160";"Q235579";;"2021-08-30 05:26:31";"System";"2021-08-30 05:26:31";"System"
"1968";"Töv Province";"146";"MN";"18";"047";"47.21240560";"106.41541000";"Q276195";;"2021-08-30 05:26:31";"System";"2021-08-30 05:26:31";"System"
"1969";"Bayan-Ölgii Province";"146";"MN";"03";"071";"48.39832540";"89.66259150";"Q191792";;"2021-08-30 05:26:31";"System";"2021-08-30 05:26:31";"System"
"1970";"Dundgovi Province";"146";"MN";"08";"059";"45.58227860";"106.76442090";"Q211835";;"2021-08-30 05:26:31";"System";"2021-08-30 05:26:31";"System"
"1971";"Uvs Province";"146";"MN";"19";"046";"49.64497070";"93.27365760";"Q192942";;"2021-08-30 05:26:31";"System";"2021-08-30 05:26:31";"System"
"1972";"Govi-Altai Province";"146";"MN";"10";"065";"45.45112270";"95.85057660";"Q192945";;"2021-08-30 05:26:31";"System";"2021-08-30 05:26:31";"System"
"1973";"Arkhangai Province";"146";"MN";"01";"073";"47.89711010";"100.72401650";"Q207809";;"2021-08-30 05:26:31";"System";"2021-08-30 05:26:31";"System"
"1974";"Khentii Province";"146";"MN";"11";"039";"47.60812090";"109.93728560";"Q239040";;"2021-08-30 05:26:31";"System";"2021-08-30 05:26:31";"System"
"1975";"Khövsgöl Province";"146";"MN";"13";"041";"50.22044840";"100.32137680";"Q244788";;"2021-08-30 05:26:31";"System";"2021-08-30 05:26:31";"System"
"1976";"Bayankhongor Province";"146";"MN";"02";"069";"45.15267070";"100.10736670";"Q276200";;"2021-08-30 05:26:31";"System";"2021-08-30 05:26:31";"System"
"1977";"Sükhbaatar Province";"146";"MN";"17";"051";"46.56531630";"113.53808360";"Q244804";;"2021-08-30 05:26:31";"System";"2021-08-30 05:26:31";"System"
"1978";"Govisümber Province";"146";"MN";"24";"064";"46.47627540";"108.55706270";"Q236333";;"2021-08-30 05:26:31";"System";"2021-08-30 05:26:31";"System"
"1979";"Zavkhan Province";"146";"MN";"09";"057";"48.23881470";"96.07030190";"Q167764";;"2021-08-30 05:26:31";"System";"2021-08-30 05:26:31";"System"
"1980";"Selenge Province";"146";"MN";"16";"049";"50.00592730";"106.44341080";"Q234680";;"2021-08-30 05:26:31";"System";"2021-08-30 05:26:31";"System"
"1981";"Dornogovi Province";"146";"MN";"07";"063";"43.96538890";"109.17734590";"Q213272";;"2021-08-30 05:26:31";"System";"2021-08-30 05:26:31";"System"
"1982";"Northern Province";"246";"ZM";"05";"05";"8.88550270";"80.27673270";"Q778738";;"2021-08-30 05:26:31";"System";"2021-08-30 05:26:31";"System"
"1983";"Western Province";"246";"ZM";"01";"01";"6.90160860";"80.00877460";"Q748486";;"2021-08-30 05:26:31";"System";"2021-08-30 05:26:31";"System"
"1984";"Copperbelt Province";"246";"ZM";"08";"08";"-13.05700730";"27.54958460";"Q1131523";;"2021-08-30 05:26:31";"System";"2021-08-30 05:26:31";"System"
"1985";"Northwestern Province";"246";"ZM";"06";"06";"-13.00502580";"24.90422080";"Q846320";;"2021-08-30 05:26:31";"System";"2021-08-30 05:26:31";"System"
"1986";"Central Province";"246";"ZM";"02";"02";"7.25649960";"80.72144170";"Q190718";;"2021-08-30 05:26:31";"System";"2021-08-30 05:26:31";"System"
"1987";"Luapula Province";"246";"ZM";"04";"04";"-11.56483100";"29.04599270";"Q386667";;"2021-08-30 05:26:31";"System";"2021-08-30 05:26:31";"System"
"1988";"Lusaka Province";"246";"ZM";"09";"09";"-15.36571290";"29.23207840";"Q819998";;"2021-08-30 05:26:31";"System";"2021-08-30 05:26:31";"System"
"1989";"Muchinga Province";"246";"ZM";"10";"10";"-15.38219300";"28.26158000";"Q6714242";;"2021-08-30 05:26:31";"System";"2021-08-30 05:26:31";"System"
"1990";"Southern Province";"246";"ZM";"07";"07";"6.23737500";"80.54384500";"Q738382";;"2021-08-30 05:26:31";"System";"2021-08-30 05:26:31";"System"
"1991";"Eastern Province";"246";"ZM";"03";"03";"23.16696880";"49.36531490";"Q823810";;"2021-08-30 05:26:31";"System";"2021-08-30 05:26:31";"System"
"1992";"Capital Governorate";"18";"BH";"16";"13";;;"Q528953";;"2021-08-30 05:26:31";"System";"2021-08-30 05:26:31";"System"
"1993";"Southern Governorate";"18";"BH";"17";"14";"25.93810180";"50.57568870";"Q838532";;"2021-08-30 05:26:31";"System";"2021-08-30 05:26:31";"System"
"1994";"Northern Governorate";"18";"BH";"18";"17";"26.15519140";"50.48251730";"Q840445";;"2021-08-30 05:26:31";"System";"2021-08-30 05:26:31";"System"
"1995";"Muharraq Governorate";"18";"BH";"15";"15";"26.26856530";"50.64825170";"Q375630";;"2021-08-30 05:26:31";"System";"2021-08-30 05:26:31";"System"
"1996";"Central Governorate";"18";"BH";"19";"16";"26.14260930";"50.56532940";"Q856539";;"2021-08-30 05:26:31";"System";"2021-08-30 05:26:31";"System"
"1997";"Rio de Janeiro";"31";"BR";"21";"RJ";"-22.90684670";"-43.17289650";"Q41428";;"2021-08-30 05:26:31";"System";"2021-08-30 05:26:31";"System"
"1998";"Minas Gerais";"31";"BR";"15";"MG";"-18.51217800";"-44.55503080";"Q39109";;"2021-08-30 05:26:31";"System";"2021-08-30 05:26:31";"System"
"1999";"Amapá";"31";"BR";"03";"AP";"0.90199250";"-52.00295650";"Q40130";;"2021-08-30 05:26:31";"System";"2021-08-30 05:26:31";"System"
"2000";"Goiás";"31";"BR";"29";"GO";"-15.82703690";"-49.83622370";"Q41587";;"2021-08-30 05:26:31";"System";"2021-08-30 05:26:31";"System"
"2001";"Rio Grande do Sul";"31";"BR";"23";"RS";"-30.03463160";"-51.21769860";"Q40030";;"2021-08-30 05:26:31";"System";"2021-08-30 05:26:31";"System"
"2002";"Bahia";"31";"BR";"05";"BA";"26.11353900";"-80.10620400";"Q40430";;"2021-08-30 05:26:31";"System";"2021-08-30 05:26:31";"System"
"2003";"Sergipe";"31";"BR";"28";"SE";"-10.57409340";"-37.38565810";"Q43783";;"2021-08-30 05:26:31";"System";"2021-08-30 05:26:31";"System"
"2004";"Amazonas";"31";"BR";"04";"AM";;;"Q40040";;"2021-08-30 05:26:31";"System";"2021-08-30 05:26:31";"System"
"2005";"Paraíba";"31";"BR";"17";"PB";"-7.23996090";"-36.78195050";"Q38088";;"2021-08-30 05:26:31";"System";"2021-08-30 05:26:31";"System"
"2006";"Pernambuco";"31";"BR";"30";"PE";"-8.81371730";"-36.95410700";"Q40942";;"2021-08-30 05:26:31";"System";"2021-08-30 05:26:31";"System"
"2007";"Alagoas";"31";"BR";"02";"AL";"-9.57130580";"-36.78195050";"Q40885";;"2021-08-30 05:26:31";"System";"2021-08-30 05:26:31";"System"
"2008";"Piauí";"31";"BR";"20";"PI";"-7.71834010";"-42.72892360";"Q42722";;"2021-08-30 05:26:31";"System";"2021-08-30 05:26:31";"System"
"2009";"Pará";"31";"BR";"16";"PA";"-1.99812710";"-54.93061520";"Q39517";;"2021-08-30 05:26:31";"System";"2021-08-30 05:26:31";"System"
"2010";"Mato Grosso do Sul";"31";"BR";"11";"MS";"-20.77222950";"-54.78515310";"Q43319";;"2021-08-30 05:26:31";"System";"2021-08-30 05:26:31";"System"
"2011";"Mato Grosso";"31";"BR";"14";"MT";"-12.68187120";"-56.92109900";"Q42824";;"2021-08-30 05:26:31";"System";"2021-08-30 05:26:31";"System"
"2012";"Acre";"31";"BR";"01";"AC";"32.93305200";"35.08267800";"Q40780";;"2021-08-30 05:26:31";"System";"2021-08-30 05:26:31";"System"
"2013";"Rondônia";"31";"BR";"24";"RO";"-11.50573410";"-63.58061100";"Q43235";;"2021-08-30 05:26:31";"System";"2021-08-30 05:26:31";"System"
"2014";"Santa Catarina";"31";"BR";"26";"SC";;;"Q41115";;"2021-08-30 05:26:31";"System";"2021-08-30 05:26:31";"System"
"2015";"Maranhão";"31";"BR";"13";"MA";"-4.96094980";"-45.27441590";"Q42362";;"2021-08-30 05:26:31";"System";"2021-08-30 05:26:31";"System"
"2016";"Ceará";"31";"BR";"06";"CE";"-5.49839770";"-39.32062410";"Q40123";;"2021-08-30 05:26:31";"System";"2021-08-30 05:26:31";"System"
"2017";"Federal District";"31";"BR";"07";"DF";"-15.79976540";"-47.86447150";"Q119158";;"2021-08-30 05:26:31";"System";"2021-08-30 05:26:31";"System"
"2018";"Espírito Santo";"31";"BR";"08";"ES";"-19.18342290";"-40.30886260";"Q43233";;"2021-08-30 05:26:31";"System";"2021-08-30 05:26:31";"System"
"2019";"Rio Grande do Norte";"31";"BR";"22";"RN";"-5.40258030";"-36.95410700";"Q43255";;"2021-08-30 05:26:31";"System";"2021-08-30 05:26:31";"System"
"2020";"Tocantins";"31";"BR";"31";"TO";"-10.17528000";"-48.29824740";"Q43695";;"2021-08-30 05:26:31";"System";"2021-08-30 05:26:31";"System"
"2021";"São Paulo";"31";"BR";"27";"SP";"-23.55051990";"-46.63330940";"Q175";;"2021-08-30 05:26:31";"System";"2021-08-30 05:26:31";"System"
"2022";"Paraná";"31";"BR";"18";"PR";"-25.25208880";"-52.02154150";"Q15499";;"2021-08-30 05:26:31";"System";"2021-08-30 05:26:31";"System"
"2023";"Aragatsotn Region";"12";"AM";"01";"AG";"40.33473010";"44.37482960";"Q17915";;"2021-08-30 05:26:31";"System";"2021-08-30 05:26:31";"System"
"2024";"Ararat Province";"12";"AM";"02";"AR";"39.91394150";"44.72000040";"Q199880";;"2021-08-30 05:26:31";"System";"2021-08-30 05:26:31";"System"
"2025";"Vayots Dzor Region";"12";"AM";"10";"VD";"39.76419960";"45.33375280";"Q200124";;"2021-08-30 05:26:31";"System";"2021-08-30 05:26:31";"System"
"2026";"Armavir Region";"12";"AM";"03";"AV";"40.15546310";"44.03724460";"Q201147";;"2021-08-30 05:26:31";"System";"2021-08-30 05:26:31";"System"
"2027";"Syunik Province";"12";"AM";"08";"SU";"39.51331120";"46.33932340";"Q2523428";;"2021-08-30 05:26:31";"System";"2021-08-30 05:26:31";"System"
"2028";"Gegharkunik Province";"12";"AM";"04";"GR";"40.35264260";"45.12604140";"Q199905";;"2021-08-30 05:26:31";"System";"2021-08-30 05:26:31";"System"
"2029";"Lori Region";"12";"AM";"06";"LO";"40.96984520";"44.49001380";"Q200350";;"2021-08-30 05:26:31";"System";"2021-08-30 05:26:31";"System"
"2030";"Yerevan";"12";"AM";"11";"ER";"40.18720230";"44.51520900";"Q1953";;"2021-08-30 05:26:31";"System";"2021-08-30 05:26:31";"System"
"2031";"Shirak Region";"12";"AM";"07";"SH";"40.96308140";"43.81024610";"Q201063";;"2021-08-30 05:26:31";"System";"2021-08-30 05:26:31";"System"
"2032";"Tavush Region";"12";"AM";"09";"TV";"40.88662960";"45.33934900";"Q201140";;"2021-08-30 05:26:31";"System";"2021-08-30 05:26:31";"System"
"2033";"Kotayk Region";"12";"AM";"05";"KT";"40.54102140";"44.76901480";"Q4511";;"2021-08-30 05:26:31";"System";"2021-08-30 05:26:31";"System"
"2034";"Cojedes";"239";"VE";"08";"H";"9.38166820";"-68.33392750";"Q205460";;"2021-08-30 05:26:31";"System";"2021-08-30 05:26:31";"System"
"2035";"Falcón";"239";"VE";"11";"I";"11.18106740";"-69.85974060";"Q202071";;"2021-08-30 05:26:31";"System";"2021-08-30 05:26:31";"System"
"2036";"Portuguesa";"239";"VE";"18";"P";"9.09439990";"-69.09702300";"Q205784";;"2021-08-30 05:26:31";"System";"2021-08-30 05:26:31";"System"
"2037";"Miranda";"239";"VE";"15";"M";"42.35193830";"-71.52907660";"Q191174";;"2021-08-30 05:26:31";"System";"2021-08-30 05:26:31";"System"
"2038";"Lara";"239";"VE";"13";"K";"33.98221650";"-118.13227470";"Q205796";;"2021-08-30 05:26:31";"System";"2021-08-30 05:26:31";"System"
"2039";"Bolívar";"239";"VE";"06";"F";"37.61448380";"-93.41047490";"Q191164";;"2021-08-30 05:26:31";"System";"2021-08-30 05:26:31";"System"
"2040";"Carabobo";"239";"VE";"07";"G";"10.11764330";"-68.04775090";"Q191186";;"2021-08-30 05:26:31";"System";"2021-08-30 05:26:31";"System"
"2041";"Yaracuy";"239";"VE";"22";"U";"10.33938900";"-68.81088490";"Q201121";;"2021-08-30 05:26:31";"System";"2021-08-30 05:26:31";"System"
"2042";"Zulia";"239";"VE";"23";"V";"10.29102370";"-72.14161320";"Q43269";;"2021-08-30 05:26:31";"System";"2021-08-30 05:26:31";"System"
"2043";"Trujillo";"239";"VE";"21";"T";"36.67343430";"-121.62875880";"Q202068";;"2021-08-30 05:26:31";"System";"2021-08-30 05:26:31";"System"
"2044";"Amazonas";"239";"VE";"01";"Z";"-3.41684270";"-65.85606460";"Q170453";;"2021-08-30 05:26:31";"System";"2021-08-30 05:26:31";"System"
"2045";"Guárico";"239";"VE";"12";"J";"8.74893090";"-66.23671720";"Q202075";;"2021-08-30 05:26:31";"System";"2021-08-30 05:26:31";"System"
"2046";"Federal Dependencies of Venezuela";"239";"VE";"24";"W";"10.93770530";"-65.35695730";"Q130343";;"2021-08-30 05:26:31";"System";"2021-08-30 05:26:31";"System"
"2047";"Aragua";"239";"VE";"04";"D";"10.06357580";"-67.28478750";"Q190687";;"2021-08-30 05:26:31";"System";"2021-08-30 05:26:31";"System"
"2048";"Táchira";"239";"VE";"20";"S";"7.91370010";"-72.14161320";"Q41144";;"2021-08-30 05:26:31";"System";"2021-08-30 05:26:31";"System"
"2049";"Barinas";"239";"VE";"05";"E";"8.62314980";"-70.23710450";"Q43271";;"2021-08-30 05:26:31";"System";"2021-08-30 05:26:31";"System"
"2050";"Anzoátegui";"239";"VE";"02";"B";"8.59130730";"-63.95861110";"Q190922";;"2021-08-30 05:26:31";"System";"2021-08-30 05:26:31";"System"
"2051";"Delta Amacuro";"239";"VE";"09";"Y";"8.84993070";"-61.14031960";"Q201137";;"2021-08-30 05:26:31";"System";"2021-08-30 05:26:31";"System"
"2052";"Nueva Esparta";"239";"VE";"17";"O";"10.99707230";"-63.91132960";"Q204876";;"2021-08-30 05:26:31";"System";"2021-08-30 05:26:31";"System"
"2053";"Mérida";"239";"VE";"14";"L";"20.96737020";"-89.59258570";"Q165582";;"2021-08-30 05:26:31";"System";"2021-08-30 05:26:31";"System"
"2054";"Monagas";"239";"VE";"16";"N";"9.32416520";"-63.01475780";"Q205776";;"2021-08-30 05:26:31";"System";"2021-08-30 05:26:31";"System"
"2055";"Vargas";"239";"VE";"26";"X";"29.30522680";"-94.79138540";"Q205843";;"2021-08-30 05:26:31";"System";"2021-08-30 05:26:31";"System"
"2056";"Sucre";"239";"VE";"19";"R";"-19.03534500";"-65.25921280";"Q205824";;"2021-08-30 05:26:31";"System";"2021-08-30 05:26:31";"System"
"2057";"Carinthia";"15";"AT";"02";"2";"46.72220300";"14.18058820";"Q37985";;"2021-08-30 05:26:31";"System";"2021-08-30 05:26:31";"System"
"2058";"Upper Austria";"15";"AT";"04";"4";"48.02585400";"13.97236650";"Q41967";;"2021-08-30 05:26:31";"System";"2021-08-30 05:26:31";"System"
"2059";"Styria";"15";"AT";"06";"6";"47.35934420";"14.46998270";"Q41358";;"2021-08-30 05:26:31";"System";"2021-08-30 05:26:31";"System"
"2060";"Vienna";"15";"AT";"09";"9";"48.20817430";"16.37381890";"Q1741";;"2021-08-30 05:26:31";"System";"2021-08-30 05:26:31";"System"
"2061";"Salzburg";"15";"AT";"05";"5";"47.80949000";"13.05501000";"Q43325";;"2021-08-30 05:26:31";"System";"2021-08-30 05:26:31";"System"
"2062";"Burgenland";"15";"AT";"01";"1";"47.15371650";"16.26887970";"Q43210";;"2021-08-30 05:26:31";"System";"2021-08-30 05:26:31";"System"
"2063";"Vorarlberg";"15";"AT";"08";"8";"47.24974270";"9.97973730";"Q38981";;"2021-08-30 05:26:31";"System";"2021-08-30 05:26:31";"System"
"2064";"Tyrol";"15";"AT";"07";"7";"47.25374140";"11.60148700";"Q42880";;"2021-08-30 05:26:31";"System";"2021-08-30 05:26:31";"System"
"2065";"Lower Austria";"15";"AT";"03";"3";"48.10807700";"15.80495580";"Q42497";;"2021-08-30 05:26:31";"System";"2021-08-30 05:26:31";"System"
"2066";"Mid-Western Region";"154";"NP";"MR";"2";"38.41118410";"-90.38320980";"Q28464";;"2021-08-30 05:26:31";"System";"2021-08-30 05:26:31";"System"
"2067";"Western Region";"154";"NP";"WR";"3";;;"Q28462";;"2021-08-30 05:26:31";"System";"2021-08-30 05:26:31";"System"
"2068";"Far-Western Development Region";"154";"NP";"FR";"5";"29.29878710";"80.98710740";"Q28235";;"2021-08-30 05:26:31";"System";"2021-08-30 05:26:31";"System"
"2069";"Eastern Development Region";"154";"NP";"ER";"4";"27.33090720";"87.06242610";"Q28576";;"2021-08-30 05:26:31";"System";"2021-08-30 05:26:31";"System"
"2070";"Mechi Zone";"154";"NP";"10";"ME";"26.87600070";"87.93348030";"Q9180";;"2021-08-30 05:26:31";"System";"2021-08-30 05:26:31";"System"
"2071";"Bheri Zone";"154";"NP";"02";"BH";"28.51745600";"81.77870210";"Q9060";;"2021-08-30 05:26:31";"System";"2021-08-30 05:26:31";"System"
"2072";"Kosi Zone";"154";"NP";"07";"KO";"27.05365240";"87.30161320";"Q9170";;"2021-08-30 05:26:31";"System";"2021-08-30 05:26:31";"System"
"2073";"Central Region";"154";"NP";"CR";"1";;;"Q28579";;"2021-08-30 05:26:31";"System";"2021-08-30 05:26:31";"System"
"2074";"Lumbini Zone";"154";"NP";"08";"LU";"27.45000000";"83.25000000";"Q9172";;"2021-08-30 05:26:31";"System";"2021-08-30 05:26:31";"System"
"2075";"Narayani Zone";"154";"NP";"11";"NA";"27.36117660";"84.85679320";"Q9183";;"2021-08-30 05:26:31";"System";"2021-08-30 05:26:31";"System"
"2076";"Janakpur Zone";"154";"NP";"05";"JA";"27.21108990";"86.01215730";"Q9152";;"2021-08-30 05:26:31";"System";"2021-08-30 05:26:31";"System"
"2077";"Rapti Zone";"154";"NP";"12";"RA";"28.27434700";"82.38857830";"Q9185";;"2021-08-30 05:26:31";"System";"2021-08-30 05:26:31";"System"
"2078";"Seti Zone";"154";"NP";"14";"SE";"29.69054270";"81.33994140";"Q9196";;"2021-08-30 05:26:31";"System";"2021-08-30 05:26:31";"System"
"2079";"Karnali Zone";"154";"NP";"06";"KA";"29.38625550";"82.38857830";"Q9164";;"2021-08-30 05:26:31";"System";"2021-08-30 05:26:31";"System"
"2080";"Dhaulagiri Zone";"154";"NP";"03";"DH";"28.61117600";"83.50702030";"Q9088";;"2021-08-30 05:26:31";"System";"2021-08-30 05:26:31";"System"
"2081";"Gandaki Zone";"154";"NP";"04";"GA";"28.37320370";"84.43827210";"Q9133";;"2021-08-30 05:26:31";"System";"2021-08-30 05:26:31";"System"
"2082";"Bagmati Zone";"154";"NP";"01";"BA";"28.03675770";"85.43755740";"Q9046";;"2021-08-30 05:26:31";"System";"2021-08-30 05:26:31";"System"
"2083";"Mahakali Zone";"154";"NP";"09";"MA";"29.36010790";"80.54384500";"Q9178";;"2021-08-30 05:26:31";"System";"2021-08-30 05:26:31";"System"
"2084";"Sagarmatha Zone";"154";"NP";"13";"SA";"27.32382630";"86.74163740";"Q9195";;"2021-08-30 05:26:31";"System";"2021-08-30 05:26:31";"System"
"2085";"Unity";"206";"SS";"40";"UY";"37.78712760";"-122.40340790";"Q319965";;"2021-08-30 05:26:31";"System";"2021-08-30 05:26:31";"System"
"2086";"Upper Nile";"206";"SS";"35";"NU";"9.88942020";"32.71813750";"Q487702";;"2021-08-30 05:26:31";"System";"2021-08-30 05:26:31";"System"
"2087";"Warrap";"206";"SS";"59";"WR";"8.08862380";"28.64106410";"Q491138";;"2021-08-30 05:26:31";"System";"2021-08-30 05:26:31";"System"
"2088";"Northern Bahr el Ghazal";"206";"SS";"54";"BN";"8.53604490";"26.79678490";"Q491111";;"2021-08-30 05:26:31";"System";"2021-08-30 05:26:31";"System"
"2089";"Western Equatoria";"206";"SS";"45";"EW";"5.34717990";"28.29943500";"Q319979";;"2021-08-30 05:26:31";"System";"2021-08-30 05:26:31";"System"
"2090";"Lakes";"206";"SS";"11550544";"LK";"37.16282550";"-95.69116230";"Q491096";;"2021-08-30 05:26:31";"System";"2021-08-30 05:26:31";"System"
"2091";"Western Bahr el Ghazal";"206";"SS";"46";"BW";"8.64523990";"25.28375850";"Q332095";;"2021-08-30 05:26:31";"System";"2021-08-30 05:26:31";"System"
"2092";"Central Equatoria";"206";"SS";"44";"EC";"4.61440630";"31.26263660";"Q487709";;"2021-08-30 05:26:31";"System";"2021-08-30 05:26:31";"System"
"2093";"Eastern Equatoria";"206";"SS";"57";"EE";"5.06929950";"33.43835300";"Q488519";;"2021-08-30 05:26:31";"System";"2021-08-30 05:26:31";"System"
"2094";"Jonglei State";"206";"SS";"51";"JG";"7.18196190";"32.35609520";"Q488904";;"2021-08-30 05:26:31";"System";"2021-08-30 05:26:31";"System"
"2095";"Karditsa Regional Unit";"85";"GR";"23";"41";"39.36402580";"21.92140490";"Q212810";;"2021-08-30 05:26:31";"System";"2021-08-30 05:26:31";"System"
"2096";"West Greece Region";"85";"GR";"ESYE23";"G";"38.51154960";"21.57067860";"Q170291";;"2021-08-30 05:26:31";"System";"2021-08-30 05:26:31";"System"
"2097";"Thessaloniki Regional Unit";"85";"GR";"13";"54";"40.64006290";"22.94441910";"Q210176";;"2021-08-30 05:26:31";"System";"2021-08-30 05:26:31";"System"
"2098";"Arcadia Prefecture";"85";"GR";"41";"12";"37.55578250";"22.33377690";"Q170054";;"2021-08-30 05:26:31";"System";"2021-08-30 05:26:31";"System"
"2099";"Imathia Regional Unit";"85";"GR";"12";"53";"40.60600670";"22.14302150";"Q207840";;"2021-08-30 05:26:31";"System";"2021-08-30 05:26:31";"System"
"2100";"Kastoria Regional Unit";"85";"GR";"09";"56";"40.51926910";"21.26871710";"Q1080115";;"2021-08-30 05:26:31";"System";"2021-08-30 05:26:31";"System"
"2101";"Euboea";"85";"GR";"34";"04";"38.52360360";"23.85847370";"Q670126";;"2021-08-30 05:26:31";"System";"2021-08-30 05:26:31";"System"
"2102";"Grevena Prefecture";"85";"GR";"10";"51";"40.08376260";"21.42732990";"Q209385";;"2021-08-30 05:26:31";"System";"2021-08-30 05:26:31";"System"
"2103";"Preveza Prefecture";"85";"GR";"19";"34";"38.95926490";"20.75171550";"Q7780449";;"2021-08-30 05:26:31";"System";"2021-08-30 05:26:31";"System"
"2104";"Lefkada Regional Unit";"85";"GR";"26";"24";"38.83336630";"20.70691080";"Q1248071";;"2021-08-30 05:26:31";"System";"2021-08-30 05:26:31";"System"
"2105";"Argolis Regional Unit";"85";"GR";"36";"11";;;"Q191897";;"2021-08-30 05:26:31";"System";"2021-08-30 05:26:31";"System"
"2106";"Laconia";"85";"GR";"42";"16";"43.52785460";"-71.47035090";"Q190216";;"2021-08-30 05:26:31";"System";"2021-08-30 05:26:31";"System"
"2107";"Pella Regional Unit";"85";"GR";"07";"59";"40.91480390";"22.14302150";"Q649484";;"2021-08-30 05:26:31";"System";"2021-08-30 05:26:31";"System"
"2108";"West Macedonia Region";"85";"GR";"ESYE13";"C";"40.30040580";"21.79035590";"Q165408";;"2021-08-30 05:26:31";"System";"2021-08-30 05:26:31";"System"
"2109";"Crete Region";"85";"GR";"ESYE43";"M";"35.24011700";"24.80926910";"Q1267522";;"2021-08-30 05:26:31";"System";"2021-08-30 05:26:31";"System"
"2110";"Epirus Region";"85";"GR";"ESYE21";"D";"39.57064130";"20.76428430";"Q180484";;"2021-08-30 05:26:31";"System";"2021-08-30 05:26:31";"System"
"2111";"Kilkis Regional Unit";"85";"GR";"06";"57";"40.99370710";"22.87536740";"Q210097";;"2021-08-30 05:26:31";"System";"2021-08-30 05:26:31";"System"
"2112";"Kozani Prefecture";"85";"GR";"11";"58";"40.30055860";"21.78877370";"Q211732";;"2021-08-30 05:26:31";"System";"2021-08-30 05:26:31";"System"
"2113";"Ioannina Regional Unit";"85";"GR";"17";"33";"39.66502880";"20.85374660";"Q212921";;"2021-08-30 05:26:31";"System";"2021-08-30 05:26:31";"System"
"2114";"Phthiotis Prefecture";"85";"GR";"29";"06";"38.99978500";"22.33377690";"Q207554";;"2021-08-30 05:26:31";"System";"2021-08-30 05:26:31";"System"
"2115";"Chania Regional Unit";"85";"GR";"43";"94";"35.51382980";"24.01803670";"Q210487";;"2021-08-30 05:26:31";"System";"2021-08-30 05:26:31";"System"
"2116";"Achaea Regional Unit";"85";"GR";"38";"13";"38.11587290";"21.95224910";"Q2495811";;"2021-08-30 05:26:31";"System";"2021-08-30 05:26:31";"System"
"2117";"East Macedonia and Thrace";"85";"GR";"ESYE11";"A";"41.12951260";"24.88771910";"Q171314";;"2021-08-30 05:26:31";"System";"2021-08-30 05:26:31";"System"
"2118";"South Aegean";"85";"GR";"ESYE42";"L";"37.08553020";"25.14892150";"Q173616";;"2021-08-30 05:26:31";"System";"2021-08-30 05:26:31";"System"
"2119";"Peloponnese Region";"85";"GR";"ESYE25";"J";"37.50794720";"22.37349000";"Q202484";;"2021-08-30 05:26:31";"System";"2021-08-30 05:26:31";"System"
"2120";"East Attica Regional Unit";"85";"GR";"ESYE11";"A2";"38.20540930";"23.85847370";"Q211934";;"2021-08-30 05:26:31";"System";"2021-08-30 05:26:31";"System"
"2121";"Serres Prefecture";"85";"GR";"05";"62";"41.08638540";"23.54838190";"Q211319";;"2021-08-30 05:26:31";"System";"2021-08-30 05:26:31";"System"
"2122";"Attica Region";"85";"GR";"ESYE31";"I";"38.04575680";"23.85847370";"Q758056";;"2021-08-30 05:26:31";"System";"2021-08-30 05:26:31";"System"
"2123";"Aetolia-Acarnania Regional Unit";"85";"GR";"31";"01";"38.70843860";"21.37989280";"Q202624";;"2021-08-30 05:26:31";"System";"2021-08-30 05:26:31";"System"
"2124";"Corfu Prefecture";"85";"GR";"25";"22";"39.62498380";"19.92234610";"Q842235";;"2021-08-30 05:26:31";"System";"2021-08-30 05:26:31";"System"
"2125";"Central Macedonia";"85";"GR";"ESYE12";"B";"40.62117300";"23.19180210";"Q17152";;"2021-08-30 05:26:31";"System";"2021-08-30 05:26:31";"System"
"2126";"Boeotia Regional Unit";"85";"GR";"33";"03";"38.36636640";"23.09650640";"Q8257871";;"2021-08-30 05:26:31";"System";"2021-08-30 05:26:31";"System"
"2127";"Kefalonia Prefecture";"85";"GR";"27";"23";"38.17536750";"20.56921790";"Q838993";;"2021-08-30 05:26:31";"System";"2021-08-30 05:26:31";"System"
"2128";"Central Greece Region";"85";"GR";"ESYE24";"H";"38.60439840";"22.71521310";"Q199580";;"2021-08-30 05:26:31";"System";"2021-08-30 05:26:31";"System"
"2129";"Corinthia Regional Unit";"85";"GR";"37";"15";;;"Q208306";;"2021-08-30 05:26:31";"System";"2021-08-30 05:26:31";"System"
"2130";"Drama Regional Unit";"85";"GR";"04";"52";"41.23400230";"24.23904980";"Q208606";;"2021-08-30 05:26:31";"System";"2021-08-30 05:26:31";"System"
"2131";"Ionian Islands Region";"85";"GR";"ESYE22";"F";"37.96948980";"21.38023720";"Q1147674";;"2021-08-30 05:26:31";"System";"2021-08-30 05:26:31";"System"
"2132";"Larissa Prefecture";"85";"GR";"21";"42";"39.63902240";"22.41912540";"Q578879";;"2021-08-30 05:26:31";"System";"2021-08-30 05:26:31";"System"
"2133";"Kayin State";"151";"MM";"05";"13";"16.94593460";"97.95928630";"Q495342";;"2021-08-30 05:26:31";"System";"2021-08-30 05:26:31";"System"
"2134";"Mandalay Region";"151";"MM";"08";"04";"21.56190580";"95.89871390";"Q119494";;"2021-08-30 05:26:31";"System";"2021-08-30 05:26:31";"System"
"2135";"Yangon Region";"151";"MM";"17";"06";"16.91434880";"96.15269850";"Q856781";;"2021-08-30 05:26:31";"System";"2021-08-30 05:26:31";"System"
"2136";"Magway Region";"151";"MM";"15";"03";"19.88713860";"94.72775280";"Q833013";;"2021-08-30 05:26:31";"System";"2021-08-30 05:26:31";"System"
"2137";"Chin State";"151";"MM";"02";"14";"22.00869780";"93.58126920";"Q46910";;"2021-08-30 05:26:31";"System";"2021-08-30 05:26:31";"System"
"2138";"Rakhine State";"151";"MM";"01";"16";"20.10408180";"93.58126920";"Q233838";;"2021-08-30 05:26:31";"System";"2021-08-30 05:26:31";"System"
"2139";"Shan State";"151";"MM";"11";"17";"22.03619850";"98.13385580";"Q456847";;"2021-08-30 05:26:31";"System";"2021-08-30 05:26:31";"System"
"2140";"Tanintharyi Region";"151";"MM";"12";"05";"12.47068760";"99.01289260";"Q843954";;"2021-08-30 05:26:31";"System";"2021-08-30 05:26:31";"System"
"2141";"Bago";"151";"MM";"16";"02";"17.32207110";"96.46632860";"Q800124";;"2021-08-30 05:26:31";"System";"2021-08-30 05:26:31";"System"
"2142";"Ayeyarwady Region";"151";"MM";"03";"07";"17.03421250";"95.22666750";"Q47047";;"2021-08-30 05:26:31";"System";"2021-08-30 05:26:31";"System"
"2143";"Kachin State";"151";"MM";"04";"11";"25.85090400";"97.43813550";"Q140646";;"2021-08-30 05:26:31";"System";"2021-08-30 05:26:31";"System"
"2144";"Kayah State";"151";"MM";"06";"12";"19.23420610";"97.26528580";"Q652845";;"2021-08-30 05:26:31";"System";"2021-08-30 05:26:31";"System"
"2145";"Sagaing Region";"151";"MM";"10";"01";"24.42838100";"95.39395510";"Q847289";;"2021-08-30 05:26:31";"System";"2021-08-30 05:26:31";"System"
"2146";"Naypyidaw Union Territory";"151";"MM";"10";"18";"19.93862450";"96.15269850";"Q4796";;"2021-08-30 05:26:31";"System";"2021-08-30 05:26:31";"System"
"2147";"Mon State";"151";"MM";"13";"15";"16.30031330";"97.69822720";"Q818742";;"2021-08-30 05:26:31";"System";"2021-08-30 05:26:31";"System"
"2148";"Bartın Province";"225";"TR";"87";"74";"41.58105090";"32.46097940";"Q83342";;"2021-08-30 05:26:31";"System";"2021-08-30 05:26:31";"System"
"2149";"Kütahya Province";"225";"TR";"43";"43";"39.35813700";"29.60354950";"Q126874";;"2021-08-30 05:26:31";"System";"2021-08-30 05:26:31";"System"
"2150";"Sakarya Province";"225";"TR";"54";"54";"40.78885500";"30.40595400";"Q83069";;"2021-08-30 05:26:31";"System";"2021-08-30 05:26:31";"System"
"2151";"Edirne Province";"225";"TR";"22";"22";"41.15172220";"26.51379640";"Q83102";;"2021-08-30 05:26:31";"System";"2021-08-30 05:26:31";"System"
"2152";"Van Province";"225";"TR";"65";"65";"38.36794170";"43.71827870";"Q80550";;"2021-08-30 05:26:31";"System";"2021-08-30 05:26:31";"System"
"2153";"Bingöl Province";"225";"TR";"12";"12";"39.06263540";"40.76960950";"Q79760";;"2021-08-30 05:26:31";"System";"2021-08-30 05:26:31";"System"
"2154";"Kilis Province";"225";"TR";"90";"79";"36.82047750";"37.16873390";"Q128978";;"2021-08-30 05:26:31";"System";"2021-08-30 05:26:31";"System"
"2155";"Adıyaman Province";"225";"TR";"02";"02";"37.90782910";"38.48499230";"Q43924";;"2021-08-30 05:26:31";"System";"2021-08-30 05:26:31";"System"
"2156";"Mersin Province";"225";"TR";"32";"33";"36.81208580";"34.64147500";"Q132637";;"2021-08-30 05:26:31";"System";"2021-08-30 05:26:31";"System"
"2157";"Denizli Province";"225";"TR";"20";"20";"37.61283950";"29.23207840";"Q82096";;"2021-08-30 05:26:31";"System";"2021-08-30 05:26:31";"System"
"2158";"Malatya Province";"225";"TR";"44";"44";"38.40150570";"37.95362980";"Q131384";;"2021-08-30 05:26:31";"System";"2021-08-30 05:26:31";"System"
"2159";"Elazığ Province";"225";"TR";"23";"23";"38.49648040";"39.21990290";"Q483091";;"2021-08-30 05:26:31";"System";"2021-08-30 05:26:31";"System"
"2160";"Erzincan Province";"225";"TR";"24";"24";"39.76819140";"39.05013060";"Q483173";;"2021-08-30 05:26:31";"System";"2021-08-30 05:26:31";"System"
"2161";"Amasya Province";"225";"TR";"05";"05";"40.65166080";"35.90379660";"Q80036";;"2021-08-30 05:26:31";"System";"2021-08-30 05:26:31";"System"
"2162";"Muş Province";"225";"TR";"49";"49";"38.94618880";"41.75389310";"Q131387";;"2021-08-30 05:26:31";"System";"2021-08-30 05:26:31";"System"
"2163";"Bursa Province";"225";"TR";"16";"16";"40.06554590";"29.23207840";"Q43690";;"2021-08-30 05:26:31";"System";"2021-08-30 05:26:31";"System"
"2164";"Eskişehir Province";"225";"TR";"26";"26";"39.63296570";"31.26263660";"Q483053";;"2021-08-30 05:26:31";"System";"2021-08-30 05:26:31";"System"
"2165";"Erzurum Province";"225";"TR";"25";"25";"40.07467990";"41.66945620";"Q376797";;"2021-08-30 05:26:31";"System";"2021-08-30 05:26:31";"System"
"2166";"Iğdır Province";"225";"TR";"88";"76";"39.88798410";"44.00483650";"Q125506";;"2021-08-30 05:26:31";"System";"2021-08-30 05:26:31";"System"
"2167";"Tekirdağ Province";"225";"TR";"59";"59";"41.11212270";"27.26761160";"Q129387";;"2021-08-30 05:26:31";"System";"2021-08-30 05:26:31";"System"
"2168";"Çankırı Province";"225";"TR";"82";"18";"40.53690730";"33.58838930";"Q272662";;"2021-08-30 05:26:31";"System";"2021-08-30 05:26:31";"System"
"2169";"Antalya Province";"225";"TR";"07";"07";"37.09516720";"31.07937050";"Q40249";;"2021-08-30 05:26:31";"System";"2021-08-30 05:26:31";"System"
"2170";"Istanbul Province";"225";"TR";"34";"34";"41.16343020";"28.76644080";"Q534799";;"2021-08-30 05:26:31";"System";"2021-08-30 05:26:31";"System"
"2171";"Konya Province";"225";"TR";"71";"42";"37.98381340";"32.71813750";"Q81551";;"2021-08-30 05:26:31";"System";"2021-08-30 05:26:31";"System"
"2172";"Bolu Province";"225";"TR";"14";"14";"40.57597660";"31.57880860";"Q82089";;"2021-08-30 05:26:31";"System";"2021-08-30 05:26:31";"System"
"2173";"Çorum Province";"225";"TR";"19";"19";"40.49982110";"34.59862630";"Q272947";;"2021-08-30 05:26:31";"System";"2021-08-30 05:26:31";"System"
"2174";"Ordu Province";"225";"TR";"52";"52";"40.79905800";"37.38990050";"Q483180";;"2021-08-30 05:26:31";"System";"2021-08-30 05:26:31";"System"
"2175";"Balıkesir Province";"225";"TR";"10";"10";"39.76167820";"28.11226790";"Q47117";;"2021-08-30 05:26:31";"System";"2021-08-30 05:26:31";"System"
"2176";"Kırklareli Province";"225";"TR";"39";"39";"41.72597950";"27.48383900";"Q131597";;"2021-08-30 05:26:31";"System";"2021-08-30 05:26:31";"System"
"2177";"Bayburt Province";"225";"TR";"77";"69";"40.26032000";"40.22804800";"Q483063";;"2021-08-30 05:26:31";"System";"2021-08-30 05:26:31";"System"
"2178";"Kırıkkale Province";"225";"TR";"79";"71";"39.88768780";"33.75552480";"Q484392";;"2021-08-30 05:26:31";"System";"2021-08-30 05:26:31";"System"
"2179";"Afyonkarahisar Province";"225";"TR";"03";"03";"38.73910990";"30.71200230";"Q45220";;"2021-08-30 05:26:31";"System";"2021-08-30 05:26:31";"System"
"2180";"Kırşehir Province";"225";"TR";"40";"40";"39.22689050";"33.97500180";"Q134187";;"2021-08-30 05:26:31";"System";"2021-08-30 05:26:31";"System"
"2181";"Sivas Province";"225";"TR";"58";"58";"39.44880390";"37.12944970";"Q483100";;"2021-08-30 05:26:31";"System";"2021-08-30 05:26:31";"System"
"2182";"Muğla Province";"225";"TR";"48";"48";"37.18358190";"28.48639630";"Q123934";;"2021-08-30 05:26:31";"System";"2021-08-30 05:26:31";"System"
"2183";"Şanlıurfa Province";"225";"TR";"63";"63";"37.35691020";"39.15436770";"Q388469";;"2021-08-30 05:26:31";"System";"2021-08-30 05:26:31";"System"
"2184";"Karaman Province";"225";"TR";"78";"70";"37.24363360";"33.61757700";"Q482975";;"2021-08-30 05:26:31";"System";"2021-08-30 05:26:31";"System"
"2185";"Ardahan Province";"225";"TR";"86";"75";"41.11129640";"42.78316740";"Q79840";;"2021-08-30 05:26:31";"System";"2021-08-30 05:26:31";"System"
"2186";"Giresun Province";"225";"TR";"28";"28";"40.64616720";"38.59355110";"Q482779";;"2021-08-30 05:26:31";"System";"2021-08-30 05:26:31";"System"
"2187";"Aydın Province";"225";"TR";"09";"09";"37.81170330";"28.48639630";"Q79846";;"2021-08-30 05:26:31";"System";"2021-08-30 05:26:31";"System"
"2188";"Yozgat Province";"225";"TR";"66";"66";"39.72719790";"35.10778580";"Q75445";;"2021-08-30 05:26:31";"System";"2021-08-30 05:26:31";"System"
"2189";"Niğde Province";"225";"TR";"73";"51";"38.09930860";"34.68565090";"Q155219";;"2021-08-30 05:26:31";"System";"2021-08-30 05:26:31";"System"
"2190";"Hakkâri Province";"225";"TR";"70";"30";"37.44593190";"43.74498410";"Q93209";;"2021-08-30 05:26:31";"System";"2021-08-30 05:26:31";"System"
"2191";"Artvin Province";"225";"TR";"08";"08";"41.07866400";"41.76282230";"Q43745";;"2021-08-30 05:26:31";"System";"2021-08-30 05:26:31";"System"
"2192";"Tunceli Province";"225";"TR";"62";"62";"39.30735540";"39.43877780";"Q620742";;"2021-08-30 05:26:31";"System";"2021-08-30 05:26:31";"System"
"2193";"Ağrı Province";"225";"TR";"04";"04";"39.62692180";"43.02159650";"Q80051";;"2021-08-30 05:26:31";"System";"2021-08-30 05:26:31";"System"
"2194";"Batman Province";"225";"TR";"76";"72";"37.83624960";"41.36057390";"Q80370";;"2021-08-30 05:26:31";"System";"2021-08-30 05:26:31";"System"
"2195";"Kocaeli Province";"225";"TR";"41";"41";"40.85327040";"29.88152030";"Q83965";;"2021-08-30 05:26:31";"System";"2021-08-30 05:26:31";"System"
"2196";"Nevşehir Province";"225";"TR";"50";"50";"38.69393990";"34.68565090";"Q430693";;"2021-08-30 05:26:31";"System";"2021-08-30 05:26:31";"System"
"2197";"Kastamonu Province";"225";"TR";"37";"37";"41.41038630";"33.69983340";"Q483191";;"2021-08-30 05:26:31";"System";"2021-08-30 05:26:31";"System"
"2198";"Manisa Province";"225";"TR";"45";"45";"38.84193730";"28.11226790";"Q130553";;"2021-08-30 05:26:31";"System";"2021-08-30 05:26:31";"System"
"2199";"Tokat Province";"225";"TR";"60";"60";"40.39027130";"36.62518630";"Q483195";;"2021-08-30 05:26:31";"System";"2021-08-30 05:26:31";"System"
"2200";"Kayseri Province";"225";"TR";"38";"38";"38.62568540";"35.74068820";"Q483472";;"2021-08-30 05:26:31";"System";"2021-08-30 05:26:31";"System"
"2201";"Uşak Province";"225";"TR";"64";"64";"38.54313190";"29.23207840";"Q483078";;"2021-08-30 05:26:31";"System";"2021-08-30 05:26:31";"System"
"2202";"Düzce Province";"225";"TR";"93";"81";"40.87705310";"31.31927130";"Q432391";;"2021-08-30 05:26:31";"System";"2021-08-30 05:26:31";"System"
"2203";"Gaziantep Province";"225";"TR";"83";"27";"37.07638820";"37.38272340";"Q483154";;"2021-08-30 05:26:31";"System";"2021-08-30 05:26:31";"System"
"2204";"Gümüşhane Province";"225";"TR";"69";"29";"40.28036730";"39.31432530";"Q482788";;"2021-08-30 05:26:31";"System";"2021-08-30 05:26:31";"System"
"2205";"İzmir Province";"225";"TR";"35";"35";"38.35916930";"27.26761160";"Q344490";;"2021-08-30 05:26:31";"System";"2021-08-30 05:26:31";"System"
"2206";"Trabzon Province";"225";"TR";"61";"61";"40.79924100";"39.58479440";"Q388995";;"2021-08-30 05:26:31";"System";"2021-08-30 05:26:31";"System"
"2207";"Siirt Province";"225";"TR";"74";"56";"37.86588620";"42.14945230";"Q482825";;"2021-08-30 05:26:31";"System";"2021-08-30 05:26:31";"System"
"2208";"Kars Province";"225";"TR";"84";"36";"40.28076360";"42.99195270";"Q83077";;"2021-08-30 05:26:31";"System";"2021-08-30 05:26:31";"System"
"2209";"Burdur Province";"225";"TR";"15";"15";"37.46126690";"30.06652360";"Q80088";;"2021-08-30 05:26:31";"System";"2021-08-30 05:26:31";"System"
"2210";"Aksaray Province";"225";"TR";"75";"68";"38.33520430";"33.97500180";"Q83073";;"2021-08-30 05:26:31";"System";"2021-08-30 05:26:31";"System"
"2211";"Hatay Province";"225";"TR";"31";"31";"36.40184880";"36.34980970";"Q83274";;"2021-08-30 05:26:31";"System";"2021-08-30 05:26:31";"System"
"2212";"Adana Province";"225";"TR";"81";"01";"37.26123150";"35.39050460";"Q40549";;"2021-08-30 05:26:31";"System";"2021-08-30 05:26:31";"System"
"2213";"Zonguldak Province";"225";"TR";"85";"67";"41.31249170";"31.85982510";"Q219956";;"2021-08-30 05:26:31";"System";"2021-08-30 05:26:31";"System"
"2214";"Osmaniye Province";"225";"TR";"91";"80";"37.21302580";"36.17626150";"Q281206";;"2021-08-30 05:26:31";"System";"2021-08-30 05:26:31";"System"
"2215";"Bitlis Province";"225";"TR";"13";"13";"38.65231330";"42.42020280";"Q83239";;"2021-08-30 05:26:31";"System";"2021-08-30 05:26:31";"System"
"2216";"Çanakkale Province";"225";"TR";"17";"17";"40.05101040";"26.98524220";"Q47813";;"2021-08-30 05:26:31";"System";"2021-08-30 05:26:31";"System"
"2217";"Ankara Province";"225";"TR";"68";"06";"39.78052450";"32.71813750";"Q2297724";;"2021-08-30 05:26:31";"System";"2021-08-30 05:26:31";"System"
"2218";"Yalova Province";"225";"TR";"92";"77";"40.57759860";"29.20883030";"Q483083";;"2021-08-30 05:26:31";"System";"2021-08-30 05:26:31";"System"
"2219";"Rize Province";"225";"TR";"53";"53";"40.95814970";"40.92269850";"Q483481";;"2021-08-30 05:26:31";"System";"2021-08-30 05:26:31";"System"
"2220";"Samsun Province";"225";"TR";"55";"55";"41.18648590";"36.13226780";"Q483040";;"2021-08-30 05:26:31";"System";"2021-08-30 05:26:31";"System"
"2221";"Bilecik Province";"225";"TR";"11";"11";"40.05665550";"30.06652360";"Q46763";;"2021-08-30 05:26:31";"System";"2021-08-30 05:26:31";"System"
"2222";"Isparta Province";"225";"TR";"33";"32";"38.02114640";"31.07937050";"Q268043";;"2021-08-30 05:26:31";"System";"2021-08-30 05:26:31";"System"
"2223";"Karabük Province";"225";"TR";"89";"78";"41.18748900";"32.74174190";"Q483168";;"2021-08-30 05:26:31";"System";"2021-08-30 05:26:31";"System"
"2224";"Mardin Province";"225";"TR";"72";"47";"37.34429290";"40.61964870";"Q131293";;"2021-08-30 05:26:31";"System";"2021-08-30 05:26:31";"System"
"2225";"Şırnak Province";"225";"TR";"80";"73";"37.41874810";"42.49183380";"Q647378";;"2021-08-30 05:26:31";"System";"2021-08-30 05:26:31";"System"
"2226";"Diyarbakır Province";"225";"TR";"21";"21";"38.10663720";"40.54268960";"Q83081";;"2021-08-30 05:26:31";"System";"2021-08-30 05:26:31";"System"
"2227";"Kahramanmaraş Province";"225";"TR";"46";"46";"37.75030360";"36.95410700";"Q482834";;"2021-08-30 05:26:31";"System";"2021-08-30 05:26:31";"System"
"2228";"Lisbon";"177";"PT";"14";"11";"38.72232630";"-9.13927140";"Q207199";;"2021-08-30 05:26:31";"System";"2021-08-30 05:26:31";"System"
"2229";"Bragança";"177";"PT";"05";"04";"41.80616520";"-6.75674270";"Q373528";;"2021-08-30 05:26:31";"System";"2021-08-30 05:26:31";"System"
"2230";"Beja";"177";"PT";"03";"02";"37.96877860";"-7.87216000";"Q321455";;"2021-08-30 05:26:31";"System";"2021-08-30 05:26:31";"System"
"2231";"Madeira";"177";"PT";"10";"30";"32.76070740";"-16.95947230";"Q26253";;"2021-08-30 05:26:31";"System";"2021-08-30 05:26:31";"System"
"2232";"Portalegre";"177";"PT";"16";"12";"39.29670860";"-7.42847550";"Q225189";;"2021-08-30 05:26:31";"System";"2021-08-30 05:26:31";"System"
"2233";"Açores";"177";"PT";"23";"20";"37.74124880";"-25.67559440";"Q25263";;"2021-08-30 05:26:31";"System";"2021-08-30 05:26:31";"System"
"2234";"Vila Real";"177";"PT";"21";"17";"41.30035270";"-7.74572740";"Q379372";;"2021-08-30 05:26:31";"System";"2021-08-30 05:26:31";"System"
"2235";"Aveiro";"177";"PT";"02";"01";"40.72090230";"-8.57210160";"Q210527";;"2021-08-30 05:26:31";"System";"2021-08-30 05:26:31";"System"
"2236";"Évora";"177";"PT";"08";"07";"38.57444680";"-7.90765530";"Q274118";;"2021-08-30 05:26:31";"System";"2021-08-30 05:26:31";"System"
"2237";"Viseu";"177";"PT";"22";"18";"40.65884240";"-7.91475600";"Q273525";;"2021-08-30 05:26:31";"System";"2021-08-30 05:26:31";"System"
"2238";"Santarém";"177";"PT";"18";"14";"39.23666870";"-8.68599440";"Q244510";;"2021-08-30 05:26:31";"System";"2021-08-30 05:26:31";"System"
"2239";"Faro";"177";"PT";"09";"08";"37.01935480";"-7.93043970";"Q244521";;"2021-08-30 05:26:31";"System";"2021-08-30 05:26:31";"System"
"2240";"Leiria";"177";"PT";"13";"10";"39.77095320";"-8.79218360";"Q244512";;"2021-08-30 05:26:31";"System";"2021-08-30 05:26:31";"System"
"2241";"Castelo Branco";"177";"PT";"06";"05";"39.86313230";"-7.48141630";"Q273529";;"2021-08-30 05:26:31";"System";"2021-08-30 05:26:31";"System"
"2242";"Setúbal";"177";"PT";"19";"15";"38.52409330";"-8.89258760";"Q274109";;"2021-08-30 05:26:31";"System";"2021-08-30 05:26:31";"System"
"2243";"Porto";"177";"PT";"17";"13";"41.14766290";"-8.60789730";"Q322792";;"2021-08-30 05:26:31";"System";"2021-08-30 05:26:31";"System"
"2244";"Braga";"177";"PT";"04";"03";"41.55038800";"-8.42613010";"Q326203";;"2021-08-30 05:26:31";"System";"2021-08-30 05:26:31";"System"
"2245";"Viana do Castelo";"177";"PT";"20";"16";"41.69180460";"-8.83445100";"Q326214";;"2021-08-30 05:26:31";"System";"2021-08-30 05:26:31";"System"
"2246";"Coimbra";"177";"PT";"07";"06";"40.20579940";"-8.41369000";"Q244517";;"2021-08-30 05:26:31";"System";"2021-08-30 05:26:31";"System"
"2247";"Zhejiang";"45";"CN";"02";"ZJ";"29.14164320";"119.78892480";"Q16967";;"2021-08-30 05:26:31";"System";"2021-08-30 05:26:31";"System"
"2248";"Fujian";"45";"CN";"07";"FJ";"26.48368420";"117.92490020";"Q41705";;"2021-08-30 05:26:31";"System";"2021-08-30 05:26:31";"System"
"2249";"Shanghai";"45";"CN";"23";"SH";"31.23041600";"121.47370100";"Q8686";;"2021-08-30 05:26:31";"System";"2021-08-30 05:26:31";"System"
"2250";"Jiangsu";"45";"CN";"04";"JS";"33.14017150";"119.78892480";"Q16963";;"2021-08-30 05:26:31";"System";"2021-08-30 05:26:31";"System"
"2251";"Anhui";"45";"CN";"01";"AH";"30.60067730";"117.92490020";"Q40956";;"2021-08-30 05:26:31";"System";"2021-08-30 05:26:31";"System"
"2252";"Shandong";"45";"CN";"25";"SD";"37.80060640";"-122.26999180";"Q43407";;"2021-08-30 05:26:31";"System";"2021-08-30 05:26:31";"System"
"2253";"Jilin";"45";"CN";"05";"JL";"43.83788300";"126.54957200";"Q45208";;"2021-08-30 05:26:31";"System";"2021-08-30 05:26:31";"System"
"2254";"Shanxi";"45";"CN";"24";"SX";"37.24256490";"111.85685860";"Q46913";;"2021-08-30 05:26:31";"System";"2021-08-30 05:26:31";"System"
"2255";"Taiwan Province, People's Republic of China";"45";"CN";"04";"TW";"23.69781000";"120.96051500";"Q57251";;"2021-08-30 05:26:31";"System";"2021-08-30 05:26:31";"System"
"2256";"Jiangxi";"45";"CN";"03";"JX";"27.08745640";"114.90422080";"Q57052";;"2021-08-30 05:26:31";"System";"2021-08-30 05:26:31";"System"
"2257";"Beijing";"45";"CN";"22";"BJ";"39.90419990";"116.40739630";"Q956";;"2021-08-30 05:26:31";"System";"2021-08-30 05:26:31";"System"
"2258";"Hunan";"45";"CN";"11";"HN";"36.73412940";"-95.93449020";"Q45761";;"2021-08-30 05:26:31";"System";"2021-08-30 05:26:31";"System"
"2259";"Henan";"45";"CN";"09";"HA";"34.29043020";"113.38235450";"Q43684";;"2021-08-30 05:26:31";"System";"2021-08-30 05:26:31";"System"
"2260";"Yunnan";"45";"CN";"29";"YN";"24.47528470";"101.34310580";"Q43194";;"2021-08-30 05:26:31";"System";"2021-08-30 05:26:31";"System"
"2261";"Guizhou";"45";"CN";"18";"GZ";"26.84296450";"107.29028390";"Q47097";;"2021-08-30 05:26:31";"System";"2021-08-30 05:26:31";"System"
"2262";"Ningxia Hui Autonomous Region";"45";"CN";"21";"NX";"37.19873100";"106.15809370";"Q57448";;"2021-08-30 05:26:31";"System";"2021-08-30 05:26:31";"System"
"2263";"Xinjiang";"45";"CN";"13";"XJ";"42.52463570";"87.53958550";"Q34800";;"2021-08-30 05:26:31";"System";"2021-08-30 05:26:31";"System"
"2264";"Tibet Autonomous Region";"45";"CN";"14";"XZ";"30.15336050";"88.78786780";"Q17269";;"2021-08-30 05:26:31";"System";"2021-08-30 05:26:31";"System"
"2265";"Heilongjiang";"45";"CN";"08";"HL";"47.12164720";"128.73823100";"Q19206";;"2021-08-30 05:26:31";"System";"2021-08-30 05:26:31";"System"
"2266";"Macau";"45";"CN";"MC";"MO";"22.19874500";"113.54387300";"Q14773";;"2021-08-30 05:26:31";"System";"2021-08-30 05:26:31";"System"
"2267";"Hong Kong";"45";"CN";"HK";"HK";"22.31930390";"114.16936110";"Q8646";;"2021-08-30 05:26:31";"System";"2021-08-30 05:26:31";"System"
"2268";"Liaoning";"45";"CN";"19";"LN";"41.94365430";"122.52903760";"Q43934";;"2021-08-30 05:26:31";"System";"2021-08-30 05:26:31";"System"
"2269";"Inner Mongolia";"45";"CN";"20";"NM";"43.37822000";"115.05948150";"Q41079";;"2021-08-30 05:26:31";"System";"2021-08-30 05:26:31";"System"
"2270";"Qinghai";"45";"CN";"06";"QH";"35.74479800";"96.40773580";"Q45833";;"2021-08-30 05:26:31";"System";"2021-08-30 05:26:31";"System"
"2271";"Chongqing";"45";"CN";"33";"CQ";"29.43158610";"106.91225100";"Q11725";;"2021-08-30 05:26:31";"System";"2021-08-30 05:26:31";"System"
"2272";"Shaanxi";"45";"CN";"26";"SN";"35.39399080";"109.18800470";"Q47974";;"2021-08-30 05:26:31";"System";"2021-08-30 05:26:31";"System"
"2273";"Hainan";"45";"CN";"31";"HI";"19.56639470";"109.94968600";"Q42200";;"2021-08-30 05:26:31";"System";"2021-08-30 05:26:31";"System"
"2274";"Hubei";"45";"CN";"12";"HB";"30.73781180";"112.23840170";"Q46862";;"2021-08-30 05:26:31";"System";"2021-08-30 05:26:31";"System"
"2275";"Gansu";"45";"CN";"15";"GS";"35.75183260";"104.28611160";"Q42392";;"2021-08-30 05:26:31";"System";"2021-08-30 05:26:31";"System"
"2276";"Keelung";"45";"CN";"15";"TW-KEE";"25.12760330";"121.73918330";"Q249996";;"2021-08-30 05:26:31";"System";"2021-08-30 05:26:31";"System"
"2277";"Sichuan";"45";"CN";"32";"SC";"30.26380320";"102.80547530";"Q19770";;"2021-08-30 05:26:31";"System";"2021-08-30 05:26:31";"System"
"2278";"Guangxi Zhuang Autonomous Region";"45";"CN";"16";"GX";"23.72475990";"108.80761950";"Q15176";;"2021-08-30 05:26:31";"System";"2021-08-30 05:26:31";"System"
"2279";"Guangdong";"45";"CN";"30";"GD";"23.37903330";"113.76328280";"Q15175";;"2021-08-30 05:26:31";"System";"2021-08-30 05:26:31";"System"
"2280";"Hebei";"45";"CN";"10";"HE";"37.89565940";"114.90422080";"Q21208";;"2021-08-30 05:26:31";"System";"2021-08-30 05:26:31";"System"
"2281";"South Governorate";"121";"LB";"06";"JA";"33.27214790";"35.20327780";"Q223643";;"2021-08-30 05:26:31";"System";"2021-08-30 05:26:31";"System"
"2282";"Mount Lebanon Governorate";"121";"LB";"05";"JL";"33.81008580";"35.59731390";"Q216945";;"2021-08-30 05:26:31";"System";"2021-08-30 05:26:31";"System"
"2283";"Baalbek-Hermel Governorate";"121";"LB";"11";"BH";"34.26585560";"36.34980970";"Q787753";;"2021-08-30 05:26:31";"System";"2021-08-30 05:26:31";"System"
"2284";"North Governorate";"121";"LB";"09";"AS";"34.43806250";"35.83082330";"Q390267";;"2021-08-30 05:26:31";"System";"2021-08-30 05:26:31";"System"
"2285";"Akkar Governorate";"121";"LB";"10";"AK";"34.53287630";"36.13281320";"Q556146";;"2021-08-30 05:26:31";"System";"2021-08-30 05:26:31";"System"
"2286";"Beirut Governorate";"121";"LB";"04";"BA";"33.88861060";"35.49547720";"Q651688";;"2021-08-30 05:26:31";"System";"2021-08-30 05:26:31";"System"
"2287";"Beqaa Governorate";"121";"LB";"08";"BI";"33.84626620";"35.90194890";"Q319632";;"2021-08-30 05:26:31";"System";"2021-08-30 05:26:31";"System"
"2288";"Nabatieh Governorate";"121";"LB";"07";"NA";"33.37716930";"35.48382930";"Q458417";;"2021-08-30 05:26:31";"System";"2021-08-30 05:26:31";"System"
"2289";"Isle of Wight";"232";"GB";"G2";"IOW";"50.69384790";"-1.30473400";"Q9679";;"2021-08-30 05:26:31";"System";"2021-08-30 05:26:31";"System"
"2290";"St Helens";"232";"GB";"N1";"SHN";"45.85896100";"-122.82123560";"Q179206";;"2021-08-30 05:26:31";"System";"2021-08-30 05:26:31";"System"
"2291";"London Borough of Brent";"232";"GB";"B5";"BEN";"51.56728080";"-0.27105680";"Q207201";;"2021-08-30 05:26:31";"System";"2021-08-30 05:26:31";"System"
"2292";"Walsall";"232";"GB";"O8";"WLL";"52.58621400";"-1.98291900";"Q178356";;"2021-08-30 05:26:31";"System";"2021-08-30 05:26:31";"System"
"2293";"Trafford";"232";"GB";"O6";"TRF";"40.38562460";"-79.75893470";"Q915954";;"2021-08-30 05:26:31";"System";"2021-08-30 05:26:31";"System"
"2294";"City of Southampton";"232";"GB";"O6";"STH";"50.90970040";"-1.40435090";"Q21683230";;"2021-08-30 05:26:31";"System";"2021-08-30 05:26:31";"System"
"2295";"Sheffield";"232";"GB";"O6";"SHF";"36.09507430";"-80.27884660";"Q12956644";;"2021-08-30 05:26:31";"System";"2021-08-30 05:26:31";"System"
"2296";"West Sussex";"232";"GB";"P6";"WSX";"50.92801430";"-0.46170750";"Q23287";;"2021-08-30 05:26:31";"System";"2021-08-30 05:26:31";"System"
"2297";"City of Peterborough";"232";"GB";"P6";"PTE";"44.30936360";"-78.32015300";"Q12956645";;"2021-08-30 05:26:31";"System";"2021-08-30 05:26:31";"System"
"2298";"Caerphilly County Borough";"232";"GB";"X4";"CAY";"51.66044650";"-3.21787240";"Q748065";;"2021-08-30 05:26:31";"System";"2021-08-30 05:26:31";"System"
"2299";"Vale of Glamorgan";"232";"GB";"Z3";"VGL";"51.40959580";"-3.48481670";"Q844784";;"2021-08-30 05:26:31";"System";"2021-08-30 05:26:31";"System"
"2300";"Shetland Islands";"232";"GB";"W3";"ZET";"60.52965070";"-1.26594090";"Q47134";;"2021-08-30 05:26:31";"System";"2021-08-30 05:26:31";"System"
"2301";"Rhondda Cynon Taf";"232";"GB";"Y9";"RCT";"51.64902070";"-3.42886920";"Q817960";;"2021-08-30 05:26:31";"System";"2021-08-30 05:26:31";"System"
"2302";"Poole";"232";"GB";"Y9";"POL";"50.71505000";"-1.98724800";"Q21683234";;"2021-08-30 05:26:31";"System";"2021-08-30 05:26:31";"System"
"2303";"Central Bedfordshire";"232";"GB";"Y9";"CBF";"52.00297440";"-0.46513890";"Q1053723";;"2021-08-30 05:26:31";"System";"2021-08-30 05:26:31";"System"
"2304";"Down District Council";"232";"GB";"R9";"DOW";"54.24342870";"-5.95779590";"Q1198492";;"2021-08-30 05:26:31";"System";"2021-08-30 05:26:31";"System"
"2305";"City of Portsmouth";"232";"GB";"R9";"POR";"36.83291500";"-76.29755490";"Q21683233";;"2021-08-30 05:26:31";"System";"2021-08-30 05:26:31";"System"
"2306";"London Borough of Haringey";"232";"GB";"F3";"HRY";"51.59061130";"-0.11097090";"Q213560";;"2021-08-30 05:26:31";"System";"2021-08-30 05:26:31";"System"
"2307";"London Borough of Bexley";"232";"GB";"A6";"BEX";"51.45190210";"0.11717860";"Q207208";;"2021-08-30 05:26:31";"System";"2021-08-30 05:26:31";"System"
"2308";"Rotherham";"232";"GB";"L3";"ROT";"53.43260350";"-1.36350090";"Q1878732";;"2021-08-30 05:26:31";"System";"2021-08-30 05:26:31";"System"
"2309";"Hartlepool";"232";"GB";"F5";"HPL";"54.69174500";"-1.21292600";"Q2594690";;"2021-08-30 05:26:31";"System";"2021-08-30 05:26:31";"System"
"2310";"Telford and Wrekin";"232";"GB";"O2";"TFW";"52.74099160";"-2.48685860";"Q1425298";;"2021-08-30 05:26:31";"System";"2021-08-30 05:26:31";"System"
"2311";"Belfast district";"232";"GB";"R3";"BFS";"54.61703660";"-5.95318610";"Q1140130";;"2021-08-30 05:26:31";"System";"2021-08-30 05:26:31";"System"
"2312";"Cornwall";"232";"GB";"C6";"CON";"50.26604710";"-5.05271250";"Q22338583";;"2021-08-30 05:26:31";"System";"2021-08-30 05:26:31";"System"
"2313";"London Borough of Sutton";"232";"GB";"N8";"STN";"51.35737620";"-0.17527960";"Q320378";;"2021-08-30 05:26:31";"System";"2021-08-30 05:26:31";"System"
"2314";"Omagh District Council";"232";"GB";"T3";"OMH";"54.45135240";"-7.71250180";"Q505691";;"2021-08-30 05:26:31";"System";"2021-08-30 05:26:31";"System"
"2315";"Banbridge";"232";"GB";"R2";"BNB";"54.34872900";"-6.27048030";"Q806141";;"2021-08-30 05:26:31";"System";"2021-08-30 05:26:31";"System"
"2316";"Causeway Coast and Glens";"232";"GB";"R2";"CCG";"55.04318300";"-6.67412880";"Q5054638";;"2021-08-30 05:26:31";"System";"2021-08-30 05:26:31";"System"
"2317";"Newtownabbey Borough Council";"232";"GB";"T1";"NTA";"54.67924220";"-5.95911020";"Q1198475";;"2021-08-30 05:26:31";"System";"2021-08-30 05:26:31";"System"
"2318";"City of Leicester";"232";"GB";"T1";"LCE";"52.63687780";"-1.13975920";"Q21683242";;"2021-08-30 05:26:31";"System";"2021-08-30 05:26:31";"System"
"2319";"London Borough of Islington";"232";"GB";"G3";"ISL";"51.54650630";"-0.10580580";"Q205817";;"2021-08-30 05:26:31";"System";"2021-08-30 05:26:31";"System"
"2320";"Metropolitan Borough of Wigan";"232";"GB";"P7";"WGN";"53.51348120";"-2.61069990";"Q684307";;"2021-08-30 05:26:31";"System";"2021-08-30 05:26:31";"System"
"2321";"Oxfordshire";"232";"GB";"K2";"OXF";"51.76120560";"-1.24646740";"Q23169";;"2021-08-30 05:26:31";"System";"2021-08-30 05:26:31";"System"
"2322";"Magherafelt District Council";"232";"GB";"S7";"MFT";"54.75532790";"-6.60774870";"Q1198482";;"2021-08-30 05:26:31";"System";"2021-08-30 05:26:31";"System"
"2323";"Southend-on-Sea";"232";"GB";"M5";"SOS";"51.54592690";"0.70771230";"Q203995";;"2021-08-30 05:26:31";"System";"2021-08-30 05:26:31";"System"
"2324";"Armagh, Banbridge and Craigavon";"232";"GB";"M5";"ABC";"54.39325920";"-6.45634010";"Q4792580";;"2021-08-30 05:26:31";"System";"2021-08-30 05:26:31";"System"
"2325";"Perth and Kinross";"232";"GB";"W1";"PKN";"56.39538170";"-3.42835470";"Q207679";;"2021-08-30 05:26:31";"System";"2021-08-30 05:26:31";"System"
"2326";"London Borough of Waltham Forest";"232";"GB";"O9";"WFT";"51.58863830";"-0.01176250";"Q40608";;"2021-08-30 05:26:31";"System";"2021-08-30 05:26:31";"System"
"2327";"Rochdale";"232";"GB";"L2";"RCH";"53.60971360";"-2.15610000";"Q1892596";;"2021-08-30 05:26:31";"System";"2021-08-30 05:26:31";"System"
"2328";"Merthyr Tydfil County Borough";"232";"GB";"Y3";"MTY";"51.74674740";"-3.38132750";"Q3306663";;"2021-08-30 05:26:31";"System";"2021-08-30 05:26:31";"System"
"2329";"Blackburn with Darwen";"232";"GB";"A8";"BBD";"53.69575220";"-2.46829850";"Q880782";;"2021-08-30 05:26:31";"System";"2021-08-30 05:26:31";"System"
"2330";"Knowsley";"232";"GB";"G9";"KWL";"53.45459400";"-2.85290700";"Q1228523";;"2021-08-30 05:26:31";"System";"2021-08-30 05:26:31";"System"
"2331";"Armagh City and District Council";"232";"GB";"Q8";"ARM";"54.39325920";"-6.45634010";"Q676704";;"2021-08-30 05:26:31";"System";"2021-08-30 05:26:31";"System"
"2332";"Middlesbrough";"232";"GB";"I5";"MDB";"54.57422700";"-1.23495600";"Q171866";;"2021-08-30 05:26:31";"System";"2021-08-30 05:26:31";"System"
"2333";"East Renfrewshire";"232";"GB";"U7";"ERW";"55.77047350";"-4.33598210";"Q211925";;"2021-08-30 05:26:31";"System";"2021-08-30 05:26:31";"System"
"2334";"Cumbria";"232";"GB";"C9";"CMA";"54.57723230";"-2.79748350";"Q23066";;"2021-08-30 05:26:31";"System";"2021-08-30 05:26:31";"System"
"2335";"Scotland";"232";"GB";"SCT";"SCT";"56.49067120";"-4.20264580";"Q22";;"2021-08-30 05:26:31";"System";"2021-08-30 05:26:31";"System"
"2336";"England";"232";"GB";"ENG";"ENG";"52.35551770";"-1.17431970";"Q21";;"2021-08-30 05:26:31";"System";"2021-08-30 05:26:31";"System"
"2337";"Northern Ireland";"232";"GB";"NIR";"NIR";"54.78771490";"-6.49231450";"Q26";;"2021-08-30 05:26:31";"System";"2021-08-30 05:26:31";"System"
"2338";"Wales";"232";"GB";"WLS";"WLS";"52.13066070";"-3.78371170";"Q25";;"2021-08-30 05:26:31";"System";"2021-08-30 05:26:31";"System"
"2339";"Bath and North East Somerset";"232";"GB";"A4";"BAS";"51.32501020";"-2.47662410";"Q810793";;"2021-08-30 05:26:31";"System";"2021-08-30 05:26:31";"System"
"2340";"Liverpool";"232";"GB";"A4";"LIV";"32.65649810";"-115.47632410";"Q21665571";;"2021-08-30 05:26:31";"System";"2021-08-30 05:26:31";"System"
"2341";"Sandwell";"232";"GB";"L7";"SAW";"52.53616740";"-2.01079300";"Q285964";;"2021-08-30 05:26:31";"System";"2021-08-30 05:26:31";"System"
"2342";"Bournemouth";"232";"GB";"L7";"BMH";"50.71916400";"-1.88076900";"Q20989094";;"2021-08-30 05:26:31";"System";"2021-08-30 05:26:31";"System"
"2343";"Isles of Scilly";"232";"GB";"L7";"IOS";"49.92772610";"-6.32749660";"Q180209";;"2021-08-30 05:26:31";"System";"2021-08-30 05:26:31";"System"
"2344";"Falkirk";"232";"GB";"U9";"FAL";"56.00187750";"-3.78391310";"Q216802";;"2021-08-30 05:26:31";"System";"2021-08-30 05:26:31";"System"
"2345";"Dorset";"232";"GB";"U9";"DOR";"50.74876350";"-2.34447860";"Q21694711";;"2021-08-30 05:26:31";"System";"2021-08-30 05:26:31";"System"
"2346";"Scottish Borders";"232";"GB";"T9";"SCB";"55.54856970";"-2.78613880";"Q211113";;"2021-08-30 05:26:31";"System";"2021-08-30 05:26:31";"System"
"2347";"London Borough of Havering";"232";"GB";"F6";"HAV";"51.57792400";"0.21208290";"Q215038";;"2021-08-30 05:26:31";"System";"2021-08-30 05:26:31";"System"
"2348";"Moyle District Council";"232";"GB";"S8";"MYL";"55.20473270";"-6.25317400";"Q1198496";;"2021-08-30 05:26:31";"System";"2021-08-30 05:26:31";"System"
"2349";"London Borough of Camden";"232";"GB";"C4";"CMD";"51.54547360";"-0.16279020";"Q202088";;"2021-08-30 05:26:31";"System";"2021-08-30 05:26:31";"System"
"2350";"Newry and Mourne District Council";"232";"GB";"S9";"NYM";"54.17425050";"-6.33919920";"Q606825";;"2021-08-30 05:26:31";"System";"2021-08-30 05:26:31";"System"
"2351";"Neath Port Talbot County Borough";"232";"GB";"Y5";"NTL";"51.59785190";"-3.78396680";"Q748078";;"2021-08-30 05:26:31";"System";"2021-08-30 05:26:31";"System"
"2352";"Conwy County Borough";"232";"GB";"X8";"CWY";"53.29350130";"-3.72651610";"Q817971";;"2021-08-30 05:26:31";"System";"2021-08-30 05:26:31";"System"
"2353";"Outer Hebrides";"232";"GB";"W8";"ELS";"57.75989180";"-7.01940340";"Q80967";;"2021-08-30 05:26:31";"System";"2021-08-30 05:26:31";"System"
"2354";"West Lothian";"232";"GB";"W9";"WLN";"55.90701980";"-3.55171670";"Q204940";;"2021-08-30 05:26:31";"System";"2021-08-30 05:26:31";"System"
"2355";"Lincolnshire";"232";"GB";"W9";"LIN";"52.94518890";"-0.16012460";"Q21269047";;"2021-08-30 05:26:31";"System";"2021-08-30 05:26:31";"System"
"2356";"London Borough of Barking and Dagenham";"232";"GB";"A1";"BDG";"51.55406660";"0.13401700";"Q205358";;"2021-08-30 05:26:31";"System";"2021-08-30 05:26:31";"System"
"2357";"City of Westminster";"232";"GB";"P5";"WSM";"39.57659770";"-76.99721260";"Q179351";;"2021-08-30 05:26:31";"System";"2021-08-30 05:26:31";"System"
"2358";"London Borough of Lewisham";"232";"GB";"H6";"LEW";"51.44145790";"-0.01170060";"Q215030";;"2021-08-30 05:26:31";"System";"2021-08-30 05:26:31";"System"
"2359";"City of Nottingham";"232";"GB";"H6";"NGM";"52.95478320";"-1.15810860";"Q21885994";;"2021-08-30 05:26:31";"System";"2021-08-30 05:26:31";"System"
"2360";"Moray";"232";"GB";"V6";"MRY";"57.64984760";"-3.31680390";"Q211106";;"2021-08-30 05:26:31";"System";"2021-08-30 05:26:31";"System"
"2361";"Ballymoney";"232";"GB";"R1";"BLY";"55.07048880";"-6.51737080";"Q805427";;"2021-08-30 05:26:31";"System";"2021-08-30 05:26:31";"System"
"2362";"South Lanarkshire";"232";"GB";"W5";"SLK";"55.67359090";"-3.78196610";"Q209142";;"2021-08-30 05:26:31";"System";"2021-08-30 05:26:31";"System"
"2363";"Ballymena Borough";"232";"GB";"Q9";"BLA";"54.86426000";"-6.27910740";"Q805424";;"2021-08-30 05:26:31";"System";"2021-08-30 05:26:31";"System"
"2364";"Doncaster";"232";"GB";"D5";"DNC";"53.52282000";"-1.12846200";"Q1925846";;"2021-08-30 05:26:31";"System";"2021-08-30 05:26:31";"System"
"2365";"Northumberland";"232";"GB";"J6";"NBL";"55.20825420";"-2.07841380";"Q23079";;"2021-08-30 05:26:31";"System";"2021-08-30 05:26:31";"System"
"2366";"Fermanagh and Omagh";"232";"GB";"J6";"FMO";"54.45135240";"-7.71250180";"Q5444365";;"2021-08-30 05:26:31";"System";"2021-08-30 05:26:31";"System"
"2367";"Tameside";"232";"GB";"O1";"TAM";"53.48058280";"-2.08098910";"Q1423078";;"2021-08-30 05:26:31";"System";"2021-08-30 05:26:31";"System"
"2368";"Royal Borough of Kensington and Chelsea";"232";"GB";"G4";"KEC";"51.49908050";"-0.19382530";"Q188801";;"2021-08-30 05:26:31";"System";"2021-08-30 05:26:31";"System"
"2369";"Hertfordshire";"232";"GB";"F8";"HRT";"51.80978230";"-0.23767440";"Q3410";;"2021-08-30 05:26:31";"System";"2021-08-30 05:26:31";"System"
"2370";"East Riding of Yorkshire";"232";"GB";"F8";"ERY";"53.84161680";"-0.43441060";"Q21695028";;"2021-08-30 05:26:31";"System";"2021-08-30 05:26:31";"System"
"2371";"Kirklees";"232";"GB";"G8";"KIR";"53.59334320";"-1.80095090";"Q918975";;"2021-08-30 05:26:31";"System";"2021-08-30 05:26:31";"System"
"2372";"City of Sunderland";"232";"GB";"N6";"SND";"54.88614890";"-1.47857970";"Q1280897";;"2021-08-30 05:26:31";"System";"2021-08-30 05:26:31";"System"
"2373";"Gloucestershire";"232";"GB";"N6";"GLS";"51.86421120";"-2.23803350";"Q21694733";;"2021-08-30 05:26:31";"System";"2021-08-30 05:26:31";"System"
"2374";"East Ayrshire";"232";"GB";"U4";"EAY";"55.45184960";"-4.26444780";"Q209135";;"2021-08-30 05:26:31";"System";"2021-08-30 05:26:31";"System"
"2375";"United Kingdom";"232";"GB";"UK";"UKM";"55.37805100";"-3.43597300";"Q145";;"2021-08-30 05:26:31";"System";"2021-08-30 05:26:31";"System"
"2376";"London Borough of Hillingdon";"232";"GB";"F9";"HIL";"51.53518320";"-0.44813780";"Q205690";;"2021-08-30 05:26:31";"System";"2021-08-30 05:26:31";"System"
"2377";"South Ayrshire";"232";"GB";"W4";"SAY";"55.45889880";"-4.62919940";"Q209131";;"2021-08-30 05:26:31";"System";"2021-08-30 05:26:31";"System"
"2378";"Ascension Island";"232";"GB";"01";"SH-AC";"-7.94671660";"-14.35591580";"Q46197";;"2021-08-30 05:26:31";"System";"2021-08-30 05:26:31";"System"
"2379";"Gwynedd";"232";"GB";"Y2";"GWN";"52.92772660";"-4.13348360";"Q109128";;"2021-08-30 05:26:31";"System";"2021-08-30 05:26:31";"System"
"2380";"London Borough of Hounslow";"232";"GB";"G1";"HNS";"51.48283580";"-0.38820620";"Q214162";;"2021-08-30 05:26:31";"System";"2021-08-30 05:26:31";"System"
"2381";"Medway";"232";"GB";"I3";"MDW";"42.14176410";"-71.39672560";"Q797782";;"2021-08-30 05:26:31";"System";"2021-08-30 05:26:31";"System"
"2382";"Limavady Borough Council";"232";"GB";"S4";"LMV";"55.05168200";"-6.94919440";"Q1198505";;"2021-08-30 05:26:31";"System";"2021-08-30 05:26:31";"System"
"2383";"Highland";"232";"GB";"V3";"HLD";"36.29675080";"-95.83803660";"Q208279";;"2021-08-30 05:26:31";"System";"2021-08-30 05:26:31";"System"
"2384";"North East Lincolnshire";"232";"GB";"J2";"NEL";"53.56682010";"-0.08150660";"Q1342914";;"2021-08-30 05:26:31";"System";"2021-08-30 05:26:31";"System"
"2385";"London Borough of Harrow";"232";"GB";"F4";"HRW";"51.58816270";"-0.34228510";"Q210476";;"2021-08-30 05:26:31";"System";"2021-08-30 05:26:31";"System"
"2386";"Somerset";"232";"GB";"F4";"SOM";"51.10509700";"-2.92623070";"Q21694741";;"2021-08-30 05:26:31";"System";"2021-08-30 05:26:31";"System"
"2387";"Angus";"232";"GB";"T7";"ANS";"37.27578860";"-95.65010330";"Q202177";;"2021-08-30 05:26:31";"System";"2021-08-30 05:26:31";"System"
"2388";"Inverclyde";"232";"GB";"V4";"IVC";"55.93165690";"-4.68001580";"Q208271";;"2021-08-30 05:26:31";"System";"2021-08-30 05:26:31";"System"
"2389";"Darlington";"232";"GB";"D1";"DAL";"34.29987620";"-79.87617410";"Q1171024";;"2021-08-30 05:26:31";"System";"2021-08-30 05:26:31";"System"
"2390";"London Borough of Tower Hamlets";"232";"GB";"O5";"TWH";"51.52026070";"-0.02933960";"Q208152";;"2021-08-30 05:26:31";"System";"2021-08-30 05:26:31";"System"
"2391";"Wiltshire";"232";"GB";"P8";"WIL";"51.34919960";"-1.99271050";"Q21694746";;"2021-08-30 05:26:31";"System";"2021-08-30 05:26:31";"System"
"2392";"Argyll and Bute";"232";"GB";"T8";"AGB";"56.40062140";"-5.48074800";"Q202174";;"2021-08-30 05:26:31";"System";"2021-08-30 05:26:31";"System"
"2393";"Strabane District Council";"232";"GB";"T4";"STB";"54.82738650";"-7.46331030";"Q1198500";;"2021-08-30 05:26:31";"System";"2021-08-30 05:26:31";"System"
"2394";"Stockport";"232";"GB";"N2";"SKP";"53.41063160";"-2.15753320";"Q1752424";;"2021-08-30 05:26:31";"System";"2021-08-30 05:26:31";"System"
"2395";"Brighton and Hove";"232";"GB";"B6";"BNH";"50.82262880";"-0.13704700";"Q1022488";;"2021-08-30 05:26:31";"System";"2021-08-30 05:26:31";"System"
"2396";"London Borough of Lambeth";"232";"GB";"H1";"LBH";"51.45714770";"-0.12306810";"Q202059";;"2021-08-30 05:26:31";"System";"2021-08-30 05:26:31";"System"
"2397";"London Borough of Redbridge";"232";"GB";"K8";"RDB";"51.58861210";"0.08239820";"Q208955";;"2021-08-30 05:26:31";"System";"2021-08-30 05:26:31";"System"
"2398";"Manchester";"232";"GB";"K8";"MAN";"53.48075930";"-2.24263050";"Q21525592";;"2021-08-30 05:26:31";"System";"2021-08-30 05:26:31";"System"
"2399";"Mid Ulster";"232";"GB";"K8";"MUL";"54.64113010";"-6.75225490";"Q6840825";;"2021-08-30 05:26:31";"System";"2021-08-30 05:26:31";"System"
"2400";"South Gloucestershire";"232";"GB";"M6";"SGC";"51.52643610";"-2.47284870";"Q1369280";;"2021-08-30 05:26:31";"System";"2021-08-30 05:26:31";"System"
"2401";"Aberdeenshire";"232";"GB";"T6";"ABD";"57.28687230";"-2.38156840";"Q189912";;"2021-08-30 05:26:31";"System";"2021-08-30 05:26:31";"System"
"2402";"Monmouthshire";"232";"GB";"Y4";"MON";"51.81161000";"-2.71634170";"Q207176";;"2021-08-30 05:26:31";"System";"2021-08-30 05:26:31";"System"
"2403";"Derbyshire";"232";"GB";"Y4";"DBY";"53.10467820";"-1.56238850";"Q11775003";;"2021-08-30 05:26:31";"System";"2021-08-30 05:26:31";"System"
"2404";"Glasgow";"232";"GB";"V2";"GLG";"55.86423700";"-4.25180600";"Q4093";;"2021-08-30 05:26:31";"System";"2021-08-30 05:26:31";"System"
"2405";"Buckinghamshire";"232";"GB";"V2";"BKM";"51.80722040";"-0.81276640";"Q21694636";;"2021-08-30 05:26:31";"System";"2021-08-30 05:26:31";"System"
"2406";"County Durham";"232";"GB";"D8";"DUR";"54.72940990";"-1.88115980";"Q1137286";;"2021-08-30 05:26:31";"System";"2021-08-30 05:26:31";"System"
"2407";"Shropshire";"232";"GB";"D8";"SHR";"52.70636570";"-2.74178490";"Q21694759";;"2021-08-30 05:26:31";"System";"2021-08-30 05:26:31";"System"
"2408";"Wirral";"232";"GB";"Q1";"WRL";"53.37271810";"-3.07375400";"Q11365639";;"2021-08-30 05:26:31";"System";"2021-08-30 05:26:31";"System"
"2409";"South Tyneside";"232";"GB";"M7";"STY";"54.96366930";"-1.44186340";"Q1541228";;"2021-08-30 05:26:31";"System";"2021-08-30 05:26:31";"System"
"2410";"Essex";"232";"GB";"M7";"ESS";"51.57424470";"0.48567810";"Q21272241";;"2021-08-30 05:26:31";"System";"2021-08-30 05:26:31";"System"
"2411";"London Borough of Hackney";"232";"GB";"E8";"HCK";"51.57344500";"-0.07243760";"Q205679";;"2021-08-30 05:26:31";"System";"2021-08-30 05:26:31";"System"
"2412";"Antrim and Newtownabbey";"232";"GB";"E8";"ANN";"54.69568870";"-5.94810690";"Q4777347";;"2021-08-30 05:26:31";"System";"2021-08-30 05:26:31";"System"
"2413";"City of Bristol";"232";"GB";"E8";"BST";"41.67352200";"-72.94653750";"Q21693433";;"2021-08-30 05:26:31";"System";"2021-08-30 05:26:31";"System"
"2414";"East Sussex";"232";"GB";"E8";"ESX";"50.90859550";"0.24941660";"Q21694646";;"2021-08-30 05:26:31";"System";"2021-08-30 05:26:31";"System"
"2415";"Dumfries and Galloway";"232";"GB";"U2";"DGY";"55.07010730";"-3.60525810";"Q126514";;"2021-08-30 05:26:31";"System";"2021-08-30 05:26:31";"System"
"2416";"Milton Keynes";"232";"GB";"I6";"MIK";"52.08520380";"-0.73331330";"Q894090";;"2021-08-30 05:26:31";"System";"2021-08-30 05:26:31";"System"
"2417";"Derry City Council";"232";"GB";"S6";"DRY";"54.96907780";"-7.19583510";"Q1200370";;"2021-08-30 05:26:31";"System";"2021-08-30 05:26:31";"System"
"2418";"London Borough of Newham";"232";"GB";"I8";"NWM";"51.52551620";"0.03521630";"Q208139";;"2021-08-30 05:26:31";"System";"2021-08-30 05:26:31";"System"
"2419";"Wokingham";"232";"GB";"Q2";"WOK";"51.41045700";"-0.83386100";"Q1758432";;"2021-08-30 05:26:31";"System";"2021-08-30 05:26:31";"System"
"2420";"Warrington";"232";"GB";"Q2";"WRT";"40.24927410";"-75.13406040";"Q894095";;"2021-08-30 05:26:31";"System";"2021-08-30 05:26:31";"System"
"2421";"Stockton-on-Tees";"232";"GB";"N3";"STT";"54.57045510";"-1.32898210";"Q894094";;"2021-08-30 05:26:31";"System";"2021-08-30 05:26:31";"System"
"2422";"Swindon";"232";"GB";"N9";"SWD";"51.55577390";"-1.77971760";"Q894093";;"2021-08-30 05:26:31";"System";"2021-08-30 05:26:31";"System"
"2423";"Cambridgeshire";"232";"GB";"N9";"CAM";"52.20529730";"0.12181950";"Q21272276";;"2021-08-30 05:26:31";"System";"2021-08-30 05:26:31";"System"
"2424";"City of London";"232";"GB";"H9";"LND";"51.51234430";"-0.09098520";"Q23311";;"2021-08-30 05:26:31";"System";"2021-08-30 05:26:31";"System"
"2425";"Birmingham";"232";"GB";"H9";"BIR";"33.51858920";"-86.81035670";"Q20986424";;"2021-08-30 05:26:31";"System";"2021-08-30 05:26:31";"System"
"2426";"City of York";"232";"GB";"H9";"YOR";"53.95996510";"-1.08729790";"Q20986421";;"2021-08-30 05:26:31";"System";"2021-08-30 05:26:31";"System"
"2427";"Slough";"232";"GB";"H9";"SLG";"51.51053840";"-0.59504060";"Q21163036";;"2021-08-30 05:26:31";"System";"2021-08-30 05:26:31";"System"
"2428";"Edinburgh";"232";"GB";"U8";"EDH";"55.95325200";"-3.18826700";"Q23436";;"2021-08-30 05:26:31";"System";"2021-08-30 05:26:31";"System"
"2429";"Mid and East Antrim";"232";"GB";"U8";"MEA";"54.93993410";"-6.11374230";"Q6841059";;"2021-08-30 05:26:31";"System";"2021-08-30 05:26:31";"System"
"2430";"North Somerset";"232";"GB";"J4";"NSM";"51.38790280";"-2.77810910";"Q178196";;"2021-08-30 05:26:31";"System";"2021-08-30 05:26:31";"System"
"2431";"Gateshead";"232";"GB";"E5";"GAT";"54.95268000";"-1.60341100";"Q929034";;"2021-08-30 05:26:31";"System";"2021-08-30 05:26:31";"System"
"2432";"London Borough of Southwark";"232";"GB";"M8";"SWK";"51.48805720";"-0.07628380";"Q730706";;"2021-08-30 05:26:31";"System";"2021-08-30 05:26:31";"System"
"2433";"City and County of Swansea";"232";"GB";"Z1";"SWA";"51.62144000";"-3.94364600";"Q10996863";;"2021-08-30 05:26:31";"System";"2021-08-30 05:26:31";"System"
"2434";"London Borough of Wandsworth";"232";"GB";"P1";"WND";"51.45682740";"-0.18966380";"Q210563";;"2021-08-30 05:26:31";"System";"2021-08-30 05:26:31";"System"
"2435";"Hampshire";"232";"GB";"P1";"HAM";"51.05769480";"-1.30806290";"Q21694653";;"2021-08-30 05:26:31";"System";"2021-08-30 05:26:31";"System"
"2436";"Wrexham County Borough";"232";"GB";"Z4";"WRX";"53.03013780";"-3.02614870";"Q843868";;"2021-08-30 05:26:31";"System";"2021-08-30 05:26:31";"System"
"2437";"Flintshire";"232";"GB";"Y1";"FLN";"53.16686580";"-3.14189080";"Q505610";;"2021-08-30 05:26:31";"System";"2021-08-30 05:26:31";"System"
"2438";"Coventry";"232";"GB";"Y1";"COV";"52.40682200";"-1.51969300";"Q20986417";;"2021-08-30 05:26:31";"System";"2021-08-30 05:26:31";"System"
"2439";"Carrickfergus Borough Council";"232";"GB";"R4";"CKF";"54.72568430";"-5.80937190";"Q1045012";;"2021-08-30 05:26:31";"System";"2021-08-30 05:26:31";"System"
"2440";"West Dunbartonshire";"232";"GB";"W7";"WDU";"55.94509250";"-4.56462590";"Q208121";;"2021-08-30 05:26:31";"System";"2021-08-30 05:26:31";"System"
"2441";"Powys";"232";"GB";"Y8";"POW";"52.64642490";"-3.32609040";"Q156150";;"2021-08-30 05:26:31";"System";"2021-08-30 05:26:31";"System"
"2442";"Cheshire West and Chester";"232";"GB";"Y8";"CHW";"53.23029740";"-2.71511170";"Q1070591";;"2021-08-30 05:26:31";"System";"2021-08-30 05:26:31";"System"
"2443";"Renfrewshire";"232";"GB";"W2";"RFW";"55.84665400";"-4.53312590";"Q211091";;"2021-08-30 05:26:31";"System";"2021-08-30 05:26:31";"System"
"2444";"Cheshire East";"232";"GB";"W2";"CHE";"53.16104460";"-2.21859320";"Q1070590";;"2021-08-30 05:26:31";"System";"2021-08-30 05:26:31";"System"
"2445";"Cookstown District Council";"232";"GB";"R7";"CKT";"54.64181580";"-6.74438950";"Q1129644";;"2021-08-30 05:26:31";"System";"2021-08-30 05:26:31";"System"
"2446";"Derry City and Strabane";"232";"GB";"R7";"DRS";"55.00474430";"-7.32092220";"Q15213714";;"2021-08-30 05:26:31";"System";"2021-08-30 05:26:31";"System"
"2447";"Staffordshire";"232";"GB";"R7";"STS";"52.87927450";"-2.05718680";"Q21694786";;"2021-08-30 05:26:31";"System";"2021-08-30 05:26:31";"System"
"2448";"London Borough of Hammersmith and Fulham";"232";"GB";"F1";"HMF";"51.49901560";"-0.22915000";"Q40478";;"2021-08-30 05:26:31";"System";"2021-08-30 05:26:31";"System"
"2449";"Craigavon Borough Council";"232";"GB";"R8";"CGV";"54.39325920";"-6.45634010";"Q427201";;"2021-08-30 05:26:31";"System";"2021-08-30 05:26:31";"System"
"2450";"Clackmannanshire";"232";"GB";"U1";"CLK";"56.10753510";"-3.75294090";"Q207268";;"2021-08-30 05:26:31";"System";"2021-08-30 05:26:31";"System"
"2451";"Blackpool";"232";"GB";"A9";"BPL";"53.81750530";"-3.03567480";"Q170377";;"2021-08-30 05:26:31";"System";"2021-08-30 05:26:31";"System"
"2452";"Bridgend County Borough";"232";"GB";"X3";"BGE";"51.50831990";"-3.58120750";"Q697126";;"2021-08-30 05:26:31";"System";"2021-08-30 05:26:31";"System"
"2453";"North Lincolnshire";"232";"GB";"J3";"NLN";"53.60555920";"-0.55965820";"Q175945";;"2021-08-30 05:26:31";"System";"2021-08-30 05:26:31";"System"
"2454";"East Dunbartonshire";"232";"GB";"U5";"EDU";"55.97431620";"-4.20229800";"Q211889";;"2021-08-30 05:26:31";"System";"2021-08-30 05:26:31";"System"
"2455";"Reading";"232";"GB";"U5";"RDG";"36.14866590";"-95.98400120";"Q21496716";;"2021-08-30 05:26:31";"System";"2021-08-30 05:26:31";"System"
"2456";"Nottinghamshire";"232";"GB";"U5";"NTT";"53.10031900";"-0.99363060";"Q21272736";;"2021-08-30 05:26:31";"System";"2021-08-30 05:26:31";"System"
"2457";"Dudley";"232";"GB";"D7";"DUD";"42.04336610";"-71.92760330";"Q1617704";;"2021-08-30 05:26:31";"System";"2021-08-30 05:26:31";"System"
"2458";"Newcastle upon Tyne";"232";"GB";"D7";"NET";"54.97825200";"-1.61778000";"Q21012735";;"2021-08-30 05:26:31";"System";"2021-08-30 05:26:31";"System"
"2459";"Bury";"232";"GB";"C1";"BUR";"53.59334980";"-2.29660540";"Q512036";;"2021-08-30 05:26:31";"System";"2021-08-30 05:26:31";"System"
"2460";"Lisburn and Castlereagh";"232";"GB";"C1";"LBC";"54.49815840";"-6.13067910";"Q6558667";;"2021-08-30 05:26:31";"System";"2021-08-30 05:26:31";"System"
"2461";"Coleraine Borough Council";"232";"GB";"R6";"CLR";"55.14515700";"-6.67598140";"Q991411";;"2021-08-30 05:26:31";"System";"2021-08-30 05:26:31";"System"
"2462";"East Lothian";"232";"GB";"U6";"ELN";"55.94933830";"-2.77044640";"Q207257";;"2021-08-30 05:26:31";"System";"2021-08-30 05:26:31";"System"
"2463";"Aberdeen";"232";"GB";"T5";"ABE";"57.14971700";"-2.09427800";"Q36405";;"2021-08-30 05:26:31";"System";"2021-08-30 05:26:31";"System"
"2464";"Kent";"232";"GB";"T5";"KEN";"41.15366740";"-81.35788590";"Q21694674";;"2021-08-30 05:26:31";"System";"2021-08-30 05:26:31";"System"
"2465";"Wakefield";"232";"GB";"O7";"WKF";"42.50393950";"-71.07233910";"Q763171";;"2021-08-30 05:26:31";"System";"2021-08-30 05:26:31";"System"
"2466";"Halton";"232";"GB";"E9";"HAL";"43.53253720";"-79.87448360";"Q376141";;"2021-08-30 05:26:31";"System";"2021-08-30 05:26:31";"System"
"2467";"Suffolk";"232";"GB";"N5";"SFK";"52.18724720";"0.97078010";"Q23111";;"2021-08-30 05:26:31";"System";"2021-08-30 05:26:31";"System"
"2468";"Thurrock";"232";"GB";"O3";"THR";"51.49345570";"0.35291970";"Q1549155";;"2021-08-30 05:26:31";"System";"2021-08-30 05:26:31";"System"
"2469";"Solihull";"232";"GB";"M2";"SOL";"52.41181100";"-1.77761000";"Q1925858";;"2021-08-30 05:26:31";"System";"2021-08-30 05:26:31";"System"
"2470";"Bracknell Forest";"232";"GB";"B3";"BRC";"51.41538280";"-0.75364950";"Q896725";;"2021-08-30 05:26:31";"System";"2021-08-30 05:26:31";"System"
"2471";"West Berkshire";"232";"GB";"P4";"WBK";"51.43082550";"-1.14449270";"Q1473780";;"2021-08-30 05:26:31";"System";"2021-08-30 05:26:31";"System"
"2472";"Rutland";"232";"GB";"L4";"RUT";"43.61062370";"-72.97260650";"Q23107";;"2021-08-30 05:26:31";"System";"2021-08-30 05:26:31";"System"
"2473";"Norfolk";"232";"GB";"I9";"NFK";"36.85076890";"-76.28587260";"Q23109";;"2021-08-30 05:26:31";"System";"2021-08-30 05:26:31";"System"
"2474";"Orkney Islands";"232";"GB";"V9";"ORK";"58.98094010";"-2.96052060";"Q100166";;"2021-08-30 05:26:31";"System";"2021-08-30 05:26:31";"System"
"2475";"City of Kingston upon Hull";"232";"GB";"V9";"KHL";"53.76762360";"-0.32741980";"Q21885987";;"2021-08-30 05:26:31";"System";"2021-08-30 05:26:31";"System"
"2476";"London Borough of Enfield";"232";"GB";"E3";"ENF";"51.66229090";"-0.11806510";"Q210531";;"2021-08-30 05:26:31";"System";"2021-08-30 05:26:31";"System"
"2477";"Oldham";"232";"GB";"K1";"OLD";"42.20405980";"-71.20481190";"Q1278608";;"2021-08-30 05:26:31";"System";"2021-08-30 05:26:31";"System"
"2478";"Torbay";"232";"GB";"O4";"TOB";"50.43923290";"-3.53698990";"Q1136118";;"2021-08-30 05:26:31";"System";"2021-08-30 05:26:31";"System"
"2479";"Fife";"232";"GB";"V1";"FIF";"56.20820780";"-3.14951750";"Q201149";;"2021-08-30 05:26:31";"System";"2021-08-30 05:26:31";"System"
"2480";"Northamptonshire";"232";"GB";"J1";"NTH";"52.27299440";"-0.87555150";"Q23115";;"2021-08-30 05:26:31";"System";"2021-08-30 05:26:31";"System"
"2481";"Royal Borough of Kingston upon Thames";"232";"GB";"G7";"KTT";"51.37811700";"-0.29270900";"Q32508";;"2021-08-30 05:26:31";"System";"2021-08-30 05:26:31";"System"
"2482";"Windsor and Maidenhead";"232";"GB";"P9";"WNM";"51.47997120";"-0.62425650";"Q1368496";;"2021-08-30 05:26:31";"System";"2021-08-30 05:26:31";"System"
"2483";"London Borough of Merton";"232";"GB";"I4";"MRT";"51.40977420";"-0.21080840";"Q32504";;"2021-08-30 05:26:31";"System";"2021-08-30 05:26:31";"System"
"2484";"Carmarthenshire";"232";"GB";"X7";"CMN";"51.85723090";"-4.31159590";"Q217840";;"2021-08-30 05:26:31";"System";"2021-08-30 05:26:31";"System"
"2485";"City of Derby";"232";"GB";"X7";"DER";"37.54837550";"-97.24851910";"Q21885980";;"2021-08-30 05:26:31";"System";"2021-08-30 05:26:31";"System"
"2486";"Pembrokeshire";"232";"GB";"Y7";"PEM";"51.67407800";"-4.90887850";"Q213361";;"2021-08-30 05:26:31";"System";"2021-08-30 05:26:31";"System"
"2487";"North Lanarkshire";"232";"GB";"V8";"NLK";"55.86624320";"-3.96131440";"Q207111";;"2021-08-30 05:26:31";"System";"2021-08-30 05:26:31";"System"
"2488";"Stirling";"232";"GB";"W6";"STG";"56.11652270";"-3.93690290";"Q217838";;"2021-08-30 05:26:31";"System";"2021-08-30 05:26:31";"System"
"2489";"City of Wolverhampton";"232";"GB";"W6";"WLV";"52.58891200";"-2.15646300";"Q21885975";;"2021-08-30 05:26:31";"System";"2021-08-30 05:26:31";"System"
"2490";"London Borough of Bromley";"232";"GB";"B8";"BRY";"51.36797050";"0.07006200";"Q208201";;"2021-08-30 05:26:31";"System";"2021-08-30 05:26:31";"System"
"2491";"Devon";"232";"GB";"B8";"DEV";"50.71555910";"-3.53087500";"Q21694695";;"2021-08-30 05:26:31";"System";"2021-08-30 05:26:31";"System"
"2492";"Royal Borough of Greenwich";"232";"GB";"E7";"GRE";"51.48346270";"0.05862020";"Q693450";;"2021-08-30 05:26:31";"System";"2021-08-30 05:26:31";"System"
"2493";"Salford";"232";"GB";"L5";"SLF";"53.48752350";"-2.29012640";"Q1142118";;"2021-08-30 05:26:31";"System";"2021-08-30 05:26:31";"System"
"2494";"Lisburn City Council";"232";"GB";"S5";"LSB";"54.49815840";"-6.13067910";"Q210647";;"2021-08-30 05:26:31";"System";"2021-08-30 05:26:31";"System"
"2495";"Lancashire";"232";"GB";"S5";"LAN";"53.76322540";"-2.70440520";"Q21279371";;"2021-08-30 05:26:31";"System";"2021-08-30 05:26:31";"System"
"2496";"Torfaen";"232";"GB";"Z2";"TOF";"51.70022530";"-3.04460150";"Q643919";;"2021-08-30 05:26:31";"System";"2021-08-30 05:26:31";"System"
"2497";"Denbighshire";"232";"GB";"X9";"DEN";"53.18422880";"-3.42249850";"Q650682";;"2021-08-30 05:26:31";"System";"2021-08-30 05:26:31";"System"
"2498";"Ards";"232";"GB";"Q7";"ARD";"42.13918510";"-87.86149720";"Q640080";;"2021-08-30 05:26:31";"System";"2021-08-30 05:26:31";"System"
"2499";"Barnsley";"232";"GB";"A3";"BNS";"34.29949560";"-84.98458090";"Q1857382";;"2021-08-30 05:26:31";"System";"2021-08-30 05:26:31";"System"
"2500";"Herefordshire";"232";"GB";"F7";"HEF";"52.07651640";"-2.65441820";"Q23129";;"2021-08-30 05:26:31";"System";"2021-08-30 05:26:31";"System"
"2501";"London Borough of Richmond upon Thames";"232";"GB";"L1";"RIC";"51.46130540";"-0.30377090";"Q32515";;"2021-08-30 05:26:31";"System";"2021-08-30 05:26:31";"System"
"2502";"Saint Helena";"232";"GB";"02";"SH-HL";"-15.96501040";"-5.70892410";"Q34497";;"2021-08-30 05:26:31";"System";"2021-08-30 05:26:31";"System"
"2503";"Leeds";"232";"GB";"H3";"LDS";"53.80075540";"-1.54907740";"Q774015";;"2021-08-30 05:26:31";"System";"2021-08-30 05:26:31";"System"
"2504";"Bolton";"232";"GB";"B1";"BOL";"44.37264760";"-72.87876250";"Q1364541";;"2021-08-30 05:26:31";"System";"2021-08-30 05:26:31";"System"
"2505";"Warwickshire";"232";"GB";"P3";"WAR";"52.26713530";"-1.46752160";"Q23140";;"2021-08-30 05:26:31";"System";"2021-08-30 05:26:31";"System"
"2506";"City of Stoke-on-Trent";"232";"GB";"P3";"STE";"53.00266800";"-2.17940400";"Q21891722";;"2021-08-30 05:26:31";"System";"2021-08-30 05:26:31";"System"
"2507";"Bedford";"232";"GB";"P3";"BDF";"32.84401700";"-97.14306710";"Q894077";;"2021-08-30 05:26:31";"System";"2021-08-30 05:26:31";"System"
"2508";"Dungannon and South Tyrone Borough Council";"232";"GB";"S1";"DGN";"54.50826840";"-6.76658910";"Q1198466";;"2021-08-30 05:26:31";"System";"2021-08-30 05:26:31";"System"
"2509";"Ceredigion";"232";"GB";"X6";"CGN";"52.21914290";"-3.93212560";"Q217829";;"2021-08-30 05:26:31";"System";"2021-08-30 05:26:31";"System"
"2510";"Worcestershire";"232";"GB";"Q4";"WOR";"52.25452250";"-2.26683820";"Q23135";;"2021-08-30 05:26:31";"System";"2021-08-30 05:26:31";"System"
"2511";"Dundee";"232";"GB";"U3";"DND";"56.46201800";"-2.97072100";"Q123709";;"2021-08-30 05:26:31";"System";"2021-08-30 05:26:31";"System"
"2512";"London Borough of Croydon";"232";"GB";"C8";"CRY";"51.38274460";"-0.09851630";"Q26888";;"2021-08-30 05:26:31";"System";"2021-08-30 05:26:31";"System"
"2513";"North Down Borough Council";"232";"GB";"T2";"NDN";"54.65362970";"-5.67249250";"Q1156987";;"2021-08-30 05:26:31";"System";"2021-08-30 05:26:31";"System"
"2514";"City of Plymouth";"232";"GB";"T2";"PLY";"42.37089410";"-83.46971410";"Q21674890";;"2021-08-30 05:26:31";"System";"2021-08-30 05:26:31";"System"
"2515";"Larne Borough Council";"232";"GB";"S3";"LRN";"54.85780030";"-5.82362240";"Q1198470";;"2021-08-30 05:26:31";"System";"2021-08-30 05:26:31";"System"
"2516";"Leicestershire";"232";"GB";"S3";"LEC";"52.77257100";"-1.20521260";"Q21272890";;"2021-08-30 05:26:31";"System";"2021-08-30 05:26:31";"System"
"2517";"Calderdale";"232";"GB";"C2";"CLD";"53.72478450";"-1.86583570";"Q1026448";;"2021-08-30 05:26:31";"System";"2021-08-30 05:26:31";"System"
"2518";"Sefton";"232";"GB";"L8";"SFT";"53.50344490";"-2.97035900";"Q1546645";;"2021-08-30 05:26:31";"System";"2021-08-30 05:26:31";"System"
"2519";"Midlothian";"232";"GB";"V5";"MLN";"32.47533500";"-97.01031810";"Q206934";;"2021-08-30 05:26:31";"System";"2021-08-30 05:26:31";"System"
"2520";"London Borough of Barnet";"232";"GB";"A2";"BNE";"51.60496730";"-0.20762950";"Q151048";;"2021-08-30 05:26:31";"System";"2021-08-30 05:26:31";"System"
"2521";"North Tyneside";"232";"GB";"J5";"NTY";"55.01823990";"-1.48584360";"Q1120443";;"2021-08-30 05:26:31";"System";"2021-08-30 05:26:31";"System"
"2522";"North Yorkshire";"232";"GB";"NIR";"NYK";"53.99150280";"-1.54120150";"Q21241814";;"2021-08-30 05:26:31";"System";"2021-08-30 05:26:31";"System"
"2523";"Ards and North Down";"232";"GB";"NIR";"AND";"54.58996450";"-5.59849720";"Q7055155";;"2021-08-30 05:26:31";"System";"2021-08-30 05:26:31";"System"
"2524";"Newport";"232";"GB";"Y6";"NWP";"37.52782340";"-94.10438760";"Q11294004";;"2021-08-30 05:26:31";"System";"2021-08-30 05:26:31";"System"
"2525";"Castlereagh";"232";"GB";"R5";"CSR";"54.57567900";"-5.88840280";"Q1049680";;"2021-08-30 05:26:31";"System";"2021-08-30 05:26:31";"System"
"2526";"Surrey";"232";"GB";"N7";"SRY";"51.31475930";"-0.55995010";"Q23276";;"2021-08-30 05:26:31";"System";"2021-08-30 05:26:31";"System"
"2527";"Redcar and Cleveland";"232";"GB";"K9";"RCC";"54.59713440";"-1.07759970";"Q1434448";;"2021-08-30 05:26:31";"System";"2021-08-30 05:26:31";"System"
"2528";"City and County of Cardiff";"232";"GB";"X5";"CRF";"51.48158100";"-3.17909000";"Q24342199";;"2021-08-30 05:26:31";"System";"2021-08-30 05:26:31";"System"
"2529";"Bradford";"232";"GB";"B4";"BRD";"53.79598400";"-1.75939800";"Q2834810";;"2021-08-30 05:26:31";"System";"2021-08-30 05:26:31";"System"
"2530";"Blaenau Gwent County Borough";"232";"GB";"X2";"BGW";"51.78757790";"-3.20439310";"Q596885";;"2021-08-30 05:26:31";"System";"2021-08-30 05:26:31";"System"
"2531";"Fermanagh District Council";"232";"GB";"S2";"FER";"54.34479780";"-7.63842180";"Q1198461";;"2021-08-30 05:26:31";"System";"2021-08-30 05:26:31";"System"
"2532";"London Borough of Ealing";"232";"GB";"D9";"EAL";"51.52503660";"-0.34139650";"Q207218";;"2021-08-30 05:26:31";"System";"2021-08-30 05:26:31";"System"
"2533";"Antrim";"232";"GB";"Q6";"ANT";"54.71953380";"-6.20724980";"Q609214";;"2021-08-30 05:26:31";"System";"2021-08-30 05:26:31";"System"
"2534";"Newry, Mourne and Down";"232";"GB";"Q6";"NMD";"54.24342870";"-5.95779590";"Q15262186";;"2021-08-30 05:26:31";"System";"2021-08-30 05:26:31";"System"
"2535";"North Ayrshire";"232";"GB";"V7";"NAY";"55.64167310";"-4.75946000";"Q206926";;"2021-08-30 05:26:31";"System";"2021-08-30 05:26:31";"System"
"2536";"Tashkent";"236";"UZ";"13";"TK";"41.29949580";"69.24007340";"Q269";;"2021-08-30 05:26:31";"System";"2021-08-30 05:26:31";"System"
"2537";"Namangan Region";"236";"UZ";"06";"NG";"41.05100370";"71.09731700";"Q474876";;"2021-08-30 05:26:31";"System";"2021-08-30 05:26:31";"System"
"2538";"Fergana Region";"236";"UZ";"03";"FA";"40.45680810";"71.28742090";"Q487089";;"2021-08-30 05:26:31";"System";"2021-08-30 05:26:31";"System"
"2539";"Xorazm Region";"236";"UZ";"05";"XO";"41.35653360";"60.85666860";"Q487561";;"2021-08-30 05:26:31";"System";"2021-08-30 05:26:31";"System"
"2540";"Andijan Region";"236";"UZ";"01";"AN";"40.76859410";"72.23637900";"Q487384";;"2021-08-30 05:26:31";"System";"2021-08-30 05:26:31";"System"
"2541";"Bukhara Region";"236";"UZ";"02";"BU";"40.25041620";"63.20321510";"Q487372";;"2021-08-30 05:26:31";"System";"2021-08-30 05:26:31";"System"
"2542";"Navoiy Region";"236";"UZ";"07";"NW";"42.69885750";"64.63376850";"Q487570";;"2021-08-30 05:26:31";"System";"2021-08-30 05:26:31";"System"
"2543";"Qashqadaryo Region";"236";"UZ";"08";"QA";"38.89862310";"66.04635340";"Q487577";;"2021-08-30 05:26:31";"System";"2021-08-30 05:26:31";"System"
"2544";"Samarqand Region";"236";"UZ";"10";"SA";"39.62701200";"66.97497310";"Q487532";;"2021-08-30 05:26:31";"System";"2021-08-30 05:26:31";"System"
"2545";"Jizzakh Region";"236";"UZ";"15";"JI";"40.47064150";"67.57085360";"Q488811";;"2021-08-30 05:26:31";"System";"2021-08-30 05:26:31";"System"
"2546";"Surxondaryo Region";"236";"UZ";"12";"SU";"37.94090050";"67.57085360";"Q487537";;"2021-08-30 05:26:31";"System";"2021-08-30 05:26:31";"System"
"2547";"Sirdaryo Region";"236";"UZ";"16";"SI";"40.38638080";"68.71549750";"Q487547";;"2021-08-30 05:26:31";"System";"2021-08-30 05:26:31";"System"
"2548";"Karakalpakstan";"236";"UZ";"09";"QR";"43.80413340";"59.44579880";"Q484245";;"2021-08-30 05:26:31";"System";"2021-08-30 05:26:31";"System"
"2549";"Tashkent Region";"236";"UZ";"14";"TO";"41.22132340";"69.85974060";"Q487585";;"2021-08-30 05:26:31";"System";"2021-08-30 05:26:31";"System"
"2550";"Ariana Governorate";"224";"TN";"38";"12";"36.99227510";"10.12551640";"Q233116";;"2021-08-30 05:26:31";"System";"2021-08-30 05:26:31";"System"
"2551";"Bizerte Governorate";"224";"TN";"18";"23";"37.16093970";"9.63413500";"Q241129";;"2021-08-30 05:26:31";"System";"2021-08-30 05:26:31";"System"
"2552";"Jendouba Governorate";"224";"TN";"06";"32";"36.71818620";"8.74811670";"Q276580";;"2021-08-30 05:26:31";"System";"2021-08-30 05:26:31";"System"
"2553";"Monastir Governorate";"224";"TN";"16";"52";"35.76425150";"10.81128850";"Q318102";;"2021-08-30 05:26:31";"System";"2021-08-30 05:26:31";"System"
"2554";"Tunis Governorate";"224";"TN";"36";"11";"36.83749460";"10.19273890";"Q328109";;"2021-08-30 05:26:31";"System";"2021-08-30 05:26:31";"System"
"2555";"Manouba Governorate";"224";"TN";"39";"14";"36.84465040";"9.85714160";"Q734328";;"2021-08-30 05:26:31";"System";"2021-08-30 05:26:31";"System"
"2556";"Gafsa Governorate";"224";"TN";"30";"71";"34.37885050";"8.66005860";"Q269968";;"2021-08-30 05:26:31";"System";"2021-08-30 05:26:31";"System"
"2557";"Sfax Governorate";"224";"TN";"32";"61";"34.86065810";"10.34978950";"Q241145";;"2021-08-30 05:26:31";"System";"2021-08-30 05:26:31";"System"
"2558";"Gabès Governorate";"224";"TN";"29";"81";"33.94596480";"9.72326730";"Q242263";;"2021-08-30 05:26:31";"System";"2021-08-30 05:26:31";"System"
"2559";"Tataouine Governorate";"224";"TN";"34";"83";"32.13441220";"10.08072980";"Q327045";;"2021-08-30 05:26:31";"System";"2021-08-30 05:26:31";"System"
"2560";"Medenine Governorate";"224";"TN";"28";"82";"33.22805650";"10.89030990";"Q327087";;"2021-08-30 05:26:31";"System";"2021-08-30 05:26:31";"System"
"2561";"Kef Governorate";"224";"TN";"14";"33";"36.12305120";"8.66005860";"Q328199";;"2021-08-30 05:26:31";"System";"2021-08-30 05:26:31";"System"
"2562";"Kebili Governorate";"224";"TN";"31";"73";"33.70715510";"8.97146230";"Q286063";;"2021-08-30 05:26:31";"System";"2021-08-30 05:26:31";"System"
"2563";"Siliana Governorate";"224";"TN";"22";"34";"36.08872080";"9.36453350";"Q328115";;"2021-08-30 05:26:31";"System";"2021-08-30 05:26:31";"System"
"2564";"Kairouan Governorate";"224";"TN";"03";"41";"35.67116630";"10.10054690";"Q276574";;"2021-08-30 05:26:31";"System";"2021-08-30 05:26:31";"System"
"2565";"Zaghouan Governorate";"224";"TN";"37";"22";"36.40911880";"10.14231720";"Q27916";;"2021-08-30 05:26:31";"System";"2021-08-30 05:26:31";"System"
"2566";"Ben Arous Governorate";"224";"TN";"27";"13";"36.64356060";"10.21515780";"Q238555";;"2021-08-30 05:26:31";"System";"2021-08-30 05:26:31";"System"
"2567";"Sidi Bouzid Governorate";"224";"TN";"33";"43";"35.03543860";"9.48393920";"Q327097";;"2021-08-30 05:26:31";"System";"2021-08-30 05:26:31";"System"
"2568";"Mahdia Governorate";"224";"TN";"15";"53";"35.33525580";"10.89030990";"Q328164";;"2021-08-30 05:26:31";"System";"2021-08-30 05:26:31";"System"
"2569";"Tozeur Governorate";"224";"TN";"35";"72";"33.97894910";"8.04651850";"Q388059";;"2021-08-30 05:26:31";"System";"2021-08-30 05:26:31";"System"
"2570";"Kasserine Governorate";"224";"TN";"02";"42";"35.08091480";"8.66005860";"Q388047";;"2021-08-30 05:26:31";"System";"2021-08-30 05:26:31";"System"
"2571";"Sousse Governorate";"224";"TN";"23";"51";"35.90222670";"10.34978950";"Q276565";;"2021-08-30 05:26:31";"System";"2021-08-30 05:26:31";"System"
"2572";"Kassrine";"224";"TN";"17";"31";"35.17227160";"8.83076260";"Q276576";;"2021-08-30 05:26:31";"System";"2021-08-30 05:26:31";"System"
"2573";"Ratak Chain";"137";"MH";"17";"T";"10.27632760";"170.55009370";"Q700048";;"2021-08-30 05:26:31";"System";"2021-08-30 05:26:31";"System"
"2574";"Ralik Chain";"137";"MH";"17";"L";"8.13614600";"164.88679560";"Q697840";;"2021-08-30 05:26:31";"System";"2021-08-30 05:26:31";"System"
"2575";"Centrale Region";"220";"TG";"22";"C";"8.65860290";"1.05861350";"Q316220";;"2021-08-30 05:26:31";"System";"2021-08-30 05:26:31";"System"
"2576";"Maritime";"220";"TG";"24";"M";"41.65514930";"-83.52784670";"Q316291";;"2021-08-30 05:26:31";"System";"2021-08-30 05:26:31";"System"
"2577";"Plateaux Region";"220";"TG";"25";"P";"7.61013780";"1.05861350";"Q316306";;"2021-08-30 05:26:31";"System";"2021-08-30 05:26:31";"System"
"2578";"Savanes Region";"220";"TG";"26";"S";"10.52917810";"0.52578230";"Q279945";;"2021-08-30 05:26:31";"System";"2021-08-30 05:26:31";"System"
"2579";"Kara Region";"220";"TG";"23";"K";"9.72163930";"1.05861350";"Q316216";;"2021-08-30 05:26:31";"System";"2021-08-30 05:26:31";"System"
"2580";"Chuuk State";"143";"FM";"03";"TRK";"7.13867590";"151.55930650";"Q221684";;"2021-08-30 05:26:31";"System";"2021-08-30 05:26:31";"System"
"2581";"Pohnpei State";"143";"FM";"02";"PNI";"6.85412540";"158.26238220";"Q7771127";;"2021-08-30 05:26:31";"System";"2021-08-30 05:26:31";"System"
"2582";"Yap State";"143";"FM";"04";"YAP";"8.67164900";"142.84393350";"Q11342951";;"2021-08-30 05:26:31";"System";"2021-08-30 05:26:31";"System"
"2583";"Kosrae State";"143";"FM";"01";"KSA";"5.30956180";"162.98148770";"Q1785093";;"2021-08-30 05:26:31";"System";"2021-08-30 05:26:31";"System"
"2584";"Vaavu Atoll";"133";"MV";"47";"04";"3.39554380";"73.51229280";"Q2709111";;"2021-08-30 05:26:31";"System";"2021-08-30 05:26:31";"System"
"2585";"Shaviyani Atoll";"133";"MV";"45";"24";"6.17511000";"73.13496050";"Q2190334";;"2021-08-30 05:26:31";"System";"2021-08-30 05:26:31";"System"
"2586";"Haa Alif Atoll";"133";"MV";"36";"07";"6.99034880";"72.94605660";"Q2360912";;"2021-08-30 05:26:31";"System";"2021-08-30 05:26:31";"System"
"2587";"Alif Alif Atoll";"133";"MV";"";"02";"4.08500000";"72.85154790";"Q775323";;"2021-08-30 05:26:31";"System";"2021-08-30 05:26:31";"System"
"2588";"North Province";"133";"MV";"30";"NO";"8.88550270";"80.27673270";"Q13365882";;"2021-08-30 05:26:31";"System";"2021-08-30 05:26:31";"System"
"2589";"North Central Province";"133";"MV";"";"NC";;;"Q13365881";;"2021-08-30 05:26:31";"System";"2021-08-30 05:26:31";"System"
"2590";"Dhaalu Atoll";"133";"MV";"32";"17";"2.84685020";"72.94605660";"Q2290784";;"2021-08-30 05:26:31";"System";"2021-08-30 05:26:31";"System"
"2591";"Thaa Atoll";"133";"MV";"46";"08";"2.43111610";"73.18216230";"Q2709118";;"2021-08-30 05:26:31";"System";"2021-08-30 05:26:31";"System"
"2592";"Noonu Atoll";"133";"MV";"43";"25";"5.85512760";"73.32370800";"Q2406322";;"2021-08-30 05:26:31";"System";"2021-08-30 05:26:31";"System"
"2593";"Upper South Province";"133";"MV";"";"US";"0.23070000";"73.27948460";"Q7898928";;"2021-08-30 05:26:31";"System";"2021-08-30 05:26:31";"System"
"2594";"Addu Atoll";"133";"MV";"01";"01";"-0.63009950";"73.15856260";"Q353375";;"2021-08-30 05:26:31";"System";"2021-08-30 05:26:31";"System"
"2595";"Gnaviyani Atoll";"133";"MV";"42";"29";"-0.30064250";"73.42391430";"Q1811116";;"2021-08-30 05:26:31";"System";"2021-08-30 05:26:31";"System"
"2596";"Kaafu Atoll";"133";"MV";"38";"26";"4.45589790";"73.55941280";"Q1468407";;"2021-08-30 05:26:31";"System";"2021-08-30 05:26:31";"System"
"2597";"Haa Dhaalu Atoll";"133";"MV";"37";"23";"6.57827170";"72.94605660";"Q2360368";;"2021-08-30 05:26:31";"System";"2021-08-30 05:26:31";"System"
"2598";"Gaafu Alif Atoll";"133";"MV";"34";"27";"0.61248130";"73.32370800";"Q1116203";;"2021-08-30 05:26:31";"System";"2021-08-30 05:26:31";"System"
"2599";"Faafu Atoll";"133";"MV";"33";"14";"3.23094090";"72.94605660";"Q2469227";;"2021-08-30 05:26:31";"System";"2021-08-30 05:26:31";"System"
"2600";"Alif Dhaal Atoll";"133";"MV";"";"00";"3.65433020";"72.80427970";"Q2316922";;"2021-08-30 05:26:31";"System";"2021-08-30 05:26:31";"System"
"2601";"Laamu Atoll";"133";"MV";"05";"05";"1.94307370";"73.41802110";"Q1996432";;"2021-08-30 05:26:31";"System";"2021-08-30 05:26:31";"System"
"2602";"Raa Atoll";"133";"MV";"44";"13";"5.60064570";"72.94605660";"Q1457965";;"2021-08-30 05:26:31";"System";"2021-08-30 05:26:31";"System"
"2603";"Gaafu Dhaalu Atoll";"133";"MV";"35";"28";"0.35880400";"73.18216230";"Q2640183";;"2021-08-30 05:26:31";"System";"2021-08-30 05:26:31";"System"
"2604";"Central Province";"133";"MV";"";"CE";;;"Q5061718";;"2021-08-30 05:26:31";"System";"2021-08-30 05:26:31";"System"
"2605";"South Province";"133";"MV";"10346475";"SU";"-21.74820060";"166.17837390";"Q7568276";;"2021-08-30 05:26:31";"System";"2021-08-30 05:26:31";"System"
"2606";"South Central Province";"133";"MV";"10346475";"SC";"7.25649960";"80.72144170";"Q7566772";;"2021-08-30 05:26:31";"System";"2021-08-30 05:26:31";"System"
"2607";"Lhaviyani Atoll";"133";"MV";"39";"03";"5.37470210";"73.51229280";"Q1390048";;"2021-08-30 05:26:31";"System";"2021-08-30 05:26:31";"System"
"2608";"Meemu Atoll";"133";"MV";"41";"12";"3.00903450";"73.51229280";"Q2210716";;"2021-08-30 05:26:31";"System";"2021-08-30 05:26:31";"System"
"2609";"Malé";"133";"MV";"40";"MLE";"46.34888670";"10.90724890";"Q9347";;"2021-08-30 05:26:31";"System";"2021-08-30 05:26:31";"System"
"2610";"Utrecht";"156";"NL";"09";"UT";"52.09073740";"5.12142010";"Q776";;"2021-08-30 05:26:31";"System";"2021-08-30 05:26:31";"System"
"2611";"Gelderland";"156";"NL";"03";"GE";"52.04515500";"5.87182350";"Q775";;"2021-08-30 05:26:31";"System";"2021-08-30 05:26:31";"System"
"2612";"North Holland";"156";"NL";"07";"NH";"52.52058690";"4.78847400";"Q701";;"2021-08-30 05:26:31";"System";"2021-08-30 05:26:31";"System"
"2613";"Drenthe";"156";"NL";"01";"DR";"52.94760120";"6.62305860";"Q772";;"2021-08-30 05:26:31";"System";"2021-08-30 05:26:31";"System"
"2614";"South Holland";"156";"NL";"11";"ZH";"41.60086810";"-87.60698940";"Q694";;"2021-08-30 05:26:31";"System";"2021-08-30 05:26:31";"System"
"2615";"Limburg";"156";"NL";"05";"LI";"51.44272380";"6.06087260";"Q1093";;"2021-08-30 05:26:31";"System";"2021-08-30 05:26:31";"System"
"2616";"Sint Eustatius";"156";"NL";"05";"BQ3";"17.48903060";"-62.97355500";"Q26180";;"2021-08-30 05:26:31";"System";"2021-08-30 05:26:31";"System"
"2617";"Groningen";"156";"NL";"04";"GR";"53.21938350";"6.56650170";"Q752";;"2021-08-30 05:26:31";"System";"2021-08-30 05:26:31";"System"
"2618";"Overijssel";"156";"NL";"15";"OV";"52.43878140";"6.50164110";"Q773";;"2021-08-30 05:26:31";"System";"2021-08-30 05:26:31";"System"
"2619";"Flevoland";"156";"NL";"16";"FL";"52.52797810";"5.59535080";"Q707";;"2021-08-30 05:26:31";"System";"2021-08-30 05:26:31";"System"
"2620";"Zeeland";"156";"NL";"10";"ZE";"51.49403090";"3.84968150";"Q705";;"2021-08-30 05:26:31";"System";"2021-08-30 05:26:31";"System"
"2621";"Saba";"156";"NL";"10";"BQ2";"17.63546420";"-63.23267630";"Q25528";;"2021-08-30 05:26:31";"System";"2021-08-30 05:26:31";"System"
"2622";"Friesland";"156";"NL";"02";"FR";"53.16416420";"5.78175420";"Q770";;"2021-08-30 05:26:31";"System";"2021-08-30 05:26:31";"System"
"2623";"North Brabant";"156";"NL";"06";"NB";"51.48265370";"5.23216870";"Q1101";;"2021-08-30 05:26:31";"System";"2021-08-30 05:26:31";"System"
"2624";"Bonaire";"156";"NL";"06";"BQ1";"12.20189020";"-68.26238220";"Q25396";;"2021-08-30 05:26:31";"System";"2021-08-30 05:26:31";"System"
"2625";"Savanes Region";"54";"CI";"87";"03";;;"Q853460";;"2021-08-30 05:26:31";"System";"2021-08-30 05:26:31";"System"
"2626";"Agnéby";"54";"CI";"74";"16";"5.32245030";"-4.34495290";"Q395166";;"2021-08-30 05:26:31";"System";"2021-08-30 05:26:31";"System"
"2627";"Lagunes District";"54";"CI";"82";"LG";"5.88273340";"-4.23333550";"Q20980365";;"2021-08-30 05:26:31";"System";"2021-08-30 05:26:31";"System"
"2628";"Sud-Bandama";"54";"CI";"88";"15";"5.53570830";"-5.56172790";"Q845713";;"2021-08-30 05:26:31";"System";"2021-08-30 05:26:31";"System"
"2629";"Montagnes District";"54";"CI";"78";"MG";"7.37623730";"-7.43813550";"Q20980366";;"2021-08-30 05:26:31";"System";"2021-08-30 05:26:31";"System"
"2630";"Moyen-Comoé";"54";"CI";"85";"05";"6.65149170";"-3.50034540";"Q303645";;"2021-08-30 05:26:31";"System";"2021-08-30 05:26:31";"System"
"2631";"Marahoué Region";"54";"CI";"83";"12";"6.88462070";"-5.89871390";"Q839083";;"2021-08-30 05:26:31";"System";"2021-08-30 05:26:31";"System"
"2632";"Lacs District";"54";"CI";"81";"LC";"48.19801690";"-80.45644120";"Q20980363";;"2021-08-30 05:26:31";"System";"2021-08-30 05:26:31";"System"
"2633";"Fromager";"54";"CI";"79";"18";"45.54502130";"-73.60462230";"Q818774";;"2021-08-30 05:26:31";"System";"2021-08-30 05:26:31";"System"
"2634";"Abidjan";"54";"CI";"93";"AB";"5.35995170";"-4.00825630";"Q1515";;"2021-08-30 05:26:31";"System";"2021-08-30 05:26:31";"System"
"2635";"Bas-Sassandra Region";"54";"CI";"76";"09";"5.35679160";"-6.74939930";"Q809733";;"2021-08-30 05:26:31";"System";"2021-08-30 05:26:31";"System"
"2636";"Bafing Region";"54";"CI";"75";"17";"8.32520470";"-7.52472430";"Q799800";;"2021-08-30 05:26:31";"System";"2021-08-30 05:26:31";"System"
"2637";"Vallée du Bandama District";"54";"CI";"90";"VB";"8.27897800";"-4.89356270";"Q21002356";;"2021-08-30 05:26:31";"System";"2021-08-30 05:26:31";"System"
"2638";"Haut-Sassandra";"54";"CI";"80";"02";"6.87578480";"-6.57833870";"Q845709";;"2021-08-30 05:26:31";"System";"2021-08-30 05:26:31";"System"
"2639";"Lagunes region";"54";"CI";"82";"01";"5.88273340";"-4.23333550";"Q639491";;"2021-08-30 05:26:31";"System";"2021-08-30 05:26:31";"System"
"2640";"Lacs Region";"54";"CI";"81";"07";"47.73958660";"-70.41866520";"Q845706";;"2021-08-30 05:26:31";"System";"2021-08-30 05:26:31";"System"
"2641";"Zanzan Region";"54";"CI";"92";"ZZ";"8.82079040";"-3.41955270";"Q147081";;"2021-08-30 05:26:31";"System";"2021-08-30 05:26:31";"System"
"2642";"Denguélé Region";"54";"CI";"77";"10";"9.46623720";"-7.43813550";"Q729010";;"2021-08-30 05:26:31";"System";"2021-08-30 05:26:31";"System"
"2643";"Bas-Sassandra District";"54";"CI";"76";"BS";"5.27983560";"-6.15269850";"Q20980352";;"2021-08-30 05:26:31";"System";"2021-08-30 05:26:31";"System"
"2644";"Denguélé District";"54";"CI";"77";"DN";"48.07077630";"-68.56093410";"Q20980374";;"2021-08-30 05:26:31";"System";"2021-08-30 05:26:31";"System"
"2645";"Dix-Huit Montagnes";"54";"CI";"78";"06";"7.37623730";"-7.43813550";"Q820486";;"2021-08-30 05:26:31";"System";"2021-08-30 05:26:31";"System"
"2646";"Moyen-Cavally";"54";"CI";"84";"19";"6.52087930";"-7.61142170";"Q842499";;"2021-08-30 05:26:31";"System";"2021-08-30 05:26:31";"System"
"2647";"Vallée du Bandama Region";"54";"CI";"90";"04";"8.27897800";"-4.89356270";"Q845721";;"2021-08-30 05:26:31";"System";"2021-08-30 05:26:31";"System"
"2648";"Sassandra-Marahoué District";"54";"CI";"96";"SM";"6.88033480";"-6.23759470";"Q20365127";;"2021-08-30 05:26:31";"System";"2021-08-30 05:26:31";"System"
"2649";"Worodougou";"54";"CI";"91";"14";"8.25489620";"-6.57833870";"Q846056";;"2021-08-30 05:26:31";"System";"2021-08-30 05:26:31";"System"
"2650";"Woroba District";"54";"CI";"97";"WR";"8.24913720";"-6.92091350";"Q20980371";;"2021-08-30 05:26:31";"System";"2021-08-30 05:26:31";"System"
"2651";"Gôh-Djiboua District";"54";"CI";"95";"GD";"5.87113930";"-5.56172790";"Q21003640";;"2021-08-30 05:26:31";"System";"2021-08-30 05:26:31";"System"
"2652";"Sud-Comoé";"54";"CI";"89";"13";"5.55279300";"-3.25836260";"Q842495";;"2021-08-30 05:26:31";"System";"2021-08-30 05:26:31";"System"
"2653";"Yamoussoukro";"54";"CI";"98";"YM";"6.82762280";"-5.28934330";"Q3768";;"2021-08-30 05:26:31";"System";"2021-08-30 05:26:31";"System"
"2654";"Comoé District";"54";"CI";"94";"CM";"5.55279300";"-3.25836260";"Q16629374";;"2021-08-30 05:26:31";"System";"2021-08-30 05:26:31";"System"
"2655";"N'zi-Comoé";"54";"CI";"86";"11";"7.24567490";"-4.23333550";"Q842491";;"2021-08-30 05:26:31";"System";"2021-08-30 05:26:31";"System"
"2656";"Far North";"38";"CM";"12";"EN";"66.76134510";"124.12375300";"Q823976";;"2021-08-30 05:26:31";"System";"2021-08-30 05:26:31";"System"
"2657";"Northwest";"38";"CM";"07";"NW";"36.37118570";"-94.19346060";"Q823946";;"2021-08-30 05:26:31";"System";"2021-08-30 05:26:31";"System"
"2658";"Southwest";"38";"CM";"09";"SW";"36.19088130";"-95.88974480";"Q607499";;"2021-08-30 05:26:31";"System";"2021-08-30 05:26:31";"System"
"2659";"South";"38";"CM";"14";"SU";"37.63159500";"-97.34584090";"Q857122";;"2021-08-30 05:26:31";"System";"2021-08-30 05:26:31";"System"
"2660";"Centre";"38";"CM";"11";"CE";;;"Q739951";;"2021-08-30 05:26:31";"System";"2021-08-30 05:26:31";"System"
"2661";"East";"38";"CM";"04";"ES";"39.01853360";"-94.27924110";"Q845168";;"2021-08-30 05:26:31";"System";"2021-08-30 05:26:31";"System"
"2662";"Littoral";"38";"CM";"05";"LT";"48.46227570";"-68.51780710";"Q845172";;"2021-08-30 05:26:31";"System";"2021-08-30 05:26:31";"System"
"2663";"Adamawa";"38";"CM";"10";"AD";"9.32647510";"12.39838530";"Q351514";;"2021-08-30 05:26:31";"System";"2021-08-30 05:26:31";"System"
"2664";"West";"38";"CM";"08";"OU";"37.03649890";"-95.67059870";"Q165784";;"2021-08-30 05:26:31";"System";"2021-08-30 05:26:31";"System"
"2665";"North";"38";"CM";"13";"NO";"37.09024000";"-95.71289100";"Q502341";;"2021-08-30 05:26:31";"System";"2021-08-30 05:26:31";"System"
"2666";"Banjul";"80";"GM";"01";"B";"13.45487610";"-16.57903230";"Q3726";;"2021-08-30 05:26:31";"System";"2021-08-30 05:26:31";"System"
"2667";"West Coast Division";"80";"GM";"05";"W";"5.97727980";"116.07542880";"Q846158";;"2021-08-30 05:26:31";"System";"2021-08-30 05:26:31";"System"
"2668";"Upper River Division";"80";"GM";"04";"U";"13.42573660";"-14.00723480";"Q824373";;"2021-08-30 05:26:31";"System";"2021-08-30 05:26:31";"System"
"2669";"Central River Division";"80";"GM";"03";"M";"13.59944690";"-14.89216680";"Q824431";;"2021-08-30 05:26:31";"System";"2021-08-30 05:26:31";"System"
"2670";"Lower River Division";"80";"GM";"02";"L";"13.35533060";"-15.92299000";"Q824421";;"2021-08-30 05:26:31";"System";"2021-08-30 05:26:31";"System"
"2671";"North Bank Division";"80";"GM";"07";"N";"13.52854360";"-16.01699710";"Q846161";;"2021-08-30 05:26:31";"System";"2021-08-30 05:26:31";"System"
"2672";"Beyla Prefecture";"92";"GN";"01";"BE";"8.91981780";"-8.30884410";"Q853169";;"2021-08-30 05:26:31";"System";"2021-08-30 05:26:31";"System"
"2673";"Mandiana Prefecture";"92";"GN";"37";"MD";"10.61728270";"-8.69857160";"Q1470878";;"2021-08-30 05:26:31";"System";"2021-08-30 05:26:31";"System"
"2674";"Yomou Prefecture";"92";"GN";"29";"YO";"7.56962790";"-9.25915710";"Q623139";;"2021-08-30 05:26:31";"System";"2021-08-30 05:26:31";"System"
"2675";"Fria Prefecture";"92";"GN";"11";"FR";"10.36745430";"-13.58418710";"Q1456055";;"2021-08-30 05:26:31";"System";"2021-08-30 05:26:31";"System"
"2676";"Boké Region";"92";"GN";"B";"B";"11.18646720";"-14.10013260";"Q862611";;"2021-08-30 05:26:31";"System";"2021-08-30 05:26:31";"System"
"2677";"Labé Region";"92";"GN";"L";"L";"11.32320420";"-12.28913140";"Q868515";;"2021-08-30 05:26:31";"System";"2021-08-30 05:26:31";"System"
"2678";"Nzérékoré Prefecture";"92";"GN";"24";"NZ";"7.74783590";"-8.82525020";"Q1471203";;"2021-08-30 05:26:31";"System";"2021-08-30 05:26:31";"System"
"2679";"Dabola Prefecture";"92";"GN";"05";"DB";"10.72978060";"-11.11078540";"Q1156587";;"2021-08-30 05:26:31";"System";"2021-08-30 05:26:31";"System"
"2680";"Labé Prefecture";"92";"GN";"20";"LA";"11.35419390";"-12.34638750";"Q1781303";;"2021-08-30 05:26:31";"System";"2021-08-30 05:26:31";"System"
"2681";"Dubréka Prefecture";"92";"GN";"08";"DU";"9.79073480";"-13.51477350";"Q1263263";;"2021-08-30 05:26:31";"System";"2021-08-30 05:26:31";"System"
"2682";"Faranah Prefecture";"92";"GN";"09";"FA";"9.90573990";"-10.80000510";"Q1396210";;"2021-08-30 05:26:31";"System";"2021-08-30 05:26:31";"System"
"2683";"Forécariah Prefecture";"92";"GN";"10";"FO";"9.38861870";"-13.08179030";"Q1439329";;"2021-08-30 05:26:31";"System";"2021-08-30 05:26:31";"System"
"2684";"Nzérékoré Region";"92";"GN";"N";"N";"8.03858700";"-8.83627550";"Q870146";;"2021-08-30 05:26:31";"System";"2021-08-30 05:26:31";"System"
"2685";"Gaoual Prefecture";"92";"GN";"12";"GA";"11.57628040";"-13.35872880";"Q614669";;"2021-08-30 05:26:31";"System";"2021-08-30 05:26:31";"System"
"2686";"Conakry";"92";"GN";"04";"C";"9.64118550";"-13.57840120";"Q3733";;"2021-08-30 05:26:31";"System";"2021-08-30 05:26:31";"System"
"2687";"Télimélé Prefecture";"92";"GN";"27";"TE";"10.90893640";"-13.02993310";"Q922545";;"2021-08-30 05:26:31";"System";"2021-08-30 05:26:31";"System"
"2688";"Dinguiraye Prefecture";"92";"GN";"07";"DI";"11.68442220";"-10.80000510";"Q1226479";;"2021-08-30 05:26:31";"System";"2021-08-30 05:26:31";"System"
"2689";"Mamou Prefecture";"92";"GN";"23";"MM";"10.57360240";"-11.88917210";"Q623295";;"2021-08-30 05:26:31";"System";"2021-08-30 05:26:31";"System"
"2690";"Lélouma Prefecture";"92";"GN";"35";"LE";"11.18333300";"-12.93333300";"Q253661";;"2021-08-30 05:26:31";"System";"2021-08-30 05:26:31";"System"
"2691";"Kissidougou Prefecture";"92";"GN";"17";"KS";"9.22520220";"-10.08072980";"Q1470920";;"2021-08-30 05:26:31";"System";"2021-08-30 05:26:31";"System"
"2692";"Koubia Prefecture";"92";"GN";"33";"KB";"11.58235400";"-11.89202370";"Q623409";;"2021-08-30 05:26:31";"System";"2021-08-30 05:26:31";"System"
"2693";"Kindia Prefecture";"92";"GN";"16";"KD";"10.10132920";"-12.71351210";"Q1741960";;"2021-08-30 05:26:31";"System";"2021-08-30 05:26:31";"System"
"2694";"Pita Prefecture";"92";"GN";"25";"PI";"10.80620860";"-12.71351210";"Q736507";;"2021-08-30 05:26:31";"System";"2021-08-30 05:26:31";"System"
"2695";"Kouroussa Prefecture";"92";"GN";"19";"KO";"10.64892290";"-9.88505860";"Q1471573";;"2021-08-30 05:26:31";"System";"2021-08-30 05:26:31";"System"
"2696";"Tougué Prefecture";"92";"GN";"28";"TO";"11.38415830";"-11.61577730";"Q1432094";;"2021-08-30 05:26:31";"System";"2021-08-30 05:26:31";"System"
"2697";"Kankan Region";"92";"GN";"K";"K";"10.12092300";"-9.54509740";"Q870191";;"2021-08-30 05:26:31";"System";"2021-08-30 05:26:31";"System"
"2698";"Mamou Region";"92";"GN";"M";"M";"10.57360240";"-11.88917210";"Q1043650";;"2021-08-30 05:26:31";"System";"2021-08-30 05:26:31";"System"
"2699";"Boffa Prefecture";"92";"GN";"02";"BF";"10.18082540";"-14.03916150";"Q890340";;"2021-08-30 05:26:31";"System";"2021-08-30 05:26:31";"System"
"2700";"Mali Prefecture";"92";"GN";"22";"ML";"11.98370900";"-12.25479190";"Q1781017";;"2021-08-30 05:26:31";"System";"2021-08-30 05:26:31";"System"
"2701";"Kindia Region";"92";"GN";"D";"D";"10.17816940";"-12.98961500";"Q868520";;"2021-08-30 05:26:31";"System";"2021-08-30 05:26:31";"System"
"2702";"Macenta Prefecture";"92";"GN";"21";"MC";"8.46157950";"-9.27855830";"Q949332";;"2021-08-30 05:26:31";"System";"2021-08-30 05:26:31";"System"
"2703";"Koundara Prefecture";"92";"GN";"18";"KN";"12.48940210";"-13.30675620";"Q1781312";;"2021-08-30 05:26:31";"System";"2021-08-30 05:26:31";"System"
"2704";"Kankan Prefecture";"92";"GN";"14";"KA";"10.30344650";"-9.36730840";"Q581719";;"2021-08-30 05:26:31";"System";"2021-08-30 05:26:31";"System"
"2705";"Coyah Prefecture";"92";"GN";"30";"CO";"9.77155350";"-13.31252990";"Q616816";;"2021-08-30 05:26:31";"System";"2021-08-30 05:26:31";"System"
"2706";"Dalaba Prefecture";"92";"GN";"06";"DL";"10.68681760";"-12.24906970";"Q623302";;"2021-08-30 05:26:31";"System";"2021-08-30 05:26:31";"System"
"2707";"Siguiri Prefecture";"92";"GN";"26";"SI";"11.41481130";"-9.17883040";"Q1780649";;"2021-08-30 05:26:31";"System";"2021-08-30 05:26:31";"System"
"2708";"Lola Prefecture";"92";"GN";"36";"LO";"7.96138180";"-8.39649380";"Q623145";;"2021-08-30 05:26:31";"System";"2021-08-30 05:26:31";"System"
"2709";"Boké Prefecture";"92";"GN";"03";"BK";"11.08473790";"-14.37919120";"Q891238";;"2021-08-30 05:26:31";"System";"2021-08-30 05:26:31";"System"
"2710";"Kérouané Prefecture";"92";"GN";"15";"KE";"9.25366430";"-9.01289260";"Q962654";;"2021-08-30 05:26:31";"System";"2021-08-30 05:26:31";"System"
"2711";"Guéckédou Prefecture";"92";"GN";"13";"GU";"8.56496880";"-10.13111630";"Q623142";;"2021-08-30 05:26:31";"System";"2021-08-30 05:26:31";"System"
"2712";"Tombali Region";"93";"GW";"07";"TO";"11.36326960";"-14.98561760";"Q1047255";;"2021-08-30 05:26:31";"System";"2021-08-30 05:26:31";"System"
"2713";"Cacheu Region";"93";"GW";"06";"CA";"12.05514160";"-16.06401790";"Q780838";;"2021-08-30 05:26:31";"System";"2021-08-30 05:26:31";"System"
"2714";"Biombo Region";"93";"GW";"12";"BM";"11.85290610";"-15.73511710";"Q872228";;"2021-08-30 05:26:31";"System";"2021-08-30 05:26:31";"System"
"2715";"Quinara Region";"93";"GW";"02";"QU";"11.79556200";"-15.17268160";"Q862617";;"2021-08-30 05:26:31";"System";"2021-08-30 05:26:31";"System"
"2716";"Sul Province";"93";"GW";"02";"S";"-10.28665780";"20.71224650";"Q13378476";;"2021-08-30 05:26:31";"System";"2021-08-30 05:26:31";"System"
"2717";"Norte Province";"93";"GW";"02";"N";"7.87218110";"123.88577470";"Q13378475";;"2021-08-30 05:26:31";"System";"2021-08-30 05:26:31";"System"
"2718";"Oio Region";"93";"GW";"04";"OI";"12.27607090";"-15.31311850";"Q853991";;"2021-08-30 05:26:31";"System";"2021-08-30 05:26:31";"System"
"2719";"Gabú Region";"93";"GW";"10";"GA";"11.89624880";"-14.10013260";"Q872212";;"2021-08-30 05:26:31";"System";"2021-08-30 05:26:31";"System"
"2720";"Bafatá";"93";"GW";"01";"BA";"12.17352430";"-14.65295200";"Q799791";;"2021-08-30 05:26:31";"System";"2021-08-30 05:26:31";"System"
"2721";"Leste Province";"93";"GW";"01";"L";;;"Q13378473";;"2021-08-30 05:26:31";"System";"2021-08-30 05:26:31";"System"
"2722";"Bolama Region";"93";"GW";"05";"BL";"11.14805910";"-16.13457050";"Q151909";;"2021-08-30 05:26:31";"System";"2021-08-30 05:26:31";"System"
"2723";"Woleu-Ntem Province";"79";"GA";"09";"9";"2.29898270";"11.44669140";"Q823800";;"2021-08-30 05:26:31";"System";"2021-08-30 05:26:31";"System"
"2724";"Ogooué-Ivindo Province";"79";"GA";"06";"6";"0.88183110";"13.17403480";"Q823822";;"2021-08-30 05:26:31";"System";"2021-08-30 05:26:31";"System"
"2725";"Nyanga Province";"79";"GA";"05";"5";"-2.88210330";"11.16173560";"Q846017";;"2021-08-30 05:26:31";"System";"2021-08-30 05:26:31";"System"
"2726";"Haut-Ogooué Province";"79";"GA";"02";"2";"-1.47625440";"13.91439900";"Q654438";;"2021-08-30 05:26:31";"System";"2021-08-30 05:26:31";"System"
"2727";"Estuaire Province";"79";"GA";"01";"1";"0.44328640";"10.08072980";"Q281109";;"2021-08-30 05:26:31";"System";"2021-08-30 05:26:31";"System"
"2728";"Ogooué-Maritime Province";"79";"GA";"08";"8";"-1.34659750";"9.72326730";"Q823751";;"2021-08-30 05:26:31";"System";"2021-08-30 05:26:31";"System"
"2729";"Ogooué-Lolo Province";"79";"GA";"07";"7";"-0.88440930";"12.43805810";"Q823762";;"2021-08-30 05:26:31";"System";"2021-08-30 05:26:31";"System"
"2730";"Moyen-Ogooué Province";"79";"GA";"03";"3";"-0.44278400";"10.43965600";"Q590802";;"2021-08-30 05:26:31";"System";"2021-08-30 05:26:31";"System"
"2731";"Ngounié Province";"79";"GA";"04";"4";"-1.49303030";"10.98070030";"Q823774";;"2021-08-30 05:26:31";"System";"2021-08-30 05:26:31";"System"
"2732";"Tshuapa";"51";"CD";"31";"TU";"-0.99030230";"23.02888440";"Q427246";;"2021-08-30 05:26:31";"System";"2021-08-30 05:26:31";"System"
"2733";"Tanganyika";"51";"CD";"29";"TA";"-6.27401180";"27.92490020";"Q826585";;"2021-08-30 05:26:31";"System";"2021-08-30 05:26:31";"System"
"2734";"Haut-Uélé";"51";"CD";"16";"HU";"3.58451540";"28.29943500";"Q751632";;"2021-08-30 05:26:31";"System";"2021-08-30 05:26:31";"System"
"2735";"Kasaï Oriental";"51";"CD";"04";"KE";"-6.03362300";"23.57285010";"Q80953";;"2021-08-30 05:26:31";"System";"2021-08-30 05:26:31";"System"
"2738";"Sud-Kivu";"51";"CD";"12";"SK";"-3.01165800";"28.29943500";"Q488326";;"2021-08-30 05:26:31";"System";"2021-08-30 05:26:31";"System"
"2739";"Nord-Ubangi";"51";"CD";"26";"NU";"3.78787260";"21.47528510";"Q843312";;"2021-08-30 05:26:31";"System";"2021-08-30 05:26:31";"System"
"2740";"Kwango";"51";"CD";"19";"KG";"-6.43374090";"17.66888700";"Q757095";;"2021-08-30 05:26:31";"System";"2021-08-30 05:26:31";"System"
"2741";"Kinshasa";"51";"CD";"06";"KN";"-4.44193110";"15.26629310";"Q3838";;"2021-08-30 05:26:31";"System";"2021-08-30 05:26:31";"System"
"2742";"Kasaï Central";"51";"CD";"05";"KC";"-8.44045910";"20.41659340";"Q6702952";;"2021-08-30 05:26:31";"System";"2021-08-30 05:26:31";"System"
"2743";"Sankuru";"51";"CD";"27";"SA";"-2.84374530";"23.38235450";"Q209829";;"2021-08-30 05:26:31";"System";"2021-08-30 05:26:31";"System"
"2744";"Équateur";"51";"CD";"02";"EQ";"-1.83123900";"-78.18340600";"Q988104";;"2021-08-30 05:26:31";"System";"2021-08-30 05:26:31";"System"
"2745";"Maniema";"51";"CD";"10";"MA";"-3.07309290";"26.04138890";"Q130566";;"2021-08-30 05:26:31";"System";"2021-08-30 05:26:31";"System"
"2746";"Kongo Central";"51";"CD";"08";"BC";"-5.23656850";"13.91439900";"Q130588";;"2021-08-30 05:26:31";"System";"2021-08-30 05:26:31";"System"
"2747";"Lomami";"51";"CD";"21";"LO";"-6.14539310";"24.52426400";"Q241886";;"2021-08-30 05:26:31";"System";"2021-08-30 05:26:31";"System"
"2748";"Sud-Ubangi";"51";"CD";"28";"SU";"3.22999420";"19.18800470";"Q834551";;"2021-08-30 05:26:31";"System";"2021-08-30 05:26:31";"System"
"2749";"Nord-Kivu";"51";"CD";"11";"NK";"-0.79177290";"29.04599270";"Q130625";;"2021-08-30 05:26:31";"System";"2021-08-30 05:26:31";"System"
"2750";"Haut-Katanga";"51";"CD";"14";"HK";"-10.41020750";"27.54958460";"Q130268";;"2021-08-30 05:26:31";"System";"2021-08-30 05:26:31";"System"
"2751";"Ituri";"51";"CD";"17";"IT";"1.59576820";"29.41793240";"Q750659";;"2021-08-30 05:26:31";"System";"2021-08-30 05:26:31";"System"
"2752";"Mongala";"51";"CD";"25";"MO";"1.99623240";"21.47528510";"Q847527";;"2021-08-30 05:26:31";"System";"2021-08-30 05:26:31";"System"
"2753";"Bas-Uélé";"51";"CD";"13";"BU";"3.99010090";"24.90422080";"Q652056";;"2021-08-30 05:26:31";"System";"2021-08-30 05:26:31";"System"
"2755";"Mai-Ndombe";"51";"CD";"24";"MN";"-2.63574340";"18.42760470";"Q1163429";;"2021-08-30 05:26:31";"System";"2021-08-30 05:26:31";"System"
"2756";"Tshopo";"51";"CD";"30";"TO";"0.54554620";"24.90422080";"Q630900";;"2021-08-30 05:26:31";"System";"2021-08-30 05:26:31";"System"
"2757";"Kasaï";"51";"CD";"18";"KS";"-5.04719790";"20.71224650";"Q255655";;"2021-08-30 05:26:31";"System";"2021-08-30 05:26:31";"System"
"2758";"Haut-Lomami";"51";"CD";"15";"HL";"-7.70527520";"24.90422080";"Q605672";;"2021-08-30 05:26:31";"System";"2021-08-30 05:26:31";"System"
"2759";"Kwilu";"51";"CD";"20";"KL";"-5.11888250";"18.42760470";"Q559537";;"2021-08-30 05:26:31";"System";"2021-08-30 05:26:31";"System"
"2760";"Cuyuni-Mazaruni";"94";"GY";"11";"CU";"6.46421410";"-60.21107520";"Q1146777";;"2021-08-30 05:26:31";"System";"2021-08-30 05:26:31";"System"
"2761";"Potaro-Siparuni";"94";"GY";"17";"PT";"4.78558530";"-59.28799770";"Q1454035";;"2021-08-30 05:26:31";"System";"2021-08-30 05:26:31";"System"
"2762";"Mahaica-Berbice";"94";"GY";"15";"MA";"6.23849600";"-57.91625550";"Q1466671";;"2021-08-30 05:26:31";"System";"2021-08-30 05:26:31";"System"
"2763";"Upper Demerara-Berbice";"94";"GY";"18";"UD";"5.30648790";"-58.18929210";"Q1309042";;"2021-08-30 05:26:31";"System";"2021-08-30 05:26:31";"System"
"2764";"Barima-Waini";"94";"GY";"10";"BA";"7.48824190";"-59.65644940";"Q537740";;"2021-08-30 05:26:31";"System";"2021-08-30 05:26:31";"System"
"2765";"Pomeroon-Supenaam";"94";"GY";"16";"PM";"7.12941660";"-58.92062950";"Q680382";;"2021-08-30 05:26:31";"System";"2021-08-30 05:26:31";"System"
"2766";"East Berbice-Corentyne";"94";"GY";"13";"EB";"2.74779220";"-57.46272590";"Q1277758";;"2021-08-30 05:26:31";"System";"2021-08-30 05:26:31";"System"
"2767";"Demerara-Mahaica";"94";"GY";"12";"DE";"6.54642600";"-58.09820460";"Q1185362";;"2021-08-30 05:26:31";"System";"2021-08-30 05:26:31";"System"
"2768";"Essequibo Islands-West Demerara";"94";"GY";"14";"ES";"6.57201320";"-58.46299970";"Q1368802";;"2021-08-30 05:26:31";"System";"2021-08-30 05:26:31";"System"
"2769";"Upper Takutu-Upper Essequibo";"94";"GY";"19";"UT";"2.92395950";"-58.73736340";"Q1516381";;"2021-08-30 05:26:31";"System";"2021-08-30 05:26:31";"System"
"2770";"Presidente Hayes Department";"172";"PY";"16";"15";"-23.35126050";"-58.73736340";"Q750551";;"2021-08-30 05:26:31";"System";"2021-08-30 05:26:31";"System"
"2771";"Canindeyú";"172";"PY";"19";"14";"-24.13787350";"-55.66896360";"Q279085";;"2021-08-30 05:26:31";"System";"2021-08-30 05:26:31";"System"
"2772";"Guairá Department";"172";"PY";"10";"4";"-25.88109320";"-56.29293810";"Q755116";;"2021-08-30 05:26:31";"System";"2021-08-30 05:26:31";"System"
"2773";"Caaguazú";"172";"PY";"04";"5";"-25.46458180";"-56.01385100";"Q880399";;"2021-08-30 05:26:31";"System";"2021-08-30 05:26:31";"System"
"2774";"Paraguarí Department";"172";"PY";"15";"9";"-25.62621740";"-57.15206420";"Q240014";;"2021-08-30 05:26:31";"System";"2021-08-30 05:26:31";"System"
"2775";"Caazapá";"172";"PY";"05";"6";"-26.18277130";"-56.37123270";"Q881839";;"2021-08-30 05:26:31";"System";"2021-08-30 05:26:31";"System"
"2776";"San Pedro Department";"172";"PY";"17";"2";"-24.19486680";"-56.56164700";"Q526176";;"2021-08-30 05:26:31";"System";"2021-08-30 05:26:31";"System"
"2777";"Central Department";"172";"PY";"06";"11";"36.15592290";"-95.96620750";"Q372461";;"2021-08-30 05:26:31";"System";"2021-08-30 05:26:31";"System"
"2778";"Itapúa";"172";"PY";"11";"7";"-26.79236230";"-55.66896360";"Q222564";;"2021-08-30 05:26:31";"System";"2021-08-30 05:26:31";"System"
"2779";"Concepción Department";"172";"PY";"07";"1";"-23.42142640";"-57.43444510";"Q741009";;"2021-08-30 05:26:31";"System";"2021-08-30 05:26:31";"System"
"2780";"Boquerón Department";"172";"PY";"24";"19";"-21.74492540";"-60.95400730";"Q741017";;"2021-08-30 05:26:31";"System";"2021-08-30 05:26:31";"System"
"2781";"Ñeembucú Department";"172";"PY";"13";"12";"-27.02991140";"-57.82539500";"Q755115";;"2021-08-30 05:26:31";"System";"2021-08-30 05:26:31";"System"
"2782";"Amambay Department";"172";"PY";"02";"13";"-22.55902720";"-56.02499820";"Q686586";;"2021-08-30 05:26:31";"System";"2021-08-30 05:26:31";"System"
"2783";"Cordillera Department";"172";"PY";"08";"3";"-25.22894910";"-57.01116810";"Q755121";;"2021-08-30 05:26:31";"System";"2021-08-30 05:26:31";"System"
"2784";"Alto Paraná Department";"172";"PY";"01";"10";"-25.60755460";"-54.96118360";"Q682654";;"2021-08-30 05:26:31";"System";"2021-08-30 05:26:31";"System"
"2785";"Alto Paraguay Department";"172";"PY";"23";"16";"-20.08525080";"-59.47209040";"Q682642";;"2021-08-30 05:26:31";"System";"2021-08-30 05:26:31";"System"
"2786";"Misiones Department";"172";"PY";"12";"8";"-26.84335120";"-57.10131880";"Q591194";;"2021-08-30 05:26:31";"System";"2021-08-30 05:26:31";"System"
"2787";"Jaffna District";"208";"LK";"25";"41";"9.69304680";"80.16518540";"Q1520182";;"2021-08-30 05:26:31";"System";"2021-08-30 05:26:31";"System"
"2788";"Kandy District";"208";"LK";"10";"21";"7.29315880";"80.63501070";"Q723002";;"2021-08-30 05:26:31";"System";"2021-08-30 05:26:31";"System"
"2789";"Kalutara District";"208";"LK";"09";"13";"6.60846860";"80.14285840";"Q728935";;"2021-08-30 05:26:31";"System";"2021-08-30 05:26:31";"System"
"2790";"Badulla District";"208";"LK";"03";"81";"6.99340090";"81.05498150";"Q799713";;"2021-08-30 05:26:31";"System";"2021-08-30 05:26:31";"System"
"2791";"Hambantota District";"208";"LK";"07";"33";"6.15358160";"81.12714900";"Q723006";;"2021-08-30 05:26:31";"System";"2021-08-30 05:26:31";"System"
"2792";"Galle District";"208";"LK";"06";"31";"6.05774900";"80.21755720";"Q647649";;"2021-08-30 05:26:31";"System";"2021-08-30 05:26:31";"System"
"2793";"Kilinochchi District";"208";"LK";"06";"42";"9.36779710";"80.32131060";"Q1584007";;"2021-08-30 05:26:31";"System";"2021-08-30 05:26:31";"System"
"2794";"Nuwara Eliya District";"208";"LK";"17";"23";"6.96065320";"80.76927580";"Q1583950";;"2021-08-30 05:26:31";"System";"2021-08-30 05:26:31";"System"
"2795";"Trincomalee District";"208";"LK";"21";"53";"8.60130690";"81.11960750";"Q1493318";;"2021-08-30 05:26:31";"System";"2021-08-30 05:26:31";"System"
"2796";"Puttalam District";"208";"LK";"19";"62";"8.02599150";"79.84712720";"Q1665318";;"2021-08-30 05:26:31";"System";"2021-08-30 05:26:31";"System"
"2797";"Kegalle District";"208";"LK";"11";"92";"7.12040530";"80.32131060";"Q1737803";;"2021-08-30 05:26:31";"System";"2021-08-30 05:26:31";"System"
"2798";"Central Province";"208";"LK";"29";"2";;;"Q190716";;"2021-08-30 05:26:31";"System";"2021-08-30 05:26:31";"System"
"2799";"Ampara District";"208";"LK";"01";"52";"7.29116850";"81.67237610";"Q474395";;"2021-08-30 05:26:31";"System";"2021-08-30 05:26:31";"System"
"2800";"North Central Province";"208";"LK";"30";"7";"8.19956380";"80.63269160";"Q1057124";;"2021-08-30 05:26:31";"System";"2021-08-30 05:26:31";"System"
"2801";"Southern Province";"208";"LK";"34";"3";;;"Q876308";;"2021-08-30 05:26:31";"System";"2021-08-30 05:26:31";"System"
"2802";"Western Province";"208";"LK";"36";"1";;;"Q856686";;"2021-08-30 05:26:31";"System";"2021-08-30 05:26:31";"System"
"2803";"Sabaragamuwa Province";"208";"LK";"33";"9";"6.73959410";"80.36586500";"Q853272";;"2021-08-30 05:26:31";"System";"2021-08-30 05:26:31";"System"
"2804";"Gampaha District";"208";"LK";"24";"12";"7.07126190";"80.00877460";"Q206344";;"2021-08-30 05:26:31";"System";"2021-08-30 05:26:31";"System"
"2805";"Mannar District";"208";"LK";"26";"43";"8.98095310";"79.90439750";"Q178003";;"2021-08-30 05:26:31";"System";"2021-08-30 05:26:31";"System"
"2806";"Matara District";"208";"LK";"15";"32";"5.94493480";"80.54879970";"Q1281285";;"2021-08-30 05:26:31";"System";"2021-08-30 05:26:31";"System"
"2807";"Ratnapura district";"208";"LK";"20";"91";"6.70551680";"80.38483890";"Q1587175";;"2021-08-30 05:26:31";"System";"2021-08-30 05:26:31";"System"
"2808";"Eastern Province";"208";"LK";"37";"5";;;"Q1046126";;"2021-08-30 05:26:31";"System";"2021-08-30 05:26:31";"System"
"2809";"Vavuniya District";"208";"LK";"28";"44";"8.75947390";"80.50003340";"Q527980";;"2021-08-30 05:26:31";"System";"2021-08-30 05:26:31";"System"
"2810";"Matale District";"208";"LK";"14";"22";"7.46596460";"80.62342590";"Q787421";;"2021-08-30 05:26:31";"System";"2021-08-30 05:26:31";"System"
"2811";"Uva Province";"208";"LK";"35";"8";"6.84276120";"81.33994140";"Q876293";;"2021-08-30 05:26:31";"System";"2021-08-30 05:26:31";"System"
"2812";"Polonnaruwa District";"208";"LK";"18";"72";"7.93955670";"81.00034030";"Q931057";;"2021-08-30 05:26:31";"System";"2021-08-30 05:26:31";"System"
"2813";"Northern Province";"208";"LK";"38";"4";;;"Q598745";;"2021-08-30 05:26:31";"System";"2021-08-30 05:26:31";"System"
"2814";"Mullaitivu District";"208";"LK";"27";"45";"9.26753880";"80.81282540";"Q1587508";;"2021-08-30 05:26:31";"System";"2021-08-30 05:26:31";"System"
"2815";"Colombo District";"208";"LK";"23";"11";"6.92695570";"79.86173060";"Q606287";;"2021-08-30 05:26:31";"System";"2021-08-30 05:26:31";"System"
"2816";"Anuradhapura District";"208";"LK";"02";"71";"8.33183050";"80.40290170";"Q612614";;"2021-08-30 05:26:31";"System";"2021-08-30 05:26:31";"System"
"2817";"North Western Province";"208";"LK";"32";"6";"7.75840910";"80.18750650";"Q876339";;"2021-08-30 05:26:31";"System";"2021-08-30 05:26:31";"System"
"2818";"Batticaloa District";"208";"LK";"04";"51";"7.82927810";"81.47183870";"Q810960";;"2021-08-30 05:26:31";"System";"2021-08-30 05:26:31";"System"
"2819";"Monaragala District";"208";"LK";"16";"82";"6.87277810";"81.35068320";"Q923420";;"2021-08-30 05:26:31";"System";"2021-08-30 05:26:31";"System"
"2820";"Mohéli";"49";"KM";"03";"M";"-12.33773760";"43.73340890";"Q271797";;"2021-08-30 05:26:31";"System";"2021-08-30 05:26:31";"System"
"2821";"Anjouan";"49";"KM";"01";"A";"-12.21381450";"44.43706060";"Q231324";;"2021-08-30 05:26:31";"System";"2021-08-30 05:26:31";"System"
"2822";"Grande Comore";"49";"KM";"02";"G";"-11.71673380";"43.36807880";"Q244978";;"2021-08-30 05:26:31";"System";"2021-08-30 05:26:31";"System"
"2823";"Atacama";"44";"CL";"05";"AT";"-27.56605580";"-70.05031400";"Q2120";;"2021-08-30 05:26:31";"System";"2021-08-30 05:26:31";"System"
"2824";"Región Metropolitana de Santiago";"44";"CL";"12";"RM";"-33.43755450";"-70.65048960";"Q2131";;"2021-08-30 05:26:31";"System";"2021-08-30 05:26:31";"System"
"2825";"Coquimbo";"44";"CL";"07";"CO";"-30.54018100";"-70.81199530";"Q2121";;"2021-08-30 05:26:31";"System";"2021-08-30 05:26:31";"System"
"2826";"La Araucanía";"44";"CL";"04";"AR";"-38.94892100";"-72.33111300";"Q2176";;"2021-08-30 05:26:31";"System";"2021-08-30 05:26:31";"System"
"2827";"Biobío";"44";"CL";"06";"BI";"-37.44644280";"-72.14161320";"Q2170";;"2021-08-30 05:26:31";"System";"2021-08-30 05:26:31";"System"
"2828";"Aisén del General Carlos Ibañez del Campo";"44";"CL";"02";"AI";"-46.37834500";"-72.30076230";"Q2181";;"2021-08-30 05:26:31";"System";"2021-08-30 05:26:31";"System"
"2829";"Arica y Parinacota";"44";"CL";"16";"AP";"-18.59404850";"-69.47845410";"Q2109";;"2021-08-30 05:26:31";"System";"2021-08-30 05:26:31";"System"
"2830";"Valparaíso";"44";"CL";"01";"VS";"-33.04723800";"-71.61268850";"Q219458";;"2021-08-30 05:26:31";"System";"2021-08-30 05:26:31";"System"
"2831";"Ñuble";"44";"CL";"18";"NB";"-36.72257430";"-71.76224810";"Q24076693";;"2021-08-30 05:26:31";"System";"2021-08-30 05:26:31";"System"
"2832";"Antofagasta";"44";"CL";"03";"AN";"-23.83691040";"-69.28775350";"Q2118";;"2021-08-30 05:26:31";"System";"2021-08-30 05:26:31";"System"
"2833";"Maule";"44";"CL";"11";"ML";"-35.51636030";"-71.57239530";"Q2166";;"2021-08-30 05:26:31";"System";"2021-08-30 05:26:31";"System"
"2834";"Los Ríos";"44";"CL";"17";"LR";"-40.23102170";"-72.33111300";"Q2177";;"2021-08-30 05:26:31";"System";"2021-08-30 05:26:31";"System"
"2835";"Los Lagos";"44";"CL";"14";"LL";"-41.91977790";"-72.14161320";"Q2178";;"2021-08-30 05:26:31";"System";"2021-08-30 05:26:31";"System"
"2836";"Magallanes y de la Antártica Chilena";"44";"CL";"10";"MA";"-52.20643160";"-72.16850010";"Q2189";;"2021-08-30 05:26:31";"System";"2021-08-30 05:26:31";"System"
"2837";"Tarapacá";"44";"CL";"15";"TA";"-20.20287990";"-69.28775350";"Q2114";;"2021-08-30 05:26:31";"System";"2021-08-30 05:26:31";"System"
"2838";"Libertador General Bernardo O'Higgins";"44";"CL";"08";"LI";"-34.57553740";"-71.00223110";"Q2133";;"2021-08-30 05:26:31";"System";"2021-08-30 05:26:31";"System"
"2839";"Commewijne District";"210";"SR";"11";"CM";"5.74021100";"-54.87312190";"Q952510";;"2021-08-30 05:26:31";"System";"2021-08-30 05:26:31";"System"
"2840";"Nickerie District";"210";"SR";"14";"NI";"5.58554690";"-56.83111170";"Q1147515";;"2021-08-30 05:26:31";"System";"2021-08-30 05:26:31";"System"
"2841";"Para District";"210";"SR";"15";"PR";"5.48173180";"-55.22592070";"Q1140891";;"2021-08-30 05:26:31";"System";"2021-08-30 05:26:31";"System"
"2842";"Coronie District";"210";"SR";"12";"CR";"5.69432710";"-56.29293810";"Q1130141";;"2021-08-30 05:26:31";"System";"2021-08-30 05:26:31";"System"
"2843";"Paramaribo District";"210";"SR";"16";"PM";"5.85203550";"-55.20382780";"Q1130134";;"2021-08-30 05:26:31";"System";"2021-08-30 05:26:31";"System"
"2844";"Wanica District";"210";"SR";"19";"WA";"5.73237620";"-55.27012350";"Q1147524";;"2021-08-30 05:26:31";"System";"2021-08-30 05:26:31";"System"
"2845";"Marowijne District";"210";"SR";"13";"MA";"5.62681280";"-54.25931180";"Q1140897";;"2021-08-30 05:26:31";"System";"2021-08-30 05:26:31";"System"
"2846";"Brokopondo District";"210";"SR";"10";"BR";"4.77102470";"-55.04933750";"Q847680";;"2021-08-30 05:26:31";"System";"2021-08-30 05:26:31";"System"
"2847";"Sipaliwini District";"210";"SR";"18";"SI";"3.65673820";"-56.20353870";"Q1130138";;"2021-08-30 05:26:31";"System";"2021-08-30 05:26:31";"System"
"2848";"Saramacca District";"210";"SR";"17";"SA";"5.72408130";"-55.66896360";"Q1351157";;"2021-08-30 05:26:31";"System";"2021-08-30 05:26:31";"System"
"2849";"Riyadh Region";"194";"SA";"10";"01";"22.75543850";"46.20915470";"Q1249255";;"2021-08-30 05:26:31";"System";"2021-08-30 05:26:31";"System"
"2850";"Makkah Region";"194";"SA";"14";"02";"21.52355840";"41.91964710";"Q234167";;"2021-08-30 05:26:31";"System";"2021-08-30 05:26:31";"System"
"2851";"Al Madinah Region";"194";"SA";"05";"03";"24.84039770";"39.32062410";"Q236027";;"2021-08-30 05:26:31";"System";"2021-08-30 05:26:31";"System"
"2852";"Tabuk Region";"194";"SA";"19";"07";"28.24533350";"37.63866220";"Q1315953";;"2021-08-30 05:26:31";"System";"2021-08-30 05:26:31";"System"
"2853";"'Asir Region";"194";"SA";"11";"14";"19.09690620";"42.86378750";"Q779855";;"2021-08-30 05:26:31";"System";"2021-08-30 05:26:31";"System"
"2854";"Northern Borders Region";"194";"SA";"15";"08";"30.07991620";"42.86378750";"Q201781";;"2021-08-30 05:26:31";"System";"2021-08-30 05:26:31";"System"
"2855";"Ha'il Region";"194";"SA";"13";"06";"27.70761430";"41.91964710";"Q243656";;"2021-08-30 05:26:31";"System";"2021-08-30 05:26:31";"System"
"2856";"Eastern Province";"194";"SA";"06";"04";;;"Q953508";;"2021-08-30 05:26:31";"System";"2021-08-30 05:26:31";"System"
"2857";"Al Jawf Region";"194";"SA";"20";"12";"29.88735600";"39.32062410";"Q1471266";;"2021-08-30 05:26:31";"System";"2021-08-30 05:26:31";"System"
"2858";"Jizan Region";"194";"SA";"17";"09";"17.17381760";"42.70761070";"Q269973";;"2021-08-30 05:26:31";"System";"2021-08-30 05:26:31";"System"
"2859";"Al Bahah Region";"194";"SA";"02";"11";"20.27227390";"41.44125100";"Q852774";;"2021-08-30 05:26:31";"System";"2021-08-30 05:26:31";"System"
"2860";"Najran Region";"194";"SA";"16";"10";"18.35146640";"45.60071080";"Q464718";;"2021-08-30 05:26:31";"System";"2021-08-30 05:26:31";"System"
"2861";"Al-Qassim Region";"194";"SA";"08";"05";"26.20782600";"43.48373800";"Q1105411";;"2021-08-30 05:26:31";"System";"2021-08-30 05:26:31";"System"
"2862";"Plateaux Department";"50";"CG";"08";"14";"-2.06800880";"15.40680790";"Q765370";;"2021-08-30 05:26:31";"System";"2021-08-30 05:26:31";"System"
"2863";"Pointe-Noire";"50";"CG";"15";"16";"-4.76916230";"11.86636200";"Q7208306";;"2021-08-30 05:26:31";"System";"2021-08-30 05:26:31";"System"
"2864";"Cuvette Department";"50";"CG";"13";"8";"-0.28774460";"16.15809370";"Q780884";;"2021-08-30 05:26:31";"System";"2021-08-30 05:26:31";"System"
"2865";"Likouala Department";"50";"CG";"06";"7";"2.04392400";"17.66888700";"Q863554";;"2021-08-30 05:26:31";"System";"2021-08-30 05:26:31";"System"
"2866";"Bouenza Department";"50";"CG";"01";"11";"-4.11280790";"13.72891670";"Q827015";;"2021-08-30 05:26:31";"System";"2021-08-30 05:26:31";"System"
"2867";"Kouilou Department";"50";"CG";"04";"5";"-4.14284130";"11.88917210";"Q855327";;"2021-08-30 05:26:31";"System";"2021-08-30 05:26:31";"System"
"2868";"Lékoumou Department";"50";"CG";"05";"2";"-3.17038200";"13.35872880";"Q862753";;"2021-08-30 05:26:31";"System";"2021-08-30 05:26:31";"System"
"2869";"Cuvette-Ouest Department";"50";"CG";"14";"15";"0.14475500";"14.47233010";"Q125711";;"2021-08-30 05:26:31";"System";"2021-08-30 05:26:31";"System"
"2870";"Brazzaville";"50";"CG";"12";"BZV";"-4.26335970";"15.24288530";"Q3844";;"2021-08-30 05:26:31";"System";"2021-08-30 05:26:31";"System"
"2871";"Sangha Department";"50";"CG";"10";"13";"1.46623280";"15.40680790";"Q775410";;"2021-08-30 05:26:31";"System";"2021-08-30 05:26:31";"System"
"2872";"Niari Department";"50";"CG";"07";"9";"-3.18427000";"12.25479190";"Q969317";;"2021-08-30 05:26:31";"System";"2021-08-30 05:26:31";"System"
"2873";"Pool Department";"50";"CG";"11";"12";"-3.77626280";"14.84546190";"Q864647";;"2021-08-30 05:26:31";"System";"2021-08-30 05:26:31";"System"
"2874";"Quindío";"48";"CO";"23";"QUI";"4.46101910";"-75.66735600";"Q13995";;"2021-08-30 05:26:31";"System";"2021-08-30 05:26:31";"System"
"2875";"Cundinamarca";"48";"CO";"33";"CUN";"5.02600300";"-74.03001220";"Q232564";;"2021-08-30 05:26:31";"System";"2021-08-30 05:26:31";"System"
"2876";"Chocó";"48";"CO";"11";"CHO";"5.25280330";"-76.82596520";"Q230584";;"2021-08-30 05:26:31";"System";"2021-08-30 05:26:31";"System"
"2877";"Norte de Santander";"48";"CO";"21";"NSA";"7.94628310";"-72.89880690";"Q233058";;"2021-08-30 05:26:31";"System";"2021-08-30 05:26:31";"System"
"2878";"Meta";"48";"CO";"19";"MET";"39.76732580";"-104.97535950";"Q238629";;"2021-08-30 05:26:31";"System";"2021-08-30 05:26:31";"System"
"2879";"Risaralda";"48";"CO";"24";"RIS";"5.31584750";"-75.99276520";"Q13993";;"2021-08-30 05:26:31";"System";"2021-08-30 05:26:31";"System"
"2880";"Atlántico";"48";"CO";"04";"ATL";"10.69661590";"-74.87410450";"Q230882";;"2021-08-30 05:26:31";"System";"2021-08-30 05:26:31";"System"
"2881";"Arauca";"48";"CO";"03";"ARA";"6.54730600";"-71.00223110";"Q230223";;"2021-08-30 05:26:31";"System";"2021-08-30 05:26:31";"System"
"2882";"Guainía";"48";"CO";"15";"GUA";"2.58539300";"-68.52471490";"Q238645";;"2021-08-30 05:26:31";"System";"2021-08-30 05:26:31";"System"
"2883";"Tolima";"48";"CO";"28";"TOL";"4.09251680";"-75.15453810";"Q234501";;"2021-08-30 05:26:31";"System";"2021-08-30 05:26:31";"System"
"2884";"Cauca";"48";"CO";"09";"CAU";"2.70498130";"-76.82596520";"Q230602";;"2021-08-30 05:26:31";"System";"2021-08-30 05:26:31";"System"
"2885";"Vaupés";"48";"CO";"30";"VAU";"0.85535610";"-70.81199530";"Q234505";;"2021-08-30 05:26:31";"System";"2021-08-30 05:26:31";"System"
"2886";"Magdalena";"48";"CO";"38";"MAG";"10.41130140";"-74.40566120";"Q199910";;"2021-08-30 05:26:31";"System";"2021-08-30 05:26:31";"System"
"2887";"Caldas";"48";"CO";"37";"CAL";"5.29826000";"-75.24790610";"Q230607";;"2021-08-30 05:26:31";"System";"2021-08-30 05:26:31";"System"
"2888";"Guaviare";"48";"CO";"14";"GUV";"2.04392400";"-72.33111300";"Q272885";;"2021-08-30 05:26:31";"System";"2021-08-30 05:26:31";"System"
"2889";"La Guajira";"48";"CO";"17";"LAG";"11.35477430";"-72.52048270";"Q272747";;"2021-08-30 05:26:31";"System";"2021-08-30 05:26:31";"System"
"2890";"Antioquia";"48";"CO";"02";"ANT";"7.19860640";"-75.34121790";"Q123304";;"2021-08-30 05:26:31";"System";"2021-08-30 05:26:31";"System"
"2891";"Caquetá";"48";"CO";"08";"CAQ";"0.86989200";"-73.84190630";"Q13985";;"2021-08-30 05:26:31";"System";"2021-08-30 05:26:31";"System"
"2892";"Casanare";"48";"CO";"32";"CAS";"5.75892690";"-71.57239530";"Q13984";;"2021-08-30 05:26:31";"System";"2021-08-30 05:26:31";"System"
"2893";"Bolívar";"48";"CO";"35";"BOL";"8.67043820";"-74.03001220";"Q230597";;"2021-08-30 05:26:31";"System";"2021-08-30 05:26:31";"System"
"2894";"Vichada";"48";"CO";"31";"VID";"4.42344520";"-69.28775350";"Q268729";;"2021-08-30 05:26:31";"System";"2021-08-30 05:26:31";"System"
"2895";"Amazonas";"48";"CO";"01";"AMA";"-1.44291230";"-71.57239530";"Q44724";;"2021-08-30 05:26:31";"System";"2021-08-30 05:26:31";"System"
"2896";"Putumayo";"48";"CO";"22";"PUT";"0.43595060";"-75.52766990";"Q232953";;"2021-08-30 05:26:31";"System";"2021-08-30 05:26:31";"System"
"2897";"Nariño";"48";"CO";"20";"NAR";"1.28915100";"-77.35794000";"Q230217";;"2021-08-30 05:26:31";"System";"2021-08-30 05:26:31";"System"
"2898";"Córdoba";"48";"CO";"12";"COR";"8.04929300";"-75.57405000";"Q234912";;"2021-08-30 05:26:31";"System";"2021-08-30 05:26:31";"System"
"2899";"Cesar";"48";"CO";"10";"CES";"9.33729480";"-73.65362090";"Q234916";;"2021-08-30 05:26:31";"System";"2021-08-30 05:26:31";"System"
"2900";"San Andrés, Providencia y Santa Catalina";"48";"CO";"25";"SAP";"12.55673240";"-81.71852530";"Q26855";;"2021-08-30 05:26:31";"System";"2021-08-30 05:26:31";"System"
"2901";"Santander";"48";"CO";"26";"SAN";"6.64370760";"-73.65362090";"Q235166";;"2021-08-30 05:26:31";"System";"2021-08-30 05:26:31";"System"
"2902";"Sucre";"48";"CO";"27";"SUC";"8.81397700";"-74.72328300";"Q235188";;"2021-08-30 05:26:31";"System";"2021-08-30 05:26:31";"System"
"2903";"Boyacá";"48";"CO";"36";"BOY";"5.45451100";"-73.36200300";"Q121233";;"2021-08-30 05:26:31";"System";"2021-08-30 05:26:31";"System"
"2904";"Valle del Cauca";"48";"CO";"29";"VAC";"3.80088930";"-76.64127120";"Q13990";;"2021-08-30 05:26:31";"System";"2021-08-30 05:26:31";"System"
"2905";"Galápagos Province";"64";"EC";"01";"W";"-0.95376910";"-90.96560190";"Q475038";;"2021-08-30 05:26:31";"System";"2021-08-30 05:26:31";"System"
"2906";"Sucumbíos Province";"64";"EC";"22";"U";"0.08892310";"-76.88975570";"Q499456";;"2021-08-30 05:26:31";"System";"2021-08-30 05:26:31";"System"
"2907";"Pastaza Province";"64";"EC";"17";"Y";"-1.48822650";"-78.00310570";"Q214814";;"2021-08-30 05:26:31";"System";"2021-08-30 05:26:31";"System"
"2908";"Tungurahua Province";"64";"EC";"19";"T";"-1.26352840";"-78.56608520";"Q504252";;"2021-08-30 05:26:31";"System";"2021-08-30 05:26:31";"System"
"2909";"Zamora-Chinchipe Province";"64";"EC";"20";"Z";"-4.06558920";"-78.95035250";"Q744670";;"2021-08-30 05:26:31";"System";"2021-08-30 05:26:31";"System"
"2910";"Los Ríos Province";"64";"EC";"13";"R";"-1.02306070";"-79.46088970";"Q504260";;"2021-08-30 05:26:31";"System";"2021-08-30 05:26:31";"System"
"2911";"Imbabura Province";"64";"EC";"11";"I";"0.34997680";"-78.12601290";"Q321863";;"2021-08-30 05:26:31";"System";"2021-08-30 05:26:31";"System"
"2912";"Santa Elena Province";"64";"EC";"25";"SE";"-2.22671050";"-80.85949900";"Q1124125";;"2021-08-30 05:26:31";"System";"2021-08-30 05:26:31";"System"
"2913";"Manabí Province";"64";"EC";"14";"M";"-1.05434340";"-80.45264400";"Q504666";;"2021-08-30 05:26:31";"System";"2021-08-30 05:26:31";"System"
"2914";"Guayas Province";"64";"EC";"10";"G";"-1.95748390";"-79.91927020";"Q335464";;"2021-08-30 05:26:31";"System";"2021-08-30 05:26:31";"System"
"2915";"Carchi Province";"64";"EC";"05";"C";"0.50269120";"-77.90425210";"Q321729";;"2021-08-30 05:26:31";"System";"2021-08-30 05:26:31";"System"
"2916";"Napo Province";"64";"EC";"23";"N";"-0.99559640";"-77.81296840";"Q211900";;"2021-08-30 05:26:31";"System";"2021-08-30 05:26:31";"System"
"2917";"Cañar Province";"64";"EC";"04";"F";"-2.55893150";"-78.93881910";"Q335471";;"2021-08-30 05:26:31";"System";"2021-08-30 05:26:31";"System"
"2918";"Morona-Santiago Province";"64";"EC";"15";"S";"-2.30510620";"-78.11468660";"Q549522";;"2021-08-30 05:26:31";"System";"2021-08-30 05:26:31";"System"
"2919";"Santo Domingo de los Tsáchilas Province";"64";"EC";"26";"SD";"-0.25218820";"-79.18793830";"Q1123208";;"2021-08-30 05:26:31";"System";"2021-08-30 05:26:31";"System"
"2920";"Bolívar Province";"64";"EC";"03";"B";"-1.70958280";"-79.04504290";"Q261165";;"2021-08-30 05:26:31";"System";"2021-08-30 05:26:31";"System"
"2921";"Cotopaxi Province";"64";"EC";"07";"X";"-0.83842060";"-78.66626780";"Q241140";;"2021-08-30 05:26:31";"System";"2021-08-30 05:26:31";"System"
"2922";"Esmeraldas";"64";"EC";"09";"E";"0.96817890";"-79.65172020";"Q335526";;"2021-08-30 05:26:31";"System";"2021-08-30 05:26:31";"System"
"2923";"Azuay Province";"64";"EC";"02";"A";"-2.89430680";"-78.99683440";"Q220451";;"2021-08-30 05:26:31";"System";"2021-08-30 05:26:31";"System"
"2924";"El Oro Province";"64";"EC";"08";"O";"-3.25924130";"-79.95835410";"Q466019";;"2021-08-30 05:26:31";"System";"2021-08-30 05:26:31";"System"
"2925";"Chimborazo Province";"64";"EC";"06";"H";"-1.66479950";"-78.65432550";"Q238492";;"2021-08-30 05:26:31";"System";"2021-08-30 05:26:31";"System"
"2926";"Orellana Province";"64";"EC";"24";"D";"-0.45451630";"-76.99502860";"Q499475";;"2021-08-30 05:26:31";"System";"2021-08-30 05:26:31";"System"
"2927";"Pichincha Province";"64";"EC";"18";"P";"-0.14648470";"-78.47519450";"Q272586";;"2021-08-30 05:26:31";"System";"2021-08-30 05:26:31";"System"
"2928";"Obock Region";"60";"DJ";"04";"OB";"12.38956910";"43.01948970";"Q844929";;"2021-08-30 05:26:31";"System";"2021-08-30 05:26:31";"System"
"2929";"Djibouti";"60";"DJ";"07";"DJ";"11.82513800";"42.59027500";"Q3604";;"2021-08-30 05:26:31";"System";"2021-08-30 05:26:31";"System"
"2930";"Dikhil Region";"60";"DJ";"06";"DI";"11.10543360";"42.37047440";"Q283979";;"2021-08-30 05:26:31";"System";"2021-08-30 05:26:31";"System"
"2931";"Tadjourah Region";"60";"DJ";"05";"TA";"11.93388850";"42.39383750";"Q645896";;"2021-08-30 05:26:31";"System";"2021-08-30 05:26:31";"System"
"2932";"Arta Region";"60";"DJ";"08";"AR";"11.52555280";"42.84794740";"Q705941";;"2021-08-30 05:26:31";"System";"2021-08-30 05:26:31";"System"
"2933";"Ali Sabieh Region";"60";"DJ";"01";"AS";"11.19289730";"42.94169800";"Q821008";;"2021-08-30 05:26:31";"System";"2021-08-30 05:26:31";"System"
"2934";"Hama Governorate";"215";"SY";"10";"HM";"35.18878650";"37.21158290";"Q232355";;"2021-08-30 05:26:31";"System";"2021-08-30 05:26:31";"System"
"2935";"Rif Dimashq Governorate";"215";"SY";"08";"RD";"33.51672890";"36.95410700";"Q232399";;"2021-08-30 05:26:31";"System";"2021-08-30 05:26:31";"System"
"2936";"As-Suwayda Governorate";"215";"SY";"05";"SU";"32.79891560";"36.78195050";"Q236797";;"2021-08-30 05:26:31";"System";"2021-08-30 05:26:31";"System"
"2937";"Deir ez-Zor Governorate";"215";"SY";"07";"DY";"35.28797980";"40.30886260";"Q232387";;"2021-08-30 05:26:31";"System";"2021-08-30 05:26:31";"System"
"2938";"Latakia Governorate";"215";"SY";"02";"LA";"35.61297910";"36.00232250";"Q233236";;"2021-08-30 05:26:31";"System";"2021-08-30 05:26:31";"System"
"2939";"Damascus Governorate";"215";"SY";"13";"DI";"33.51514440";"36.39313540";"Q2007044";;"2021-08-30 05:26:31";"System";"2021-08-30 05:26:31";"System"
"2940";"Idlib Governorate";"215";"SY";"12";"ID";"35.82687980";"36.69572160";"Q233218";;"2021-08-30 05:26:31";"System";"2021-08-30 05:26:31";"System"
"2941";"Al-Hasakah Governorate";"215";"SY";"01";"HA";"36.40551500";"40.79691490";"Q233914";;"2021-08-30 05:26:31";"System";"2021-08-30 05:26:31";"System"
"2942";"Homs Governorate";"215";"SY";"11";"HI";"34.25671230";"38.31657250";"Q214094";;"2021-08-30 05:26:31";"System";"2021-08-30 05:26:31";"System"
"2943";"Quneitra Governorate";"215";"SY";"03";"QU";"33.07763180";"35.89341360";"Q219690";;"2021-08-30 05:26:31";"System";"2021-08-30 05:26:31";"System"
"2944";"Al-Raqqah Governorate";"215";"SY";"04";"RA";"35.95941060";"38.99810520";"Q235563";;"2021-08-30 05:26:31";"System";"2021-08-30 05:26:31";"System"
"2945";"Daraa Governorate";"215";"SY";"06";"DR";"32.92488130";"36.17626150";"Q1689560";;"2021-08-30 05:26:31";"System";"2021-08-30 05:26:31";"System"
"2946";"Aleppo Governorate";"215";"SY";"09";"HL";"36.22623930";"37.46813960";"Q214064";;"2021-08-30 05:26:31";"System";"2021-08-30 05:26:31";"System"
"2947";"Tartus Governorate";"215";"SY";"14";"TA";"35.00066520";"36.00232250";"Q232382";;"2021-08-30 05:26:31";"System";"2021-08-30 05:26:31";"System"
"2948";"Fianarantsoa Province";"130";"MG";"02";"F";"-22.35362400";"46.82528380";"Q841197";;"2021-08-30 05:26:31";"System";"2021-08-30 05:26:31";"System"
"2949";"Toliara Province";"130";"MG";"06";"U";"-23.35161910";"43.68549360";"Q162020";;"2021-08-30 05:26:31";"System";"2021-08-30 05:26:31";"System"
"2950";"Antsiranana Province";"130";"MG";"31";"D";"-13.77153900";"49.52799960";"Q656073";;"2021-08-30 05:26:31";"System";"2021-08-30 05:26:31";"System"
"2951";"Antananarivo Province";"130";"MG";"05";"T";"-18.70514740";"46.82528380";"Q489821";;"2021-08-30 05:26:31";"System";"2021-08-30 05:26:31";"System"
"2952";"Toamasina Province";"130";"MG";"04";"A";"-18.14428110";"49.39578360";"Q639418";;"2021-08-30 05:26:31";"System";"2021-08-30 05:26:31";"System"
"2953";"Mahajanga Province";"130";"MG";"03";"M";"-16.52388300";"46.51626200";"Q669259";;"2021-08-30 05:26:31";"System";"2021-08-30 05:26:31";"System"
"2954";"Mogilev Region";"21";"BY";"06";"MA";"53.51017910";"30.40064440";"Q189822";;"2021-08-30 05:26:31";"System";"2021-08-30 05:26:31";"System"
"2955";"Gomel Region";"21";"BY";"02";"HO";"52.16487540";"29.13332510";"Q188732";;"2021-08-30 05:26:31";"System";"2021-08-30 05:26:31";"System"
"2956";"Grodno Region";"21";"BY";"03";"HR";"53.65999450";"25.34485710";"Q191061";;"2021-08-30 05:26:31";"System";"2021-08-30 05:26:31";"System"
"2957";"Minsk Region";"21";"BY";"05";"MI";"54.10678890";"27.41292450";"Q192959";;"2021-08-30 05:26:31";"System";"2021-08-30 05:26:31";"System"
"2958";"Minsk";"21";"BY";"04";"HM";"53.90060110";"27.55897200";"Q2280";;"2021-08-30 05:26:31";"System";"2021-08-30 05:26:31";"System"
"2959";"Brest Region";"21";"BY";"01";"BR";"52.52966410";"25.46064800";"Q173822";;"2021-08-30 05:26:31";"System";"2021-08-30 05:26:31";"System"
"2960";"Vitebsk Region";"21";"BY";"07";"VI";"55.29598330";"28.75836270";"Q185700";;"2021-08-30 05:26:31";"System";"2021-08-30 05:26:31";"System"
"2961";"Murqub";"124";"LY";"82";"MB";"32.45996770";"14.10013260";"Q209778";;"2021-08-30 05:26:31";"System";"2021-08-30 05:26:31";"System"
"2962";"Nuqat al Khams";"124";"LY";"67";"NQ";"32.69149090";"11.88917210";"Q26161";;"2021-08-30 05:26:31";"System";"2021-08-30 05:26:31";"System"
"2963";"Zawiya District";"124";"LY";"68";"ZA";"32.76302820";"12.73649620";"Q26153";;"2021-08-30 05:26:31";"System";"2021-08-30 05:26:31";"System"
"2964";"Al Wahat District";"124";"LY";"83";"WA";"29.04668080";"21.85685860";"Q26000";;"2021-08-30 05:26:31";"System";"2021-08-30 05:26:31";"System"
"2965";"Sabha District";"124";"LY";"75";"SB";"27.03654060";"14.42902360";"Q26132";;"2021-08-30 05:26:31";"System";"2021-08-30 05:26:31";"System"
"2966";"Derna District";"124";"LY";"70";"DR";"32.75561300";"22.63774320";"Q26124";;"2021-08-30 05:26:31";"System";"2021-08-30 05:26:31";"System"
"2967";"Murzuq District";"124";"LY";"73";"MQ";"25.91822620";"13.92600010";"Q48239";;"2021-08-30 05:26:31";"System";"2021-08-30 05:26:31";"System"
"2968";"Marj District";"124";"LY";"66";"MJ";"32.05503630";"21.18911510";"Q26023";;"2021-08-30 05:26:31";"System";"2021-08-30 05:26:31";"System"
"2969";"Ghat District";"124";"LY";"71";"GT";"24.96403710";"10.17592850";"Q48236";;"2021-08-30 05:26:31";"System";"2021-08-30 05:26:31";"System"
"2970";"Jufra";"124";"LY";"64";"JU";"27.98351350";"16.91225100";"Q48247";;"2021-08-30 05:26:31";"System";"2021-08-30 05:26:31";"System"
"2971";"Tripoli District";"124";"LY";"77";"TB";"32.64080210";"13.26634790";"Q32837";;"2021-08-30 05:26:31";"System";"2021-08-30 05:26:31";"System"
"2972";"Kufra District";"124";"LY";"65";"KF";"23.31123890";"21.85685860";"Q48200";;"2021-08-30 05:26:31";"System";"2021-08-30 05:26:31";"System"
"2973";"Wadi al Hayaa District";"124";"LY";"84";"WD";"26.42259260";"12.62162110";"Q48233";;"2021-08-30 05:26:31";"System";"2021-08-30 05:26:31";"System"
"2974";"Jabal al Gharbi District";"124";"LY";"80";"JG";"30.26380320";"12.80547530";"Q25632";;"2021-08-30 05:26:31";"System";"2021-08-30 05:26:31";"System"
"2975";"Wadi al Shatii District";"124";"LY";"78";"WS";"27.73514680";"12.43805810";"Q48232";;"2021-08-30 05:26:31";"System";"2021-08-30 05:26:31";"System"
"2976";"Nalut District";"124";"LY";"74";"NL";"31.87423480";"10.97504840";"Q27659";;"2021-08-30 05:26:31";"System";"2021-08-30 05:26:31";"System"
"2977";"Sirte District";"124";"LY";"76";"SR";"31.18968900";"16.57019270";"Q26417";;"2021-08-30 05:26:31";"System";"2021-08-30 05:26:31";"System"
"2978";"Misrata District";"124";"LY";"72";"MI";"32.32558840";"15.09925560";"Q32845";;"2021-08-30 05:26:31";"System";"2021-08-30 05:26:31";"System"
"2979";"Jafara";"124";"LY";"81";"JI";"32.45259040";"12.94355360";"Q329060";;"2021-08-30 05:26:31";"System";"2021-08-30 05:26:31";"System"
"2980";"Jabal al Akhdar";"124";"LY";"63";"JA";"23.18560810";"57.37138790";"Q32841";;"2021-08-30 05:26:31";"System";"2021-08-30 05:26:31";"System"
"2981";"Benghazi";"124";"LY";"69";"BA";"32.11942420";"20.08679090";"Q40816";;"2021-08-30 05:26:31";"System";"2021-08-30 05:26:31";"System"
"2982";"Ribeira Brava Municipality";"40";"CV";"22";"RB";"16.60707390";"-24.20338430";"Q747221";;"2021-08-30 05:26:31";"System";"2021-08-30 05:26:31";"System"
"2983";"Tarrafal";"40";"CV";"20";"TA";"15.27605780";"-23.74840770";"Q499598";;"2021-08-30 05:26:31";"System";"2021-08-30 05:26:31";"System"
"2984";"Ribeira Grande de Santiago";"40";"CV";"23";"RS";"14.98302980";"-23.65617250";"Q499620";;"2021-08-30 05:26:31";"System";"2021-08-30 05:26:31";"System"
"2985";"Santa Catarina";"40";"CV";"15";"CA";"-27.24233920";"-50.21885560";"Q494882";;"2021-08-30 05:26:31";"System";"2021-08-30 05:26:31";"System"
"2986";"São Domingos";"40";"CV";"17";"SD";"15.02861650";"-23.56392200";"Q499009";;"2021-08-30 05:26:31";"System";"2021-08-30 05:26:31";"System"
"2987";"Mosteiros";"40";"CV";"13";"MO";"37.89043480";"-25.82075560";"Q516835";;"2021-08-30 05:26:31";"System";"2021-08-30 05:26:31";"System"
"2988";"Praia";"40";"CV";"14";"PR";"14.93305000";"-23.51332670";"Q497019";;"2021-08-30 05:26:31";"System";"2021-08-30 05:26:31";"System"
"2989";"Porto Novo";"40";"CV";"21";"PN";"6.49685740";"2.62885230";"Q1552897";;"2021-08-30 05:26:31";"System";"2021-08-30 05:26:31";"System"
"2990";"São Miguel";"40";"CV";"19";"SM";"37.78041100";"-25.49704660";"Q494874";;"2021-08-30 05:26:31";"System";"2021-08-30 05:26:31";"System"
"2991";"Maio Municipality";"40";"CV";"04";"MA";"15.20030980";"-23.16797930";"Q2551133";;"2021-08-30 05:26:31";"System";"2021-08-30 05:26:31";"System"
"2992";"Sotavento Islands";"40";"CV";"04";"S";"15.00000000";"-24.00000000";"Q500453";;"2021-08-30 05:26:31";"System";"2021-08-30 05:26:31";"System"
"2993";"São Lourenço dos Órgãos";"40";"CV";"25";"SO";"15.05378410";"-23.60856120";"Q494726";;"2021-08-30 05:26:31";"System";"2021-08-30 05:26:31";"System"
"2994";"Barlavento Islands";"40";"CV";"25";"B";"16.82368450";"-23.99348810";"Q494869";;"2021-08-30 05:26:31";"System";"2021-08-30 05:26:31";"System"
"2995";"Santa Catarina do Fogo";"40";"CV";"24";"CF";"14.93091040";"-24.32225770";"Q2608046";;"2021-08-30 05:26:31";"System";"2021-08-30 05:26:31";"System"
"2996";"Brava";"40";"CV";"02";"BR";"40.98977780";"-73.68357150";"Q2571624";;"2021-08-30 05:26:31";"System";"2021-08-30 05:26:31";"System"
"2997";"Paul";"40";"CV";"05";"PA";"37.06250000";"-95.67706800";"Q1475374";;"2021-08-30 05:26:31";"System";"2021-08-30 05:26:31";"System"
"2998";"Sal";"40";"CV";"08";"SL";"26.59581220";"-80.20450830";"Q2721003";;"2021-08-30 05:26:31";"System";"2021-08-30 05:26:31";"System"
"2999";"Boa Vista";"40";"CV";"01";"BV";"38.74346600";"-120.73042970";"Q2721025";;"2021-08-30 05:26:31";"System";"2021-08-30 05:26:31";"System"
"3000";"São Filipe";"40";"CV";"18";"SF";"14.89516790";"-24.49456360";"Q6430079";;"2021-08-30 05:26:31";"System";"2021-08-30 05:26:31";"System"
"3001";"São Vicente";"40";"CV";"11";"SV";"-23.96071570";"-46.39620220";"Q648842";;"2021-08-30 05:26:31";"System";"2021-08-30 05:26:31";"System"
"3002";"Ribeira Grande";"40";"CV";"07";"RG";"37.82103690";"-25.51481370";"Q1355642";;"2021-08-30 05:26:31";"System";"2021-08-30 05:26:31";"System"
"3003";"Tarrafal de São Nicolau";"40";"CV";"27";"TS";"16.56364980";"-24.35494200";"Q1895853";;"2021-08-30 05:26:31";"System";"2021-08-30 05:26:31";"System"
"3004";"Santa Cruz";"40";"CV";"16";"CR";"36.97411710";"-122.03079630";"Q497472";;"2021-08-30 05:26:31";"System";"2021-08-30 05:26:31";"System"
"3005";"Schleswig-Holstein";"82";"DE";"10";"SH";"54.21936720";"9.69611670";"Q1194";;"2021-08-30 05:26:31";"System";"2021-08-30 05:26:31";"System"
"3006";"Baden-Württemberg";"82";"DE";"01";"BW";"48.66160370";"9.35013360";"Q985";;"2021-08-30 05:26:31";"System";"2021-08-30 05:26:31";"System"
"3007";"Mecklenburg-Vorpommern";"82";"DE";"12";"MV";"53.61265050";"12.42959530";"Q1196";;"2021-08-30 05:26:31";"System";"2021-08-30 05:26:31";"System"
"3008";"Lower Saxony";"82";"DE";"06";"NI";"52.63670360";"9.84507660";"Q1197";;"2021-08-30 05:26:31";"System";"2021-08-30 05:26:31";"System"
"3009";"Bavaria";"82";"DE";"02";"BY";"48.79044720";"11.49788950";"Q980";;"2021-08-30 05:26:31";"System";"2021-08-30 05:26:31";"System"
"3010";"Berlin";"82";"DE";"16";"BE";"52.52000660";"13.40495400";"Q64";;"2021-08-30 05:26:31";"System";"2021-08-30 05:26:31";"System"
"3011";"Saxony-Anhalt";"82";"DE";"14";"ST";"51.95026490";"11.69227340";"Q1206";;"2021-08-30 05:26:31";"System";"2021-08-30 05:26:31";"System"
"3013";"Brandenburg";"82";"DE";"11";"BB";"52.41252870";"12.53164440";"Q1208";;"2021-08-30 05:26:31";"System";"2021-08-30 05:26:31";"System"
"3014";"Bremen";"82";"DE";"03";"HB";"53.07929620";"8.80169360";"Q1209";;"2021-08-30 05:26:31";"System";"2021-08-30 05:26:31";"System"
"3015";"Thuringia";"82";"DE";"15";"TH";"51.01098920";"10.84534600";"Q1205";;"2021-08-30 05:26:31";"System";"2021-08-30 05:26:31";"System"
"3016";"Hamburg";"82";"DE";"04";"HH";"53.55108460";"9.99368190";"Q1055";;"2021-08-30 05:26:31";"System";"2021-08-30 05:26:31";"System"
"3017";"North Rhine-Westphalia";"82";"DE";"07";"NW";"51.43323670";"7.66159380";"Q1198";;"2021-08-30 05:26:31";"System";"2021-08-30 05:26:31";"System"
"3018";"Hesse";"82";"DE";"05";"HE";"50.65205150";"9.16243760";"Q1199";;"2021-08-30 05:26:31";"System";"2021-08-30 05:26:31";"System"
"3019";"Rhineland-Palatinate";"82";"DE";"08";"RP";"50.11834600";"7.30895270";"Q1200";;"2021-08-30 05:26:31";"System";"2021-08-30 05:26:31";"System"
"3020";"Saarland";"82";"DE";"09";"SL";"49.39642340";"7.02296070";"Q1201";;"2021-08-30 05:26:31";"System";"2021-08-30 05:26:31";"System"
"3021";"Saxony";"82";"DE";"13";"SN";"51.10454070";"13.20173840";"Q1202";;"2021-08-30 05:26:31";"System";"2021-08-30 05:26:31";"System"
"3022";"Mafeteng District";"122";"LS";"13";"E";"-29.80410080";"27.50261740";"Q817342";;"2021-08-30 05:26:31";"System";"2021-08-30 05:26:31";"System"
"3023";"Mohale's Hoek District";"122";"LS";"15";"F";"-30.14259170";"27.46738450";"Q839074";;"2021-08-30 05:26:31";"System";"2021-08-30 05:26:31";"System"
"3024";"Mokhotlong District";"122";"LS";"16";"J";"-29.25731930";"28.95286450";"Q817340";;"2021-08-30 05:26:31";"System";"2021-08-30 05:26:31";"System"
"3025";"Qacha's Nek District";"122";"LS";"17";"H";"-30.11145650";"28.67897900";"Q850423";;"2021-08-30 05:26:31";"System";"2021-08-30 05:26:31";"System"
"3026";"Leribe District";"122";"LS";"12";"C";"-28.86380650";"28.04788260";"Q819987";;"2021-08-30 05:26:31";"System";"2021-08-30 05:26:31";"System"
"3027";"Quthing District";"122";"LS";"18";"G";"-30.40156870";"27.70801330";"Q839060";;"2021-08-30 05:26:31";"System";"2021-08-30 05:26:31";"System"
"3028";"Maseru District";"122";"LS";"14";"A";"-29.51656500";"27.83114280";"Q844921";;"2021-08-30 05:26:31";"System";"2021-08-30 05:26:31";"System"
"3029";"Butha-Buthe District";"122";"LS";"11";"B";"-28.76537540";"28.24681480";"Q535632";;"2021-08-30 05:26:31";"System";"2021-08-30 05:26:31";"System"
"3030";"Berea District";"122";"LS";"10";"D";"41.36616140";"-81.85430260";"Q737086";;"2021-08-30 05:26:31";"System";"2021-08-30 05:26:31";"System"
"3031";"Thaba-Tseka District";"122";"LS";"19";"K";"-29.52389750";"28.60897520";"Q817327";;"2021-08-30 05:26:31";"System";"2021-08-30 05:26:31";"System"
"3032";"Montserrado County";"123";"LR";"14";"MO";"6.55258150";"-10.52961150";"Q862608";;"2021-08-30 05:26:31";"System";"2021-08-30 05:26:31";"System"
"3033";"River Cess County";"123";"LR";"18";"RI";"5.90253280";"-9.45615500";"Q955095";;"2021-08-30 05:26:31";"System";"2021-08-30 05:26:31";"System"
"3034";"Bong County";"123";"LR";"01";"BG";"6.82950190";"-9.36730840";"Q877578";;"2021-08-30 05:26:31";"System";"2021-08-30 05:26:31";"System"
"3035";"Sinoe County";"123";"LR";"10";"SI";"5.49871000";"-8.66005860";"Q1043644";;"2021-08-30 05:26:31";"System";"2021-08-30 05:26:31";"System"
"3036";"Grand Cape Mount County";"123";"LR";"12";"CM";"7.04677580";"-11.07117580";"Q1047921";;"2021-08-30 05:26:31";"System";"2021-08-30 05:26:31";"System"
"3037";"Lofa County";"123";"LR";"20";"LO";"8.19111840";"-9.72326730";"Q870130";;"2021-08-30 05:26:31";"System";"2021-08-30 05:26:31";"System"
"3038";"River Gee County";"123";"LR";"22";"RG";"5.26048940";"-7.87216000";"Q1047875";;"2021-08-30 05:26:31";"System";"2021-08-30 05:26:31";"System"
"3039";"Grand Gedeh County";"123";"LR";"19";"GG";"5.92220780";"-8.22129790";"Q950841";;"2021-08-30 05:26:31";"System";"2021-08-30 05:26:31";"System"
"3040";"Grand Bassa County";"123";"LR";"11";"GB";"6.23084520";"-9.81249350";"Q1047895";;"2021-08-30 05:26:31";"System";"2021-08-30 05:26:31";"System"
"3041";"Bomi County";"123";"LR";"15";"BM";"6.75629260";"-10.84514670";"Q844127";;"2021-08-30 05:26:31";"System";"2021-08-30 05:26:31";"System"
"3042";"Maryland County";"123";"LR";"13";"MY";"39.04575490";"-76.64127120";"Q870138";;"2021-08-30 05:26:31";"System";"2021-08-30 05:26:31";"System"
"3043";"Margibi County";"123";"LR";"17";"MG";"6.51518750";"-10.30488970";"Q1052737";;"2021-08-30 05:26:31";"System";"2021-08-30 05:26:31";"System"
"3044";"Gbarpolu County";"123";"LR";"21";"GP";"7.49526370";"-10.08072980";"Q592251";;"2021-08-30 05:26:31";"System";"2021-08-30 05:26:31";"System"
"3045";"Grand Kru County";"123";"LR";"16";"GK";"4.76138620";"-8.22129790";"Q574952";;"2021-08-30 05:26:31";"System";"2021-08-30 05:26:31";"System"
"3046";"Nimba";"123";"LR";"09";"NI";"7.61666670";"-8.41666670";"Q868497";;"2021-08-30 05:26:31";"System";"2021-08-30 05:26:31";"System"
"3047";"Ad Dhahirah Governorate";"166";"OM";"09";"ZA";"23.21616740";"56.49074440";"Q1468596";;"2021-08-30 05:26:31";"System";"2021-08-30 05:26:31";"System"
"3048";"Al Batinah North Governorate";"166";"OM";"11";"BS";"24.34198460";"56.72989040";"Q4703564";;"2021-08-30 05:26:31";"System";"2021-08-30 05:26:31";"System"
"3049";"Al Batinah South Governorate";"166";"OM";"02";"BJ";"23.43149030";"57.42397960";"Q4703565";;"2021-08-30 05:26:31";"System";"2021-08-30 05:26:31";"System"
"3050";"Al Batinah Region";"166";"OM";"02";"BA";"24.34198460";"56.72989040";"Q264245";;"2021-08-30 05:26:31";"System";"2021-08-30 05:26:31";"System"
"3051";"Ash Sharqiyah Region";"166";"OM";"04";"SH";"22.71411960";"58.53080640";"Q1106416";;"2021-08-30 05:26:31";"System";"2021-08-30 05:26:31";"System"
"3052";"Musandam Governorate";"166";"OM";"07";"MU";"26.19861440";"56.24609490";"Q372144";;"2021-08-30 05:26:31";"System";"2021-08-30 05:26:31";"System"
"3053";"Ash Sharqiyah North Governorate";"166";"OM";"07";"SS";"22.71411960";"58.53080640";"Q4501876";;"2021-08-30 05:26:31";"System";"2021-08-30 05:26:31";"System"
"3054";"Ash Sharqiyah South Governorate";"166";"OM";"07";"SJ";"22.01582490";"59.32519220";"Q4501894";;"2021-08-30 05:26:31";"System";"2021-08-30 05:26:31";"System"
"3055";"Muscat Governorate";"166";"OM";"06";"MA";"23.58803070";"58.38287170";"Q544762";;"2021-08-30 05:26:31";"System";"2021-08-30 05:26:31";"System"
"3056";"Al Wusta Governorate";"166";"OM";"03";"WU";"19.95710780";"56.27568460";"Q958518";;"2021-08-30 05:26:31";"System";"2021-08-30 05:26:31";"System"
"3057";"Dhofar Governorate";"166";"OM";"08";"ZU";"17.03221210";"54.14252140";"Q1207752";;"2021-08-30 05:26:31";"System";"2021-08-30 05:26:31";"System"
"3058";"Ad Dakhiliyah Governorate";"166";"OM";"01";"DA";"22.85887580";"57.53943560";"Q792550";;"2021-08-30 05:26:31";"System";"2021-08-30 05:26:31";"System"
"3059";"Al Buraimi Governorate";"166";"OM";"10";"BU";"24.16714130";"56.11422530";"Q852039";;"2021-08-30 05:26:31";"System";"2021-08-30 05:26:31";"System"
"3060";"Ngamiland";"29";"BW";"07";"NG";"-19.19053210";"23.00119890";"Q3339267";;"2021-08-30 05:26:31";"System";"2021-08-30 05:26:31";"System"
"3061";"Ghanzi District";"29";"BW";"03";"GH";"-21.86523140";"21.85685860";"Q57571";;"2021-08-30 05:26:31";"System";"2021-08-30 05:26:31";"System"
"3062";"Kgatleng District";"29";"BW";"05";"KL";"-24.19704450";"26.23046160";"Q57593";;"2021-08-30 05:26:31";"System";"2021-08-30 05:26:31";"System"
"3063";"Southern District";"29";"BW";"10";"SO";;;"Q57609";;"2021-08-30 05:26:31";"System";"2021-08-30 05:26:31";"System"
"3064";"South-East District";"29";"BW";"09";"SE";"31.21637980";"-82.35270440";"Q57695";;"2021-08-30 05:26:31";"System";"2021-08-30 05:26:31";"System"
"3065";"North-West District";"29";"BW";"11";"NW";"39.34463070";"-76.68542830";"Q57617";;"2021-08-30 05:26:31";"System";"2021-08-30 05:26:31";"System"
"3066";"Kgalagadi District";"29";"BW";"04";"KG";"-24.75502850";"21.85685860";"Q57581";;"2021-08-30 05:26:31";"System";"2021-08-30 05:26:31";"System"
"3067";"Central District";"29";"BW";"01";"CE";;;"Q57525";;"2021-08-30 05:26:31";"System";"2021-08-30 05:26:31";"System"
"3068";"North-East District";"29";"BW";"08";"NE";"37.58844610";"-94.68637820";"Q57636";;"2021-08-30 05:26:31";"System";"2021-08-30 05:26:31";"System"
"3069";"Kweneng District";"29";"BW";"06";"KW";"-23.83672490";"25.28375850";"Q57599";;"2021-08-30 05:26:31";"System";"2021-08-30 05:26:31";"System"
"3070";"Collines Department";"24";"BJ";"11";"CO";"8.30222970";"2.30244600";"Q29141";;"2021-08-30 05:26:31";"System";"2021-08-30 05:26:31";"System"
"3071";"Kouffo Department";"24";"BJ";"12";"KO";"7.00358940";"1.75388170";"Q29173";;"2021-08-30 05:26:31";"System";"2021-08-30 05:26:31";"System"
"3072";"Donga Department";"24";"BJ";"13";"DO";"9.71918670";"1.67606910";"Q29161";;"2021-08-30 05:26:31";"System";"2021-08-30 05:26:31";"System"
"3073";"Zou Department";"24";"BJ";"18";"ZO";"7.34692680";"2.06651970";"Q29172";;"2021-08-30 05:26:31";"System";"2021-08-30 05:26:31";"System"
"3074";"Plateau Department";"24";"BJ";"17";"PL";"7.34451410";"2.53960300";"Q32108";;"2021-08-30 05:26:31";"System";"2021-08-30 05:26:31";"System"
"3075";"Mono Department";"24";"BJ";"15";"MO";"37.92186080";"-118.95286450";"Q29135";;"2021-08-30 05:26:31";"System";"2021-08-30 05:26:31";"System"
"3076";"Atakora Department";"24";"BJ";"08";"AK";"10.79549310";"1.67606910";"Q29154";;"2021-08-30 05:26:31";"System";"2021-08-30 05:26:31";"System"
"3077";"Alibori Department";"24";"BJ";"07";"AL";"10.96810930";"2.77798130";"Q29165";;"2021-08-30 05:26:31";"System";"2021-08-30 05:26:31";"System"
"3078";"Borgou Department";"24";"BJ";"10";"BO";"9.53408640";"2.77798130";"Q29136";;"2021-08-30 05:26:31";"System";"2021-08-30 05:26:31";"System"
"3079";"Atlantique Department";"24";"BJ";"09";"AQ";"6.65883910";"2.22366670";"Q29147";;"2021-08-30 05:26:31";"System";"2021-08-30 05:26:31";"System"
"3080";"Ouémé Department";"24";"BJ";"16";"OU";"6.61481520";"2.49999180";"Q29169";;"2021-08-30 05:26:31";"System";"2021-08-30 05:26:31";"System"
"3081";"Littoral Department";"24";"BJ";"14";"LI";"6.38069730";"2.44063870";"Q29158";;"2021-08-30 05:26:31";"System";"2021-08-30 05:26:31";"System"
"3082";"Machinga District";"131";"MW";"28";"MH";"-14.94072630";"35.47819260";"Q198585";;"2021-08-30 05:26:31";"System";"2021-08-30 05:26:31";"System"
"3083";"Zomba District";"131";"MW";"23";"ZO";"-15.37658570";"35.33565180";"Q1058442";;"2021-08-30 05:26:31";"System";"2021-08-30 05:26:31";"System"
"3084";"Mwanza District";"131";"MW";"25";"MW";"-2.46711970";"32.89868120";"Q797933";;"2021-08-30 05:26:31";"System";"2021-08-30 05:26:31";"System"
"3085";"Nsanje District";"131";"MW";"19";"NS";"-16.72882020";"35.17087410";"Q198587";;"2021-08-30 05:26:31";"System";"2021-08-30 05:26:31";"System"
"3086";"Salima District";"131";"MW";"22";"SA";"-13.68095860";"34.41982430";"Q195353";;"2021-08-30 05:26:31";"System";"2021-08-30 05:26:31";"System"
"3087";"Chitipa district";"131";"MW";"04";"CT";"-9.70376550";"33.27002530";"Q1044337";;"2021-08-30 05:26:31";"System";"2021-08-30 05:26:31";"System"
"3088";"Ntcheu District";"131";"MW";"16";"NU";"-14.90375380";"34.77407930";"Q797937";;"2021-08-30 05:26:31";"System";"2021-08-30 05:26:31";"System"
"3089";"Rumphi District";"131";"MW";"21";"RU";"-10.78515370";"34.33103640";"Q1044312";;"2021-08-30 05:26:31";"System";"2021-08-30 05:26:31";"System"
"3090";"Dowa District";"131";"MW";"07";"DO";"-13.60412560";"33.88577470";"Q195356";;"2021-08-30 05:26:31";"System";"2021-08-30 05:26:31";"System"
"3091";"Karonga District";"131";"MW";"08";"KR";"-9.90363650";"33.97500180";"Q868819";;"2021-08-30 05:26:31";"System";"2021-08-30 05:26:31";"System"
"3092";"Central Region";"131";"MW";"C";"C";;;"Q860758";;"2021-08-30 05:26:31";"System";"2021-08-30 05:26:31";"System"
"3093";"Likoma District";"131";"MW";"27";"LK";"-12.05840050";"34.73540310";"Q740622";;"2021-08-30 05:26:31";"System";"2021-08-30 05:26:31";"System"
"3094";"Kasungu District";"131";"MW";"09";"KS";"-13.13670650";"33.25879300";"Q868778";;"2021-08-30 05:26:31";"System";"2021-08-30 05:26:31";"System"
"3095";"Nkhata Bay District";"131";"MW";"17";"NB";"-11.71850420";"34.33103640";"Q1051505";;"2021-08-30 05:26:31";"System";"2021-08-30 05:26:31";"System"
"3096";"Balaka District";"131";"MW";"26";"BA";"-15.05065950";"35.08285880";"Q870044";;"2021-08-30 05:26:31";"System";"2021-08-30 05:26:31";"System"
"3097";"Dedza District";"131";"MW";"06";"DE";"-14.18945850";"34.24215970";"Q667153";;"2021-08-30 05:26:31";"System";"2021-08-30 05:26:31";"System"
"3098";"Thyolo District";"131";"MW";"05";"TH";"-16.12991770";"35.12687810";"Q722515";;"2021-08-30 05:26:31";"System";"2021-08-30 05:26:31";"System"
"3099";"Mchinji District";"131";"MW";"13";"MC";"-13.74015250";"32.98883190";"Q868792";;"2021-08-30 05:26:31";"System";"2021-08-30 05:26:31";"System"
"3100";"Nkhotakota District";"131";"MW";"18";"NK";"-12.75419610";"34.24215970";"Q687248";;"2021-08-30 05:26:31";"System";"2021-08-30 05:26:31";"System"
"3101";"Lilongwe District";"131";"MW";"11";"LI";"-14.04752280";"33.61757700";"Q1058453";;"2021-08-30 05:26:31";"System";"2021-08-30 05:26:31";"System"
"3102";"Blantyre District";"131";"MW";"24";"BL";"-15.67785410";"34.95066250";"Q1059262";;"2021-08-30 05:26:31";"System";"2021-08-30 05:26:31";"System"
"3103";"Mulanje District";"131";"MW";"29";"MU";"-15.93464340";"35.52200120";"Q509097";;"2021-08-30 05:26:31";"System";"2021-08-30 05:26:31";"System"
"3104";"Mzimba District";"131";"MW";"15";"MZ";"-11.74754520";"33.52800720";"Q1045435";;"2021-08-30 05:26:31";"System";"2021-08-30 05:26:31";"System"
"3105";"Northern Region";"131";"MW";"N";"N";;;"Q868827";;"2021-08-30 05:26:31";"System";"2021-08-30 05:26:31";"System"
"3106";"Southern Region";"131";"MW";"S";"S";"32.75049570";"-97.33154760";"Q868784";;"2021-08-30 05:26:31";"System";"2021-08-30 05:26:31";"System"
"3107";"Chikwawa District";"131";"MW";"02";"CK";"-16.19584460";"34.77407930";"Q722509";;"2021-08-30 05:26:31";"System";"2021-08-30 05:26:31";"System"
"3108";"Phalombe District";"131";"MW";"30";"PH";"-15.70920380";"35.65328480";"Q538991";;"2021-08-30 05:26:31";"System";"2021-08-30 05:26:31";"System"
"3109";"Chiradzulu District";"131";"MW";"03";"CR";"-15.74231510";"35.25879640";"Q722501";;"2021-08-30 05:26:31";"System";"2021-08-30 05:26:31";"System"
"3110";"Mangochi District";"131";"MW";"12";"MG";"-14.13882480";"35.03881640";"Q722505";;"2021-08-30 05:26:31";"System";"2021-08-30 05:26:31";"System"
"3111";"Ntchisi District";"131";"MW";"20";"NI";"-13.28419920";"33.88577470";"Q798235";;"2021-08-30 05:26:31";"System";"2021-08-30 05:26:31";"System"
"3112";"Kénédougou Province";"35";"BF";"54";"KEN";"11.39193950";"-4.97665400";"Q1150901";;"2021-08-30 05:26:31";"System";"2021-08-30 05:26:31";"System"
"3113";"Namentenga Province";"35";"BF";"64";"NAM";"13.08125840";"-0.52578230";"Q1142044";;"2021-08-30 05:26:31";"System";"2021-08-30 05:26:31";"System"
"3114";"Sahel Region";"35";"BF";"12";"12";"14.10008650";"-0.14949880";"Q665514";;"2021-08-30 05:26:31";"System";"2021-08-30 05:26:31";"System"
"3115";"Centre-Ouest Region";"35";"BF";"06";"06";"11.87984660";"-2.30244600";"Q850075";;"2021-08-30 05:26:31";"System";"2021-08-30 05:26:31";"System"
"3116";"Nahouri Province";"35";"BF";"65";"NAO";"11.25022670";"-1.13530200";"Q1142003";;"2021-08-30 05:26:31";"System";"2021-08-30 05:26:31";"System"
"3117";"Passoré Province";"35";"BF";"34";"PAS";"12.88812210";"-2.22366670";"Q1142008";;"2021-08-30 05:26:31";"System";"2021-08-30 05:26:31";"System"
"3118";"Zoundwéogo Province";"35";"BF";"44";"ZOU";"11.61411740";"-0.98206680";"Q227059";;"2021-08-30 05:26:31";"System";"2021-08-30 05:26:31";"System"
"3119";"Sissili Province";"35";"BF";"72";"SIS";"11.24412190";"-2.22366670";"Q964281";;"2021-08-30 05:26:31";"System";"2021-08-30 05:26:31";"System"
"3120";"Banwa Province";"35";"BF";"46";"BAN";"12.13230530";"-4.15137640";"Q674664";;"2021-08-30 05:26:31";"System";"2021-08-30 05:26:31";"System"
"3121";"Bougouriba Province";"35";"BF";"48";"BGR";"10.87226460";"-3.33889170";"Q676641";;"2021-08-30 05:26:31";"System";"2021-08-30 05:26:31";"System"
"3122";"Gnagna Province";"35";"BF";"21";"GNA";"12.89749920";"0.07467670";"Q1074144";;"2021-08-30 05:26:31";"System";"2021-08-30 05:26:31";"System"
"3123";"Mouhoun";"35";"BF";"63";"MOU";"12.14323810";"-3.33889170";"Q1142050";;"2021-08-30 05:26:31";"System";"2021-08-30 05:26:31";"System"
"3124";"Yagha Province";"35";"BF";"75";"YAG";"13.35761570";"0.75328090";"Q1074466";;"2021-08-30 05:26:31";"System";"2021-08-30 05:26:31";"System"
"3125";"Plateau-Central Region";"35";"BF";"11";"11";"12.25376480";"-0.75328090";"Q862606";;"2021-08-30 05:26:31";"System";"2021-08-30 05:26:31";"System"
"3126";"Sanmatenga Province";"35";"BF";"70";"SMT";"13.35653040";"-1.05861350";"Q1142039";;"2021-08-30 05:26:31";"System";"2021-08-30 05:26:31";"System"
"3127";"Centre-Nord Region";"35";"BF";"05";"05";"13.17244640";"-0.90566230";"Q850064";;"2021-08-30 05:26:31";"System";"2021-08-30 05:26:31";"System"
"3128";"Tapoa Province";"35";"BF";"42";"TAP";"12.24970720";"1.67606910";"Q621983";;"2021-08-30 05:26:31";"System";"2021-08-30 05:26:31";"System"
"3129";"Houet Province";"35";"BF";"51";"HOU";"11.13204470";"-4.23333550";"Q1074161";;"2021-08-30 05:26:31";"System";"2021-08-30 05:26:31";"System"
"3130";"Zondoma Province";"35";"BF";"78";"ZON";"13.11659260";"-2.42087130";"Q219859";;"2021-08-30 05:26:31";"System";"2021-08-30 05:26:31";"System"
"3131";"Boulgou";"35";"BF";"49";"BLG";"11.43367660";"-0.37483540";"Q895097";;"2021-08-30 05:26:31";"System";"2021-08-30 05:26:31";"System"
"3132";"Komondjari Province";"35";"BF";"56";"KMD";"12.71265270";"0.67730460";"Q1074479";;"2021-08-30 05:26:31";"System";"2021-08-30 05:26:31";"System"
"3133";"Koulpélogo Province";"35";"BF";"59";"KOP";"11.52476740";"0.14949880";"Q934923";;"2021-08-30 05:26:31";"System";"2021-08-30 05:26:31";"System"
"3134";"Tuy Province";"35";"BF";"74";"TUI";"38.88868400";"-77.00471900";"Q627844";;"2021-08-30 05:26:31";"System";"2021-08-30 05:26:31";"System"
"3135";"Ioba Province";"35";"BF";"52";"IOB";"11.05620340";"-3.01757120";"Q1074154";;"2021-08-30 05:26:31";"System";"2021-08-30 05:26:31";"System"
"3136";"Centre";"35";"BF";"03";"03";;;"Q515655";;"2021-08-30 05:26:31";"System";"2021-08-30 05:26:31";"System"
"3137";"Sourou Province";"35";"BF";"73";"SOR";"13.34180300";"-2.93757390";"Q558703";;"2021-08-30 05:26:31";"System";"2021-08-30 05:26:31";"System"
"3138";"Boucle du Mouhoun Region";"35";"BF";"01";"01";"12.41660000";"-3.41955270";"Q527093";;"2021-08-30 05:26:31";"System";"2021-08-30 05:26:31";"System"
"3139";"Séno Province";"35";"BF";"71";"SEN";"14.00722340";"-0.07467670";"Q1061214";;"2021-08-30 05:26:31";"System";"2021-08-30 05:26:31";"System"
"3140";"Sud-Ouest Region";"35";"BF";"13";"13";"10.42314930";"-3.25836260";"Q429149";;"2021-08-30 05:26:31";"System";"2021-08-30 05:26:31";"System"
"3141";"Oubritenga Province";"35";"BF";"68";"OUB";"12.70960870";"-1.44346900";"Q1142026";;"2021-08-30 05:26:31";"System";"2021-08-30 05:26:31";"System"
"3142";"Nayala Province";"35";"BF";"66";"NAY";"12.69645580";"-3.01757120";"Q1141776";;"2021-08-30 05:26:31";"System";"2021-08-30 05:26:31";"System"
"3143";"Gourma Province";"35";"BF";"50";"GOU";"12.16244730";"0.67730460";"Q432317";;"2021-08-30 05:26:31";"System";"2021-08-30 05:26:31";"System"
"3144";"Oudalan Province";"35";"BF";"33";"OUD";"14.47190200";"-0.45023680";"Q514173";;"2021-08-30 05:26:31";"System";"2021-08-30 05:26:31";"System"
"3145";"Ziro Province";"35";"BF";"77";"ZIR";"11.60949950";"-1.90992380";"Q206019";;"2021-08-30 05:26:31";"System";"2021-08-30 05:26:31";"System"
"3146";"Kossi Province";"35";"BF";"58";"KOS";"12.96045800";"-3.90626880";"Q1074485";;"2021-08-30 05:26:31";"System";"2021-08-30 05:26:31";"System"
"3147";"Kourwéogo Province";"35";"BF";"60";"KOW";"12.70774950";"-1.75388170";"Q661376";;"2021-08-30 05:26:31";"System";"2021-08-30 05:26:31";"System"
"3148";"Ganzourgou Province";"35";"BF";"20";"GAN";"12.25376480";"-0.75328090";"Q182889";;"2021-08-30 05:26:31";"System";"2021-08-30 05:26:31";"System"
"3149";"Centre-Sud Region";"35";"BF";"07";"07";"11.52289110";"-1.05861350";"Q853405";;"2021-08-30 05:26:31";"System";"2021-08-30 05:26:31";"System"
"3150";"Yatenga Province";"35";"BF";"76";"YAT";"13.62493440";"-2.38136210";"Q1074521";;"2021-08-30 05:26:31";"System";"2021-08-30 05:26:31";"System"
"3151";"Loroum Province";"35";"BF";"62";"LOR";"13.81298140";"-2.06651970";"Q1142054";;"2021-08-30 05:26:31";"System";"2021-08-30 05:26:31";"System"
"3152";"Bazèga Province";"35";"BF";"47";"BAZ";"11.97676920";"-1.44346900";"Q619764";;"2021-08-30 05:26:31";"System";"2021-08-30 05:26:31";"System"
"3153";"Cascades Region";"35";"BF";"02";"02";"10.40729920";"-4.56244260";"Q850043";;"2021-08-30 05:26:31";"System";"2021-08-30 05:26:31";"System"
"3154";"Sanguié Province";"35";"BF";"36";"SNG";"12.15018610";"-2.69838680";"Q1142014";;"2021-08-30 05:26:31";"System";"2021-08-30 05:26:31";"System"
"3155";"Bam Province";"35";"BF";"15";"BAM";"13.44613300";"-1.59839590";"Q620710";;"2021-08-30 05:26:31";"System";"2021-08-30 05:26:31";"System"
"3156";"Noumbiel Province";"35";"BF";"67";"NOU";"9.84409460";"-2.97755580";"Q646647";;"2021-08-30 05:26:31";"System";"2021-08-30 05:26:31";"System"
"3157";"Kompienga Province";"35";"BF";"57";"KMP";"11.52383620";"0.75328090";"Q1142059";;"2021-08-30 05:26:31";"System";"2021-08-30 05:26:31";"System"
"3158";"Est Region";"35";"BF";"57";"08";"12.43655260";"0.90566230";"Q850088";;"2021-08-30 05:26:31";"System";"2021-08-30 05:26:31";"System"
"3159";"Léraba Province";"35";"BF";"61";"LER";"10.66487850";"-5.31025050";"Q977607";;"2021-08-30 05:26:31";"System";"2021-08-30 05:26:31";"System"
"3160";"Balé Province";"35";"BF";"45";"BAL";"11.78206020";"-3.01757120";"Q805913";;"2021-08-30 05:26:31";"System";"2021-08-30 05:26:31";"System"
"3161";"Kouritenga Province";"35";"BF";"28";"KOT";"12.16318130";"-0.22446620";"Q1141767";;"2021-08-30 05:26:31";"System";"2021-08-30 05:26:31";"System"
"3162";"Centre-Est Region";"35";"BF";"28";"04";"11.52476740";"-0.14949880";"Q543006";;"2021-08-30 05:26:31";"System";"2021-08-30 05:26:31";"System"
"3163";"Poni Province";"35";"BF";"69";"PON";"10.33259960";"-3.33889170";"Q953657";;"2021-08-30 05:26:31";"System";"2021-08-30 05:26:31";"System"
"3164";"Nord Region, Burkina Faso";"35";"BF";"69";"10";"13.71825200";"-2.30244600";"Q502320";;"2021-08-30 05:26:31";"System";"2021-08-30 05:26:31";"System"
"3165";"Hauts-Bassins Region";"35";"BF";"09";"09";"11.49420030";"-4.23333550";"Q845303";;"2021-08-30 05:26:31";"System";"2021-08-30 05:26:31";"System"
"3166";"Soum Province";"35";"BF";"40";"SOM";"14.09628410";"-1.36621600";"Q385973";;"2021-08-30 05:26:31";"System";"2021-08-30 05:26:31";"System"
"3167";"Comoé Province";"35";"BF";"55";"COM";"10.40729920";"-4.56244260";"Q1074496";;"2021-08-30 05:26:31";"System";"2021-08-30 05:26:31";"System"
"3168";"Kadiogo Province";"35";"BF";"53";"KAD";"12.34258970";"-1.44346900";"Q1074530";;"2021-08-30 05:26:31";"System";"2021-08-30 05:26:31";"System"
"3169";"Islamabad Capital Territory";"167";"PK";"08";"IS";"33.72049970";"73.04052770";"Q848613";;"2021-08-30 05:26:31";"System";"2021-08-30 05:26:31";"System"
"3170";"Gilgit-Baltistan";"167";"PK";"07";"GB";"35.80256670";"74.98318080";"Q200697";;"2021-08-30 05:26:31";"System";"2021-08-30 05:26:31";"System"
"3171";"Khyber Pakhtunkhwa";"167";"PK";"03";"KP";"34.95262050";"72.33111300";"Q183314";;"2021-08-30 05:26:31";"System";"2021-08-30 05:26:31";"System"
"3172";"Azad Kashmir";"167";"PK";"06";"JK";"33.92590550";"73.78103340";"Q200130";;"2021-08-30 05:26:31";"System";"2021-08-30 05:26:31";"System"
"3173";"Federally Administered Tribal Areas";"167";"PK";"01";"TA";"32.66747600";"69.85974060";"Q208270";;"2021-08-30 05:26:31";"System";"2021-08-30 05:26:31";"System"
"3174";"Balochistan";"167";"PK";"02";"BA";"28.49073320";"65.09577920";"Q163239";;"2021-08-30 05:26:31";"System";"2021-08-30 05:26:31";"System"
"3175";"Sindh";"167";"PK";"05";"SD";"25.89430180";"68.52471490";"Q37211";;"2021-08-30 05:26:31";"System";"2021-08-30 05:26:31";"System"
"3176";"Punjab";"167";"PK";"04";"PB";"31.14713050";"75.34121790";"Q4478";;"2021-08-30 05:26:31";"System";"2021-08-30 05:26:31";"System"
"3177";"Al Rayyan Municipality";"179";"QA";"06";"RA";"25.25225510";"51.43887130";"Q311272";;"2021-08-30 05:26:31";"System";"2021-08-30 05:26:31";"System"
"3178";"Al-Shahaniya";"179";"QA";"14";"SH";"25.41063860";"51.18460250";"Q12188815";;"2021-08-30 05:26:31";"System";"2021-08-30 05:26:31";"System"
"3179";"Al Wakrah";"179";"QA";"10";"WA";"25.16593140";"51.59755240";"Q310893";;"2021-08-30 05:26:31";"System";"2021-08-30 05:26:31";"System"
"3180";"Madinat ash Shamal";"179";"QA";"08";"MS";"26.11827430";"51.21572650";"Q310872";;"2021-08-30 05:26:31";"System";"2021-08-30 05:26:31";"System"
"3181";"Doha";"179";"QA";"01";"DA";"25.28544730";"51.53103980";"Q3861";;"2021-08-30 05:26:31";"System";"2021-08-30 05:26:31";"System"
"3182";"Al Daayen";"179";"QA";"01";"ZA";"25.57845590";"51.48213870";"Q310786";;"2021-08-30 05:26:31";"System";"2021-08-30 05:26:31";"System"
"3183";"Al Khor";"179";"QA";"04";"KH";"25.68040780";"51.49685020";"Q1156471";;"2021-08-30 05:26:31";"System";"2021-08-30 05:26:31";"System"
"3184";"Umm Salal Municipality";"179";"QA";"09";"US";"25.48752420";"51.39656800";"Q990414";;"2021-08-30 05:26:31";"System";"2021-08-30 05:26:31";"System"
"3185";"Rumonge Province";"36";"BI";"26";"RM";"-3.97540490";"29.43880140";"Q20669646";;"2021-08-30 05:26:31";"System";"2021-08-30 05:26:31";"System"
"3186";"Muyinga Province";"36";"BI";"18";"MY";"-2.77935110";"30.29741990";"Q822571";;"2021-08-30 05:26:31";"System";"2021-08-30 05:26:31";"System"
"3187";"Mwaro Province";"36";"BI";"23";"MW";"-3.50259180";"29.64991620";"Q847718";;"2021-08-30 05:26:31";"System";"2021-08-30 05:26:31";"System"
"3188";"Makamba Province";"36";"BI";"17";"MA";"-4.32570620";"29.69626770";"Q823740";;"2021-08-30 05:26:31";"System";"2021-08-30 05:26:31";"System"
"3189";"Rutana Province";"36";"BI";"20";"RT";"-3.87915230";"30.06652360";"Q822566";;"2021-08-30 05:26:31";"System";"2021-08-30 05:26:31";"System"
"3190";"Cibitoke Province";"36";"BI";"12";"CI";"-2.81028970";"29.18557850";"Q505596";;"2021-08-30 05:26:31";"System";"2021-08-30 05:26:31";"System"
"3191";"Ruyigi Province";"36";"BI";"21";"RY";"-3.44620700";"30.25127280";"Q822578";;"2021-08-30 05:26:31";"System";"2021-08-30 05:26:31";"System"
"3192";"Kayanza Province";"36";"BI";"15";"KY";"-3.00779810";"29.64991620";"Q720848";;"2021-08-30 05:26:31";"System";"2021-08-30 05:26:31";"System"
"3193";"Muramvya Province";"36";"BI";"22";"MU";"-3.28983980";"29.64991620";"Q671086";;"2021-08-30 05:26:31";"System";"2021-08-30 05:26:31";"System"
"3194";"Karuzi Province";"36";"BI";"14";"KR";"-3.13403470";"30.11273500";"Q735463";;"2021-08-30 05:26:31";"System";"2021-08-30 05:26:31";"System"
"3195";"Kirundo Province";"36";"BI";"16";"KI";"-2.57628820";"30.11273500";"Q600840";;"2021-08-30 05:26:31";"System";"2021-08-30 05:26:31";"System"
"3196";"Bubanza Province";"36";"BI";"09";"BB";"-3.15724030";"29.37149090";"Q460538";;"2021-08-30 05:26:31";"System";"2021-08-30 05:26:31";"System"
"3197";"Gitega Province";"36";"BI";"13";"GI";"-3.49290510";"29.92779470";"Q720843";;"2021-08-30 05:26:31";"System";"2021-08-30 05:26:31";"System"
"3198";"Bujumbura Mairie Province";"36";"BI";"24";"BM";"-3.38841410";"29.34826460";"Q1816580";;"2021-08-30 05:26:31";"System";"2021-08-30 05:26:31";"System"
"3199";"Ngozi Province";"36";"BI";"19";"NG";"-2.89582430";"29.88152030";"Q720852";;"2021-08-30 05:26:31";"System";"2021-08-30 05:26:31";"System"
"3200";"Bujumbura Rural Province";"36";"BI";"25";"BL";"-3.50901440";"29.46435900";"Q645043";;"2021-08-30 05:26:31";"System";"2021-08-30 05:26:31";"System"
"3201";"Cankuzo Province";"36";"BI";"11";"CA";"-3.15277880";"30.61998950";"Q645033";;"2021-08-30 05:26:31";"System";"2021-08-30 05:26:31";"System"
"3202";"Bururi Province";"36";"BI";"10";"BR";"-3.90068510";"29.51077080";"Q431385";;"2021-08-30 05:26:31";"System";"2021-08-30 05:26:31";"System"
"3203";"Flores Department";"235";"UY";"06";"FS";"-33.57337530";"-56.89450280";"Q16578";;"2021-08-30 05:26:31";"System";"2021-08-30 05:26:31";"System"
"3204";"San José Department";"235";"UY";"16";"SJ";"37.34929680";"-121.90560490";"Q16579";;"2021-08-30 05:26:31";"System";"2021-08-30 05:26:31";"System"
"3205";"Artigas Department";"235";"UY";"01";"AR";"-30.61751120";"-56.95945590";"Q16603";;"2021-08-30 05:26:31";"System";"2021-08-30 05:26:31";"System"
"3206";"Maldonado Department";"235";"UY";"09";"MA";"-34.55979320";"-54.86285520";"Q331196";;"2021-08-30 05:26:31";"System";"2021-08-30 05:26:31";"System"
"3207";"Rivera Department";"235";"UY";"13";"RV";"-31.48174210";"-55.24357590";"Q16609";;"2021-08-30 05:26:31";"System";"2021-08-30 05:26:31";"System"
"3208";"Colonia Department";"235";"UY";"04";"CO";"-34.12946780";"-57.66051840";"Q16580";;"2021-08-30 05:26:31";"System";"2021-08-30 05:26:31";"System"
"3209";"Durazno Department";"235";"UY";"05";"DU";"-33.02324540";"-56.02846440";"Q16591";;"2021-08-30 05:26:31";"System";"2021-08-30 05:26:31";"System"
"3210";"Río Negro Department";"235";"UY";"12";"RN";"-32.76763560";"-57.42952070";"Q16596";;"2021-08-30 05:26:31";"System";"2021-08-30 05:26:31";"System"
"3211";"Cerro Largo Department";"235";"UY";"03";"CL";"-32.44110320";"-54.35217530";"Q16575";;"2021-08-30 05:26:31";"System";"2021-08-30 05:26:31";"System"
"3212";"Paysandú Department";"235";"UY";"11";"PA";"-32.06673660";"-57.33647890";"Q16576";;"2021-08-30 05:26:31";"System";"2021-08-30 05:26:31";"System"
"3213";"Canelones Department";"235";"UY";"02";"CA";"-34.54087170";"-55.93076000";"Q16577";;"2021-08-30 05:26:31";"System";"2021-08-30 05:26:31";"System"
"3214";"Treinta y Tres Department";"235";"UY";"19";"TT";"-33.06850860";"-54.28586270";"Q16610";;"2021-08-30 05:26:31";"System";"2021-08-30 05:26:31";"System"
"3215";"Lavalleja Department";"235";"UY";"08";"LA";"-33.92261750";"-54.97657940";"Q460435";;"2021-08-30 05:26:31";"System";"2021-08-30 05:26:31";"System"
"3216";"Rocha Department";"235";"UY";"14";"RO";"-33.96900810";"-54.02148500";"Q16582";;"2021-08-30 05:26:31";"System";"2021-08-30 05:26:31";"System"
"3217";"Florida Department";"235";"UY";"07";"FD";"28.03594950";"-82.45792890";"Q16593";;"2021-08-30 05:26:31";"System";"2021-08-30 05:26:31";"System"
"3218";"Montevideo Department";"235";"UY";"10";"MO";"-34.81815870";"-56.21382560";"Q16594";;"2021-08-30 05:26:31";"System";"2021-08-30 05:26:31";"System"
"3219";"Soriano Department";"235";"UY";"17";"SO";"-33.51027920";"-57.74981030";"Q16584";;"2021-08-30 05:26:31";"System";"2021-08-30 05:26:31";"System"
"3220";"Salto Department";"235";"UY";"15";"SA";"-31.38802800";"-57.96124550";"Q16595";;"2021-08-30 05:26:31";"System";"2021-08-30 05:26:31";"System"
"3221";"Tacuarembó Department";"235";"UY";"18";"TA";"-31.72068370";"-55.98598870";"Q16587";;"2021-08-30 05:26:31";"System";"2021-08-30 05:26:31";"System"
"3222";"Kafr el-Sheikh Governorate";"65";"EG";"21";"KFS";"31.30854440";"30.80394740";"Q30946";;"2021-08-30 05:26:31";"System";"2021-08-30 05:26:31";"System"
"3223";"Cairo Governorate";"65";"EG";"11";"C";"29.95375640";"31.53700030";"Q30805";;"2021-08-30 05:26:31";"System";"2021-08-30 05:26:31";"System"
"3224";"Damietta Governorate";"65";"EG";"20";"DT";"31.36257990";"31.67393710";"Q30644";;"2021-08-30 05:26:31";"System";"2021-08-30 05:26:31";"System"
"3225";"Aswan Governorate";"65";"EG";"16";"ASN";"23.69664980";"32.71813750";"Q29937";;"2021-08-30 05:26:31";"System";"2021-08-30 05:26:31";"System"
"3226";"Sohag Governorate";"65";"EG";"24";"SHG";"26.69383400";"32.17460500";"Q30669";;"2021-08-30 05:26:31";"System";"2021-08-30 05:26:31";"System"
"3227";"North Sinai Governorate";"65";"EG";"27";"SIN";"30.28236500";"33.61757700";"Q30662";;"2021-08-30 05:26:31";"System";"2021-08-30 05:26:31";"System"
"3228";"Monufia Governorate";"65";"EG";"09";"MNF";"30.59724550";"30.98763210";"Q30786";;"2021-08-30 05:26:31";"System";"2021-08-30 05:26:31";"System"
"3229";"Port Said Governorate";"65";"EG";"19";"PTS";"31.07586060";"32.26538870";"Q31079";;"2021-08-30 05:26:31";"System";"2021-08-30 05:26:31";"System"
"3230";"Beni Suef Governorate";"65";"EG";"18";"BNS";"28.89388370";"31.44561790";"Q30683";;"2021-08-30 05:26:31";"System";"2021-08-30 05:26:31";"System"
"3231";"Matrouh Governorate";"65";"EG";"22";"MT";"29.56963500";"26.41938900";"Q30682";;"2021-08-30 05:26:31";"System";"2021-08-30 05:26:31";"System"
"3232";"Qalyubia Governorate";"65";"EG";"12";"KB";"30.32923680";"31.21684660";"Q31075";;"2021-08-30 05:26:31";"System";"2021-08-30 05:26:31";"System"
"3233";"Suez Governorate";"65";"EG";"15";"SUZ";"29.36822550";"32.17460500";"Q31070";;"2021-08-30 05:26:31";"System";"2021-08-30 05:26:31";"System"
"3234";"Gharbia Governorate";"65";"EG";"05";"GH";"30.87535560";"31.03351000";"Q30835";;"2021-08-30 05:26:31";"System";"2021-08-30 05:26:31";"System"
"3235";"Alexandria Governorate";"65";"EG";"06";"ALX";"30.87605680";"29.74260400";"Q29943";;"2021-08-30 05:26:31";"System";"2021-08-30 05:26:31";"System"
"3236";"Asyut Governorate";"65";"EG";"17";"AST";"27.21338310";"31.44561790";"Q29965";;"2021-08-30 05:26:31";"System";"2021-08-30 05:26:31";"System"
"3237";"South Sinai Governorate";"65";"EG";"26";"JS";"29.31018280";"34.15319470";"Q30815";;"2021-08-30 05:26:31";"System";"2021-08-30 05:26:31";"System"
"3238";"Faiyum Governorate";"65";"EG";"04";"FYM";"29.30840210";"30.84284970";"Q30656";;"2021-08-30 05:26:31";"System";"2021-08-30 05:26:31";"System"
"3239";"Giza Governorate";"65";"EG";"08";"GZ";"28.76662160";"29.23207840";"Q30832";;"2021-08-30 05:26:31";"System";"2021-08-30 05:26:31";"System"
"3240";"Red Sea Governorate";"65";"EG";"02";"BA";"24.68263160";"34.15319470";"Q30831";;"2021-08-30 05:26:31";"System";"2021-08-30 05:26:31";"System"
"3241";"Beheira Governorate";"65";"EG";"03";"BH";"30.84809860";"30.34355060";"Q30630";;"2021-08-30 05:26:31";"System";"2021-08-30 05:26:31";"System"
"3242";"Luxor Governorate";"65";"EG";"28";"LX";"25.39444440";"32.49200880";"Q30797";;"2021-08-30 05:26:31";"System";"2021-08-30 05:26:31";"System"
"3243";"Minya Governorate";"65";"EG";"10";"MN";"28.28472900";"30.52790960";"Q30675";;"2021-08-30 05:26:31";"System";"2021-08-30 05:26:31";"System"
"3244";"Ismailia Governorate";"65";"EG";"07";"IS";"30.58309340";"32.26538870";"Q31067";;"2021-08-30 05:26:31";"System";"2021-08-30 05:26:31";"System"
"3245";"Dakahlia Governorate";"65";"EG";"01";"DK";"31.16560440";"31.49131820";"Q31068";;"2021-08-30 05:26:31";"System";"2021-08-30 05:26:31";"System"
"3246";"New Valley Governorate";"65";"EG";"13";"WAD";"24.54556380";"27.17353160";"Q30650";;"2021-08-30 05:26:31";"System";"2021-08-30 05:26:31";"System"
"3247";"Qena Governorate";"65";"EG";"23";"KN";"26.23460330";"32.98883190";"Q31065";;"2021-08-30 05:26:31";"System";"2021-08-30 05:26:31";"System"
"3248";"Agaléga";"140";"MU";"21";"AG";"-10.40000000";"56.61666670";"Q196042";;"2021-08-30 05:26:31";"System";"2021-08-30 05:26:31";"System"
"3249";"Rodrigues";"140";"MU";"23";"RO";"-19.72453850";"63.42721850";"Q208668";;"2021-08-30 05:26:31";"System";"2021-08-30 05:26:31";"System"
"3250";"Pamplemousses District";"140";"MU";"16";"PA";"-20.11360080";"57.57592600";"Q934126";;"2021-08-30 05:26:31";"System";"2021-08-30 05:26:31";"System"
"3251";"Cargados Carajos";"140";"MU";"22";"CC";"-16.58333300";"59.61666700";"Q511859";;"2021-08-30 05:26:31";"System";"2021-08-30 05:26:31";"System"
"3252";"Vacoas-Phoenix";"140";"MU";"22";"VP";"-20.29840260";"57.49383550";"Q676724";;"2021-08-30 05:26:31";"System";"2021-08-30 05:26:31";"System"
"3253";"Moka District";"140";"MU";"15";"MO";"-20.23997820";"57.57592600";"Q911643";;"2021-08-30 05:26:31";"System";"2021-08-30 05:26:31";"System"
"3254";"Flacq District";"140";"MU";"13";"FL";"-20.22578360";"57.71192740";"Q911651";;"2021-08-30 05:26:31";"System";"2021-08-30 05:26:31";"System"
"3255";"Curepipe";"140";"MU";"13";"CU";"-20.31708720";"57.52652890";"Q1002525";;"2021-08-30 05:26:31";"System";"2021-08-30 05:26:31";"System"
"3256";"Port Louis";"140";"MU";"18";"PU";"-20.16089120";"57.50122220";"Q3929";;"2021-08-30 05:26:31";"System";"2021-08-30 05:26:31";"System"
"3257";"Savanne District";"140";"MU";"20";"SA";"-20.47395300";"57.48535610";"Q1053600";;"2021-08-30 05:26:31";"System";"2021-08-30 05:26:31";"System"
"3258";"Quatre Bornes";"140";"MU";"20";"QB";"-20.26747180";"57.47969810";"Q1341194";;"2021-08-30 05:26:31";"System";"2021-08-30 05:26:31";"System"
"3259";"Rivière Noire District";"140";"MU";"12";"BL";"-20.37084920";"57.39486490";"Q873740";;"2021-08-30 05:26:31";"System";"2021-08-30 05:26:31";"System"
"3260";"Port Louis District";"140";"MU";"18";"PL";"-20.16089120";"57.50122220";"Q960645";;"2021-08-30 05:26:31";"System";"2021-08-30 05:26:31";"System"
"3261";"Rivière du Rempart District";"140";"MU";"19";"RR";"-20.05609830";"57.65523890";"Q1053565";;"2021-08-30 05:26:31";"System";"2021-08-30 05:26:31";"System"
"3262";"Beau Bassin-Rose Hill";"140";"MU";"19";"BR";"-20.22303050";"57.46838300";"Q813337";;"2021-08-30 05:26:31";"System";"2021-08-30 05:26:31";"System"
"3263";"Plaines Wilhems District";"140";"MU";"17";"PW";"-20.30548720";"57.48535610";"Q1053595";;"2021-08-30 05:26:31";"System";"2021-08-30 05:26:31";"System"
"3264";"Grand Port District";"140";"MU";"14";"GP";"-20.38515460";"57.66657420";"Q911635";;"2021-08-30 05:26:31";"System";"2021-08-30 05:26:31";"System"
"3265";"Guelmim";"149";"MA";"10";"GUE";"28.98836590";"-10.05274980";"Q923219";;"2021-08-30 05:26:31";"System";"2021-08-30 05:26:31";"System"
"3266";"Aousserd (EH)";"149";"MA";"12";"AOU";"22.55215380";"-14.32973530";"Q972665";;"2021-08-30 05:26:31";"System";"2021-08-30 05:26:31";"System"
"3267";"Al Hoceïma";"149";"MA";"01";"HOC";"35.24455890";"-3.93174680";"Q1969619";;"2021-08-30 05:26:31";"System";"2021-08-30 05:26:31";"System"
"3268";"Larache";"149";"MA";"01";"LAR";"35.17442710";"-6.14739640";"Q1759567";;"2021-08-30 05:26:31";"System";"2021-08-30 05:26:31";"System"
"3269";"Ouarzazate";"149";"MA";"08";"OUA";"30.93354360";"-6.93701600";"Q1629229";;"2021-08-30 05:26:31";"System";"2021-08-30 05:26:31";"System"
"3270";"Boulemane";"149";"MA";"03";"BOM";"33.36251590";"-4.73033970";"Q895063";;"2021-08-30 05:26:31";"System";"2021-08-30 05:26:31";"System"
"3271";"L'Oriental";"149";"MA";"02";"02";"37.06968300";"-94.51227700";"Q23048167";;"2021-08-30 05:26:31";"System";"2021-08-30 05:26:31";"System"
"3272";"Béni Mellal";"149";"MA";"05";"BEM";"32.34244300";"-6.37579900";"Q1019461";;"2021-08-30 05:26:31";"System";"2021-08-30 05:26:31";"System"
"3274";"Chichaoua";"149";"MA";"07";"CHI";"31.53835810";"-8.76463880";"Q1072085";;"2021-08-30 05:26:31";"System";"2021-08-30 05:26:31";"System"
"3275";"Boujdour (EH)";"149";"MA";"11";"BOD";"26.12524930";"-14.48473470";"Q895028";;"2021-08-30 05:26:31";"System";"2021-08-30 05:26:31";"System"
"3276";"Khémisset";"149";"MA";"04";"KHE";"33.81537040";"-6.05733020";"Q1740735";;"2021-08-30 05:26:31";"System";"2021-08-30 05:26:31";"System"
"3277";"Tiznit";"149";"MA";"09";"TIZ";"29.69339200";"-9.73215700";"Q2339589";;"2021-08-30 05:26:31";"System";"2021-08-30 05:26:31";"System"
"3278";"Béni Mellal-Khénifra";"149";"MA";"05";"05";"32.57191840";"-6.06791940";"Q19953016";;"2021-08-30 05:26:31";"System";"2021-08-30 05:26:31";"System"
"3279";"Sidi Kacem";"149";"MA";"04";"SIK";"34.22601720";"-5.71291640";"Q1969542";;"2021-08-30 05:26:31";"System";"2021-08-30 05:26:31";"System"
"3280";"El Jadida";"149";"MA";"06";"JDI";"33.23163260";"-8.50071160";"Q599606";;"2021-08-30 05:26:31";"System";"2021-08-30 05:26:31";"System"
"3281";"Nador";"149";"MA";"02";"NAD";"34.91719260";"-2.85771050";"Q367864";;"2021-08-30 05:26:31";"System";"2021-08-30 05:26:31";"System"
"3282";"Settat";"149";"MA";"06";"SET";"32.99242420";"-7.62226650";"Q1523840";;"2021-08-30 05:26:31";"System";"2021-08-30 05:26:31";"System"
"3283";"Zagora";"149";"MA";"08";"ZAG";"30.57860930";"-5.89871390";"Q2265471";;"2021-08-30 05:26:31";"System";"2021-08-30 05:26:31";"System"
"3284";"Médiouna";"149";"MA";"06";"MED";"33.45409390";"-7.51660200";"Q1957680";;"2021-08-30 05:26:31";"System";"2021-08-30 05:26:31";"System"
"3285";"Berkane";"149";"MA";"02";"BER";"34.88408760";"-2.34188700";"Q820802";;"2021-08-30 05:26:31";"System";"2021-08-30 05:26:31";"System"
"3286";"Tan-Tan (EH-partial)";"149";"MA";"10";"TNT";"28.03012000";"-11.16173560";"Q972535";;"2021-08-30 05:26:31";"System";"2021-08-30 05:26:31";"System"
"3287";"Nouaceur";"149";"MA";"04";"NOU";"33.36703930";"-7.57325370";"Q516261";;"2021-08-30 05:26:31";"System";"2021-08-30 05:26:31";"System"
"3288";"Marrakesh-Safi";"149";"MA";"07";"07";"31.73308330";"-8.13385580";"Q19951125";;"2021-08-30 05:26:31";"System";"2021-08-30 05:26:31";"System"
"3289";"Sefrou";"149";"MA";"03";"SEF";"33.83052440";"-4.83531540";"Q1969535";;"2021-08-30 05:26:31";"System";"2021-08-30 05:26:31";"System"
"3290";"Drâa-Tafilalet";"149";"MA";"08";"08";"31.14995380";"-5.39395510";"Q19950954";;"2021-08-30 05:26:31";"System";"2021-08-30 05:26:31";"System"
"3291";"El Hajeb";"149";"MA";"03";"HAJ";"33.68573500";"-5.36778440";"Q2540509";;"2021-08-30 05:26:31";"System";"2021-08-30 05:26:31";"System"
"3292";"Es-Semara (EH-partial)";"149";"MA";"11";"ESM";"26.74185600";"-11.67836710";"Q1366420";;"2021-08-30 05:26:31";"System";"2021-08-30 05:26:31";"System"
"3293";"Laâyoune (EH)";"149";"MA";"11";"LAA";"27.15003840";"-13.19907580";"Q631610";;"2021-08-30 05:26:31";"System";"2021-08-30 05:26:31";"System"
"3294";"Inezgane-Ait Melloul";"149";"MA";"09";"INE";"30.35090980";"-9.38951100";"Q1662264";;"2021-08-30 05:26:31";"System";"2021-08-30 05:26:31";"System"
"3295";"Souss-Massa";"149";"MA";"09";"09";"30.27506110";"-8.13385580";"Q20652586";;"2021-08-30 05:26:31";"System";"2021-08-30 05:26:31";"System"
"3296";"Taza";"149";"MA";"03";"TAZ";"34.27889530";"-3.58126920";"Q1819589";;"2021-08-30 05:26:31";"System";"2021-08-30 05:26:31";"System"
"3297";"Assa-Zag (EH-partial)";"149";"MA";"10";"ASZ";"28.14023950";"-9.72326730";"Q180994";;"2021-08-30 05:26:31";"System";"2021-08-30 05:26:31";"System"
"3298";"Laâyoune-Sakia El Hamra (EH-partial)";"149";"MA";"11";"11";"27.86831940";"-11.98046130";"Q19951088";;"2021-08-30 05:26:31";"System";"2021-08-30 05:26:31";"System"
"3299";"Errachidia";"149";"MA";"08";"ERR";"31.90512750";"-4.72775280";"Q2024447";;"2021-08-30 05:26:31";"System";"2021-08-30 05:26:31";"System"
"3300";"Fahs-Anjra";"149";"MA";"01";"FAH";"35.76019920";"-5.66683060";"Q2013946";;"2021-08-30 05:26:31";"System";"2021-08-30 05:26:31";"System"
"3301";"Figuig";"149";"MA";"02";"FIG";"32.10926130";"-1.22980600";"Q1412034";;"2021-08-30 05:26:31";"System";"2021-08-30 05:26:31";"System"
"3302";"Chtouka-Ait Baha";"149";"MA";"06";"CHT";"30.10724220";"-9.27855830";"Q2424820";;"2021-08-30 05:26:31";"System";"2021-08-30 05:26:31";"System"
"3303";"Casablanca-Settat";"149";"MA";"06";"06";"33.21608720";"-7.43813550";"Q19843788";;"2021-08-30 05:26:31";"System";"2021-08-30 05:26:31";"System"
"3304";"Benslimane";"149";"MA";"06";"BES";"33.61896980";"-7.13055360";"Q15198365";;"2021-08-30 05:26:31";"System";"2021-08-30 05:26:31";"System"
"3305";"Guelmim-Oued Noun (EH-partial)";"149";"MA";"10";"10";"28.48442810";"-10.08072980";"Q19951051";;"2021-08-30 05:26:31";"System";"2021-08-30 05:26:31";"System"
"3306";"Dakhla-Oued Ed-Dahab (EH)";"149";"MA";"12";"12";"22.73378920";"-14.28611160";"Q21235104";;"2021-08-30 05:26:31";"System";"2021-08-30 05:26:31";"System"
"3307";"Jerada";"149";"MA";"02";"JRA";"34.30617910";"-2.17941360";"Q1687516";;"2021-08-30 05:26:31";"System";"2021-08-30 05:26:31";"System"
"3308";"Kénitra";"149";"MA";"04";"KEN";"34.25405030";"-6.58901660";"Q284878";;"2021-08-30 05:26:31";"System";"2021-08-30 05:26:31";"System"
"3309";"El Kelâa des Sraghna";"149";"MA";"07";"KES";"32.05227670";"-7.35165580";"Q970179";;"2021-08-30 05:26:31";"System";"2021-08-30 05:26:31";"System"
"3310";"Chefchaouen";"149";"MA";"01";"CHE";"35.01817200";"-5.14320680";"Q2354922";;"2021-08-30 05:26:31";"System";"2021-08-30 05:26:31";"System"
"3311";"Safi";"149";"MA";"07";"SAF";"32.29898720";"-9.10134980";"Q637778";;"2021-08-30 05:26:31";"System";"2021-08-30 05:26:31";"System"
"3312";"Tata";"149";"MA";"09";"TAT";"29.75087700";"-7.97563430";"Q546437";;"2021-08-30 05:26:31";"System";"2021-08-30 05:26:31";"System"
"3313";"Fès-Meknès";"149";"MA";"03";"03";"34.06252900";"-4.72775280";"Q19951027";;"2021-08-30 05:26:31";"System";"2021-08-30 05:26:31";"System"
"3314";"Taroudannt";"149";"MA";"09";"TAR";"30.47271260";"-8.87487650";"Q2092298";;"2021-08-30 05:26:31";"System";"2021-08-30 05:26:31";"System"
"3315";"Moulay Yacoub";"149";"MA";"03";"MOU";"34.08744790";"-5.17840190";"Q1950226";;"2021-08-30 05:26:31";"System";"2021-08-30 05:26:31";"System"
"3316";"Essaouira";"149";"MA";"07";"ESI";"31.50849260";"-9.75950410";"Q1368543";;"2021-08-30 05:26:31";"System";"2021-08-30 05:26:31";"System"
"3317";"Khénifra";"149";"MA";"05";"KHN";"32.93404710";"-5.66157100";"Q1820589";;"2021-08-30 05:26:31";"System";"2021-08-30 05:26:31";"System"
"3318";"Tétouan";"149";"MA";"01";"TET";"35.58889950";"-5.36255160";"Q1257443";;"2021-08-30 05:26:31";"System";"2021-08-30 05:26:31";"System"
"3319";"Oued Ed-Dahab (EH)";"149";"MA";"12";"OUD";"22.73378920";"-14.28611160";"Q2410368";;"2021-08-30 05:26:31";"System";"2021-08-30 05:26:31";"System"
"3320";"Al Haouz";"149";"MA";"07";"HAO";"31.29567290";"-7.87216000";"Q2150989";;"2021-08-30 05:26:31";"System";"2021-08-30 05:26:31";"System"
"3321";"Azilal";"149";"MA";"05";"AZI";"32.00426200";"-6.57833870";"Q793763";;"2021-08-30 05:26:31";"System";"2021-08-30 05:26:31";"System"
"3322";"Taourirt";"149";"MA";"02";"TAI";"34.21259800";"-2.69838680";"Q2165392";;"2021-08-30 05:26:31";"System";"2021-08-30 05:26:31";"System"
"3323";"Taounate";"149";"MA";"03";"TAO";"34.53691700";"-4.63986930";"Q1969671";;"2021-08-30 05:26:31";"System";"2021-08-30 05:26:31";"System"
"3324";"Tanger-Tétouan-Al Hoceïma";"149";"MA";"01";"01";"35.26295580";"-5.56172790";"Q19951300";;"2021-08-30 05:26:31";"System";"2021-08-30 05:26:31";"System"
"3325";"Ifrane";"149";"MA";"03";"IFR";"33.52280620";"-5.11095520";"Q2301648";;"2021-08-30 05:26:31";"System";"2021-08-30 05:26:31";"System"
"3326";"Khouribga";"149";"MA";"05";"KHO";"32.88602300";"-6.92086550";"Q1740686";;"2021-08-30 05:26:31";"System";"2021-08-30 05:26:31";"System"
"3327";"Cabo Delgado Province";"150";"MZ";"01";"P";"-12.33354740";"39.32062410";"Q466538";;"2021-08-30 05:26:31";"System";"2021-08-30 05:26:31";"System"
"3328";"Zambezia Province";"150";"MZ";"09";"Q";"-16.56389870";"36.60939260";"Q622803";;"2021-08-30 05:26:31";"System";"2021-08-30 05:26:31";"System"
"3329";"Gaza Province";"150";"MZ";"02";"G";"-23.02219280";"32.71813750";"Q466526";;"2021-08-30 05:26:31";"System";"2021-08-30 05:26:31";"System"
"3330";"Inhambane Province";"150";"MZ";"03";"I";"-22.85279970";"34.55087580";"Q466547";;"2021-08-30 05:26:31";"System";"2021-08-30 05:26:31";"System"
"3331";"Sofala Province";"150";"MZ";"05";"S";"-19.20390730";"34.86241660";"Q622801";;"2021-08-30 05:26:31";"System";"2021-08-30 05:26:31";"System"
"3332";"Maputo Province";"150";"MZ";"04";"L";"-25.25698760";"32.53727410";"Q379658";;"2021-08-30 05:26:31";"System";"2021-08-30 05:26:31";"System"
"3333";"Niassa Province";"150";"MZ";"07";"A";"-12.78262020";"36.60939260";"Q622799";;"2021-08-30 05:26:31";"System";"2021-08-30 05:26:31";"System"
"3334";"Tete Province";"150";"MZ";"08";"T";"-15.65960560";"32.71813750";"Q605787";;"2021-08-30 05:26:31";"System";"2021-08-30 05:26:31";"System"
"3335";"Maputo";"150";"MZ";"11";"MPM";"-25.96924800";"32.57317460";"Q3889";;"2021-08-30 05:26:31";"System";"2021-08-30 05:26:31";"System"
"3336";"Nampula Province";"150";"MZ";"06";"N";"-14.76049310";"39.32062410";"Q622794";;"2021-08-30 05:26:31";"System";"2021-08-30 05:26:31";"System"
"3337";"Manica Province";"150";"MZ";"10";"B";"-19.50597870";"33.43835300";"Q622792";;"2021-08-30 05:26:31";"System";"2021-08-30 05:26:31";"System"
"3338";"Hodh Ech Chargui Region";"139";"MR";"01";"01";"18.67370260";"-7.09287700";"Q12621";;"2021-08-30 05:26:31";"System";"2021-08-30 05:26:31";"System"
"3339";"Brakna Region";"139";"MR";"05";"05";"17.23175610";"-13.17403480";"Q12632";;"2021-08-30 05:26:31";"System";"2021-08-30 05:26:31";"System"
"3340";"Tiris Zemmour Region";"139";"MR";"11";"11";"24.57737640";"-9.90181310";"Q859567";;"2021-08-30 05:26:31";"System";"2021-08-30 05:26:31";"System"
"3341";"Gorgol Region";"139";"MR";"04";"04";"15.97173570";"-12.62162110";"Q859831";;"2021-08-30 05:26:31";"System";"2021-08-30 05:26:31";"System"
"3342";"Inchiri Region";"139";"MR";"12";"12";"20.02805610";"-15.40680790";"Q850022";;"2021-08-30 05:26:31";"System";"2021-08-30 05:26:31";"System"
"3343";"Nouakchott-Nord Region";"139";"MR";"14";"14";"18.11302050";"-15.89949560";"Q20669647";;"2021-08-30 05:26:31";"System";"2021-08-30 05:26:31";"System"
"3344";"Adrar Region";"139";"MR";"07";"07";"19.86521760";"-12.80547530";"Q366626";;"2021-08-30 05:26:31";"System";"2021-08-30 05:26:31";"System"
"3345";"Tagant Region";"139";"MR";"09";"09";"18.54675270";"-9.90181310";"Q843903";;"2021-08-30 05:26:31";"System";"2021-08-30 05:26:31";"System"
"3346";"Dakhlet Nouadhibou";"139";"MR";"08";"08";"20.59855880";"-16.25221430";"Q859573";;"2021-08-30 05:26:31";"System";"2021-08-30 05:26:31";"System"
"3347";"Nouakchott-Sud Region";"139";"MR";"15";"15";"17.97092880";"-15.94648740";"Q20669653";;"2021-08-30 05:26:31";"System";"2021-08-30 05:26:31";"System"
"3348";"Trarza Region";"139";"MR";"06";"06";"17.86649640";"-14.65878210";"Q859581";;"2021-08-30 05:26:31";"System";"2021-08-30 05:26:31";"System"
"3349";"Assaba Region";"139";"MR";"03";"03";"16.77595580";"-11.52480550";"Q738546";;"2021-08-30 05:26:31";"System";"2021-08-30 05:26:31";"System"
"3350";"Guidimaka Region";"139";"MR";"10";"10";"15.25573310";"-12.25479190";"Q768119";;"2021-08-30 05:26:31";"System";"2021-08-30 05:26:31";"System"
"3351";"Hodh El Gharbi Region";"139";"MR";"02";"02";"16.69121490";"-9.54509740";"Q850435";;"2021-08-30 05:26:31";"System";"2021-08-30 05:26:31";"System"
"3352";"Nouakchott-Ouest Region";"139";"MR";"13";"13";"18.15113570";"-15.99349100";"Q20669651";;"2021-08-30 05:26:31";"System";"2021-08-30 05:26:31";"System"
"3353";"Western Tobago";"223";"TT";"03";"WTO";"11.18970720";"-60.77954520";"Q13365874";;"2021-08-30 05:26:31";"System";"2021-08-30 05:26:31";"System"
"3354";"Couva-Tabaquite-Talparo Regional Corporation";"223";"TT";"CTT";"CTT";"10.42971450";"-61.37352100";"Q2679127";;"2021-08-30 05:26:31";"System";"2021-08-30 05:26:31";"System"
"3355";"Eastern Tobago";"223";"TT";"11";"ETO";"11.29793480";"-60.55885240";"Q13365873";;"2021-08-30 05:26:31";"System";"2021-08-30 05:26:31";"System"
"3356";"Rio Claro-Mayaro Regional Corporation";"223";"TT";"11";"MRC";"10.24128320";"-61.09372060";"Q2487249";;"2021-08-30 05:26:31";"System";"2021-08-30 05:26:31";"System"
"3357";"San Juan-Laventille Regional Corporation";"223";"TT";"SJL";"SJL";"10.69085780";"-61.45522130";"Q979608";;"2021-08-30 05:26:31";"System";"2021-08-30 05:26:31";"System"
"3358";"Tunapuna-Piarco Regional Corporation";"223";"TT";"TUP";"TUP";"10.68590960";"-61.30352480";"Q1899163";;"2021-08-30 05:26:31";"System";"2021-08-30 05:26:31";"System"
"3359";"San Fernando";"223";"TT";"10";"SFO";"34.28194610";"-118.43897190";"Q1023712";;"2021-08-30 05:26:31";"System";"2021-08-30 05:26:31";"System"
"3360";"Point Fortin";"223";"TT";"PTF";"PTF";"10.17027370";"-61.67133860";"Q786957";;"2021-08-30 05:26:31";"System";"2021-08-30 05:26:31";"System"
"3361";"Sangre Grande Regional Corporation";"223";"TT";"SGE";"SGE";"10.58529390";"-61.13158130";"Q290292";;"2021-08-30 05:26:31";"System";"2021-08-30 05:26:31";"System"
"3362";"Arima";"223";"TT";"01";"ARI";"46.79316040";"-71.25843110";"Q661405";;"2021-08-30 05:26:31";"System";"2021-08-30 05:26:31";"System"
"3363";"Port of Spain";"223";"TT";"05";"POS";"10.66031960";"-61.50856250";"Q39178";;"2021-08-30 05:26:31";"System";"2021-08-30 05:26:31";"System"
"3364";"Siparia Regional Corporation";"223";"TT";"SIP";"SIP";"10.12456260";"-61.56032440";"Q2679119";;"2021-08-30 05:26:31";"System";"2021-08-30 05:26:31";"System"
"3365";"Penal-Debe Regional Corporation";"223";"TT";"PED";"PED";"10.13374020";"-61.44354740";"Q2056273";;"2021-08-30 05:26:31";"System";"2021-08-30 05:26:31";"System"
"3366";"Chaguanas";"223";"TT";"CHA";"CHA";"10.51683870";"-61.41144820";"Q1444575";;"2021-08-30 05:26:31";"System";"2021-08-30 05:26:31";"System"
"3367";"Diego Martin Regional Corporation";"223";"TT";"DMN";"DMN";"10.73622860";"-61.55448360";"Q2679107";;"2021-08-30 05:26:31";"System";"2021-08-30 05:26:31";"System"
"3368";"Princes Town Regional Corporation";"223";"TT";"PRT";"PRT";"10.17867460";"-61.28019960";"Q2228167";;"2021-08-30 05:26:31";"System";"2021-08-30 05:26:31";"System"
"3369";"Mary Region";"226";"TM";"05";"M";"36.94816230";"62.45041540";"Q487401";;"2021-08-30 05:26:31";"System";"2021-08-30 05:26:31";"System"
"3370";"Lebap Region";"226";"TM";"04";"L";"38.12724620";"64.71624150";"Q487389";;"2021-08-30 05:26:31";"System";"2021-08-30 05:26:31";"System"
"3371";"Ashgabat";"226";"TM";"S";"S";"37.96007660";"58.32606290";"Q23438";;"2021-08-30 05:26:31";"System";"2021-08-30 05:26:31";"System"
"3372";"Balkan Region";"226";"TM";"02";"B";"41.81014720";"21.09373110";"Q486073";;"2021-08-30 05:26:31";"System";"2021-08-30 05:26:31";"System"
"3373";"Daşoguz Region";"226";"TM";"03";"D";"41.83687370";"59.96519040";"Q487393";;"2021-08-30 05:26:31";"System";"2021-08-30 05:26:31";"System"
"3374";"Ahal Region";"226";"TM";"01";"A";"38.63993980";"59.47209040";"Q399899";;"2021-08-30 05:26:31";"System";"2021-08-30 05:26:31";"System"
"3375";"Beni Department";"27";"BO";"03";"B";"-14.37827470";"-65.09577920";"Q233169";;"2021-08-30 05:26:31";"System";"2021-08-30 05:26:31";"System"
"3376";"Oruro Department";"27";"BO";"05";"O";"-18.57115790";"-67.76159830";"Q1061368";;"2021-08-30 05:26:31";"System";"2021-08-30 05:26:31";"System"
"3377";"Santa Cruz Department";"27";"BO";"08";"S";"-16.74760370";"-62.07509980";"Q235106";;"2021-08-30 05:26:31";"System";"2021-08-30 05:26:31";"System"
"3378";"Tarija Department";"27";"BO";"09";"T";"-21.58315950";"-63.95861110";"Q233933";;"2021-08-30 05:26:31";"System";"2021-08-30 05:26:31";"System"
"3379";"Pando Department";"27";"BO";"06";"N";"-10.79889010";"-66.99880110";"Q235362";;"2021-08-30 05:26:31";"System";"2021-08-30 05:26:31";"System"
"3380";"La Paz Department";"27";"BO";"04";"L";;;"Q272784";;"2021-08-30 05:26:31";"System";"2021-08-30 05:26:31";"System"
"3381";"Cochabamba Department";"27";"BO";"02";"C";"-17.56816750";"-65.47573600";"Q233917";;"2021-08-30 05:26:31";"System";"2021-08-30 05:26:31";"System"
"3382";"Chuquisaca Department";"27";"BO";"01";"H";"-20.02491440";"-64.14782360";"Q235110";;"2021-08-30 05:26:31";"System";"2021-08-30 05:26:31";"System"
"3383";"Potosí Department";"27";"BO";"07";"P";"-20.62471300";"-66.99880110";"Q238079";;"2021-08-30 05:26:31";"System";"2021-08-30 05:26:31";"System"
"3384";"Saint George Parish";"188";"VC";"04";"04";"42.95760900";"-81.32670500";"Q2300294";;"2021-08-30 05:26:31";"System";"2021-08-30 05:26:31";"System"
"3385";"Saint Patrick Parish";"188";"VC";"05";"05";"39.75091860";"-94.84505560";"Q1864637";;"2021-08-30 05:26:31";"System";"2021-08-30 05:26:31";"System"
"3386";"Saint Andrew Parish";"188";"VC";"02";"02";"43.02429990";"-81.20250000";"Q2305115";;"2021-08-30 05:26:31";"System";"2021-08-30 05:26:31";"System"
"3387";"Saint David Parish";"188";"VC";"03";"03";"43.85230950";"-79.52366540";"Q2412394";;"2021-08-30 05:26:31";"System";"2021-08-30 05:26:31";"System"
"3388";"Grenadines Parish";"188";"VC";"06";"06";"13.01229650";"-61.22773010";"Q2545297";;"2021-08-30 05:26:31";"System";"2021-08-30 05:26:31";"System"
"3389";"Charlotte Parish";"188";"VC";"01";"01";"13.21754510";"-61.16362440";"Q2075188";;"2021-08-30 05:26:31";"System";"2021-08-30 05:26:31";"System"
"3390";"Sharjah Emirate";"231";"AE";"06";"SH";"25.07539740";"55.75784030";"Q188810";;"2021-08-30 05:26:31";"System";"2021-08-30 05:26:31";"System"
"3391";"Dubai";"231";"AE";"03";"DU";"25.20484930";"55.27078280";"Q613";;"2021-08-30 05:26:31";"System";"2021-08-30 05:26:31";"System"
"3392";"Umm al-Quwain";"231";"AE";"07";"UQ";"25.54263240";"55.54753480";"Q175021";;"2021-08-30 05:26:31";"System";"2021-08-30 05:26:31";"System"
"3393";"Fujairah";"231";"AE";"04";"FU";"25.12880990";"56.32648490";"Q4091";;"2021-08-30 05:26:31";"System";"2021-08-30 05:26:31";"System"
"3394";"Ras al-Khaimah";"231";"AE";"05";"RK";"25.67413430";"55.98041730";"Q170024";;"2021-08-30 05:26:31";"System";"2021-08-30 05:26:31";"System"
"3395";"Ajman Emirate";"231";"AE";"02";"AJ";"25.40521650";"55.51364330";"Q159477";;"2021-08-30 05:26:31";"System";"2021-08-30 05:26:31";"System"
"3396";"Abu Dhabi Emirate";"231";"AE";"01";"AZ";"24.45388400";"54.37734380";"Q187712";;"2021-08-30 05:26:31";"System";"2021-08-30 05:26:31";"System"
"3397";"districts of Republican Subordination";"217";"TJ";"RR";"RA";"39.08579020";"70.24083250";"Q633490";;"2021-08-30 05:26:31";"System";"2021-08-30 05:26:31";"System"
"3398";"Khatlon Province";"217";"TJ";"02";"KT";"37.91135620";"69.09702300";"Q633511";;"2021-08-30 05:26:31";"System";"2021-08-30 05:26:31";"System"
"3399";"Gorno-Badakhshan Autonomous Province";"217";"TJ";"01";"GB";"38.41273200";"73.08774900";"Q207319";;"2021-08-30 05:26:31";"System";"2021-08-30 05:26:31";"System"
"3400";"Sughd Province";"217";"TJ";"03";"SU";"39.51553260";"69.09702300";"Q241582";;"2021-08-30 05:26:31";"System";"2021-08-30 05:26:31";"System"
"3401";"Tainan County";"216";"TW";"03";"TNQ";"22.99972810";"120.22702770";"Q477601";;"2021-08-30 05:26:31";"System";"2021-08-30 05:26:31";"System"
"3402";"Yilan County";"216";"TW";"03";"ILA";"24.70210730";"121.73775020";"Q237258";;"2021-08-30 05:26:31";"System";"2021-08-30 05:26:31";"System"
"3403";"Penghu County";"216";"TW";"03";"PEN";"23.57118990";"119.57931570";"Q198525";;"2021-08-30 05:26:31";"System";"2021-08-30 05:26:31";"System"
"3404";"Changhua County";"216";"TW";"03";"CHA";"24.05179630";"120.51613520";"Q133865";;"2021-08-30 05:26:31";"System";"2021-08-30 05:26:31";"System"
"3405";"Pingtung County";"216";"TW";"03";"PIF";"22.55197590";"120.54875970";"Q194989";;"2021-08-30 05:26:31";"System";"2021-08-30 05:26:31";"System"
"3406";"Taichung";"216";"TW";"03";"TXG";"24.14773580";"120.67364820";"Q245023";;"2021-08-30 05:26:31";"System";"2021-08-30 05:26:31";"System"
"3407";"Nantou County";"216";"TW";"03";"NAN";"23.96099810";"120.97186380";"Q82357";;"2021-08-30 05:26:31";"System";"2021-08-30 05:26:31";"System"
"3408";"Chiayi County";"216";"TW";"03";"CYI";"23.45184280";"120.25546150";"Q166977";;"2021-08-30 05:26:31";"System";"2021-08-30 05:26:31";"System"
"3409";"Kaohsiung County";"216";"TW";"03";"KHQ";"22.62727840";"120.30143530";"Q219147";;"2021-08-30 05:26:31";"System";"2021-08-30 05:26:31";"System"
"3410";"Taitung County";"216";"TW";"03";"TTT";"22.79724470";"121.07137020";"Q249904";;"2021-08-30 05:26:31";"System";"2021-08-30 05:26:31";"System"
"3411";"Hualien County";"216";"TW";"03";"HUA";"23.98715890";"121.60157140";"Q249868";;"2021-08-30 05:26:31";"System";"2021-08-30 05:26:31";"System"
"3412";"Kaohsiung";"216";"TW";"02";"KHH";"22.62727840";"120.30143530";"Q181557";;"2021-08-30 05:26:31";"System";"2021-08-30 05:26:31";"System"
"3413";"Miaoli County";"216";"TW";"02";"MIA";"24.56015900";"120.82142650";"Q63706";;"2021-08-30 05:26:31";"System";"2021-08-30 05:26:31";"System"
"3414";"Taichung County";"216";"TW";"02";"TXQ";"24.14773580";"120.67364820";"Q701682";;"2021-08-30 05:26:31";"System";"2021-08-30 05:26:31";"System"
"3415";"Kinmen";"216";"TW";"02";"KIN";"24.34877920";"118.32856440";"Q249870";;"2021-08-30 05:26:31";"System";"2021-08-30 05:26:31";"System"
"3416";"Yunlin County";"216";"TW";"02";"YUN";"23.70920330";"120.43133730";"Q153221";;"2021-08-30 05:26:31";"System";"2021-08-30 05:26:31";"System"
"3417";"Hsinchu";"216";"TW";"02";"HSZ";"24.81382870";"120.96747980";"Q249994";;"2021-08-30 05:26:31";"System";"2021-08-30 05:26:31";"System"
"3418";"Chiayi City";"216";"TW";"02";"CYQ";"23.48007510";"120.44911130";"Q249995";;"2021-08-30 05:26:31";"System";"2021-08-30 05:26:31";"System"
"3419";"Taoyuan City";"216";"TW";"02";"TAO";"24.99362810";"121.30097980";"Q115256";;"2021-08-30 05:26:31";"System";"2021-08-30 05:26:31";"System"
"3420";"Lienchiang County";"216";"TW";"02";"LIE";"26.15055560";"119.92888890";"Q249872";;"2021-08-30 05:26:31";"System";"2021-08-30 05:26:31";"System"
"3421";"Tainan";"216";"TW";"02";"TNN";"22.99972810";"120.22702770";"Q140631";;"2021-08-30 05:26:31";"System";"2021-08-30 05:26:31";"System"
"3422";"Taipei";"216";"TW";"03";"TPE";"25.03296940";"121.56541770";"Q1867";;"2021-08-30 05:26:31";"System";"2021-08-30 05:26:31";"System"
"3423";"Hsinchu County";"216";"TW";"03";"HSQ";"24.83872260";"121.01772460";"Q74054";;"2021-08-30 05:26:31";"System";"2021-08-30 05:26:31";"System"
"3424";"Northern Red Sea Region";"68";"ER";"06";"SK";"16.25839970";"38.82054540";"Q27910";;"2021-08-30 05:26:31";"System";"2021-08-30 05:26:31";"System"
"3425";"Anseba Region";"68";"ER";"01";"AN";"16.47455310";"37.80876930";"Q569468";;"2021-08-30 05:26:31";"System";"2021-08-30 05:26:31";"System"
"3426";"Maekel Region";"68";"ER";"05";"MA";"15.35514090";"38.86236830";"Q27710";;"2021-08-30 05:26:31";"System";"2021-08-30 05:26:31";"System"
"3427";"Debub Region";"68";"ER";"02";"DU";"14.94786920";"39.15436770";"Q27728";;"2021-08-30 05:26:31";"System";"2021-08-30 05:26:31";"System"
"3428";"Gash-Barka Region";"68";"ER";"04";"GB";"15.40688250";"37.63866220";"Q873012";;"2021-08-30 05:26:31";"System";"2021-08-30 05:26:31";"System"
"3429";"Southern Red Sea Region";"68";"ER";"03";"DK";"13.51371030";"41.76064720";"Q27928";;"2021-08-30 05:26:31";"System";"2021-08-30 05:26:31";"System"
"3430";"Southern Peninsula Region";"100";"IS";"43";"2";"63.91548030";"-22.36496670";"Q212768";;"2021-08-30 05:26:31";"System";"2021-08-30 05:26:31";"System"
"3431";"Capital Region";"100";"IS";"39";"1";"38.56569570";"-92.18169490";"Q203304";;"2021-08-30 05:26:31";"System";"2021-08-30 05:26:31";"System"
"3432";"Westfjords";"100";"IS";"44";"4";"65.91961500";"-21.88117640";"Q727267";;"2021-08-30 05:26:31";"System";"2021-08-30 05:26:31";"System"
"3433";"Eastern Region";"100";"IS";"38";"7";;;"Q220663";;"2021-08-30 05:26:31";"System";"2021-08-30 05:26:31";"System"
"3434";"Southern Region";"100";"IS";"42";"8";;;"Q204796";;"2021-08-30 05:26:31";"System";"2021-08-30 05:26:31";"System"
"3435";"Northwestern Region";"100";"IS";"41";"5";"41.91339320";"-73.04716880";"Q210866";;"2021-08-30 05:26:31";"System";"2021-08-30 05:26:31";"System"
"3436";"Western Region";"100";"IS";"45";"3";;;"Q221791";;"2021-08-30 05:26:31";"System";"2021-08-30 05:26:31";"System"
"3437";"Northeastern Region";"100";"IS";"40";"6";"43.29942850";"-74.21793260";"Q241551";;"2021-08-30 05:26:31";"System";"2021-08-30 05:26:31";"System"
"3438";"Río Muni";"67";"GQ";"40";"C";"1.46106060";"9.67868940";"Q845368";;"2021-08-30 05:26:31";"System";"2021-08-30 05:26:31";"System"
"3439";"Kié-Ntem Province";"67";"GQ";"07";"KN";"2.02809300";"11.07117580";"Q853393";;"2021-08-30 05:26:31";"System";"2021-08-30 05:26:31";"System"
"3440";"Wele-Nzas Province";"67";"GQ";"09";"WN";"1.41661620";"11.07117580";"Q853400";;"2021-08-30 05:26:31";"System";"2021-08-30 05:26:31";"System"
"3441";"Litoral Province";"67";"GQ";"08";"LI";"1.57502440";"9.81249350";"Q203873";;"2021-08-30 05:26:31";"System";"2021-08-30 05:26:31";"System"
"3442";"Insular Region";"67";"GQ";"08";"I";"37.09024000";"-95.71289100";"Q3040071";;"2021-08-30 05:26:31";"System";"2021-08-30 05:26:31";"System"
"3443";"Bioko Sur Province";"67";"GQ";"05";"BS";"3.42097850";"8.61606740";"Q845817";;"2021-08-30 05:26:31";"System";"2021-08-30 05:26:31";"System"
"3444";"Annobón Province";"67";"GQ";"03";"AN";"-1.42687820";"5.63528010";"Q3736616";;"2021-08-30 05:26:31";"System";"2021-08-30 05:26:31";"System"
"3445";"Centro Sur Province";"67";"GQ";"06";"CS";"1.34360840";"10.43965600";"Q845823";;"2021-08-30 05:26:31";"System";"2021-08-30 05:26:31";"System"
"3446";"Bioko Norte Province";"67";"GQ";"04";"BN";"3.65950720";"8.79218360";"Q845834";;"2021-08-30 05:26:31";"System";"2021-08-30 05:26:31";"System"
"3447";"Chihuahua";"142";"MX";"06";"CHH";"28.63299570";"-106.06910040";"Q655";;"2021-08-30 05:26:31";"System";"2021-08-30 05:26:31";"System"
"3448";"Oaxaca";"142";"MX";"20";"OAX";"17.07318420";"-96.72658890";"Q34110";;"2021-08-30 05:26:31";"System";"2021-08-30 05:26:31";"System"
"3449";"Sinaloa";"142";"MX";"25";"SIN";"25.17210910";"-107.47951730";"Q80252";;"2021-08-30 05:26:31";"System";"2021-08-30 05:26:31";"System"
"3450";"México";"142";"MX";"15";"MEX";"23.63450100";"-102.55278400";"Q82112";;"2021-08-30 05:26:31";"System";"2021-08-30 05:26:31";"System"
"3451";"Chiapas";"142";"MX";"05";"CHP";"16.75693180";"-93.12923530";"Q60123";;"2021-08-30 05:26:31";"System";"2021-08-30 05:26:31";"System"
"3452";"Nuevo León";"142";"MX";"19";"NLE";"25.59217200";"-99.99619470";"Q15282";;"2021-08-30 05:26:31";"System";"2021-08-30 05:26:31";"System"
"3453";"Durango";"142";"MX";"10";"DUR";"37.27528000";"-107.88006670";"Q79918";;"2021-08-30 05:26:31";"System";"2021-08-30 05:26:31";"System"
"3454";"Tabasco";"142";"MX";"27";"TAB";"17.84091730";"-92.61892730";"Q80914";;"2021-08-30 05:26:31";"System";"2021-08-30 05:26:31";"System"
"3455";"Querétaro";"142";"MX";"22";"QUE";"20.58879320";"-100.38988810";"Q79754";;"2021-08-30 05:26:31";"System";"2021-08-30 05:26:31";"System"
"3456";"Aguascalientes";"142";"MX";"01";"AGU";"21.88525620";"-102.29156770";"Q79952";;"2021-08-30 05:26:31";"System";"2021-08-30 05:26:31";"System"
"3457";"Baja California";"142";"MX";"02";"BCN";"30.84063380";"-115.28375850";"Q58731";;"2021-08-30 05:26:31";"System";"2021-08-30 05:26:31";"System"
"3458";"Tlaxcala";"142";"MX";"29";"TLA";"19.31815400";"-98.23749540";"Q82681";;"2021-08-30 05:26:31";"System";"2021-08-30 05:26:31";"System"
"3459";"Guerrero";"142";"MX";"12";"GRO";"17.43919260";"-99.54509740";"Q60158";;"2021-08-30 05:26:31";"System";"2021-08-30 05:26:31";"System"
"3460";"Baja California Sur";"142";"MX";"03";"BCS";"26.04444460";"-111.66607250";"Q46508";;"2021-08-30 05:26:31";"System";"2021-08-30 05:26:31";"System"
"3461";"San Luis Potosí";"142";"MX";"24";"SLP";"22.15646990";"-100.98554090";"Q78980";;"2021-08-30 05:26:31";"System";"2021-08-30 05:26:31";"System"
"3462";"Zacatecas";"142";"MX";"32";"ZAC";"22.77085550";"-102.58324260";"Q80269";;"2021-08-30 05:26:31";"System";"2021-08-30 05:26:31";"System"
"3463";"Tamaulipas";"142";"MX";"28";"TAM";"24.26694000";"-98.83627550";"Q80007";;"2021-08-30 05:26:31";"System";"2021-08-30 05:26:31";"System"
"3464";"Veracruz";"142";"MX";"30";"VER";"19.17377300";"-96.13422410";"Q60130";;"2021-08-30 05:26:31";"System";"2021-08-30 05:26:31";"System"
"3465";"Morelos";"142";"MX";"17";"MOR";"18.68130490";"-99.10134980";"Q66117";;"2021-08-30 05:26:31";"System";"2021-08-30 05:26:31";"System"
"3466";"Yucatán";"142";"MX";"31";"YUC";"20.70987860";"-89.09433770";"Q60176";;"2021-08-30 05:26:31";"System";"2021-08-30 05:26:31";"System"
"3467";"Quintana Roo";"142";"MX";"23";"ROO";"19.18173930";"-88.47913760";"Q80245";;"2021-08-30 05:26:31";"System";"2021-08-30 05:26:31";"System"
"3468";"Sonora";"142";"MX";"26";"SON";"37.98294960";"-120.38217240";"Q46422";;"2021-08-30 05:26:31";"System";"2021-08-30 05:26:31";"System"
"3469";"Guanajuato";"142";"MX";"11";"GUA";"21.01901450";"-101.25735860";"Q46475";;"2021-08-30 05:26:31";"System";"2021-08-30 05:26:31";"System"
"3470";"Hidalgo";"142";"MX";"13";"HID";"26.10035470";"-98.26306840";"Q80903";;"2021-08-30 05:26:31";"System";"2021-08-30 05:26:31";"System"
"3471";"Coahuila";"142";"MX";"07";"COA";"27.05867600";"-101.70682940";"Q53079";;"2021-08-30 05:26:31";"System";"2021-08-30 05:26:31";"System"
"3472";"Colima";"142";"MX";"08";"COL";"19.24523420";"-103.72408680";"Q61309";;"2021-08-30 05:26:31";"System";"2021-08-30 05:26:31";"System"
"3473";"Mexico City";"142";"MX";"09";"CMX";"19.43260770";"-99.13320800";"Q1489";;"2021-08-30 05:26:31";"System";"2021-08-30 05:26:31";"System"
"3474";"Michoacán";"142";"MX";"16";"MIC";"19.56651920";"-101.70682940";"Q79861";;"2021-08-30 05:26:31";"System";"2021-08-30 05:26:31";"System"
"3475";"Campeche";"142";"MX";"04";"CAM";"19.83012510";"-90.53490870";"Q80908";;"2021-08-30 05:26:31";"System";"2021-08-30 05:26:31";"System"
"3476";"Puebla";"142";"MX";"21";"PUE";"19.04143980";"-98.20627270";"Q79923";;"2021-08-30 05:26:31";"System";"2021-08-30 05:26:31";"System"
"3477";"Nayarit";"142";"MX";"18";"NAY";"21.75138440";"-104.84546190";"Q79920";;"2021-08-30 05:26:31";"System";"2021-08-30 05:26:31";"System"
"3478";"Krabi";"219";"TH";"63";"81";"8.08629970";"98.90628350";"Q236769";;"2021-08-30 05:26:31";"System";"2021-08-30 05:26:31";"System"
"3479";"Ranong";"219";"TH";"59";"85";"9.95287020";"98.60846410";"Q236802";;"2021-08-30 05:26:31";"System";"2021-08-30 05:26:31";"System"
"3480";"Nong Bua Lam Phu";"219";"TH";"79";"39";"17.22182470";"102.42603680";"Q261241";;"2021-08-30 05:26:31";"System";"2021-08-30 05:26:31";"System"
"3481";"Samut Prakan";"219";"TH";"42";"11";"13.59909610";"100.59983190";"Q271529";;"2021-08-30 05:26:31";"System";"2021-08-30 05:26:31";"System"
"3482";"Surat Thani";"219";"TH";"60";"84";"9.13419490";"99.33341980";"Q240463";;"2021-08-30 05:26:31";"System";"2021-08-30 05:26:31";"System"
"3483";"Lamphun";"219";"TH";"05";"51";"18.57446060";"99.00872210";"Q240540";;"2021-08-30 05:26:31";"System";"2021-08-30 05:26:31";"System"
"3484";"Nong Khai";"219";"TH";"17";"43";"17.87828030";"102.74126380";"Q327737";;"2021-08-30 05:26:31";"System";"2021-08-30 05:26:31";"System"
"3485";"Khon Kaen";"219";"TH";"22";"40";"16.43219380";"102.82362140";"Q327533";;"2021-08-30 05:26:31";"System";"2021-08-30 05:26:31";"System"
"3486";"Chanthaburi";"219";"TH";"48";"22";"12.61124850";"102.10378060";"Q327730";;"2021-08-30 05:26:31";"System";"2021-08-30 05:26:31";"System"
"3487";"Saraburi";"219";"TH";"37";"19";"14.52891540";"100.91014210";"Q337627";;"2021-08-30 05:26:31";"System";"2021-08-30 05:26:31";"System"
"3488";"Phatthalung";"219";"TH";"66";"93";"7.61668230";"100.07402310";"Q243808";;"2021-08-30 05:26:31";"System";"2021-08-30 05:26:31";"System"
"3489";"Uttaradit";"219";"TH";"10";"53";"17.62008860";"100.09929420";"Q273794";;"2021-08-30 05:26:31";"System";"2021-08-30 05:26:31";"System"
"3490";"Sing Buri";"219";"TH";"33";"17";"14.89362530";"100.39673140";"Q334836";;"2021-08-30 05:26:31";"System";"2021-08-30 05:26:31";"System"
"3491";"Chiang Mai";"219";"TH";"02";"50";"18.78834390";"98.98530080";"Q233588";;"2021-08-30 05:26:31";"System";"2021-08-30 05:26:31";"System"
"3492";"Nakhon Sawan";"219";"TH";"16";"60";"15.69873820";"100.11996000";"Q239844";;"2021-08-30 05:26:31";"System";"2021-08-30 05:26:31";"System"
"3493";"Yala";"219";"TH";"70";"95";"44.05791170";"-123.16538480";"Q242977";;"2021-08-30 05:26:31";"System";"2021-08-30 05:26:31";"System"
"3494";"Phra Nakhon Si Ayutthaya";"219";"TH";"36";"14";"14.36923250";"100.58766340";"Q476222";;"2021-08-30 05:26:31";"System";"2021-08-30 05:26:31";"System"
"3495";"Nonthaburi";"219";"TH";"38";"12";"13.85910840";"100.52165080";"Q242932";;"2021-08-30 05:26:31";"System";"2021-08-30 05:26:31";"System"
"3496";"Trat";"219";"TH";"49";"23";"12.24275630";"102.51747340";"Q241884";;"2021-08-30 05:26:31";"System";"2021-08-30 05:26:31";"System"
"3497";"Nakhon Ratchasima";"219";"TH";"27";"30";"14.97384930";"102.08365200";"Q271737";;"2021-08-30 05:26:31";"System";"2021-08-30 05:26:31";"System"
"3498";"Chiang Rai";"219";"TH";"03";"57";"19.91047980";"99.84057600";"Q236419";;"2021-08-30 05:26:31";"System";"2021-08-30 05:26:31";"System"
"3499";"Ratchaburi";"219";"TH";"52";"70";"13.52828930";"99.81342110";"Q335492";;"2021-08-30 05:26:31";"System";"2021-08-30 05:26:31";"System"
"3500";"Pathum Thani";"219";"TH";"39";"13";"14.02083910";"100.52502760";"Q459748";;"2021-08-30 05:26:31";"System";"2021-08-30 05:26:31";"System"
"3501";"Sakon Nakhon";"219";"TH";"20";"47";"17.16642110";"104.14860550";"Q382125";;"2021-08-30 05:26:31";"System";"2021-08-30 05:26:31";"System"
"3502";"Samut Songkhram";"219";"TH";"54";"75";"13.40982170";"100.00226450";"Q459742";;"2021-08-30 05:26:31";"System";"2021-08-30 05:26:31";"System"
"3503";"Nakhon Pathom";"219";"TH";"53";"73";"13.81402930";"100.03729290";"Q334841";;"2021-08-30 05:26:31";"System";"2021-08-30 05:26:31";"System"
"3504";"Samut Sakhon";"219";"TH";"55";"74";"13.54752160";"100.27439560";"Q334686";;"2021-08-30 05:26:31";"System";"2021-08-30 05:26:31";"System"
"3505";"Mae Hong Son";"219";"TH";"01";"58";"19.30202960";"97.96543680";"Q269270";;"2021-08-30 05:26:31";"System";"2021-08-30 05:26:31";"System"
"3506";"Phitsanulok";"219";"TH";"12";"65";"16.82112380";"100.26585160";"Q275781";;"2021-08-30 05:26:31";"System";"2021-08-30 05:26:31";"System"
"3507";"Pattaya";"219";"TH";"12";"S";"12.92355570";"100.88245510";"Q170919";;"2021-08-30 05:26:31";"System";"2021-08-30 05:26:31";"System"
"3508";"Prachuap Khiri Khan";"219";"TH";"57";"77";"11.79383890";"99.79575640";"Q244628";;"2021-08-30 05:26:31";"System";"2021-08-30 05:26:31";"System"
"3509";"Loei";"219";"TH";"18";"42";"17.48602320";"101.72230020";"Q275388";;"2021-08-30 05:26:31";"System";"2021-08-30 05:26:31";"System"
"3510";"Roi Et";"219";"TH";"25";"45";"16.05381960";"103.65200360";"Q625463";;"2021-08-30 05:26:31";"System";"2021-08-30 05:26:31";"System"
"3511";"Kanchanaburi";"219";"TH";"50";"71";"14.10113930";"99.41794310";"Q275740";;"2021-08-30 05:26:31";"System";"2021-08-30 05:26:31";"System"
"3512";"Ubon Ratchathani";"219";"TH";"75";"34";"15.24484530";"104.84729950";"Q629024";;"2021-08-30 05:26:31";"System";"2021-08-30 05:26:31";"System"
"3513";"Chon Buri";"219";"TH";"46";"20";"13.36114310";"100.98467170";"Q207068";;"2021-08-30 05:26:31";"System";"2021-08-30 05:26:31";"System"
"3514";"Phichit";"219";"TH";"13";"66";"16.27408760";"100.33469910";"Q237874";;"2021-08-30 05:26:31";"System";"2021-08-30 05:26:31";"System"
"3515";"Phetchabun";"219";"TH";"14";"67";"16.30166900";"101.11928040";"Q240520";;"2021-08-30 05:26:31";"System";"2021-08-30 05:26:31";"System"
"3516";"Kamphaeng Phet";"219";"TH";"11";"62";"16.48277980";"99.52266180";"Q273807";;"2021-08-30 05:26:31";"System";"2021-08-30 05:26:31";"System"
"3517";"Maha Sarakham";"219";"TH";"24";"44";"16.01320150";"103.16151690";"Q468554";;"2021-08-30 05:26:31";"System";"2021-08-30 05:26:31";"System"
"3518";"Rayong";"219";"TH";"47";"21";"12.68139570";"101.28162610";"Q335221";;"2021-08-30 05:26:31";"System";"2021-08-30 05:26:31";"System"
"3519";"Ang Thong";"219";"TH";"35";"15";"14.58960540";"100.45505200";"Q243795";;"2021-08-30 05:26:31";"System";"2021-08-30 05:26:31";"System"
"3520";"Nakhon Si Thammarat";"219";"TH";"64";"80";"8.43248310";"99.95990330";"Q244691";;"2021-08-30 05:26:31";"System";"2021-08-30 05:26:31";"System"
"3521";"Yasothon";"219";"TH";"72";"35";"15.79264100";"104.14528270";"Q506598";;"2021-08-30 05:26:31";"System";"2021-08-30 05:26:31";"System"
"3522";"Chai Nat";"219";"TH";"32";"18";"15.18519710";"100.12512500";"Q459759";;"2021-08-30 05:26:31";"System";"2021-08-30 05:26:31";"System"
"3523";"Amnat Charoen";"219";"TH";"77";"37";"15.86567830";"104.62577740";"Q243791";;"2021-08-30 05:26:31";"System";"2021-08-30 05:26:31";"System"
"3524";"Suphan Buri";"219";"TH";"51";"72";"14.47448920";"100.11771280";"Q272247";;"2021-08-30 05:26:31";"System";"2021-08-30 05:26:31";"System"
"3525";"Tak";"219";"TH";"08";"63";"45.02996460";"-93.10498150";"Q275758";;"2021-08-30 05:26:31";"System";"2021-08-30 05:26:31";"System"
"3526";"Chumphon";"219";"TH";"58";"86";"10.49304960";"99.18001990";"Q244695";;"2021-08-30 05:26:31";"System";"2021-08-30 05:26:31";"System"
"3527";"Udon Thani";"219";"TH";"76";"41";"17.36469690";"102.81589240";"Q380752";;"2021-08-30 05:26:31";"System";"2021-08-30 05:26:31";"System"
"3528";"Phrae";"219";"TH";"07";"54";"18.14457740";"100.14028310";"Q244652";;"2021-08-30 05:26:31";"System";"2021-08-30 05:26:31";"System"
"3529";"Sa Kaeo";"219";"TH";"80";"27";"13.82403800";"102.06458390";"Q381889";;"2021-08-30 05:26:31";"System";"2021-08-30 05:26:31";"System"
"3530";"Nan";"219";"TH";"04";"55";"45.52220800";"-122.98632810";"Q244698";;"2021-08-30 05:26:31";"System";"2021-08-30 05:26:31";"System"
"3531";"Surin";"219";"TH";"29";"32";"37.03582710";"-95.62763670";"Q380757";;"2021-08-30 05:26:31";"System";"2021-08-30 05:26:31";"System"
"3532";"Phetchaburi";"219";"TH";"56";"76";"12.96492150";"99.64258830";"Q244699";;"2021-08-30 05:26:31";"System";"2021-08-30 05:26:31";"System"
"3533";"Bueng Kan";"219";"TH";"81";"38";"18.36091040";"103.64644630";"Q1001862";;"2021-08-30 05:26:31";"System";"2021-08-30 05:26:31";"System"
"3534";"Buri Ram";"219";"TH";"28";"31";"14.99510030";"103.11159150";"Q327510";;"2021-08-30 05:26:31";"System";"2021-08-30 05:26:31";"System"
"3535";"Nakhon Nayok";"219";"TH";"43";"26";"14.20694660";"101.21305110";"Q466212";;"2021-08-30 05:26:31";"System";"2021-08-30 05:26:31";"System"
"3536";"Phuket";"219";"TH";"62";"83";"7.88044790";"98.39225040";"Q182565";;"2021-08-30 05:26:31";"System";"2021-08-30 05:26:31";"System"
"3537";"Satun";"219";"TH";"67";"91";"6.62381580";"100.06737440";"Q236263";;"2021-08-30 05:26:31";"System";"2021-08-30 05:26:31";"System"
"3538";"Phayao";"219";"TH";"41";"56";"19.21543670";"100.20236920";"Q244618";;"2021-08-30 05:26:31";"System";"2021-08-30 05:26:31";"System"
"3539";"Songkhla";"219";"TH";"68";"90";"7.18976590";"100.59538130";"Q235574";;"2021-08-30 05:26:31";"System";"2021-08-30 05:26:31";"System"
"3540";"Pattani";"219";"TH";"69";"94";"6.76183080";"101.32325490";"Q236781";;"2021-08-30 05:26:31";"System";"2021-08-30 05:26:31";"System"
"3541";"Trang";"219";"TH";"65";"92";"7.56448330";"99.62393340";"Q243805";;"2021-08-30 05:26:31";"System";"2021-08-30 05:26:31";"System"
"3542";"Prachin Buri";"219";"TH";"74";"25";"14.04206990";"101.66008740";"Q321324";;"2021-08-30 05:26:31";"System";"2021-08-30 05:26:31";"System"
"3543";"Lop Buri";"219";"TH";"34";"16";"14.79950810";"100.65337060";"Q336122";;"2021-08-30 05:26:31";"System";"2021-08-30 05:26:31";"System"
"3544";"Lampang";"219";"TH";"06";"52";"18.28553950";"99.51278950";"Q240495";;"2021-08-30 05:26:31";"System";"2021-08-30 05:26:31";"System"
"3545";"Sukhothai";"219";"TH";"09";"64";"43.64855560";"-79.37466390";"Q380764";;"2021-08-30 05:26:31";"System";"2021-08-30 05:26:31";"System"
"3546";"Mukdahan";"219";"TH";"78";"49";"16.54359140";"104.70241210";"Q335119";;"2021-08-30 05:26:31";"System";"2021-08-30 05:26:31";"System"
"3547";"Si Sa Ket";"219";"TH";"30";"33";"15.11860090";"104.32200950";"Q380761";;"2021-08-30 05:26:31";"System";"2021-08-30 05:26:31";"System"
"3548";"Nakhon Phanom";"219";"TH";"73";"48";"17.39203900";"104.76955080";"Q468547";;"2021-08-30 05:26:31";"System";"2021-08-30 05:26:31";"System"
"3549";"Phangnga";"219";"TH";"61";"82";"8.45014140";"98.52553170";"Q273306";;"2021-08-30 05:26:31";"System";"2021-08-30 05:26:31";"System"
"3550";"Kalasin";"219";"TH";"23";"46";"16.43850800";"103.50609940";"Q382144";;"2021-08-30 05:26:31";"System";"2021-08-30 05:26:31";"System"
"3551";"Uthai Thani";"219";"TH";"15";"61";"15.38350010";"100.02455270";"Q244649";;"2021-08-30 05:26:31";"System";"2021-08-30 05:26:31";"System"
"3552";"Chachoengsao";"219";"TH";"44";"24";"13.69041940";"101.07795960";"Q334906";;"2021-08-30 05:26:31";"System";"2021-08-30 05:26:31";"System"
"3553";"Narathiwat";"219";"TH";"31";"96";"6.42546070";"101.82531430";"Q271442";;"2021-08-30 05:26:31";"System";"2021-08-30 05:26:31";"System"
"3554";"Bangkok";"219";"TH";"40";"10";"13.75633090";"100.50176510";"Q1861";;"2021-08-30 05:26:31";"System";"2021-08-30 05:26:31";"System"
"3555";"Hiiu County";"69";"EE";"02";"39";"58.92395530";"22.59194680";"Q1466462";;"2021-08-30 05:26:31";"System";"2021-08-30 05:26:31";"System"
"3556";"Viljandi County";"69";"EE";"20";"84";"58.28217460";"25.57522330";"Q192061";;"2021-08-30 05:26:31";"System";"2021-08-30 05:26:31";"System"
"3557";"Tartu County";"69";"EE";"18";"78";"58.40571280";"26.80157600";"Q192370";;"2021-08-30 05:26:31";"System";"2021-08-30 05:26:31";"System"
"3558";"Valga County";"69";"EE";"19";"82";"57.91034410";"26.16018190";"Q192362";;"2021-08-30 05:26:31";"System";"2021-08-30 05:26:31";"System"
"3559";"Rapla County";"69";"EE";"13";"70";"58.84926250";"24.73465690";"Q192352";;"2021-08-30 05:26:31";"System";"2021-08-30 05:26:31";"System"
"3560";"Võru County";"69";"EE";"21";"86";"57.73773720";"27.13989380";"Q188076";;"2021-08-30 05:26:31";"System";"2021-08-30 05:26:31";"System"
"3561";"Saare County";"69";"EE";"14";"74";"58.48497210";"22.61364080";"Q203272";;"2021-08-30 05:26:31";"System";"2021-08-30 05:26:31";"System"
"3562";"Pärnu County";"69";"EE";"11";"67";"58.52619520";"24.40201590";"Q185036";;"2021-08-30 05:26:31";"System";"2021-08-30 05:26:31";"System"
"3563";"Põlva County";"69";"EE";"12";"65";"58.11606220";"27.20663940";"Q191813";;"2021-08-30 05:26:31";"System";"2021-08-30 05:26:31";"System"
"3564";"Lääne-Viru County";"69";"EE";"08";"59";"59.30188160";"26.32803120";"Q189952";;"2021-08-30 05:26:31";"System";"2021-08-30 05:26:31";"System"
"3565";"Jõgeva County";"69";"EE";"05";"49";"58.75061430";"26.36048780";"Q189974";;"2021-08-30 05:26:31";"System";"2021-08-30 05:26:31";"System"
"3566";"Järva County";"69";"EE";"04";"51";"58.88667130";"25.50006240";"Q188068";;"2021-08-30 05:26:31";"System";"2021-08-30 05:26:31";"System"
"3567";"Harju County";"69";"EE";"01";"37";"59.33342390";"25.24669740";"Q180200";;"2021-08-30 05:26:31";"System";"2021-08-30 05:26:31";"System"
"3568";"Lääne County";"69";"EE";"07";"57";"58.97227420";"23.87408340";"Q189968";;"2021-08-30 05:26:31";"System";"2021-08-30 05:26:31";"System"
"3569";"Ida-Viru County";"69";"EE";"03";"44";"59.25926630";"27.41365350";"Q189963";;"2021-08-30 05:26:31";"System";"2021-08-30 05:26:31";"System"
"3570";"Moyen-Chari Region";"43";"TD";"17";"MC";"9.06399980";"18.42760470";"Q177799";;"2021-08-30 05:26:31";"System";"2021-08-30 05:26:31";"System"
"3571";"Mayo-Kebbi Ouest Region";"43";"TD";"20";"MO";"10.41130140";"15.59433880";"Q910393";;"2021-08-30 05:26:31";"System";"2021-08-30 05:26:31";"System"
"3572";"Sila Region";"43";"TD";"25";"SI";"12.13074000";"21.28450250";"Q1149611";;"2021-08-30 05:26:31";"System";"2021-08-30 05:26:31";"System"
"3573";"Hadjer-Lamis";"43";"TD";"18";"HL";"12.45772730";"16.72346390";"Q1042437";;"2021-08-30 05:26:31";"System";"2021-08-30 05:26:31";"System"
"3574";"Borkou";"43";"TD";"23";"BO";"17.86888450";"18.80761950";"Q1139666";;"2021-08-30 05:26:31";"System";"2021-08-30 05:26:31";"System"
"3575";"Ennedi-Est";"43";"TD";"27";"EE";"16.34204960";"23.00119890";"Q16632169";;"2021-08-30 05:26:31";"System";"2021-08-30 05:26:31";"System"
"3576";"Guéra Region";"43";"TD";"05";"GR";"11.12190150";"18.42760470";"Q175706";;"2021-08-30 05:26:31";"System";"2021-08-30 05:26:31";"System"
"3577";"Lac Region";"43";"TD";"07";"LC";"13.69153770";"14.10013260";"Q867869";;"2021-08-30 05:26:31";"System";"2021-08-30 05:26:31";"System"
"3578";"Ennedi Region";"43";"TD";"07";"EN";"17.54145780";"21.85685860";"Q748093";;"2021-08-30 05:26:31";"System";"2021-08-30 05:26:31";"System"
"3579";"Tandjilé Region";"43";"TD";"14";"TA";"9.66257290";"16.72346390";"Q867856";;"2021-08-30 05:26:31";"System";"2021-08-30 05:26:31";"System"
"3580";"Mayo-Kebbi Est Region";"43";"TD";"16";"ME";"9.40460390";"14.84546190";"Q911421";;"2021-08-30 05:26:31";"System";"2021-08-30 05:26:31";"System"
"3581";"Wadi Fira Region";"43";"TD";"02";"WF";"15.08924160";"21.47528510";"Q860813";;"2021-08-30 05:26:31";"System";"2021-08-30 05:26:31";"System"
"3582";"Ouaddaï Region";"43";"TD";"12";"OD";"13.74847600";"20.71224650";"Q841338";;"2021-08-30 05:26:31";"System";"2021-08-30 05:26:31";"System"
"3583";"Bahr el Gazel";"43";"TD";"22";"BG";"14.77022660";"16.91225100";"Q1050621";;"2021-08-30 05:26:31";"System";"2021-08-30 05:26:31";"System"
"3584";"Ennedi-Ouest";"43";"TD";"28";"EO";"18.97756300";"21.85685860";"Q16632172";;"2021-08-30 05:26:31";"System";"2021-08-30 05:26:31";"System"
"3585";"Logone Occidental Region";"43";"TD";"08";"LO";"8.75967600";"15.87600400";"Q305257";;"2021-08-30 05:26:31";"System";"2021-08-30 05:26:31";"System"
"3586";"N'Djamena";"43";"TD";"21";"ND";"12.13484570";"15.05574150";"Q3659";;"2021-08-30 05:26:31";"System";"2021-08-30 05:26:31";"System"
"3587";"Tibesti Region";"43";"TD";"26";"TI";"21.36500310";"16.91225100";"Q737711";;"2021-08-30 05:26:31";"System";"2021-08-30 05:26:31";"System"
"3588";"Kanem Region";"43";"TD";"06";"KA";"14.87812620";"15.40680790";"Q849841";;"2021-08-30 05:26:31";"System";"2021-08-30 05:26:31";"System"
"3589";"Mandoul Region";"43";"TD";"19";"MA";"8.60309100";"17.47951730";"Q597410";;"2021-08-30 05:26:31";"System";"2021-08-30 05:26:31";"System"
"3590";"Batha Region";"43";"TD";"01";"BA";"13.93717750";"18.42760470";"Q180414";;"2021-08-30 05:26:31";"System";"2021-08-30 05:26:31";"System"
"3591";"Logone Oriental Region";"43";"TD";"09";"LR";"8.31499490";"16.34637910";"Q167514";;"2021-08-30 05:26:31";"System";"2021-08-30 05:26:31";"System"
"3592";"Salamat Region";"43";"TD";"13";"SA";"10.96916010";"20.71224650";"Q385584";;"2021-08-30 05:26:31";"System";"2021-08-30 05:26:31";"System"
"3593";"Berry Islands";"17";"BS";"32";"BY";"25.62500420";"-77.82522030";"Q827173";;"2021-08-30 05:26:31";"System";"2021-08-30 05:26:31";"System"
"3594";"Nichollstown and Berry Islands";"17";"BS";"32";"NB";"25.72362340";"-77.83101040";"Q15478152";;"2021-08-30 05:26:31";"System";"2021-08-30 05:26:31";"System"
"3595";"Green Turtle Cay";"17";"BS";"28";"GT";"26.77471070";"-77.32957080";"Q3249446";;"2021-08-30 05:26:31";"System";"2021-08-30 05:26:31";"System"
"3596";"Central Eleuthera";"17";"BS";"39";"CE";"25.13620370";"-76.14359150";"Q938518";;"2021-08-30 05:26:31";"System";"2021-08-30 05:26:31";"System"
"3597";"Governor's Harbour";"17";"BS";"27";"GH";"25.19480960";"-76.24396220";"Q5589465";;"2021-08-30 05:26:31";"System";"2021-08-30 05:26:31";"System"
"3598";"High Rock";"17";"BS";"29";"HR";"46.68434150";"-121.90174610";"Q1771787";;"2021-08-30 05:26:31";"System";"2021-08-30 05:26:31";"System"
"3599";"West Grand Bahama";"17";"BS";"54";"WG";"26.65944700";"-78.52065000";"Q2702338";;"2021-08-30 05:26:31";"System";"2021-08-30 05:26:31";"System"
"3600";"Rum Cay District";"17";"BS";"49";"RC";"23.68546760";"-74.83901620";"Q21713441";;"2021-08-30 05:26:31";"System";"2021-08-30 05:26:31";"System"
"3601";"Acklins";"17";"BS";"24";"AK";"22.36577080";"-74.05351260";"Q341919";;"2021-08-30 05:26:31";"System";"2021-08-30 05:26:31";"System"
"3602";"North Eleuthera";"17";"BS";"48";"NE";"25.46475170";"-76.67592200";"Q2705535";;"2021-08-30 05:26:31";"System";"2021-08-30 05:26:31";"System"
"3603";"Central Abaco";"17";"BS";"37";"CO";"26.35550290";"-77.14851630";"Q2525371";;"2021-08-30 05:26:31";"System";"2021-08-30 05:26:31";"System"
"3604";"Marsh Harbour";"17";"BS";"31";"MH";"26.52416530";"-77.09098090";"Q1337651";;"2021-08-30 05:26:31";"System";"2021-08-30 05:26:31";"System"
"3605";"Black Point";"17";"BS";"36";"BP";"41.39510240";"-71.46505560";"Q2525298";;"2021-08-30 05:26:31";"System";"2021-08-30 05:26:31";"System"
"3606";"Sandy Point";"17";"BS";"34";"SP";"39.01454640";"-76.39989250";"Q7417405";;"2021-08-30 05:26:31";"System";"2021-08-30 05:26:31";"System"
"3607";"South Eleuthera";"17";"BS";"52";"SE";"24.77085620";"-76.21314740";"Q2699715";;"2021-08-30 05:26:31";"System";"2021-08-30 05:26:31";"System"
"3608";"South Abaco";"17";"BS";"50";"SO";"26.06405910";"-77.26350380";"Q2703192";;"2021-08-30 05:26:31";"System";"2021-08-30 05:26:31";"System"
"3609";"Inagua";"17";"BS";"13";"IN";"21.06560660";"-73.32370800";"Q1353668";;"2021-08-30 05:26:31";"System";"2021-08-30 05:26:31";"System"
"3610";"Long Island";"17";"BS";"15";"LI";"40.78914200";"-73.13496100";"Q890879";;"2021-08-30 05:26:31";"System";"2021-08-30 05:26:31";"System"
"3611";"Cat Island";"17";"BS";"06";"CI";"30.22801360";"-89.10149330";"Q1050154";;"2021-08-30 05:26:31";"System";"2021-08-30 05:26:31";"System"
"3612";"Exuma";"17";"BS";"10";"EX";"23.61925980";"-75.96954650";"Q1385577";;"2021-08-30 05:26:31";"System";"2021-08-30 05:26:31";"System"
"3613";"Harbour Island";"17";"BS";"22";"HI";"25.50011000";"-76.63405110";"Q2357510";;"2021-08-30 05:26:31";"System";"2021-08-30 05:26:31";"System"
"3614";"East Grand Bahama";"17";"BS";"41";"EG";"26.65828230";"-78.22482910";"Q2630334";;"2021-08-30 05:26:31";"System";"2021-08-30 05:26:31";"System"
"3615";"Ragged Island";"17";"BS";"18";"RI";"41.59743100";"-71.26020200";"Q1532634";;"2021-08-30 05:26:31";"System";"2021-08-30 05:26:31";"System"
"3616";"North Abaco";"17";"BS";"46";"NO";"26.78716970";"-77.43577390";"Q623327";;"2021-08-30 05:26:31";"System";"2021-08-30 05:26:31";"System"
"3617";"North Andros";"17";"BS";"47";"NS";"24.70638050";"-78.01953870";"Q2699411";;"2021-08-30 05:26:31";"System";"2021-08-30 05:26:31";"System"
"3618";"Kemps Bay";"17";"BS";"30";"KB";"24.02364000";"-77.54534900";"Q9291041";;"2021-08-30 05:26:31";"System";"2021-08-30 05:26:31";"System"
"3619";"Fresh Creek";"17";"BS";"26";"FC";"40.65437560";"-73.89479390";"Q14209513";;"2021-08-30 05:26:31";"System";"2021-08-30 05:26:31";"System"
"3620";"San Salvador and Rum Cay";"17";"BS";"35";"SR";"23.68546760";"-74.83901620";"Q7415283";;"2021-08-30 05:26:31";"System";"2021-08-30 05:26:31";"System"
"3621";"Crooked Island";"17";"BS";"40";"CK";"22.63909820";"-74.00650900";"Q1140993";;"2021-08-30 05:26:31";"System";"2021-08-30 05:26:31";"System"
"3622";"South Andros";"17";"BS";"51";"SA";"23.97135560";"-77.60778650";"Q2408672";;"2021-08-30 05:26:31";"System";"2021-08-30 05:26:31";"System"
"3623";"Rock Sound";"17";"BS";"33";"RS";"39.01424430";"-95.67089890";"Q1771799";;"2021-08-30 05:26:31";"System";"2021-08-30 05:26:31";"System"
"3624";"Hope Town";"17";"BS";"43";"HT";"26.50095040";"-76.99598720";"Q2699709";;"2021-08-30 05:26:31";"System";"2021-08-30 05:26:31";"System"
"3625";"Mangrove Cay";"17";"BS";"44";"MC";"24.14814250";"-77.76809520";"Q2702334";;"2021-08-30 05:26:31";"System";"2021-08-30 05:26:31";"System"
"3626";"Freeport";"17";"BS";"25";"FP";"42.29668610";"-89.62122710";"Q867573";;"2021-08-30 05:26:31";"System";"2021-08-30 05:26:31";"System"
"3627";"San Salvador Island";"17";"BS";"35";"SS";"24.07755460";"-74.47600880";"Q845540";;"2021-08-30 05:26:31";"System";"2021-08-30 05:26:31";"System"
"3628";"Acklins and Crooked Islands";"17";"BS";"24";"AC";"22.36577080";"-74.05351260";"Q4674283";;"2021-08-30 05:26:31";"System";"2021-08-30 05:26:31";"System"
"3629";"Bimini";"17";"BS";"05";"BI";"24.64153250";"-79.85062260";"Q863476";;"2021-08-30 05:26:31";"System";"2021-08-30 05:26:31";"System"
"3630";"Spanish Wells";"17";"BS";"53";"SW";"26.32505990";"-81.79803280";"Q1771681";;"2021-08-30 05:26:31";"System";"2021-08-30 05:26:31";"System"
"3631";"Central Andros";"17";"BS";"38";"CS";"24.46884820";"-77.97386500";"Q2096558";;"2021-08-30 05:26:31";"System";"2021-08-30 05:26:31";"System"
"3632";"Grand Cay";"17";"BS";"42";"GC";"27.21626150";"-78.32305590";"Q2524373";;"2021-08-30 05:26:31";"System";"2021-08-30 05:26:31";"System"
"3633";"Mayaguana District";"17";"BS";"16";"MG";"22.40177140";"-73.06413960";"Q21712462";;"2021-08-30 05:26:31";"System";"2021-08-30 05:26:31";"System"
"3634";"San Juan Province";"11";"AR";"18";"J";;;"Q44805";;"2021-08-30 05:26:31";"System";"2021-08-30 05:26:31";"System"
"3635";"Santiago del Estero Province";"11";"AR";"22";"G";"-27.78335740";"-64.26416700";"Q44827";;"2021-08-30 05:26:31";"System";"2021-08-30 05:26:31";"System"
"3636";"San Luis Province";"11";"AR";"19";"D";"-33.29620420";"-66.32949480";"Q44818";;"2021-08-30 05:26:31";"System";"2021-08-30 05:26:31";"System"
"3637";"Tucumán Province";"11";"AR";"24";"T";"-26.82211270";"-65.21929030";"Q44829";;"2021-08-30 05:26:31";"System";"2021-08-30 05:26:31";"System"
"3638";"Corrientes";"11";"AR";"06";"W";"-27.46921310";"-58.83063490";"Q44758";;"2021-08-30 05:26:31";"System";"2021-08-30 05:26:31";"System"
"3639";"Río Negro Province";"11";"AR";"16";"R";"-40.82614340";"-63.02663390";"Q44802";;"2021-08-30 05:26:31";"System";"2021-08-30 05:26:31";"System"
"3640";"Chaco Province";"11";"AR";"03";"H";"-27.42571750";"-59.02437840";"Q44757";;"2021-08-30 05:26:31";"System";"2021-08-30 05:26:31";"System"
"3641";"Santa Fe Province";"11";"AR";"21";"S";"-31.58551090";"-60.72380160";"Q44823";;"2021-08-30 05:26:31";"System";"2021-08-30 05:26:31";"System"
"3642";"Córdoba Province";"11";"AR";"05";"X";;;"Q44759";;"2021-08-30 05:26:31";"System";"2021-08-30 05:26:31";"System"
"3643";"Salta Province";"11";"AR";"17";"A";"-24.79976880";"-65.41503670";"Q44803";;"2021-08-30 05:26:31";"System";"2021-08-30 05:26:31";"System"
"3644";"Misiones Province";"11";"AR";"14";"N";"-27.42692550";"-55.94670760";"Q44798";;"2021-08-30 05:26:31";"System";"2021-08-30 05:26:31";"System"
"3645";"Jujuy Province";"11";"AR";"10";"Y";"-24.18433970";"-65.30217700";"Q44764";;"2021-08-30 05:26:31";"System";"2021-08-30 05:26:31";"System"
"3646";"Mendoza";"11";"AR";"13";"M";"-32.88945870";"-68.84583860";"Q44797";;"2021-08-30 05:26:31";"System";"2021-08-30 05:26:31";"System"
"3647";"Catamarca Province";"11";"AR";"02";"K";"-28.47158770";"-65.78772090";"Q44756";;"2021-08-30 05:26:31";"System";"2021-08-30 05:26:31";"System"
"3648";"Neuquén Province";"11";"AR";"15";"Q";"-38.94587000";"-68.07309250";"Q44800";;"2021-08-30 05:26:31";"System";"2021-08-30 05:26:31";"System"
"3649";"Santa Cruz Province";"11";"AR";"20";"Z";"-51.63528210";"-69.24743530";"Q44821";;"2021-08-30 05:26:31";"System";"2021-08-30 05:26:31";"System"
"3650";"Tierra del Fuego Province";"11";"AR";"23";"V";"-54.80539980";"-68.32420610";"Q44832";;"2021-08-30 05:26:31";"System";"2021-08-30 05:26:31";"System"
"3651";"Chubut Province";"11";"AR";"04";"U";"-43.29342460";"-65.11148180";"Q45007";;"2021-08-30 05:26:31";"System";"2021-08-30 05:26:31";"System"
"3652";"Formosa Province";"11";"AR";"09";"P";"-26.18948040";"-58.22428060";"Q44761";;"2021-08-30 05:26:31";"System";"2021-08-30 05:26:31";"System"
"3653";"La Rioja Province";"11";"AR";"12";"F";"-29.41937930";"-66.85599320";"Q44796";;"2021-08-30 05:26:31";"System";"2021-08-30 05:26:31";"System"
"3654";"Entre Ríos Province";"11";"AR";"08";"E";"-31.77466540";"-60.49564610";"Q44762";;"2021-08-30 05:26:31";"System";"2021-08-30 05:26:31";"System"
"3655";"La Pampa";"11";"AR";"11";"L";"-36.61475730";"-64.28392090";"Q44795";;"2021-08-30 05:26:31";"System";"2021-08-30 05:26:31";"System"
"3656";"Buenos Aires Province";"11";"AR";"07";"B";"-37.20172850";"-59.84106970";"Q1486";;"2021-08-30 05:26:31";"System";"2021-08-30 05:26:31";"System"
"3657";"Quiché Department";"90";"GT";"14";"QC";"15.49838080";"-90.98206680";"Q669802";;"2021-08-30 05:26:31";"System";"2021-08-30 05:26:31";"System"
"3658";"Jalapa Department";"90";"GT";"10";"JA";"14.61214460";"-89.96267990";"Q795441";;"2021-08-30 05:26:31";"System";"2021-08-30 05:26:31";"System"
"3659";"Izabal Department";"90";"GT";"09";"IZ";"15.49765170";"-88.86469800";"Q693658";;"2021-08-30 05:26:31";"System";"2021-08-30 05:26:31";"System"
"3660";"Suchitepéquez Department";"90";"GT";"20";"SU";"14.42159820";"-91.40482490";"Q883734";;"2021-08-30 05:26:31";"System";"2021-08-30 05:26:31";"System"
"3661";"Sololá Department";"90";"GT";"19";"SO";"14.74852300";"-91.28910360";"Q178136";;"2021-08-30 05:26:31";"System";"2021-08-30 05:26:31";"System"
"3662";"El Progreso Department";"90";"GT";"05";"PR";"14.93887320";"-90.07467670";"Q795591";;"2021-08-30 05:26:31";"System";"2021-08-30 05:26:31";"System"
"3663";"Totonicapán Department";"90";"GT";"21";"TO";"14.91734020";"-91.36139230";"Q885644";;"2021-08-30 05:26:31";"System";"2021-08-30 05:26:31";"System"
"3664";"Retalhuleu Department";"90";"GT";"15";"RE";"14.52454850";"-91.68578800";"Q888307";;"2021-08-30 05:26:31";"System";"2021-08-30 05:26:31";"System"
"3665";"Santa Rosa Department";"90";"GT";"18";"SR";"38.44057590";"-122.70375430";"Q885656";;"2021-08-30 05:26:31";"System";"2021-08-30 05:26:31";"System"
"3666";"Chiquimula Department";"90";"GT";"04";"CQ";"14.75149990";"-89.47421770";"Q753037";;"2021-08-30 05:26:31";"System";"2021-08-30 05:26:31";"System"
"3667";"San Marcos Department";"90";"GT";"17";"SM";"14.93095690";"-91.90992380";"Q883907";;"2021-08-30 05:26:31";"System";"2021-08-30 05:26:31";"System"
"3668";"Quetzaltenango Department";"90";"GT";"13";"QZ";"14.79243300";"-91.71495800";"Q844502";;"2021-08-30 05:26:31";"System";"2021-08-30 05:26:31";"System"
"3669";"Petén Department";"90";"GT";"12";"PE";"16.91203300";"-90.29957850";"Q466061";;"2021-08-30 05:26:31";"System";"2021-08-30 05:26:31";"System"
"3670";"Huehuetenango Department";"90";"GT";"08";"HU";"15.58799140";"-91.67606910";"Q842266";;"2021-08-30 05:26:31";"System";"2021-08-30 05:26:31";"System"
"3671";"Alta Verapaz Department";"90";"GT";"01";"AV";"15.59428830";"-90.14949880";"Q504637";;"2021-08-30 05:26:31";"System";"2021-08-30 05:26:31";"System"
"3672";"Guatemala Department";"90";"GT";"07";"GU";"14.56494010";"-90.52578230";"Q695660";;"2021-08-30 05:26:31";"System";"2021-08-30 05:26:31";"System"
"3673";"Jutiapa Department";"90";"GT";"11";"JU";"14.19308020";"-89.92532330";"Q765984";;"2021-08-30 05:26:31";"System";"2021-08-30 05:26:31";"System"
"3674";"Baja Verapaz Department";"90";"GT";"02";"BV";"15.12558670";"-90.37483540";"Q504647";;"2021-08-30 05:26:31";"System";"2021-08-30 05:26:31";"System"
"3675";"Chimaltenango Department";"90";"GT";"03";"CM";"14.56347870";"-90.98206680";"Q765975";;"2021-08-30 05:26:31";"System";"2021-08-30 05:26:31";"System"
"3676";"Sacatepéquez Department";"90";"GT";"16";"SA";"14.51783790";"-90.71527490";"Q508804";;"2021-08-30 05:26:31";"System";"2021-08-30 05:26:31";"System"
"3677";"Escuintla Department";"90";"GT";"06";"ES";"14.19109120";"-90.98206680";"Q795587";;"2021-08-30 05:26:31";"System";"2021-08-30 05:26:31";"System"
"3678";"Madre de Dios";"173";"PE";"17";"MDD";"-11.76687050";"-70.81199530";"Q210896";;"2021-08-30 05:26:31";"System";"2021-08-30 05:26:31";"System"
"3679";"Huancavelica";"173";"PE";"09";"HUV";"-12.78619780";"-74.97640240";"Q505220";;"2021-08-30 05:26:31";"System";"2021-08-30 05:26:31";"System"
"3680";"Áncash";"173";"PE";"02";"ANC";"-9.32504970";"-77.56194190";"Q205089";;"2021-08-30 05:26:31";"System";"2021-08-30 05:26:31";"System"
"3681";"Arequipa";"173";"PE";"04";"ARE";"-16.40904740";"-71.53745100";"Q205068";;"2021-08-30 05:26:31";"System";"2021-08-30 05:26:31";"System"
"3682";"Puno";"173";"PE";"21";"PUN";"-15.84022180";"-70.02188050";"Q205104";;"2021-08-30 05:26:31";"System";"2021-08-30 05:26:31";"System"
"3683";"La Libertad";"173";"PE";"13";"LAL";"13.49069700";"-89.30846070";"Q205126";;"2021-08-30 05:26:31";"System";"2021-08-30 05:26:31";"System"
"3684";"Ucayali";"173";"PE";"25";"UCA";"-9.82511830";"-73.08774900";"Q207424";;"2021-08-30 05:26:31";"System";"2021-08-30 05:26:31";"System"
"3685";"Amazonas";"173";"PE";"01";"AMA";;;"Q201162";;"2021-08-30 05:26:31";"System";"2021-08-30 05:26:31";"System"
"3686";"Pasco";"173";"PE";"19";"PAS";"46.23050490";"-119.09223160";"Q211208";;"2021-08-30 05:26:31";"System";"2021-08-30 05:26:31";"System"
"3687";"Huanuco";"173";"PE";"10";"HUC";"-9.92076480";"-76.24108430";"Q215221";;"2021-08-30 05:26:31";"System";"2021-08-30 05:26:31";"System"
"3688";"Cajamarca";"173";"PE";"06";"CAJ";"-7.16174650";"-78.51278550";"Q205078";;"2021-08-30 05:26:31";"System";"2021-08-30 05:26:31";"System"
"3689";"Tumbes";"173";"PE";"24";"TUM";"-3.55649210";"-80.42708850";"Q209597";;"2021-08-30 05:26:31";"System";"2021-08-30 05:26:31";"System"
"3691";"Cusco";"173";"PE";"08";"CUS";"-13.53195000";"-71.96746260";"Q205057";;"2021-08-30 05:26:31";"System";"2021-08-30 05:26:31";"System"
"3692";"Ayacucho";"173";"PE";"05";"AYA";"-13.16387370";"-74.22356410";"Q205112";;"2021-08-30 05:26:31";"System";"2021-08-30 05:26:31";"System"
"3693";"Junín";"173";"PE";"12";"JUN";"-11.15819250";"-75.99263060";"Q207973";;"2021-08-30 05:26:31";"System";"2021-08-30 05:26:31";"System"
"3694";"San Martín";"173";"PE";"22";"SAM";"37.08494640";"-121.61022160";"Q211793";;"2021-08-30 05:26:31";"System";"2021-08-30 05:26:31";"System"
"3695";"Lima";"173";"PE";"15";"LIM";"-12.04637310";"-77.04275400";"Q211795";;"2021-08-30 05:26:31";"System";"2021-08-30 05:26:31";"System"
"3696";"Tacna";"173";"PE";"23";"TAC";"-18.00656790";"-70.24627410";"Q207413";;"2021-08-30 05:26:31";"System";"2021-08-30 05:26:31";"System"
"3697";"Piura";"173";"PE";"20";"PIU";"-5.17828840";"-80.65488820";"Q208183";;"2021-08-30 05:26:31";"System";"2021-08-30 05:26:31";"System"
"3698";"Moquegua";"173";"PE";"18";"MOQ";"-17.19273610";"-70.93281380";"Q208182";;"2021-08-30 05:26:31";"System";"2021-08-30 05:26:31";"System"
"3699";"Apurímac";"173";"PE";"03";"APU";"-14.05045330";"-73.08774900";"Q208185";;"2021-08-30 05:26:31";"System";"2021-08-30 05:26:31";"System"
"3700";"Ica";"173";"PE";"11";"ICA";"42.35288320";"-71.04300970";"Q208186";;"2021-08-30 05:26:31";"System";"2021-08-30 05:26:31";"System"
"3701";"Callao";"173";"PE";"07";"CAL";"-12.05084910";"-77.12598430";"Q2071352";;"2021-08-30 05:26:31";"System";"2021-08-30 05:26:31";"System"
"3702";"Lambayeque";"173";"PE";"14";"LAM";"-6.71976660";"-79.90807570";"Q210061";;"2021-08-30 05:26:31";"System";"2021-08-30 05:26:31";"System"
"3703";"Redonda";"10";"AG";"09";"11";"16.93841600";"-62.34551480";"Q457261";;"2021-08-30 05:26:31";"System";"2021-08-30 05:26:31";"System"
"3704";"Saint Peter Parish";"10";"AG";"07";"07";;;"Q1952603";;"2021-08-30 05:26:31";"System";"2021-08-30 05:26:31";"System"
"3705";"Saint Paul Parish";"10";"AG";"06";"06";;;"Q386093";;"2021-08-30 05:26:31";"System";"2021-08-30 05:26:31";"System"
"3706";"Saint John Parish";"10";"AG";"04";"04";;;"Q548816";;"2021-08-30 05:26:31";"System";"2021-08-30 05:26:31";"System"
"3707";"Saint Mary Parish";"10";"AG";"05";"05";;;"Q1999872";;"2021-08-30 05:26:31";"System";"2021-08-30 05:26:31";"System"
"3708";"Barbuda";"10";"AG";"01";"10";"17.62662420";"-61.77130280";"Q238752";;"2021-08-30 05:26:31";"System";"2021-08-30 05:26:31";"System"
"3709";"Saint George Parish";"10";"AG";"03";"03";;;"Q1770796";;"2021-08-30 05:26:31";"System";"2021-08-30 05:26:31";"System"
"3710";"Saint Philip Parish";"10";"AG";"08";"08";"40.43682580";"-80.06855320";"Q1996895";;"2021-08-30 05:26:31";"System";"2021-08-30 05:26:31";"System"
"3711";"South Bačka District";"196";"RS";"08";"06";"45.48903440";"19.69761870";"Q648718";;"2021-08-30 05:26:31";"System";"2021-08-30 05:26:31";"System"
"3712";"Pirot District";"196";"RS";"08";"22";"43.08740360";"22.59830440";"Q580069";;"2021-08-30 05:26:31";"System";"2021-08-30 05:26:31";"System"
"3713";"South Banat District";"196";"RS";"08";"04";"45.00274570";"21.05425090";"Q720030";;"2021-08-30 05:26:31";"System";"2021-08-30 05:26:31";"System"
"3714";"North Bačka District";"196";"RS";"08";"01";"45.98033940";"19.59070010";"Q648758";;"2021-08-30 05:26:31";"System";"2021-08-30 05:26:31";"System"
"3715";"Jablanica District";"196";"RS";"08";"23";"42.94815600";"21.81293210";"Q876541";;"2021-08-30 05:26:31";"System";"2021-08-30 05:26:31";"System"
"3716";"Central Banat District";"196";"RS";"SE";"02";"45.47884850";"20.60825220";"Q425782";;"2021-08-30 05:26:31";"System";"2021-08-30 05:26:31";"System"
"3717";"Bor District";"196";"RS";"SE";"14";"44.06989180";"22.09850860";"Q477586";;"2021-08-30 05:26:31";"System";"2021-08-30 05:26:31";"System"
"3718";"Toplica District";"196";"RS";"SE";"21";"43.19065920";"21.34077620";"Q1048184";;"2021-08-30 05:26:31";"System";"2021-08-30 05:26:31";"System"
"3719";"Mačva District";"196";"RS";"SE";"08";"44.59253140";"19.50822460";"Q867803";;"2021-08-30 05:26:31";"System";"2021-08-30 05:26:31";"System"
"3720";"Rasina District";"196";"RS";"SE";"19";"43.52635250";"21.15881780";"Q1043446";;"2021-08-30 05:26:31";"System";"2021-08-30 05:26:31";"System"
"3721";"Pčinja District";"196";"RS";"SE";"24";"42.58363620";"22.14302150";"Q1061099";;"2021-08-30 05:26:31";"System";"2021-08-30 05:26:31";"System"
"3722";"Nišava District";"196";"RS";"SE";"20";"43.37389020";"21.93223310";"Q1061076";;"2021-08-30 05:26:31";"System";"2021-08-30 05:26:31";"System"
"3723";"Prizren District";"248";"XK";;"XPR";"42.21525220";"20.74147720";"Q201085";;"2021-08-30 05:26:31";"System";"2021-08-30 05:26:31";"System"
"3724";"Kolubara District";"196";"RS";"SE";"09";"44.35098110";"20.00043050";"Q1048139";;"2021-08-30 05:26:31";"System";"2021-08-30 05:26:31";"System"
"3725";"Raška District";"196";"RS";"SE";"18";"43.33734610";"20.57340050";"Q1061082";;"2021-08-30 05:26:31";"System";"2021-08-30 05:26:31";"System"
"3726";"West Bačka District";"196";"RS";"SE";"05";"45.73553850";"19.18973640";"Q735169";;"2021-08-30 05:26:31";"System";"2021-08-30 05:26:31";"System"
"3727";"Moravica District";"196";"RS";"SE";"17";"43.84147000";"20.29049870";"Q915380";;"2021-08-30 05:26:31";"System";"2021-08-30 05:26:31";"System"
"3728";"Belgrade";"196";"RS";"SE";"00";"44.78656800";"20.44892160";"Q3711";;"2021-08-30 05:26:31";"System";"2021-08-30 05:26:31";"System"
"3729";"Zlatibor District";"196";"RS";"SE";"16";"43.64541700";"19.71014550";"Q478278";;"2021-08-30 05:26:31";"System";"2021-08-30 05:26:31";"System"
"3731";"Zaječar District";"196";"RS";"SE";"15";"43.90150480";"22.27380110";"Q967339";;"2021-08-30 05:26:31";"System";"2021-08-30 05:26:31";"System"
"3732";"Braničevo District";"196";"RS";"SE";"11";"44.69822460";"21.54467750";"Q861539";;"2021-08-30 05:26:31";"System";"2021-08-30 05:26:31";"System"
"3733";"Vojvodina";"196";"RS";"VO";"VO";"45.26086510";"19.83193380";"Q44749";;"2021-08-30 05:26:31";"System";"2021-08-30 05:26:31";"System"
"3734";"Šumadija District";"196";"RS";"VO";"12";"44.20506780";"20.78565650";"Q544118";;"2021-08-30 05:26:31";"System";"2021-08-30 05:26:31";"System"
"3736";"North Banat District";"196";"RS";"VO";"03";"45.90683900";"19.99934170";"Q728041";;"2021-08-30 05:26:31";"System";"2021-08-30 05:26:31";"System"
"3737";"Pomoravlje District";"196";"RS";"VO";"13";"43.95913790";"21.27135300";"Q867816";;"2021-08-30 05:26:31";"System";"2021-08-30 05:26:31";"System"
"3738";"Peć District";"248";"XK";;"XPE";"42.65921550";"20.28876240";"Q2510536";;"2021-08-30 05:26:31";"System";"2021-08-30 05:26:31";"System"
"3740";"Srem District";"196";"RS";"VO";"07";"45.00291710";"19.80137730";"Q217331";;"2021-08-30 05:26:31";"System";"2021-08-30 05:26:31";"System"
"3741";"Podunavlje District";"196";"RS";"VO";"10";"44.47291560";"20.99014260";"Q778561";;"2021-08-30 05:26:31";"System";"2021-08-30 05:26:31";"System"
"3742";"Westmoreland Parish";"108";"JM";"16";"10";"18.29443780";"-78.15644320";"Q1440250";;"2021-08-30 05:26:31";"System";"2021-08-30 05:26:31";"System"
"3743";"Saint Elizabeth Parish";"108";"JM";"11";"11";"38.99253080";"-94.58992000";"Q1473646";;"2021-08-30 05:26:31";"System";"2021-08-30 05:26:31";"System"
"3744";"Saint Ann Parish";"108";"JM";"09";"06";"37.28714520";"-77.41035330";"Q1326284";;"2021-08-30 05:26:31";"System";"2021-08-30 05:26:31";"System"
"3745";"Saint James Parish";"108";"JM";"12";"08";"30.01792920";"-90.79132270";"Q1421939";;"2021-08-30 05:26:31";"System";"2021-08-30 05:26:31";"System"
"3746";"Saint Catherine Parish";"108";"JM";"10";"14";"18.03641340";"-77.05644640";"Q1473663";;"2021-08-30 05:26:31";"System";"2021-08-30 05:26:31";"System"
"3747";"Saint Mary Parish";"108";"JM";"13";"05";"36.09252200";"-95.97384400";"Q633565";;"2021-08-30 05:26:31";"System";"2021-08-30 05:26:31";"System"
"3748";"Kingston Parish";"108";"JM";"17";"01";"17.96832710";"-76.78270200";"Q1473680";;"2021-08-30 05:26:31";"System";"2021-08-30 05:26:31";"System"
"3749";"Hanover Parish";"108";"JM";"02";"09";"18.40977070";"-78.13363800";"Q1131779";;"2021-08-30 05:26:31";"System";"2021-08-30 05:26:31";"System"
"3750";"Saint Thomas Parish";"108";"JM";"14";"03";"41.44253890";"-81.74022180";"Q1422332";;"2021-08-30 05:26:31";"System";"2021-08-30 05:26:31";"System"
"3751";"Saint Andrew";"108";"JM";"08";"02";"37.22451030";"-95.70211890";"Q2212935";;"2021-08-30 05:26:31";"System";"2021-08-30 05:26:31";"System"
"3752";"Portland Parish";"108";"JM";"07";"04";"18.08442740";"-76.41002670";"Q125148";;"2021-08-30 05:26:31";"System";"2021-08-30 05:26:31";"System"
"3753";"Clarendon Parish";"108";"JM";"01";"13";"17.95571830";"-77.24051530";"Q1095557";;"2021-08-30 05:26:31";"System";"2021-08-30 05:26:31";"System"
"3754";"Manchester Parish";"108";"JM";"04";"12";"18.06696540";"-77.51607880";"Q920496";;"2021-08-30 05:26:31";"System";"2021-08-30 05:26:31";"System"
"3755";"Trelawny Parish";"108";"JM";"15";"07";"18.35261430";"-77.60778650";"Q1123340";;"2021-08-30 05:26:31";"System";"2021-08-30 05:26:31";"System"
"3756";"Dennery Quarter";"186";"LC";"05";"05";"13.92673930";"-60.91909880";"Q1188890";;"2021-08-30 05:26:31";"System";"2021-08-30 05:26:31";"System"
"3757";"Anse la Raye Quarter";"186";"LC";"01";"01";"13.94594240";"-61.03694680";"Q1676934";;"2021-08-30 05:26:31";"System";"2021-08-30 05:26:31";"System"
"3758";"Castries Quarter";"186";"LC";"03";"02";"14.01010940";"-60.98746870";"Q1049867";;"2021-08-30 05:26:31";"System";"2021-08-30 05:26:31";"System"
"3759";"Laborie Quarter";"186";"LC";"07";"07";"13.75227830";"-60.99328890";"Q599347";;"2021-08-30 05:26:31";"System";"2021-08-30 05:26:31";"System"
"3760";"Choiseul Quarter";"186";"LC";"04";"03";"13.77501540";"-61.04859100";"Q1075816";;"2021-08-30 05:26:31";"System";"2021-08-30 05:26:31";"System"
"3761";"Canaries";"186";"LC";"12";"12";"28.29156370";"-16.62913040";"Q1032796";;"2021-08-30 05:26:31";"System";"2021-08-30 05:26:31";"System"
"3762";"Micoud Quarter";"186";"LC";"08";"08";"13.82118710";"-60.90019340";"Q1240193";;"2021-08-30 05:26:31";"System";"2021-08-30 05:26:31";"System"
"3763";"Vieux Fort Quarter";"186";"LC";"10";"11";"13.72060800";"-60.94964330";"Q1472864";;"2021-08-30 05:26:31";"System";"2021-08-30 05:26:31";"System"
"3764";"Soufrière Quarter";"186";"LC";"09";"10";"13.85709860";"-61.05732480";"Q1472841";;"2021-08-30 05:26:31";"System";"2021-08-30 05:26:31";"System"
"3765";"Praslin Quarter";"186";"LC";"11";"09";"13.87523920";"-60.89946630";"Q1567791";;"2021-08-30 05:26:31";"System";"2021-08-30 05:26:31";"System"
"3766";"Gros Islet Quarter";"186";"LC";"06";"06";"14.08435780";"-60.94527940";"Q953557";;"2021-08-30 05:26:31";"System";"2021-08-30 05:26:31";"System"
"3767";"Dauphin Quarter";"186";"LC";"02";"04";"14.01033960";"-60.91909880";"Q182988";;"2021-08-30 05:26:31";"System";"2021-08-30 05:26:31";"System"
"3768";"Hưng Yên";"240";"VN";"81";"66";"20.85257110";"106.01699710";"Q36235";;"2021-08-30 05:26:31";"System";"2021-08-30 05:26:31";"System"
"3769";"Đồng Tháp";"240";"VN";"09";"45";"10.49379890";"105.68817880";"Q36676";;"2021-08-30 05:26:31";"System";"2021-08-30 05:26:31";"System"
"3770";"Bà Rịa-Vũng Tàu";"240";"VN";"45";"43";"10.54173970";"107.24299760";"Q36874";;"2021-08-30 05:26:31";"System";"2021-08-30 05:26:31";"System"
"3771";"Thanh Hóa";"240";"VN";"34";"21";"19.80669200";"105.78518160";"Q36512";;"2021-08-30 05:26:31";"System";"2021-08-30 05:26:31";"System"
"3772";"Kon Tum";"240";"VN";"55";"28";"14.34974030";"108.00046060";"Q36315";;"2021-08-30 05:26:31";"System";"2021-08-30 05:26:31";"System"
"3773";"Điện Biên";"240";"VN";"92";"71";"21.80423090";"103.10765250";"Q36955";;"2021-08-30 05:26:31";"System";"2021-08-30 05:26:31";"System"
"3774";"Vĩnh Phúc";"240";"VN";"86";"70";"21.36088050";"105.54743730";"Q27566";;"2021-08-30 05:26:31";"System";"2021-08-30 05:26:31";"System"
"3775";"Thái Bình";"240";"VN";"35";"20";"20.44634710";"106.33658280";"Q36681";;"2021-08-30 05:26:31";"System";"2021-08-30 05:26:31";"System"
"3776";"Quảng Nam";"240";"VN";"84";"27";"15.53935380";"108.01910200";"Q33356";;"2021-08-30 05:26:31";"System";"2021-08-30 05:26:31";"System"
"3777";"Hậu Giang";"240";"VN";"93";"73";"9.75789800";"105.64125270";"Q36320";;"2021-08-30 05:26:31";"System";"2021-08-30 05:26:31";"System"
"3778";"Cà Mau";"240";"VN";"77";"59";"9.15267280";"105.19607950";"Q33354";;"2021-08-30 05:26:31";"System";"2021-08-30 05:26:31";"System"
"3779";"Hà Giang";"240";"VN";"50";"03";"22.80255880";"104.97844940";"Q36685";;"2021-08-30 05:26:31";"System";"2021-08-30 05:26:31";"System"
"3780";"Nghệ An";"240";"VN";"58";"22";"19.23424890";"104.92003650";"Q36587";;"2021-08-30 05:26:31";"System";"2021-08-30 05:26:31";"System"
"3781";"Tiền Giang";"240";"VN";"37";"46";"10.44933240";"106.34205040";"Q36666";;"2021-08-30 05:26:31";"System";"2021-08-30 05:26:31";"System"
"3782";"Cao Bằng";"240";"VN";"05";"04";"22.63568900";"106.25221430";"Q36865";;"2021-08-30 05:26:31";"System";"2021-08-30 05:26:31";"System"
"3783";"Hải Phòng";"240";"VN";"13";"HP";"20.84491150";"106.68808410";"Q72818";;"2021-08-30 05:26:31";"System";"2021-08-30 05:26:31";"System"
"3784";"Yên Bái";"240";"VN";"70";"06";"21.71676890";"104.89858780";"Q36349";;"2021-08-30 05:26:31";"System";"2021-08-30 05:26:31";"System"
"3785";"Bình Dương";"240";"VN";"75";"57";"11.32540240";"106.47701700";"Q36866";;"2021-08-30 05:26:31";"System";"2021-08-30 05:26:31";"System"
"3786";"Ninh Bình";"240";"VN";"59";"18";"20.25061490";"105.97445360";"Q36900";;"2021-08-30 05:26:31";"System";"2021-08-30 05:26:31";"System"
"3787";"Bình Thuận";"240";"VN";"47";"40";"11.09037030";"108.07207810";"Q36869";;"2021-08-30 05:26:31";"System";"2021-08-30 05:26:31";"System"
"3788";"Ninh Thuận";"240";"VN";"60";"36";"11.67387670";"108.86295720";"Q36903";;"2021-08-30 05:26:31";"System";"2021-08-30 05:26:31";"System"
"3789";"Nam Định";"240";"VN";"82";"67";"20.43882250";"106.16210530";"Q36907";;"2021-08-30 05:26:31";"System";"2021-08-30 05:26:31";"System"
"3790";"Vĩnh Long";"240";"VN";"69";"49";"10.23957400";"105.95719280";"Q7333405";;"2021-08-30 05:26:31";"System";"2021-08-30 05:26:31";"System"
"3791";"Bắc Ninh";"240";"VN";"74";"56";"21.12144400";"106.11105010";"Q33408";;"2021-08-30 05:26:31";"System";"2021-08-30 05:26:31";"System"
"3792";"Lạng Sơn";"240";"VN";"39";"09";"21.85370800";"106.76151900";"Q33403";;"2021-08-30 05:26:31";"System";"2021-08-30 05:26:31";"System"
"3793";"Khánh Hòa";"240";"VN";"54";"34";"12.25850980";"109.05260760";"Q33369";;"2021-08-30 05:26:31";"System";"2021-08-30 05:26:31";"System"
"3794";"An Giang";"240";"VN";"01";"44";"10.52158360";"105.12589550";"Q36592";;"2021-08-30 05:26:31";"System";"2021-08-30 05:26:31";"System"
"3795";"Tuyên Quang";"240";"VN";"68";"07";"21.77672460";"105.22801960";"Q2332060";;"2021-08-30 05:26:31";"System";"2021-08-30 05:26:31";"System"
"3796";"Bến Tre";"240";"VN";"03";"50";"10.24335560";"106.37555100";"Q33366";;"2021-08-30 05:26:31";"System";"2021-08-30 05:26:31";"System"
"3797";"Bình Phước";"240";"VN";"76";"58";"11.75118940";"106.72346390";"Q36672";;"2021-08-30 05:26:31";"System";"2021-08-30 05:26:31";"System"
"3798";"Thừa Thiên-Huế";"240";"VN";"66";"26";"16.46739700";"107.59053260";"Q36399";;"2021-08-30 05:26:31";"System";"2021-08-30 05:26:31";"System"
"3799";"Hòa Bình";"240";"VN";"53";"14";"20.68612650";"105.31311850";"Q36015";;"2021-08-30 05:26:31";"System";"2021-08-30 05:26:31";"System"
"3800";"Kiên Giang";"240";"VN";"21";"47";"9.82495870";"105.12589550";"Q36576";;"2021-08-30 05:26:31";"System";"2021-08-30 05:26:31";"System"
"3801";"Phú Thọ";"240";"VN";"83";"68";"21.26844300";"105.20455730";"Q36610";;"2021-08-30 05:26:31";"System";"2021-08-30 05:26:31";"System"
"3802";"Hà Nam";"240";"VN";"80";"63";"20.58351960";"105.92299000";"Q36413";;"2021-08-30 05:26:31";"System";"2021-08-30 05:26:31";"System"
"3803";"Quảng Trị";"240";"VN";"64";"25";"16.74030740";"107.18546790";"Q36579";;"2021-08-30 05:26:31";"System";"2021-08-30 05:26:31";"System"
"3804";"Bạc Liêu";"240";"VN";"73";"55";"9.29400270";"105.72156630";"Q36658";;"2021-08-30 05:26:31";"System";"2021-08-30 05:26:31";"System"
"3805";"Trà Vinh";"240";"VN";"67";"51";"9.81274100";"106.29929120";"Q36615";;"2021-08-30 05:26:31";"System";"2021-08-30 05:26:31";"System"
"3806";"Đà Nẵng";"240";"VN";"78";"DN";"16.05440680";"108.20216670";"Q25282";;"2021-08-30 05:26:31";"System";"2021-08-30 05:26:31";"System"
"3807";"Thái Nguyên";"240";"VN";"85";"69";"21.56715590";"105.82520380";"Q26575";;"2021-08-30 05:26:31";"System";"2021-08-30 05:26:31";"System"
"3808";"Long An";"240";"VN";"24";"41";"10.56071680";"106.64976230";"Q26573";;"2021-08-30 05:26:31";"System";"2021-08-30 05:26:31";"System"
"3809";"Quảng Bình";"240";"VN";"62";"24";"17.61027150";"106.34874740";"Q23533";;"2021-08-30 05:26:31";"System";"2021-08-30 05:26:31";"System"
"3810";"Hà Nội";"240";"VN";"44";"HN";"21.02776440";"105.83415980";"Q1858";;"2021-08-30 05:26:31";"System";"2021-08-30 05:26:31";"System"
"3811";"Hồ Chí Minh";"240";"VN";"20";"SG";"10.82309890";"106.62966380";"Q1854";;"2021-08-30 05:26:31";"System";"2021-08-30 05:26:31";"System"
"3812";"Sơn La";"240";"VN";"32";"05";"21.10222840";"103.72891670";"Q33379";;"2021-08-30 05:26:31";"System";"2021-08-30 05:26:31";"System"
"3813";"Gia Lai";"240";"VN";"49";"30";"13.80789430";"108.10937500";"Q36662";;"2021-08-30 05:26:31";"System";"2021-08-30 05:26:31";"System"
"3814";"Quảng Ninh";"240";"VN";"30";"13";"21.00638200";"107.29251440";"Q33396";;"2021-08-30 05:26:31";"System";"2021-08-30 05:26:31";"System"
"3815";"Bắc Giang";"240";"VN";"71";"54";"21.28199210";"106.19747690";"Q36367";;"2021-08-30 05:26:31";"System";"2021-08-30 05:26:31";"System"
"3816";"Hà Tĩnh";"240";"VN";"52";"23";"18.35595370";"105.88774940";"Q33351";;"2021-08-30 05:26:31";"System";"2021-08-30 05:26:31";"System"
"3817";"Lào Cai";"240";"VN";"90";"02";"22.48094310";"103.97549590";"Q36446";;"2021-08-30 05:26:31";"System";"2021-08-30 05:26:31";"System"
"3818";"Lâm Đồng";"240";"VN";"23";"35";"11.57527910";"108.14286690";"Q36721";;"2021-08-30 05:26:31";"System";"2021-08-30 05:26:31";"System"
"3819";"Sóc Trăng";"240";"VN";"65";"52";"9.60252100";"105.97390490";"Q33272";;"2021-08-30 05:26:31";"System";"2021-08-30 05:26:31";"System"
"3821";"Đồng Nai";"240";"VN";"43";"39";"11.06863050";"107.16759760";"Q33271";;"2021-08-30 05:26:31";"System";"2021-08-30 05:26:31";"System"
"3822";"Bắc Kạn";"240";"VN";"72";"53";"22.30329230";"105.87600400";"Q36404";;"2021-08-30 05:26:31";"System";"2021-08-30 05:26:31";"System"
"3823";"Đắk Nông";"240";"VN";"91";"72";"12.26464760";"107.60980600";"Q36723";;"2021-08-30 05:26:31";"System";"2021-08-30 05:26:31";"System"
"3824";"Phú Yên";"240";"VN";"61";"32";"13.08818610";"109.09287640";"Q36725";;"2021-08-30 05:26:31";"System";"2021-08-30 05:26:31";"System"
"3825";"Lai Châu";"240";"VN";"89";"01";"22.38622270";"103.47026310";"Q36409";;"2021-08-30 05:26:31";"System";"2021-08-30 05:26:31";"System"
"3826";"Tây Ninh";"240";"VN";"33";"37";"11.33515540";"106.10988540";"Q36608";;"2021-08-30 05:26:31";"System";"2021-08-30 05:26:31";"System"
"3827";"Hải Dương";"240";"VN";"79";"61";"20.93734130";"106.31455420";"Q36729";;"2021-08-30 05:26:31";"System";"2021-08-30 05:26:31";"System"
"3828";"Quảng Ngãi";"240";"VN";"63";"29";"15.12138730";"108.80441450";"Q33304";;"2021-08-30 05:26:31";"System";"2021-08-30 05:26:31";"System"
"3829";"Đắk Lắk";"240";"VN";"88";"33";"12.71001160";"108.23775190";"Q36690";;"2021-08-30 05:26:31";"System";"2021-08-30 05:26:31";"System"
"3830";"Bình Định";"240";"VN";"46";"31";"14.16653240";"108.90268300";"Q36693";;"2021-08-30 05:26:31";"System";"2021-08-30 05:26:31";"System"
"3831";"Saint Peter Basseterre Parish";"185";"KN";"11";"11";"17.31029110";"-62.71475330";"Q1725609";;"2021-08-30 05:26:31";"System";"2021-08-30 05:26:31";"System"
"3832";"Nevis";"185";"KN";"11";"N";"17.15535580";"-62.57960260";"Q207794";;"2021-08-30 05:26:31";"System";"2021-08-30 05:26:31";"System"
"3833";"Christ Church Nichola Town Parish";"185";"KN";"01";"01";"17.36048120";"-62.76178370";"Q176164";;"2021-08-30 05:26:31";"System";"2021-08-30 05:26:31";"System"
"3834";"Saint Paul Capisterre Parish";"185";"KN";"09";"09";"17.40166830";"-62.82573320";"Q952735";;"2021-08-30 05:26:31";"System";"2021-08-30 05:26:31";"System"
"3835";"Saint James Windward Parish";"185";"KN";"05";"05";"17.17696330";"-62.57960260";"Q1342139";;"2021-08-30 05:26:31";"System";"2021-08-30 05:26:31";"System"
"3836";"Saint Anne Sandy Point Parish";"185";"KN";"02";"02";"17.37253330";"-62.84411330";"Q1473654";;"2021-08-30 05:26:31";"System";"2021-08-30 05:26:31";"System"
"3837";"Saint George Gingerland Parish";"185";"KN";"04";"04";"17.12577590";"-62.56198110";"Q1472520";;"2021-08-30 05:26:31";"System";"2021-08-30 05:26:31";"System"
"3838";"Saint Paul Charlestown Parish";"185";"KN";"10";"10";"17.13462970";"-62.61338160";"Q1752127";;"2021-08-30 05:26:31";"System";"2021-08-30 05:26:31";"System"
"3839";"Saint Thomas Lowland Parish";"185";"KN";"12";"12";"17.16505130";"-62.60897530";"Q1752122";;"2021-08-30 05:26:31";"System";"2021-08-30 05:26:31";"System"
"3840";"Saint John Figtree Parish";"185";"KN";"07";"07";"17.11557480";"-62.60310040";"Q657318";;"2021-08-30 05:26:31";"System";"2021-08-30 05:26:31";"System"
"3841";"Saint Kitts";"185";"KN";"07";"K";"17.34337960";"-62.75590430";"Q204989";;"2021-08-30 05:26:31";"System";"2021-08-30 05:26:31";"System"
"3842";"Saint Thomas Middle Island Parish";"185";"KN";"13";"13";"17.33488130";"-62.80882510";"Q1752101";;"2021-08-30 05:26:31";"System";"2021-08-30 05:26:31";"System"
"3843";"Trinity Palmetto Point Parish";"185";"KN";"15";"15";"17.30635190";"-62.76178370";"Q376738";;"2021-08-30 05:26:31";"System";"2021-08-30 05:26:31";"System"
"3844";"Saint Mary Cayon Parish";"185";"KN";"08";"08";"17.34620710";"-62.73826710";"Q1538034";;"2021-08-30 05:26:31";"System";"2021-08-30 05:26:31";"System"
"3845";"Saint John Capisterre Parish";"185";"KN";"06";"06";"17.38103410";"-62.79118330";"Q668498";;"2021-08-30 05:26:31";"System";"2021-08-30 05:26:31";"System"
"3846";"Daegu";"116";"KR";"15";"27";"35.87143540";"128.60144500";"Q20927";;"2021-08-30 05:26:31";"System";"2021-08-30 05:26:31";"System"
"3847";"Gyeonggi Province";"116";"KR";"13";"41";"37.41380000";"127.51830000";"Q20937";;"2021-08-30 05:26:31";"System";"2021-08-30 05:26:31";"System"
"3848";"Incheon";"116";"KR";"12";"28";"37.45625570";"126.70520620";"Q20934";;"2021-08-30 05:26:31";"System";"2021-08-30 05:26:31";"System"
"3849";"Seoul";"116";"KR";"11";"11";"37.56653500";"126.97796920";"Q8684";;"2021-08-30 05:26:31";"System";"2021-08-30 05:26:31";"System"
"3850";"Daejeon";"116";"KR";"19";"30";"36.35041190";"127.38454750";"Q20921";;"2021-08-30 05:26:31";"System";"2021-08-30 05:26:31";"System"
"3851";"North Jeolla Province";"116";"KR";"03";"45";"35.71750000";"127.15300000";"Q41157";;"2021-08-30 05:26:31";"System";"2021-08-30 05:26:31";"System"
"3852";"Ulsan";"116";"KR";"21";"31";"35.53837730";"129.31135960";"Q41278";;"2021-08-30 05:26:31";"System";"2021-08-30 05:26:31";"System"
"3853";"Jeju";"116";"KR";"01";"49";"33.95682780";"-84.13135000";"Q41164";;"2021-08-30 05:26:31";"System";"2021-08-30 05:26:31";"System"
"3854";"North Chungcheong Province";"116";"KR";"05";"43";"36.80000000";"127.70000000";"Q41066";;"2021-08-30 05:26:31";"System";"2021-08-30 05:26:31";"System"
"3855";"North Gyeongsang Province";"116";"KR";"14";"47";"36.49190000";"128.88890000";"Q41154";;"2021-08-30 05:26:31";"System";"2021-08-30 05:26:31";"System"
"3856";"South Jeolla Province";"116";"KR";"16";"46";"34.86790000";"126.99100000";"Q41161";;"2021-08-30 05:26:31";"System";"2021-08-30 05:26:31";"System"
"3857";"South Gyeongsang Province";"116";"KR";"20";"48";"35.46060000";"128.21320000";"Q41151";;"2021-08-30 05:26:31";"System";"2021-08-30 05:26:31";"System"
"3858";"Gwangju";"116";"KR";"18";"29";"35.15954540";"126.85260120";"Q41283";;"2021-08-30 05:26:31";"System";"2021-08-30 05:26:31";"System"
"3859";"South Chungcheong Province";"116";"KR";"17";"44";"36.51840000";"126.80000000";"Q41070";;"2021-08-30 05:26:31";"System";"2021-08-30 05:26:31";"System"
"3860";"Busan";"116";"KR";"10";"26";"35.17955430";"129.07564160";"Q16520";;"2021-08-30 05:26:31";"System";"2021-08-30 05:26:31";"System"
"3861";"Sejong City";"116";"KR";"22";"50";"34.05233230";"-118.30848970";"Q20929";;"2021-08-30 05:26:31";"System";"2021-08-30 05:26:31";"System"
"3862";"Gangwon Province";"116";"KR";"06";"42";"37.82280000";"128.15550000";"Q41071";;"2021-08-30 05:26:31";"System";"2021-08-30 05:26:31";"System"
"3863";"Saint Patrick Parish";"87";"GD";"06";"06";;;"Q1476309";;"2021-08-30 05:26:31";"System";"2021-08-30 05:26:31";"System"
"3864";"Saint George Parish";"87";"GD";"03";"03";;;"Q576651";;"2021-08-30 05:26:31";"System";"2021-08-30 05:26:31";"System"
"3865";"Saint Andrew Parish";"87";"GD";"01";"01";;;"Q977183";;"2021-08-30 05:26:31";"System";"2021-08-30 05:26:31";"System"
"3866";"Saint Mark Parish";"87";"GD";"05";"05";"40.58818630";"-73.94957010";"Q1291077";;"2021-08-30 05:26:31";"System";"2021-08-30 05:26:31";"System"
"3867";"Carriacou and Petite Martinique";"87";"GD";"10";"10";"12.47858880";"-61.44938420";"Q3044818";;"2021-08-30 05:26:31";"System";"2021-08-30 05:26:31";"System"
"3868";"Saint John Parish";"87";"GD";"04";"04";"30.11183310";"-90.48799160";"Q1476289";;"2021-08-30 05:26:31";"System";"2021-08-30 05:26:31";"System"
"3869";"Saint David Parish";"87";"GD";"02";"02";;;"Q2087806";;"2021-08-30 05:26:31";"System";"2021-08-30 05:26:31";"System"
"3870";"Ghazni";"1";"AF";"08";"GHA";"33.54505870";"68.41739720";"Q180415";;"2021-08-30 05:26:31";"System";"2021-08-30 05:26:31";"System"
"3871";"Badghis";"1";"AF";"02";"BDG";"35.16713390";"63.76953840";"Q172052";;"2021-08-30 05:26:31";"System";"2021-08-30 05:26:31";"System"
"3872";"Bamyan";"1";"AF";"05";"BAM";"34.81000670";"67.82121040";"Q171382";;"2021-08-30 05:26:31";"System";"2021-08-30 05:26:31";"System"
"3873";"Helmand";"1";"AF";"10";"HEL";"39.29893610";"-76.61604720";"Q173821";;"2021-08-30 05:26:31";"System";"2021-08-30 05:26:31";"System"
"3874";"Zabul";"1";"AF";"28";"ZAB";"32.19187820";"67.18944880";"Q139126";;"2021-08-30 05:26:31";"System";"2021-08-30 05:26:31";"System"
"3875";"Baghlan";"1";"AF";"03";"BGL";"36.17890260";"68.74530640";"Q170309";;"2021-08-30 05:26:31";"System";"2021-08-30 05:26:31";"System"
"3876";"Kunar";"1";"AF";"34";"KNR";"34.84658930";"71.09731700";"Q188147";;"2021-08-30 05:26:31";"System";"2021-08-30 05:26:31";"System"
"3877";"Paktika";"1";"AF";"29";"PKA";"32.26453860";"68.52471490";"Q185575";;"2021-08-30 05:26:31";"System";"2021-08-30 05:26:31";"System"
"3878";"Khost";"1";"AF";"37";"KHO";"33.33384720";"69.93716730";"Q185752";;"2021-08-30 05:26:31";"System";"2021-08-30 05:26:31";"System"
"3879";"Kapisa";"1";"AF";"14";"KAP";"34.98105720";"69.62145620";"Q173816";;"2021-08-30 05:26:31";"System";"2021-08-30 05:26:31";"System"
"3880";"Nuristan";"1";"AF";"38";"NUR";"35.32502230";"70.90712360";"Q167485";;"2021-08-30 05:26:31";"System";"2021-08-30 05:26:31";"System"
"3881";"Panjshir";"1";"AF";"42";"PAN";"38.88023910";"-77.17172380";"Q181235";;"2021-08-30 05:26:31";"System";"2021-08-30 05:26:31";"System"
"3882";"Nangarhar";"1";"AF";"18";"NAN";"34.17183130";"70.62167940";"Q178471";;"2021-08-30 05:26:31";"System";"2021-08-30 05:26:31";"System"
"3883";"Samangan";"1";"AF";"32";"SAM";"36.31555060";"67.96428630";"Q183015";;"2021-08-30 05:26:31";"System";"2021-08-30 05:26:31";"System"
"3884";"Balkh";"1";"AF";"30";"BAL";"36.75506030";"66.89753720";"Q121104";;"2021-08-30 05:26:31";"System";"2021-08-30 05:26:31";"System"
"3885";"Sar-e Pol";"1";"AF";"33";"SAR";"36.21662800";"65.93336000";"Q182487";;"2021-08-30 05:26:31";"System";"2021-08-30 05:26:31";"System"
"3886";"Jowzjan";"1";"AF";"31";"JOW";"36.89696920";"65.66585680";"Q183036";;"2021-08-30 05:26:31";"System";"2021-08-30 05:26:31";"System"
"3887";"Herat";"1";"AF";"11";"HER";"34.35286500";"62.20402870";"Q182844";;"2021-08-30 05:26:31";"System";"2021-08-30 05:26:31";"System"
"3888";"Ghōr";"1";"AF";"09";"GHO";"34.09957760";"64.90595500";"Q186392";;"2021-08-30 05:26:31";"System";"2021-08-30 05:26:31";"System"
"3889";"Faryab";"1";"AF";"07";"FYB";"36.07956130";"64.90595500";"Q173830";;"2021-08-30 05:26:31";"System";"2021-08-30 05:26:31";"System"
"3890";"Kandahar";"1";"AF";"23";"KAN";"31.62887100";"65.73717490";"Q173808";;"2021-08-30 05:26:31";"System";"2021-08-30 05:26:31";"System"
"3891";"Laghman";"1";"AF";"35";"LAG";"34.68976870";"70.14558050";"Q185442";;"2021-08-30 05:26:31";"System";"2021-08-30 05:26:31";"System"
"3892";"Daykundi";"1";"AF";"41";"DAY";"33.66949500";"66.04635340";"Q181220";;"2021-08-30 05:26:31";"System";"2021-08-30 05:26:31";"System"
"3893";"Takhar";"1";"AF";"26";"TAK";"36.66980130";"69.47845410";"Q186395";;"2021-08-30 05:26:31";"System";"2021-08-30 05:26:31";"System"
"3894";"Paktia";"1";"AF";"36";"PIA";"33.70619900";"69.38310790";"Q182493";;"2021-08-30 05:26:31";"System";"2021-08-30 05:26:31";"System"
"3895";"Parwan";"1";"AF";"40";"PAR";"34.96309770";"68.81088490";"Q188157";;"2021-08-30 05:26:31";"System";"2021-08-30 05:26:31";"System"
"3896";"Nimruz";"1";"AF";"19";"NIM";"31.02614880";"62.45041540";"Q183021";;"2021-08-30 05:26:31";"System";"2021-08-30 05:26:31";"System"
"3897";"Logar";"1";"AF";"17";"LOG";"34.01455180";"69.19239160";"Q6667298";;"2021-08-30 05:26:31";"System";"2021-08-30 05:26:31";"System"
"3898";"Urozgan";"1";"AF";"39";"URU";"32.92712870";"66.14152630";"Q183028";;"2021-08-30 05:26:31";"System";"2021-08-30 05:26:31";"System"
"3899";"Farah";"1";"AF";"06";"FRA";"32.49532800";"62.26266270";"Q180330";;"2021-08-30 05:26:31";"System";"2021-08-30 05:26:31";"System"
"3900";"Kunduz Province";"1";"AF";"24";"KDZ";"36.72855110";"68.86789820";"Q186418";;"2021-08-30 05:26:31";"System";"2021-08-30 05:26:31";"System"
"3901";"Badakhshan";"1";"AF";"01";"BDS";"36.73477250";"70.81199530";"Q165376";;"2021-08-30 05:26:31";"System";"2021-08-30 05:26:31";"System"
"3902";"Kabul";"1";"AF";"13";"KAB";"34.55534940";"69.20748600";"Q188933";;"2021-08-30 05:26:31";"System";"2021-08-30 05:26:31";"System"
"3903";"Victoria";"14";"AU";"07";"VIC";;;"Q36687";;"2021-08-30 05:26:31";"System";"2021-08-30 05:26:31";"System"
"3904";"South Australia";"14";"AU";"05";"SA";"-30.00023150";"136.20915470";"Q35715";;"2021-08-30 05:26:31";"System";"2021-08-30 05:26:31";"System"
"3905";"Queensland";"14";"AU";"04";"QLD";"-20.91757380";"142.70279560";"Q36074";;"2021-08-30 05:26:31";"System";"2021-08-30 05:26:31";"System"
"3906";"Western Australia";"14";"AU";"08";"WA";"-27.67281680";"121.62830980";"Q3206";;"2021-08-30 05:26:31";"System";"2021-08-30 05:26:31";"System"
"3907";"Australian Capital Territory";"14";"AU";"01";"ACT";"-35.47346790";"149.01236790";"Q3258";;"2021-08-30 05:26:31";"System";"2021-08-30 05:26:31";"System"
"3908";"Tasmania";"14";"AU";"06";"TAS";"-41.45451960";"145.97066470";"Q34366";;"2021-08-30 05:26:31";"System";"2021-08-30 05:26:31";"System"
"3909";"New South Wales";"14";"AU";"02";"NSW";"-31.25321830";"146.92109900";"Q3224";;"2021-08-30 05:26:31";"System";"2021-08-30 05:26:31";"System"
"3910";"Northern Territory";"14";"AU";"03";"NT";"-19.49141080";"132.55096030";"Q3235";;"2021-08-30 05:26:31";"System";"2021-08-30 05:26:31";"System"
"3911";"Vavaʻu";"222";"TO";"03";"05";"-18.62275600";"-173.99029820";"Q10389402";;"2021-08-30 05:26:31";"System";"2021-08-30 05:26:31";"System"
"3912";"Tongatapu";"222";"TO";"02";"04";"-21.14659680";"-175.25154820";"Q10383165";;"2021-08-30 05:26:31";"System";"2021-08-30 05:26:31";"System"
"3913";"Haʻapai";"222";"TO";"01";"02";"-19.75000000";"-174.36666700";"Q10293470";;"2021-08-30 05:26:31";"System";"2021-08-30 05:26:31";"System"
"3914";"Niuas";"222";"TO";"NI";"03";"-15.95940000";"-173.78300000";"Q1200954";;"2021-08-30 05:26:31";"System";"2021-08-30 05:26:31";"System"
"3915";"ʻEua";"222";"TO";"EU";"01";"37.09024000";"-95.71289100";"Q18472979";;"2021-08-30 05:26:31";"System";"2021-08-30 05:26:31";"System"
"3916";"Markazi Province";"103";"IR";"34";"00";"34.61230500";"49.85472660";"Q134417";;"2021-08-30 05:26:31";"System";"2021-08-30 05:26:31";"System"
"3917";"Khuzestan Province";"103";"IR";"15";"06";"31.43601490";"49.04131200";"Q241119";;"2021-08-30 05:26:31";"System";"2021-08-30 05:26:31";"System"
"3918";"Ilam Province";"103";"IR";"10";"16";"33.29576180";"46.67053400";"Q170570";;"2021-08-30 05:26:31";"System";"2021-08-30 05:26:31";"System"
"3919";"Kermanshah Province";"103";"IR";"13";"05";"34.45762330";"46.67053400";"Q174010";;"2021-08-30 05:26:31";"System";"2021-08-30 05:26:31";"System"
"3920";"Gilan Province";"103";"IR";"08";"01";"37.28094550";"49.59241340";"Q928828";;"2021-08-30 05:26:31";"System";"2021-08-30 05:26:31";"System"
"3921";"Chaharmahal and Bakhtiari Province";"103";"IR";"03";"14";"31.99704190";"50.66138490";"Q171702";;"2021-08-30 05:26:31";"System";"2021-08-30 05:26:31";"System"
"3922";"Qom Province";"103";"IR";"39";"25";"34.64157640";"50.87460350";"Q131664";;"2021-08-30 05:26:31";"System";"2021-08-30 05:26:31";"System"
"3923";"Isfahan Province";"103";"IR";"28";"10";"33.27710730";"52.36133780";"Q1367759";;"2021-08-30 05:26:31";"System";"2021-08-30 05:26:31";"System"
"3924";"West Azarbaijan Province";"103";"IR";"01";"04";"37.45500620";"45.00000000";"Q134411";;"2021-08-30 05:26:31";"System";"2021-08-30 05:26:31";"System"
"3925";"Zanjan Province";"103";"IR";"36";"19";"36.50181850";"48.39881860";"Q146726";;"2021-08-30 05:26:31";"System";"2021-08-30 05:26:31";"System"
"3926";"Kohgiluyeh and Boyer-Ahmad Province";"103";"IR";"05";"17";"30.72458600";"50.84563230";"Q180068";;"2021-08-30 05:26:31";"System";"2021-08-30 05:26:31";"System"
"3927";"Razavi Khorasan Province";"103";"IR";"42";"09";"35.10202530";"59.10417580";"Q587090";;"2021-08-30 05:26:31";"System";"2021-08-30 05:26:31";"System"
"3928";"Lorestan Province";"103";"IR";"23";"15";"33.58183940";"48.39881860";"Q1131727";;"2021-08-30 05:26:31";"System";"2021-08-30 05:26:31";"System"
"3929";"Alborz Province";"103";"IR";"44";"30";"35.99604670";"50.92892460";"Q392522";;"2021-08-30 05:26:31";"System";"2021-08-30 05:26:31";"System"
"3930";"South Khorasan Province";"103";"IR";"41";"29";"32.51756430";"59.10417580";"Q171551";;"2021-08-30 05:26:31";"System";"2021-08-30 05:26:31";"System"
"3931";"Sistan and Baluchestan";"103";"IR";"04";"11";"27.52999060";"60.58206760";"Q939575";;"2021-08-30 05:26:31";"System";"2021-08-30 05:26:31";"System"
"3932";"Bushehr Province";"103";"IR";"22";"18";"28.76207390";"51.51500770";"Q132945";;"2021-08-30 05:26:31";"System";"2021-08-30 05:26:31";"System"
"3933";"Golestan Province";"103";"IR";"37";"27";"37.28981230";"55.13758340";"Q170041";;"2021-08-30 05:26:31";"System";"2021-08-30 05:26:31";"System"
"3934";"Ardabil Province";"103";"IR";"32";"24";"38.48532760";"47.89112090";"Q134228";;"2021-08-30 05:26:31";"System";"2021-08-30 05:26:31";"System"
"3935";"Kurdistan Province";"103";"IR";"16";"12";"35.95535790";"47.13621250";"Q134386";;"2021-08-30 05:26:31";"System";"2021-08-30 05:26:31";"System"
"3936";"Yazd Province";"103";"IR";"40";"21";"32.10063870";"54.43421380";"Q170568";;"2021-08-30 05:26:31";"System";"2021-08-30 05:26:31";"System"
"3937";"Hormozgan Province";"103";"IR";"11";"22";"27.13872300";"55.13758340";"Q633659";;"2021-08-30 05:26:31";"System";"2021-08-30 05:26:31";"System"
"3938";"Mazandaran Province";"103";"IR";"35";"02";"36.22623930";"52.53186040";"Q308864";;"2021-08-30 05:26:31";"System";"2021-08-30 05:26:31";"System"
"3939";"Fars Province";"103";"IR";"07";"07";"29.10438130";"53.04589300";"Q1004666";;"2021-08-30 05:26:31";"System";"2021-08-30 05:26:31";"System"
"3940";"Semnan Province";"103";"IR";"25";"20";"35.22555850";"54.43421380";"Q168949";;"2021-08-30 05:26:31";"System";"2021-08-30 05:26:31";"System"
"3941";"Qazvin Province";"103";"IR";"38";"26";"36.08813170";"49.85472660";"Q1105893";;"2021-08-30 05:26:31";"System";"2021-08-30 05:26:31";"System"
"3942";"North Khorasan Province";"103";"IR";"43";"28";"37.47103530";"57.10131880";"Q180075";;"2021-08-30 05:26:31";"System";"2021-08-30 05:26:31";"System"
"3943";"Kerman Province";"103";"IR";"29";"08";"29.48500890";"57.64390480";"Q165352";;"2021-08-30 05:26:31";"System";"2021-08-30 05:26:31";"System"
"3944";"East Azerbaijan Province";"103";"IR";"33";"03";"37.90357330";"46.26821090";"Q176081";;"2021-08-30 05:26:31";"System";"2021-08-30 05:26:31";"System"
"3945";"Tehran Province";"103";"IR";"26";"23";"35.72484160";"51.38165300";"Q590866";;"2021-08-30 05:26:31";"System";"2021-08-30 05:26:31";"System"
"3946";"Niutao Island Council";"228";"TV";"NIT";"NIT";"-6.10642580";"177.34384290";"Q17578833";;"2021-08-30 05:26:31";"System";"2021-08-30 05:26:31";"System"
"3947";"Nanumanga";"228";"TV";"NMG";"NMG";"-6.28580190";"176.31992800";"Q367027";;"2021-08-30 05:26:31";"System";"2021-08-30 05:26:31";"System"
"3948";"Nui";"228";"TV";"NUI";"NUI";"-7.23887680";"177.14852320";"Q547997";;"2021-08-30 05:26:31";"System";"2021-08-30 05:26:31";"System"
"3949";"Nanumea";"228";"TV";"NMA";"NMA";"-5.68816170";"176.13701480";"Q174618";;"2021-08-30 05:26:31";"System";"2021-08-30 05:26:31";"System"
"3950";"Vaitupu";"228";"TV";"VAI";"VAI";"-7.47673270";"178.67476750";"Q632495";;"2021-08-30 05:26:31";"System";"2021-08-30 05:26:31";"System"
"3951";"Funafuti";"228";"TV";"FUN";"FUN";"-8.52114710";"179.19619260";"Q34126";;"2021-08-30 05:26:31";"System";"2021-08-30 05:26:31";"System"
"3952";"Nukufetau";"228";"TV";"NKF";"NKF";"-8.00000000";"178.50000000";"Q745924";;"2021-08-30 05:26:31";"System";"2021-08-30 05:26:31";"System"
"3953";"Nukulaelae";"228";"TV";"NKL";"NKL";"-9.38111100";"179.85222200";"Q128654";;"2021-08-30 05:26:31";"System";"2021-08-30 05:26:31";"System"
"3954";"Dhi Qar Governorate";"104";"IQ";"09";"DQ";"31.10422920";"46.36246860";"Q215649";;"2021-08-30 05:26:31";"System";"2021-08-30 05:26:31";"System"
"3955";"Babylon Governorate";"104";"IQ";"06";"BB";"32.46819100";"44.55019350";"Q59202";;"2021-08-30 05:26:31";"System";"2021-08-30 05:26:31";"System"
"3956";"Al-Qādisiyyah Governorate";"104";"IQ";"04";"QA";"32.04369100";"45.14945050";"Q62987";;"2021-08-30 05:26:31";"System";"2021-08-30 05:26:31";"System"
"3957";"Karbala Governorate";"104";"IQ";"12";"KA";"32.40454930";"43.86732220";"Q214104";;"2021-08-30 05:26:31";"System";"2021-08-30 05:26:31";"System"
"3958";"Al Muthanna Governorate";"104";"IQ";"03";"MU";"29.91331710";"45.29938620";"Q212761";;"2021-08-30 05:26:31";"System";"2021-08-30 05:26:31";"System"
"3959";"Baghdad Governorate";"104";"IQ";"07";"BG";"33.31526180";"44.36606530";"Q191075";;"2021-08-30 05:26:31";"System";"2021-08-30 05:26:31";"System"
"3960";"Basra Governorate";"104";"IQ";"02";"BA";"30.51142520";"47.82962530";"Q193551";;"2021-08-30 05:26:31";"System";"2021-08-30 05:26:31";"System"
"3961";"Saladin Governorate";"104";"IQ";"18";"SD";"34.53375270";"43.48373800";"Q190131";;"2021-08-30 05:26:31";"System";"2021-08-30 05:26:31";"System"
"3962";"Najaf Governorate";"104";"IQ";"17";"NA";"31.35174860";"44.09603110";"Q192882";;"2021-08-30 05:26:31";"System";"2021-08-30 05:26:31";"System"
"3963";"Nineveh Governorate";"104";"IQ";"15";"NI";"36.22957400";"42.23624350";"Q189352";;"2021-08-30 05:26:31";"System";"2021-08-30 05:26:31";"System"
"3964";"Al Anbar Governorate";"104";"IQ";"01";"AN";"32.55976140";"41.91964710";"Q187334";;"2021-08-30 05:26:31";"System";"2021-08-30 05:26:31";"System"
"3965";"Diyala Governorate";"104";"IQ";"10";"DI";"33.77334870";"45.14945050";"Q217075";;"2021-08-30 05:26:31";"System";"2021-08-30 05:26:31";"System"
"3966";"Maysan Governorate";"104";"IQ";"14";"MA";"31.87340020";"47.13621250";"Q213170";;"2021-08-30 05:26:31";"System";"2021-08-30 05:26:31";"System"
"3967";"Dohuk Governorate";"104";"IQ";"08";"DA";"36.90772520";"43.06316890";"Q189541";;"2021-08-30 05:26:31";"System";"2021-08-30 05:26:31";"System"
"3968";"Erbil Governorate";"104";"IQ";"11";"AR";"36.55706280";"44.38512630";"Q213189";;"2021-08-30 05:26:31";"System";"2021-08-30 05:26:31";"System"
"3969";"Sulaymaniyah Governorate";"104";"IQ";"05";"SU";"35.54663480";"45.30036830";"Q213182";;"2021-08-30 05:26:31";"System";"2021-08-30 05:26:31";"System"
"3970";"Wasit Governorate";"104";"IQ";"16";"WA";"32.60240940";"45.75209850";"Q189747";;"2021-08-30 05:26:31";"System";"2021-08-30 05:26:31";"System"
"3971";"Kirkuk Governorate";"104";"IQ";"13";"KI";"35.32920140";"43.94367880";"Q193268";;"2021-08-30 05:26:31";"System";"2021-08-30 05:26:31";"System"
"3972";"Svay Rieng Province";"37";"KH";"18";"20";"11.14272200";"105.82902980";"Q751864";;"2021-08-30 05:26:31";"System";"2021-08-30 05:26:31";"System"
"3973";"Preah Vihear Province";"37";"KH";"13";"13";"14.00857970";"104.84546190";"Q502151";;"2021-08-30 05:26:31";"System";"2021-08-30 05:26:31";"System"
"3974";"Prey Veng Province";"37";"KH";"14";"14";"11.38024420";"105.50054830";"Q856788";;"2021-08-30 05:26:31";"System";"2021-08-30 05:26:31";"System"
"3975";"Takéo Province";"37";"KH";"19";"21";"10.93215190";"104.79877100";"Q613345";;"2021-08-30 05:26:31";"System";"2021-08-30 05:26:31";"System"
"3976";"Battambang Province";"37";"KH";"29";"2";"13.02869710";"102.98961500";"Q810923";;"2021-08-30 05:26:31";"System";"2021-08-30 05:26:31";"System"
"3977";"Pursat Province";"37";"KH";"12";"15";"12.27209560";"103.72891670";"Q834464";;"2021-08-30 05:26:31";"System";"2021-08-30 05:26:31";"System"
"3978";"Kep Province";"37";"KH";"26";"23";"10.53608900";"104.35591580";"Q852089";;"2021-08-30 05:26:31";"System";"2021-08-30 05:26:31";"System"
"3979";"Kampong Chhnang Province";"37";"KH";"03";"4";"12.13923520";"104.56552730";"Q877468";;"2021-08-30 05:26:31";"System";"2021-08-30 05:26:31";"System"
"3980";"Pailin Province";"37";"KH";"30";"24";"12.90929620";"102.66755750";"Q506646";;"2021-08-30 05:26:31";"System";"2021-08-30 05:26:31";"System"
"3981";"Kampot Province";"37";"KH";"21";"7";"10.73253510";"104.37919120";"Q748470";;"2021-08-30 05:26:31";"System";"2021-08-30 05:26:31";"System"
"3982";"Koh Kong Province";"37";"KH";"08";"9";"11.57628040";"103.35872880";"Q466000";;"2021-08-30 05:26:31";"System";"2021-08-30 05:26:31";"System"
"3983";"Kandal Province";"37";"KH";"07";"8";"11.22373830";"105.12589550";"Q466031";;"2021-08-30 05:26:31";"System";"2021-08-30 05:26:31";"System"
"3984";"Banteay Meanchey Province";"37";"KH";"25";"1";"13.75319140";"102.98961500";"Q3817";;"2021-08-30 05:26:31";"System";"2021-08-30 05:26:31";"System"
"3985";"Mondulkiri Province";"37";"KH";"10";"11";"12.78794270";"107.10119310";"Q652830";;"2021-08-30 05:26:31";"System";"2021-08-30 05:26:31";"System"
"3986";"Kratié Province";"37";"KH";"09";"10";"12.50436080";"105.96998780";"Q785896";;"2021-08-30 05:26:31";"System";"2021-08-30 05:26:31";"System"
"3987";"Oddar Meanchey Province";"37";"KH";"27";"22";"14.16097380";"103.82162610";"Q629538";;"2021-08-30 05:26:31";"System";"2021-08-30 05:26:31";"System"
"3988";"Kampong Speu Province";"37";"KH";"04";"5";"11.61551090";"104.37919120";"Q652867";;"2021-08-30 05:26:31";"System";"2021-08-30 05:26:31";"System"
"3989";"Sihanoukville Province";"37";"KH";"28";"18";"10.75818990";"103.82162610";"Q220966";;"2021-08-30 05:26:31";"System";"2021-08-30 05:26:31";"System"
"3990";"Ratanakiri Province";"37";"KH";"23";"16";"13.85766070";"107.10119310";"Q747846";;"2021-08-30 05:26:31";"System";"2021-08-30 05:26:31";"System"
"3991";"Kampong Cham Province";"37";"KH";"02";"3";"12.09829180";"105.31311850";"Q142258";;"2021-08-30 05:26:31";"System";"2021-08-30 05:26:31";"System"
"3992";"Siem Reap Province";"37";"KH";"24";"17";"13.33026600";"104.10013260";"Q652818";;"2021-08-30 05:26:31";"System";"2021-08-30 05:26:31";"System"
"3993";"Stung Treng Province";"37";"KH";"17";"19";"13.57647300";"105.96998780";"Q837889";;"2021-08-30 05:26:31";"System";"2021-08-30 05:26:31";"System"
"3994";"Phnom Penh";"37";"KH";"22";"12";"11.55637380";"104.92820990";"Q1850";;"2021-08-30 05:26:31";"System";"2021-08-30 05:26:31";"System"
"3995";"North Hamgyong Province";"115";"KP";"17";"09";"41.81487580";"129.45819550";"Q109361";;"2021-08-30 05:26:31";"System";"2021-08-30 05:26:31";"System"
"3996";"Ryanggang Province";"115";"KP";"13";"10";"41.23189210";"128.50763590";"Q110171";;"2021-08-30 05:26:31";"System";"2021-08-30 05:26:31";"System"
"3997";"South Pyongan Province";"115";"KP";"15";"02";"39.35391780";"126.16827100";"Q109380";;"2021-08-30 05:26:31";"System";"2021-08-30 05:26:31";"System"
"3998";"Chagang Province";"115";"KP";"01";"04";"40.72028090";"126.56211370";"Q272406";;"2021-08-30 05:26:31";"System";"2021-08-30 05:26:31";"System"
"3999";"Kangwon Province";"115";"KP";"09";"07";"38.84323930";"127.55970670";"Q41416";;"2021-08-30 05:26:31";"System";"2021-08-30 05:26:31";"System"
"4000";"South Hamgyong Province";"115";"KP";"03";"08";"40.37253390";"128.29888400";"Q109368";;"2021-08-30 05:26:31";"System";"2021-08-30 05:26:31";"System"
"4001";"Rason";"115";"KP";"18";"13";"42.25690630";"130.29771860";"Q221734";;"2021-08-30 05:26:31";"System";"2021-08-30 05:26:31";"System"
"4002";"North Pyongan Province";"115";"KP";"11";"03";"39.92556180";"125.39280250";"Q109348";;"2021-08-30 05:26:31";"System";"2021-08-30 05:26:31";"System"
"4003";"South Hwanghae Province";"115";"KP";"06";"05";"38.20072150";"125.47819260";"Q626052";;"2021-08-30 05:26:31";"System";"2021-08-30 05:26:31";"System"
"4004";"North Hwanghae Province";"115";"KP";"07";"06";"38.37860850";"126.43643630";"Q109342";;"2021-08-30 05:26:31";"System";"2021-08-30 05:26:31";"System"
"4005";"Pyongyang";"115";"KP";"12";"01";"39.03921930";"125.76252410";"Q18808";;"2021-08-30 05:26:31";"System";"2021-08-30 05:26:31";"System"
"4006";"Meghalaya";"101";"IN";"18";"ML";"25.46703080";"91.36621600";"Q1195";;"2021-08-30 05:26:31";"System";"2021-08-30 05:26:31";"System"
"4007";"Haryana";"101";"IN";"10";"HR";"29.05877570";"76.08560100";"Q1174";;"2021-08-30 05:26:31";"System";"2021-08-30 05:26:31";"System"
"4008";"Maharashtra";"101";"IN";"16";"MH";"19.75147980";"75.71388840";"Q1191";;"2021-08-30 05:26:31";"System";"2021-08-30 05:26:31";"System"
"4009";"Goa";"101";"IN";"33";"GA";"15.29932650";"74.12399600";"Q1171";;"2021-08-30 05:26:31";"System";"2021-08-30 05:26:31";"System"
"4010";"Manipur";"101";"IN";"17";"MN";"24.66371730";"93.90626880";"Q1193";;"2021-08-30 05:26:31";"System";"2021-08-30 05:26:31";"System"
"4011";"Puducherry";"101";"IN";"22";"PY";"11.94159150";"79.80831330";"Q66743";;"2021-08-30 05:26:31";"System";"2021-08-30 05:26:31";"System"
"4012";"Telangana";"101";"IN";"40";"TG";"18.11243720";"79.01929970";"Q677037";;"2021-08-30 05:26:31";"System";"2021-08-30 05:26:31";"System"
"4013";"Odisha";"101";"IN";"21";"OR";"20.95166580";"85.09852360";"Q22048";;"2021-08-30 05:26:31";"System";"2021-08-30 05:26:31";"System"
"4014";"Rajasthan";"101";"IN";"24";"RJ";"27.02380360";"74.21793260";"Q1437";;"2021-08-30 05:26:31";"System";"2021-08-30 05:26:31";"System"
"4015";"Punjab";"101";"IN";"23";"PB";;;"Q22424";;"2021-08-30 05:26:31";"System";"2021-08-30 05:26:31";"System"
"4016";"Uttarakhand";"101";"IN";"39";"UT";"30.06675300";"79.01929970";"Q1499";;"2021-08-30 05:26:31";"System";"2021-08-30 05:26:31";"System"
"4017";"Andhra Pradesh";"101";"IN";"02";"AP";"15.91289980";"79.73998750";"Q1159";;"2021-08-30 05:26:31";"System";"2021-08-30 05:26:31";"System"
"4018";"Nagaland";"101";"IN";"20";"NL";"26.15843540";"94.56244260";"Q1599";;"2021-08-30 05:26:31";"System";"2021-08-30 05:26:31";"System"
"4019";"Lakshadweep";"101";"IN";"14";"LD";"10.32802650";"72.78463360";"Q26927";;"2021-08-30 05:26:31";"System";"2021-08-30 05:26:31";"System"
"4020";"Himachal Pradesh";"101";"IN";"11";"HP";"31.10482940";"77.17339010";"Q1177";;"2021-08-30 05:26:31";"System";"2021-08-30 05:26:31";"System"
"4021";"Delhi";"101";"IN";"07";"DL";"28.70405920";"77.10249020";"Q1353";;"2021-08-30 05:26:31";"System";"2021-08-30 05:26:31";"System"
"4022";"Uttar Pradesh";"101";"IN";"36";"UP";"26.84670880";"80.94615920";"Q1498";;"2021-08-30 05:26:31";"System";"2021-08-30 05:26:31";"System"
"4023";"Andaman and Nicobar Islands";"101";"IN";"01";"AN";"11.74008670";"92.65864010";"Q40888";;"2021-08-30 05:26:31";"System";"2021-08-30 05:26:31";"System"
"4024";"Arunachal Pradesh";"101";"IN";"30";"AR";"28.21799940";"94.72775280";"Q1162";;"2021-08-30 05:26:31";"System";"2021-08-30 05:26:31";"System"
"4025";"Jharkhand";"101";"IN";"38";"JH";"23.61018080";"85.27993540";"Q1184";;"2021-08-30 05:26:31";"System";"2021-08-30 05:26:31";"System"
"4026";"Karnataka";"101";"IN";"19";"KA";"15.31727750";"75.71388840";"Q1185";;"2021-08-30 05:26:31";"System";"2021-08-30 05:26:31";"System"
"4027";"Assam";"101";"IN";"03";"AS";"26.20060430";"92.93757390";"Q1164";;"2021-08-30 05:26:31";"System";"2021-08-30 05:26:31";"System"
"4028";"Kerala";"101";"IN";"13";"KL";"10.85051590";"76.27108330";"Q1186";;"2021-08-30 05:26:31";"System";"2021-08-30 05:26:31";"System"
"4029";"Jammu and Kashmir";"101";"IN";"12";"JK";"33.27783900";"75.34121790";"Q1180";;"2021-08-30 05:26:31";"System";"2021-08-30 05:26:31";"System"
"4030";"Gujarat";"101";"IN";"09";"GJ";"22.25865200";"71.19238050";"Q1061";;"2021-08-30 05:26:31";"System";"2021-08-30 05:26:31";"System"
"4031";"Chandigarh";"101";"IN";"05";"CH";"30.73331480";"76.77941790";"Q43433";;"2021-08-30 05:26:31";"System";"2021-08-30 05:26:31";"System"
"4033";"Dadra and Nagar Haveli and Daman and Diu";"101";"IN";"32";"DH";"20.39737360";"72.83279910";"Q66710";;"2021-08-30 05:26:31";"System";"2021-08-30 05:26:31";"System"
"4034";"Sikkim";"101";"IN";"29";"SK";"27.53297180";"88.51221780";"Q1505";;"2021-08-30 05:26:31";"System";"2021-08-30 05:26:31";"System"
"4035";"Tamil Nadu";"101";"IN";"25";"TN";"11.12712250";"78.65689420";"Q1445";;"2021-08-30 05:26:31";"System";"2021-08-30 05:26:31";"System"
"4036";"Mizoram";"101";"IN";"31";"MZ";"23.16454300";"92.93757390";"Q1502";;"2021-08-30 05:26:31";"System";"2021-08-30 05:26:31";"System"
"4037";"Bihar";"101";"IN";"34";"BR";"25.09607420";"85.31311940";"Q1165";;"2021-08-30 05:26:31";"System";"2021-08-30 05:26:31";"System"
"4038";"Tripura";"101";"IN";"26";"TR";"23.94084820";"91.98815270";"Q1363";;"2021-08-30 05:26:31";"System";"2021-08-30 05:26:31";"System"
"4039";"Madhya Pradesh";"101";"IN";"35";"MP";"22.97342290";"78.65689420";"Q1188";;"2021-08-30 05:26:31";"System";"2021-08-30 05:26:31";"System"
"4040";"Chhattisgarh";"101";"IN";"37";"CT";"21.27865670";"81.86614420";"Q1168";;"2021-08-30 05:26:31";"System";"2021-08-30 05:26:31";"System"
"4041";"Choluteca Department";"97";"HN";"02";"CH";"13.25043250";"-87.14228950";"Q899272";;"2021-08-30 05:26:31";"System";"2021-08-30 05:26:31";"System"
"4042";"Comayagua Department";"97";"HN";"04";"CM";"14.55348280";"-87.61863790";"Q823443";;"2021-08-30 05:26:31";"System";"2021-08-30 05:26:31";"System"
"4043";"El Paraíso Department";"97";"HN";"07";"EP";"13.98212940";"-86.49965460";"Q867108";;"2021-08-30 05:26:31";"System";"2021-08-30 05:26:31";"System"
"4044";"Intibucá Department";"97";"HN";"10";"IN";"14.37273400";"-88.24611830";"Q262125";;"2021-08-30 05:26:31";"System";"2021-08-30 05:26:31";"System"
"4045";"Bay Islands Department";"97";"HN";"11";"IB";"16.48266140";"-85.87932520";"Q751725";;"2021-08-30 05:26:31";"System";"2021-08-30 05:26:31";"System"
"4046";"Cortés Department";"97";"HN";"06";"CR";"15.49235080";"-88.09007620";"Q767244";;"2021-08-30 05:26:31";"System";"2021-08-30 05:26:31";"System"
"4047";"Atlántida Department";"97";"HN";"01";"AT";"15.66962830";"-87.14228950";"Q622619";;"2021-08-30 05:26:31";"System";"2021-08-30 05:26:31";"System"
"4048";"Gracias a Dios Department";"97";"HN";"09";"GD";"15.34180600";"-84.60604490";"Q867112";;"2021-08-30 05:26:31";"System";"2021-08-30 05:26:31";"System"
"4049";"Copán Department";"97";"HN";"05";"CP";"14.93608380";"-88.86469800";"Q843984";;"2021-08-30 05:26:31";"System";"2021-08-30 05:26:31";"System"
"4050";"Olancho Department";"97";"HN";"15";"OL";"14.80674060";"-85.76666450";"Q867089";;"2021-08-30 05:26:31";"System";"2021-08-30 05:26:31";"System"
"4051";"Colón Department";"97";"HN";"03";"CL";"15.64259650";"-85.52002400";"Q867117";;"2021-08-30 05:26:31";"System";"2021-08-30 05:26:31";"System"
"4052";"Francisco Morazán Department";"97";"HN";"08";"FM";"14.45411000";"-87.06242610";"Q867126";;"2021-08-30 05:26:31";"System";"2021-08-30 05:26:31";"System"
"4053";"Santa Bárbara Department";"97";"HN";"16";"SB";"15.12027950";"-88.40160410";"Q591139";;"2021-08-30 05:26:31";"System";"2021-08-30 05:26:31";"System"
"4054";"Lempira Department";"97";"HN";"13";"LE";"14.18876980";"-88.55653100";"Q744138";;"2021-08-30 05:26:31";"System";"2021-08-30 05:26:31";"System"
"4055";"Valle Department";"97";"HN";"17";"VA";"13.57829360";"-87.57912870";"Q867097";;"2021-08-30 05:26:31";"System";"2021-08-30 05:26:31";"System"
"4056";"Ocotepeque Department";"97";"HN";"14";"OC";"14.51703470";"-89.05615320";"Q867084";;"2021-08-30 05:26:31";"System";"2021-08-30 05:26:31";"System"
"4057";"Yoro Department";"97";"HN";"18";"YO";"15.29496790";"-87.14228950";"Q1123380";;"2021-08-30 05:26:31";"System";"2021-08-30 05:26:31";"System"
"4058";"La Paz Department";"97";"HN";"12";"LP";"-15.08924160";"-68.52471490";"Q866886";;"2021-08-30 05:26:31";"System";"2021-08-30 05:26:31";"System"
"4059";"Northland Region";"158";"NZ";"F6";"NTL";"-35.41361720";"173.93208060";"Q59596";;"2021-08-30 05:26:31";"System";"2021-08-30 05:26:31";"System"
"4060";"Manawatu-Wanganui Region";"158";"NZ";"F3";"MWT";"-39.72733560";"175.43755740";"Q139907";;"2021-08-30 05:26:31";"System";"2021-08-30 05:26:31";"System"
"4061";"Waikato Region";"158";"NZ";"G1";"WKO";"-37.61908620";"175.02334600";"Q139918";;"2021-08-30 05:26:31";"System";"2021-08-30 05:26:31";"System"
"4062";"Otago Region";"158";"NZ";"F7";"OTA";"-45.47906710";"170.15475670";"Q692912";;"2021-08-30 05:26:31";"System";"2021-08-30 05:26:31";"System"
"4063";"Marlborough Region";"158";"NZ";"F4";"MBH";"-41.59168830";"173.76240530";"Q140083";;"2021-08-30 05:26:31";"System";"2021-08-30 05:26:31";"System"
"4064";"West Coast Region";"158";"NZ";"G3";"WTC";"62.41136340";"-149.07297140";"Q541468";;"2021-08-30 05:26:31";"System";"2021-08-30 05:26:31";"System"
"4065";"Wellington Region";"158";"NZ";"G2";"WGN";"-41.02993230";"175.43755740";"Q856010";;"2021-08-30 05:26:31";"System";"2021-08-30 05:26:31";"System"
"4066";"Canterbury Region";"158";"NZ";"E9";"CAN";"-43.75422750";"171.16372450";"Q657004";;"2021-08-30 05:26:31";"System";"2021-08-30 05:26:31";"System"
"4067";"Chatham Islands";"158";"NZ";"10";"CIT";"-44.00575230";"-176.54006740";"Q26882619";;"2021-08-30 05:26:31";"System";"2021-08-30 05:26:31";"System"
"4068";"Gisborne District";"158";"NZ";"F1";"GIS";"-38.13581740";"178.32393090";"Q140246";;"2021-08-30 05:26:31";"System";"2021-08-30 05:26:31";"System"
"4069";"Taranaki Region";"158";"NZ";"F9";"TKI";"-39.35381490";"174.43827210";"Q140207";;"2021-08-30 05:26:31";"System";"2021-08-30 05:26:31";"System"
"4070";"Nelson Region";"158";"NZ";"F5";"NSN";"-41.29853970";"173.24414910";"Q1995856";;"2021-08-30 05:26:31";"System";"2021-08-30 05:26:31";"System"
"4071";"Southland Region";"158";"NZ";"F8";"STL";"-45.84891590";"167.67553870";"Q864971";;"2021-08-30 05:26:31";"System";"2021-08-30 05:26:31";"System"
"4072";"Auckland Region";"158";"NZ";"E7";"AUK";"-36.66753280";"174.77333250";"Q726917";;"2021-08-30 05:26:31";"System";"2021-08-30 05:26:31";"System"
"4073";"Tasman District";"158";"NZ";"TAS";"TAS";"-41.45711840";"172.82097400";"Q666142";;"2021-08-30 05:26:31";"System";"2021-08-30 05:26:31";"System"
"4074";"Bay of Plenty Region";"158";"NZ";"E8";"BOP";"-37.42339170";"176.74163740";"Q2192924";;"2021-08-30 05:26:31";"System";"2021-08-30 05:26:31";"System"
"4075";"Hawke's Bay Region";"158";"NZ";"F2";"HKB";"-39.60165970";"176.58044730";"Q251825";;"2021-08-30 05:26:31";"System";"2021-08-30 05:26:31";"System"
"4076";"Saint John Parish";"61";"DM";"05";"05";;;"Q1476285";;"2021-08-30 05:26:31";"System";"2021-08-30 05:26:31";"System"
"4077";"Saint Mark Parish";"61";"DM";"08";"08";;;"Q1431115";;"2021-08-30 05:26:31";"System";"2021-08-30 05:26:31";"System"
"4078";"Saint David Parish";"61";"DM";"03";"03";;;"Q1431129";;"2021-08-30 05:26:31";"System";"2021-08-30 05:26:31";"System"
"4079";"Saint George Parish";"61";"DM";"04";"04";;;"Q617801";;"2021-08-30 05:26:31";"System";"2021-08-30 05:26:31";"System"
"4080";"Saint Patrick Parish";"61";"DM";"09";"09";;;"Q1431108";;"2021-08-30 05:26:31";"System";"2021-08-30 05:26:31";"System"
"4081";"Saint Peter Parish";"61";"DM";"11";"11";"40.45241940";"-80.00850560";"Q1476294";;"2021-08-30 05:26:31";"System";"2021-08-30 05:26:31";"System"
"4082";"Saint Andrew Parish";"61";"DM";"02";"02";;;"Q732322";;"2021-08-30 05:26:31";"System";"2021-08-30 05:26:31";"System"
"4083";"Saint Luke Parish";"61";"DM";"07";"07";"42.10513630";"-80.05707220";"Q1431099";;"2021-08-30 05:26:31";"System";"2021-08-30 05:26:31";"System"
"4084";"Saint Paul Parish";"61";"DM";"10";"10";"38.86146000";"-90.74356190";"Q339063";;"2021-08-30 05:26:31";"System";"2021-08-30 05:26:31";"System"
"4085";"Saint Joseph Parish";"61";"DM";"06";"06";"39.02227120";"-94.71765040";"Q1476302";;"2021-08-30 05:26:31";"System";"2021-08-30 05:26:31";"System"
"4086";"El Seibo Province";"62";"DO";"28";"08";"18.76584960";"-69.04066800";"Q1774831";;"2021-08-30 05:26:31";"System";"2021-08-30 05:26:31";"System"
"4087";"La Romana Province";"62";"DO";"12";"12";"18.43102710";"-68.98373730";"Q1140742";;"2021-08-30 05:26:31";"System";"2021-08-30 05:26:31";"System"
"4088";"Sánchez Ramírez Province";"62";"DO";"21";"24";"19.05270600";"-70.14922640";"Q1836903";;"2021-08-30 05:26:31";"System";"2021-08-30 05:26:31";"System"
"4089";"Hermanas Mirabal Province";"62";"DO";"19";"19";"19.37475590";"-70.35132350";"Q549386";;"2021-08-30 05:26:31";"System";"2021-08-30 05:26:31";"System"
"4090";"Barahona Province";"62";"DO";"03";"04";"18.21390660";"-71.10437590";"Q1137551";;"2021-08-30 05:26:31";"System";"2021-08-30 05:26:31";"System"
"4091";"San Cristóbal Province";"62";"DO";"33";"21";"18.41804140";"-70.10658490";"Q1366107";;"2021-08-30 05:26:31";"System";"2021-08-30 05:26:31";"System"
"4092";"Puerto Plata Province";"62";"DO";"18";"18";"19.75432250";"-70.83328470";"Q693487";;"2021-08-30 05:26:31";"System";"2021-08-30 05:26:31";"System"
"4093";"Santo Domingo Province";"62";"DO";"37";"32";"18.51042530";"-69.84040540";"Q1352536";;"2021-08-30 05:26:31";"System";"2021-08-30 05:26:31";"System"
"4094";"María Trinidad Sánchez Province";"62";"DO";"14";"14";"19.37345970";"-69.85144390";"Q1949656";;"2021-08-30 05:26:31";"System";"2021-08-30 05:26:31";"System"
"4095";"Distrito Nacional";"62";"DO";"34";"01";"18.48605750";"-69.93121170";"Q2499228";;"2021-08-30 05:26:31";"System";"2021-08-30 05:26:31";"System"
"4096";"Peravia Province";"62";"DO";"35";"17";"18.27865940";"-70.33358870";"Q1331932";;"2021-08-30 05:26:31";"System";"2021-08-30 05:26:31";"System"
"4097";"Independencia";"62";"DO";"09";"10";"32.63357480";"-115.42892940";"Q1424401";;"2021-08-30 05:26:31";"System";"2021-08-30 05:26:31";"System"
"4098";"San Juan Province";"62";"DO";"23";"22";"-31.52871270";"-68.53604030";"Q2001793";;"2021-08-30 05:26:31";"System";"2021-08-30 05:26:31";"System"
"4099";"Monseñor Nouel Province";"62";"DO";"31";"28";"18.92152340";"-70.38368150";"Q1295496";;"2021-08-30 05:26:31";"System";"2021-08-30 05:26:31";"System"
"4100";"Santiago Rodríguez Province";"62";"DO";"26";"26";"19.47131810";"-71.33958010";"Q2021942";;"2021-08-30 05:26:31";"System";"2021-08-30 05:26:31";"System"
"4101";"Pedernales Province";"62";"DO";"16";"16";"17.85376260";"-71.33032090";"Q1352533";;"2021-08-30 05:26:31";"System";"2021-08-30 05:26:31";"System"
"4102";"Espaillat Province";"62";"DO";"08";"09";"19.62776580";"-70.27867750";"Q530231";;"2021-08-30 05:26:31";"System";"2021-08-30 05:26:31";"System"
"4103";"Samaná Province";"62";"DO";"20";"20";"19.20583710";"-69.33629490";"Q1145487";;"2021-08-30 05:26:31";"System";"2021-08-30 05:26:31";"System"
"4104";"Valverde Province";"62";"DO";"27";"27";"19.58812210";"-70.98033100";"Q1774848";;"2021-08-30 05:26:31";"System";"2021-08-30 05:26:31";"System"
"4105";"Baoruco Province";"62";"DO";"02";"03";"18.48798980";"-71.41822490";"Q807079";;"2021-08-30 05:26:31";"System";"2021-08-30 05:26:31";"System"
"4106";"Hato Mayor Province";"62";"DO";"29";"30";"18.76357990";"-69.25576370";"Q937217";;"2021-08-30 05:26:31";"System";"2021-08-30 05:26:31";"System"
"4107";"Dajabón Province";"62";"DO";"04";"05";"19.54992410";"-71.70865140";"Q1138575";;"2021-08-30 05:26:31";"System";"2021-08-30 05:26:31";"System"
"4108";"Santiago Province";"62";"DO";"25";"25";"-33.45000000";"-70.66670000";"Q1772983";;"2021-08-30 05:26:31";"System";"2021-08-30 05:26:31";"System"
"4109";"La Altagracia Province";"62";"DO";"10";"11";"18.58502360";"-68.62010720";"Q1323353";;"2021-08-30 05:26:31";"System";"2021-08-30 05:26:31";"System"
"4110";"San Pedro de Macorís";"62";"DO";"24";"23";"18.46266000";"-69.30512340";"Q1366119";;"2021-08-30 05:26:31";"System";"2021-08-30 05:26:31";"System"
"4111";"Monte Plata Province";"62";"DO";"32";"29";"18.80808780";"-69.78691460";"Q1772745";;"2021-08-30 05:26:31";"System";"2021-08-30 05:26:31";"System"
"4112";"San José de Ocoa Province";"62";"DO";"36";"31";"18.54385800";"-70.50418160";"Q1424391";;"2021-08-30 05:26:31";"System";"2021-08-30 05:26:31";"System"
"4113";"Duarte Province";"62";"DO";"06";"06";"19.20908230";"-70.02700040";"Q1262745";;"2021-08-30 05:26:31";"System";"2021-08-30 05:26:31";"System"
"4114";"Azua Province";"62";"DO";"01";"02";"18.45527090";"-70.73809280";"Q794239";;"2021-08-30 05:26:31";"System";"2021-08-30 05:26:31";"System"
"4115";"Monte Cristi Province";"62";"DO";"15";"15";"19.73968990";"-71.44339840";"Q592624";;"2021-08-30 05:26:31";"System";"2021-08-30 05:26:31";"System"
"4116";"La Vega Province";"62";"DO";"30";"13";"19.22115540";"-70.52887530";"Q594405";;"2021-08-30 05:26:31";"System";"2021-08-30 05:26:31";"System"
"4117";"Nord";"95";"HT";"09";"ND";"43.19052600";"-89.43792100";"Q943932";;"2021-08-30 05:26:31";"System";"2021-08-30 05:26:31";"System"
"4118";"Nippes";"95";"HT";"15";"NI";"18.39907350";"-73.41802110";"Q125232";;"2021-08-30 05:26:31";"System";"2021-08-30 05:26:31";"System"
"4119";"Grand'Anse";"95";"HT";"14";"GA";"12.01666670";"-61.76666670";"Q913231";;"2021-08-30 05:26:31";"System";"2021-08-30 05:26:31";"System"
"4120";"Ouest";"95";"HT";"11";"OU";"45.45472490";"-73.65023650";"Q1434621";;"2021-08-30 05:26:31";"System";"2021-08-30 05:26:31";"System"
"4121";"Nord-Est";"95";"HT";"10";"NE";"19.48897230";"-71.85713310";"Q928694";;"2021-08-30 05:26:31";"System";"2021-08-30 05:26:31";"System"
"4122";"Sud";"95";"HT";"12";"SD";"29.92132480";"-90.09737720";"Q936704";;"2021-08-30 05:26:31";"System";"2021-08-30 05:26:31";"System"
"4123";"Artibonite";"95";"HT";"06";"AR";"19.36290200";"-72.42581450";"Q844024";;"2021-08-30 05:26:31";"System";"2021-08-30 05:26:31";"System"
"4124";"Sud-Est";"95";"HT";"13";"SE";"18.27835980";"-72.35479150";"Q936717";;"2021-08-30 05:26:31";"System";"2021-08-30 05:26:31";"System"
"4125";"Centre";"95";"HT";"07";"CE";"32.83702510";"-96.77738820";"Q844528";;"2021-08-30 05:26:31";"System";"2021-08-30 05:26:31";"System"
"4126";"Nord-Ouest";"95";"HT";"03";"NO";"19.83740090";"-73.04052770";"Q608361";;"2021-08-30 05:26:31";"System";"2021-08-30 05:26:31";"System"
"4127";"San Vicente Department";"66";"SV";"12";"SV";"13.58685610";"-88.74939980";"Q1130180";;"2021-08-30 05:26:31";"System";"2021-08-30 05:26:31";"System"
"4128";"Santa Ana Department";"66";"SV";"11";"SA";"14.14611210";"-89.51200840";"Q671158";;"2021-08-30 05:26:31";"System";"2021-08-30 05:26:31";"System"
"4129";"Usulután Department";"66";"SV";"14";"US";"13.44706340";"-88.55653100";"Q1122748";;"2021-08-30 05:26:31";"System";"2021-08-30 05:26:31";"System"
"4130";"Morazán Department";"66";"SV";"08";"MO";"13.76820000";"-88.12913870";"Q1122836";;"2021-08-30 05:26:31";"System";"2021-08-30 05:26:31";"System"
"4131";"Chalatenango Department";"66";"SV";"03";"CH";"14.19166480";"-89.17059980";"Q522221";;"2021-08-30 05:26:31";"System";"2021-08-30 05:26:31";"System"
"4132";"Cabañas Department";"66";"SV";"02";"CA";"13.86482880";"-88.74939980";"Q914058";;"2021-08-30 05:26:31";"System";"2021-08-30 05:26:31";"System"
"4133";"San Salvador Department";"66";"SV";"10";"SS";"13.77399970";"-89.20867730";"Q1543219";;"2021-08-30 05:26:31";"System";"2021-08-30 05:26:31";"System"
"4134";"La Libertad Department";"66";"SV";"05";"LI";"13.68176610";"-89.36062980";"Q930820";;"2021-08-30 05:26:31";"System";"2021-08-30 05:26:31";"System"
"4135";"San Miguel Department";"66";"SV";"09";"SM";"13.44510410";"-88.24611830";"Q930804";;"2021-08-30 05:26:31";"System";"2021-08-30 05:26:31";"System"
"4136";"La Paz Department";"66";"SV";"06";"PA";;;"Q1129788";;"2021-08-30 05:26:31";"System";"2021-08-30 05:26:31";"System"
"4137";"Cuscatlán Department";"66";"SV";"04";"CU";"13.86619570";"-89.05615320";"Q1130677";;"2021-08-30 05:26:31";"System";"2021-08-30 05:26:31";"System"
"4138";"La Unión Department";"66";"SV";"07";"UN";"13.48864430";"-87.89424510";"Q1130688";;"2021-08-30 05:26:31";"System";"2021-08-30 05:26:31";"System"
"4139";"Ahuachapán Department";"66";"SV";"01";"AH";"13.82161480";"-89.92532330";"Q572993";;"2021-08-30 05:26:31";"System";"2021-08-30 05:26:31";"System"
"4140";"Sonsonate Department";"66";"SV";"13";"SO";"13.68235800";"-89.66281110";"Q212540";;"2021-08-30 05:26:31";"System";"2021-08-30 05:26:31";"System"
"4141";"Braslovče Municipality";"201";"SI";"F7";"151";"46.28361920";"15.04183200";"Q1034410";;"2021-08-30 05:26:31";"System";"2021-08-30 05:26:31";"System"
"4142";"Lenart Municipality";"201";"SI";"I3";"058";"46.58344240";"15.82621250";"Q13365883";;"2021-08-30 05:26:31";"System";"2021-08-30 05:26:31";"System"
"4143";"Oplotnica";"201";"SI";"J8";"171";"46.38716300";"15.44581310";"Q1587261";;"2021-08-30 05:26:31";"System";"2021-08-30 05:26:31";"System"
"4144";"Velike Lašče Municipality";"201";"SI";"D8";"134";"45.83365910";"14.63623630";"Q13378281";;"2021-08-30 05:26:31";"System";"2021-08-30 05:26:31";"System"
"4145";"Hajdina Municipality";"201";"SI";"G9";"159";"46.41850140";"15.82447220";"Q995065";;"2021-08-30 05:26:31";"System";"2021-08-30 05:26:31";"System"
"4146";"Podčetrtek Municipality";"201";"SI";"92";"092";"46.17395420";"15.60138160";"Q999540";;"2021-08-30 05:26:31";"System";"2021-08-30 05:26:31";"System"
"4147";"Cankova Municipality";"201";"SI";"F8";"152";"46.71823700";"16.01972220";"Q13377751";;"2021-08-30 05:26:31";"System";"2021-08-30 05:26:31";"System"
"4148";"Vitanje Municipality";"201";"SI";"E2";"137";"46.38153230";"15.29506870";"Q13378288";;"2021-08-30 05:26:31";"System";"2021-08-30 05:26:31";"System"
"4149";"Sežana Municipality";"201";"SI";"B7";"111";"45.72751090";"13.86619310";"Q554854";;"2021-08-30 05:26:31";"System";"2021-08-30 05:26:31";"System"
"4150";"Kidričevo Municipality";"201";"SI";"45";"045";"46.39575720";"15.79259060";"Q776770";;"2021-08-30 05:26:31";"System";"2021-08-30 05:26:31";"System"
"4151";"Črenšovci Municipality";"201";"SI";"15";"015";"46.57200290";"16.28773460";"Q341658";;"2021-08-30 05:26:31";"System";"2021-08-30 05:26:31";"System"
"4152";"Idrija Municipality";"201";"SI";"36";"036";"46.00409390";"13.97754930";"Q3441842";;"2021-08-30 05:26:31";"System";"2021-08-30 05:26:31";"System"
"4153";"Trnovska Vas Municipality";"201";"SI";"M7";"185";"46.52940350";"15.88531180";"Q999559";;"2021-08-30 05:26:31";"System";"2021-08-30 05:26:31";"System"
"4154";"Vodice Municipality";"201";"SI";"E3";"138";"46.18966430";"14.49385390";"Q13378292";;"2021-08-30 05:26:31";"System";"2021-08-30 05:26:31";"System"
"4155";"Ravne na Koroškem Municipality";"201";"SI";"K8";"103";"46.55211940";"14.95990840";"Q13378051";;"2021-08-30 05:26:31";"System";"2021-08-30 05:26:31";"System"
"4156";"Lovrenc na Pohorju Municipality";"201";"SI";"I8";"167";"46.54196380";"15.40004430";"Q25110";;"2021-08-30 05:26:31";"System";"2021-08-30 05:26:31";"System"
"4157";"Majšperk Municipality";"201";"SI";"J1";"069";"46.35030190";"15.73405950";"Q1002371";;"2021-08-30 05:26:31";"System";"2021-08-30 05:26:31";"System"
"4158";"Loški Potok Municipality";"201";"SI";"66";"066";"45.69096370";"14.59859700";"Q999553";;"2021-08-30 05:26:31";"System";"2021-08-30 05:26:31";"System"
"4159";"Domžale Municipality";"201";"SI";"G7";"023";"46.14382690";"14.63752790";"Q13377763";;"2021-08-30 05:26:31";"System";"2021-08-30 05:26:31";"System"
"4160";"Rečica ob Savinji Municipality";"201";"SI";"O9";"209";"46.32337900";"14.92236700";"Q13378058";;"2021-08-30 05:26:31";"System";"2021-08-30 05:26:31";"System"
"4161";"Podlehnik Municipality";"201";"SI";"K1";"172";"46.33107820";"15.87858360";"Q1002247";;"2021-08-30 05:26:31";"System";"2021-08-30 05:26:31";"System"
"4162";"Cerknica Municipality";"201";"SI";"13";"013";"45.79662550";"14.39217700";"Q13107298";;"2021-08-30 05:26:31";"System";"2021-08-30 05:26:31";"System"
"4163";"Vransko Municipality";"201";"SI";"N4";"189";"46.23900600";"14.95272490";"Q13378299";;"2021-08-30 05:26:31";"System";"2021-08-30 05:26:31";"System"
"4164";"Sveta Ana Municipality";"201";"SI";"M3";"181";"46.65000000";"15.84527800";"Q990063";;"2021-08-30 05:26:31";"System";"2021-08-30 05:26:31";"System"
"4165";"Brezovica Municipality";"201";"SI";"09";"008";"45.95593510";"14.43499520";"Q849320";;"2021-08-30 05:26:31";"System";"2021-08-30 05:26:31";"System"
"4166";"Benedikt Municipality";"201";"SI";"F4";"148";"46.61558410";"15.89572810";"Q779018";;"2021-08-30 05:26:31";"System";"2021-08-30 05:26:31";"System"
"4167";"Divača Municipality";"201";"SI";"19";"019";"45.68060690";"13.97203120";"Q557216";;"2021-08-30 05:26:31";"System";"2021-08-30 05:26:31";"System"
"4168";"Moravče Municipality";"201";"SI";"77";"077";"46.13627810";"14.74600100";"Q1012761";;"2021-08-30 05:26:31";"System";"2021-08-30 05:26:31";"System"
"4169";"Slovenj Gradec City Municipality";"201";"SI";"C2";"112";"46.48777180";"15.07294780";"Q3441817";;"2021-08-30 05:26:31";"System";"2021-08-30 05:26:31";"System"
"4170";"Škocjan Municipality";"201";"SI";"B8";"121";"45.91754540";"15.31017360";"Q391800";;"2021-08-30 05:26:31";"System";"2021-08-30 05:26:31";"System"
"4171";"Šentjur Municipality";"201";"SI";"L7";"120";"46.26543390";"15.40800000";"Q13378384";;"2021-08-30 05:26:31";"System";"2021-08-30 05:26:31";"System"
"4172";"Pesnica Municipality";"201";"SI";"89";"089";"46.60887550";"15.67570510";"Q995048";;"2021-08-30 05:26:31";"System";"2021-08-30 05:26:31";"System"
"4173";"Dol pri Ljubljani Municipality";"201";"SI";"22";"022";"46.08843860";"14.64247920";"Q998557";;"2021-08-30 05:26:31";"System";"2021-08-30 05:26:31";"System"
"4174";"Loška Dolina Municipality";"201";"SI";"I7";"065";"45.64779080";"14.49731470";"Q999525";;"2021-08-30 05:26:31";"System";"2021-08-30 05:26:31";"System"
"4175";"Hoče–Slivnica Municipality";"201";"SI";"H1";"160";"46.47785800";"15.64760050";"Q1008102";;"2021-08-30 05:26:31";"System";"2021-08-30 05:26:31";"System"
"4176";"Cerkvenjak Municipality";"201";"SI";"F9";"153";"46.56707110";"15.94297530";"Q1252438";;"2021-08-30 05:26:31";"System";"2021-08-30 05:26:31";"System"
"4177";"Naklo Municipality";"201";"SI";"82";"082";"46.27186630";"14.31569320";"Q1569014";;"2021-08-30 05:26:31";"System";"2021-08-30 05:26:31";"System"
"4178";"Cerkno Municipality";"201";"SI";"14";"014";"46.12884140";"13.98940270";"Q13220435";;"2021-08-30 05:26:31";"System";"2021-08-30 05:26:31";"System"
"4179";"Bistrica ob Sotli Municipality";"201";"SI";"F5";"149";"46.05655790";"15.66259470";"Q13377731";;"2021-08-30 05:26:31";"System";"2021-08-30 05:26:31";"System"
"4180";"Kamnik Municipality";"201";"SI";"H6";"043";"46.22216660";"14.60707270";"Q3503153";;"2021-08-30 05:26:31";"System";"2021-08-30 05:26:31";"System"
"4181";"Bovec Municipality";"201";"SI";"06";"006";"46.33804950";"13.55241740";"Q3259688";;"2021-08-30 05:26:31";"System";"2021-08-30 05:26:31";"System"
"4182";"Zavrč Municipality";"201";"SI";"E9";"143";"46.35713000";"16.04777470";"Q167001";;"2021-08-30 05:26:31";"System";"2021-08-30 05:26:31";"System"
"4183";"Ajdovščina Municipality";"201";"SI";"01";"001";"45.88707760";"13.90428180";"Q331701";;"2021-08-30 05:26:31";"System";"2021-08-30 05:26:31";"System"
"4184";"Pivka Municipality";"201";"SI";"91";"091";"45.67892960";"14.25426890";"Q252154";;"2021-08-30 05:26:31";"System";"2021-08-30 05:26:31";"System"
"4185";"Štore Municipality";"201";"SI";"C9";"127";"46.22225140";"15.31261160";"Q392468";;"2021-08-30 05:26:31";"System";"2021-08-30 05:26:31";"System"
"4186";"Kozje Municipality";"201";"SI";"51";"051";"46.07332110";"15.55967190";"Q1009421";;"2021-08-30 05:26:31";"System";"2021-08-30 05:26:31";"System"
"4187";"Municipality of Škofljica";"201";"SI";"C1";"123";"45.98409620";"14.57466260";"Q392103";;"2021-08-30 05:26:31";"System";"2021-08-30 05:26:31";"System"
"4188";"Prebold Municipality";"201";"SI";"K4";"174";"46.23591360";"15.09369120";"Q1016698";;"2021-08-30 05:26:31";"System";"2021-08-30 05:26:31";"System"
"4189";"Dobrovnik Municipality";"201";"SI";"G5";"156";"46.65386620";"16.35065940";"Q13365892";;"2021-08-30 05:26:31";"System";"2021-08-30 05:26:31";"System"
"4190";"Mozirje Municipality";"201";"SI";"79";"079";"46.33943500";"14.96024130";"Q670975";;"2021-08-30 05:26:31";"System";"2021-08-30 05:26:31";"System"
"4191";"City Municipality of Celje";"201";"SI";"11";"011";"46.23974950";"15.26770630";"Q3441823";;"2021-08-30 05:26:31";"System";"2021-08-30 05:26:31";"System"
"4192";"Žiri Municipality";"201";"SI";"F2";"147";"46.04724990";"14.10984510";"Q394087";;"2021-08-30 05:26:31";"System";"2021-08-30 05:26:31";"System"
"4193";"Horjul Municipality";"201";"SI";"H3";"162";"46.02253780";"14.29862690";"Q1005185";;"2021-08-30 05:26:31";"System";"2021-08-30 05:26:31";"System"
"4194";"Tabor Municipality";"201";"SI";"M5";"184";"46.21079210";"15.01742490";"Q999530";;"2021-08-30 05:26:31";"System";"2021-08-30 05:26:31";"System"
"4195";"Radeče Municipality";"201";"SI";"99";"099";"46.06669540";"15.18204380";"Q13377986";;"2021-08-30 05:26:31";"System";"2021-08-30 05:26:31";"System"
"4196";"Vipava Municipality";"201";"SI";"E1";"136";"45.84126740";"13.96096130";"Q1002229";;"2021-08-30 05:26:31";"System";"2021-08-30 05:26:31";"System"
"4197";"Kungota";"201";"SI";"55";"055";"46.64187930";"15.60362880";"Q998566";;"2021-08-30 05:26:31";"System";"2021-08-30 05:26:31";"System"
"4198";"Slovenske Konjice Municipality";"201";"SI";"C4";"114";"46.33691910";"15.42147080";"Q13378155";;"2021-08-30 05:26:31";"System";"2021-08-30 05:26:31";"System"
"4199";"Osilnica Municipality";"201";"SI";"88";"088";"45.54184670";"14.71563030";"Q778147";;"2021-08-30 05:26:31";"System";"2021-08-30 05:26:31";"System"
"4200";"Borovnica Municipality";"201";"SI";"05";"005";"45.90445250";"14.38241890";"Q13377747";;"2021-08-30 05:26:31";"System";"2021-08-30 05:26:31";"System"
"4201";"Piran Municipality";"201";"SI";"J9";"090";"45.52888560";"13.56807350";"Q565170";;"2021-08-30 05:26:31";"System";"2021-08-30 05:26:31";"System"
"4202";"Bled Municipality";"201";"SI";"03";"003";"46.36832660";"14.11457980";"Q647572";;"2021-08-30 05:26:31";"System";"2021-08-30 05:26:31";"System"
"4203";"Jezersko Municipality";"201";"SI";"H5";"163";"46.39427940";"14.49855590";"Q1688771";;"2021-08-30 05:26:31";"System";"2021-08-30 05:26:31";"System"
"4204";"Rače–Fram Municipality";"201";"SI";"98";"098";"46.45420830";"15.63294670";"Q731093";;"2021-08-30 05:26:31";"System";"2021-08-30 05:26:31";"System"
"4205";"Nova Gorica City Municipality";"201";"SI";"84";"084";"45.97627600";"13.73088810";"Q3435478";;"2021-08-30 05:26:31";"System";"2021-08-30 05:26:31";"System"
"4206";"Razkrižje Municipality";"201";"SI";"K9";"176";"46.52263390";"16.26686380";"Q3435117";;"2021-08-30 05:26:31";"System";"2021-08-30 05:26:31";"System"
"4207";"Ribnica na Pohorju Municipality";"201";"SI";"L2";"177";"46.53561450";"15.26745380";"Q1009413";;"2021-08-30 05:26:31";"System";"2021-08-30 05:26:31";"System"
"4208";"Muta Municipality";"201";"SI";"81";"081";"46.60973660";"15.16299950";"Q6309297";;"2021-08-30 05:26:31";"System";"2021-08-30 05:26:31";"System"
"4209";"Rogatec Municipality";"201";"SI";"A8";"107";"46.22866260";"15.69913380";"Q1027245";;"2021-08-30 05:26:31";"System";"2021-08-30 05:26:31";"System"
"4210";"Gorišnica Municipality";"201";"SI";"28";"028";"46.41202710";"16.01330890";"Q632998";;"2021-08-30 05:26:31";"System";"2021-08-30 05:26:31";"System"
"4211";"Kuzma Municipality";"201";"SI";"I2";"056";"46.83510380";"16.08071000";"Q906636";;"2021-08-30 05:26:31";"System";"2021-08-30 05:26:31";"System"
"4212";"Mislinja Municipality";"201";"SI";"76";"076";"46.44294030";"15.19876780";"Q999584";;"2021-08-30 05:26:31";"System";"2021-08-30 05:26:31";"System"
"4213";"Duplek Municipality";"201";"SI";"26";"026";"46.50100160";"15.75463070";"Q999589";;"2021-08-30 05:26:31";"System";"2021-08-30 05:26:31";"System"
"4214";"Trebnje Municipality";"201";"SI";"D4";"130";"45.90801630";"15.01319050";"Q13378243";;"2021-08-30 05:26:31";"System";"2021-08-30 05:26:31";"System"
"4215";"Brežice Municipality";"201";"SI";"08";"009";"45.90410960";"15.59436390";"Q906879";;"2021-08-30 05:26:31";"System";"2021-08-30 05:26:31";"System"
"4216";"Dobrepolje Municipality";"201";"SI";"20";"020";"45.85249510";"14.70831090";"Q1009409";;"2021-08-30 05:26:31";"System";"2021-08-30 05:26:31";"System"
"4217";"Grad Municipality";"201";"SI";"G8";"158";"46.80873200";"16.10920600";"Q1019067";;"2021-08-30 05:26:31";"System";"2021-08-30 05:26:31";"System"
"4218";"Moravske Toplice Municipality";"201";"SI";"78";"078";"46.68569320";"16.22245820";"Q3494723";;"2021-08-30 05:26:31";"System";"2021-08-30 05:26:31";"System"
"4219";"Luče Municipality";"201";"SI";"I9";"067";"46.35449250";"14.74715040";"Q669648";;"2021-08-30 05:26:31";"System";"2021-08-30 05:26:31";"System"
"4220";"Miren–Kostanjevica Municipality";"201";"SI";"J5";"075";"45.84360290";"13.62766470";"Q658076";;"2021-08-30 05:26:31";"System";"2021-08-30 05:26:31";"System"
"4221";"Ormož Municipality";"201";"SI";"87";"087";"46.43533330";"16.15437400";"Q15900";;"2021-08-30 05:26:31";"System";"2021-08-30 05:26:31";"System"
"4222";"Šalovci Municipality";"201";"SI";"L4";"033";"46.85335680";"16.25917910";"Q13378373";;"2021-08-30 05:26:31";"System";"2021-08-30 05:26:31";"System"
"4223";"Miklavž na Dravskem Polju Municipality";"201";"SI";"J4";"169";"46.50826280";"15.69520650";"Q1005165";;"2021-08-30 05:26:31";"System";"2021-08-30 05:26:31";"System"
"4224";"Makole Municipality";"201";"SI";"O5";"198";"46.31686970";"15.66641260";"Q1808143";;"2021-08-30 05:26:31";"System";"2021-08-30 05:26:31";"System"
"4225";"Lendava Municipality";"201";"SI";"I4";"059";"46.55134830";"16.44198390";"Q587328";;"2021-08-30 05:26:31";"System";"2021-08-30 05:26:31";"System"
"4226";"Vuzenica Municipality";"201";"SI";"E6";"141";"46.59808360";"15.16572370";"Q370390";;"2021-08-30 05:26:31";"System";"2021-08-30 05:26:31";"System"
"4227";"Kanal ob Soči Municipality";"201";"SI";"44";"044";"46.06735300";"13.62033500";"Q3435496";;"2021-08-30 05:26:31";"System";"2021-08-30 05:26:31";"System"
"4228";"Ptuj City Municipality";"201";"SI";"K7";"096";"46.41995350";"15.86968840";"Q3441808";;"2021-08-30 05:26:31";"System";"2021-08-30 05:26:31";"System"
"4229";"Sveti Andraž v Slovenskih Goricah Municipality";"201";"SI";"M4";"182";"46.51897470";"15.94982620";"Q925149";;"2021-08-30 05:26:31";"System";"2021-08-30 05:26:31";"System"
"4230";"Selnica ob Dravi Municipality";"201";"SI";"L5";"178";"46.55139180";"15.49294100";"Q919934";;"2021-08-30 05:26:31";"System";"2021-08-30 05:26:31";"System"
"4231";"Radovljica Municipality";"201";"SI";"A3";"102";"46.33558270";"14.20945340";"Q15910";;"2021-08-30 05:26:31";"System";"2021-08-30 05:26:31";"System"
"4232";"Črna na Koroškem Municipality";"201";"SI";"16";"016";"46.47045290";"14.84999980";"Q279072";;"2021-08-30 05:26:31";"System";"2021-08-30 05:26:31";"System"
"4233";"Rogaška Slatina Municipality";"201";"SI";"A7";"106";"46.24539730";"15.62650140";"Q15913";;"2021-08-30 05:26:31";"System";"2021-08-30 05:26:31";"System"
"4234";"Podvelka Municipality";"201";"SI";"K2";"093";"46.62219520";"15.38899220";"Q1016800";;"2021-08-30 05:26:31";"System";"2021-08-30 05:26:31";"System"
"4235";"Ribnica Municipality";"201";"SI";"L1";"104";"45.74003030";"14.72657820";"Q15912";;"2021-08-30 05:26:31";"System";"2021-08-30 05:26:31";"System"
"4236";"City Municipality of Novo Mesto";"201";"SI";"J7";"085";"45.80108240";"15.17100890";"Q398116";;"2021-08-30 05:26:31";"System";"2021-08-30 05:26:31";"System"
"4237";"Mirna Peč Municipality";"201";"SI";"J6";"170";"45.84815740";"15.08794500";"Q1016805";;"2021-08-30 05:26:31";"System";"2021-08-30 05:26:31";"System"
"4238";"Križevci Municipality";"201";"SI";"I1";"166";"46.57018210";"16.10926530";"Q999563";;"2021-08-30 05:26:31";"System";"2021-08-30 05:26:31";"System"
"4239";"Poljčane Municipality";"201";"SI";"O8";"200";"46.31398530";"15.57847910";"Q594852";;"2021-08-30 05:26:31";"System";"2021-08-30 05:26:31";"System"
"4240";"Brda Municipality";"201";"SI";"07";"007";"45.99756520";"13.52704740";"Q763400";;"2021-08-30 05:26:31";"System";"2021-08-30 05:26:31";"System"
"4241";"Šentjernej Municipality";"201";"SI";"B4";"119";"45.84341300";"15.33783120";"Q1016812";;"2021-08-30 05:26:31";"System";"2021-08-30 05:26:31";"System"
"4242";"Maribor City Municipality";"201";"SI";"J2";"070";"46.55064960";"15.62054390";"Q3435104";;"2021-08-30 05:26:31";"System";"2021-08-30 05:26:31";"System"
"4243";"Kobarid Municipality";"201";"SI";"46";"046";"46.24569710";"13.57869490";"Q688287";;"2021-08-30 05:26:31";"System";"2021-08-30 05:26:31";"System"
"4244";"Markovci Municipality";"201";"SI";"J3";"168";"46.38793090";"15.95860140";"Q1008095";;"2021-08-30 05:26:31";"System";"2021-08-30 05:26:31";"System"
"4245";"Vojnik Municipality";"201";"SI";"N3";"139";"46.29205810";"15.30205800";"Q2134561";;"2021-08-30 05:26:31";"System";"2021-08-30 05:26:31";"System"
"4246";"Trbovlje Municipality";"201";"SI";"D3";"129";"46.15035630";"15.04531370";"Q15925";;"2021-08-30 05:26:31";"System";"2021-08-30 05:26:31";"System"
"4247";"Tolmin Municipality";"201";"SI";"D2";"128";"46.18571880";"13.73198380";"Q15924";;"2021-08-30 05:26:31";"System";"2021-08-30 05:26:31";"System"
"4248";"Šoštanj Municipality";"201";"SI";"C7";"126";"46.37828360";"15.04613780";"Q15923";;"2021-08-30 05:26:31";"System";"2021-08-30 05:26:31";"System"
"4249";"Žetale Municipality";"201";"SI";"N6";"191";"46.27428330";"15.79133590";"Q393910";;"2021-08-30 05:26:31";"System";"2021-08-30 05:26:31";"System"
"4250";"Tržič Municipality";"201";"SI";"D5";"131";"46.35935140";"14.30066230";"Q15927";;"2021-08-30 05:26:31";"System";"2021-08-30 05:26:31";"System"
"4251";"Turnišče Municipality";"201";"SI";"D6";"132";"46.61375040";"16.32021000";"Q201074";;"2021-08-30 05:26:31";"System";"2021-08-30 05:26:31";"System"
"4252";"Dobrna Municipality";"201";"SI";"G3";"155";"46.33561410";"15.22597320";"Q999579";;"2021-08-30 05:26:31";"System";"2021-08-30 05:26:31";"System"
"4253";"Renče–Vogrsko Municipality";"201";"SI";"P1";"201";"45.89546170";"13.67856730";"Q612216";;"2021-08-30 05:26:31";"System";"2021-08-30 05:26:31";"System"
"4254";"Kostanjevica na Krki Municipality";"201";"SI";"O3";"197";"45.83166380";"15.44119060";"Q12062190";;"2021-08-30 05:26:31";"System";"2021-08-30 05:26:31";"System"
"4255";"Sveti Jurij ob Ščavnici Municipality";"201";"SI";"O3";"116";"46.56874520";"16.02225280";"Q920353";;"2021-08-30 05:26:31";"System";"2021-08-30 05:26:31";"System"
"4256";"Železniki Municipality";"201";"SI";"F1";"146";"46.22563770";"14.16936170";"Q15932";;"2021-08-30 05:26:31";"System";"2021-08-30 05:26:31";"System"
"4257";"Veržej Municipality";"201";"SI";"N1";"188";"46.58411350";"16.16208000";"Q1008086";;"2021-08-30 05:26:31";"System";"2021-08-30 05:26:31";"System"
"4258";"Žalec Municipality";"201";"SI";"N5";"190";"46.25197120";"15.16500720";"Q15931";;"2021-08-30 05:26:31";"System";"2021-08-30 05:26:31";"System"
"4259";"Starše Municipality";"201";"SI";"C8";"115";"46.46743310";"15.76405460";"Q1016826";;"2021-08-30 05:26:31";"System";"2021-08-30 05:26:31";"System"
"4260";"Sveta Trojica v Slovenskih Goricah Municipality";"201";"SI";"P6";"204";"46.56808090";"15.88230640";"Q1016820";;"2021-08-30 05:26:31";"System";"2021-08-30 05:26:31";"System"
"4261";"Solčava Municipality";"201";"SI";"M2";"180";"46.40235260";"14.68023040";"Q1313614";;"2021-08-30 05:26:31";"System";"2021-08-30 05:26:31";"System"
"4262";"Vrhnika Municipality";"201";"SI";"E5";"140";"45.95027190";"14.32764220";"Q9014817";;"2021-08-30 05:26:31";"System";"2021-08-30 05:26:31";"System"
"4263";"Središče ob Dravi";"201";"SI";"P4";"202";"46.39592820";"16.27049150";"Q3441796";;"2021-08-30 05:26:31";"System";"2021-08-30 05:26:31";"System"
"4264";"Rogašovci Municipality";"201";"SI";"A6";"105";"46.80557850";"16.03452370";"Q599480";;"2021-08-30 05:26:31";"System";"2021-08-30 05:26:31";"System"
"4265";"Mežica Municipality";"201";"SI";"74";"074";"46.52150270";"14.85213400";"Q678147";;"2021-08-30 05:26:31";"System";"2021-08-30 05:26:31";"System"
"4266";"Juršinci Municipality";"201";"SI";"42";"042";"46.48986510";"15.98092300";"Q1003984";;"2021-08-30 05:26:31";"System";"2021-08-30 05:26:31";"System"
"4267";"Velika Polana Municipality";"201";"SI";"M9";"187";"46.57317150";"16.34441260";"Q995101";;"2021-08-30 05:26:31";"System";"2021-08-30 05:26:31";"System"
"4268";"Sevnica Municipality";"201";"SI";"B6";"110";"46.00703170";"15.30456790";"Q11214302";;"2021-08-30 05:26:31";"System";"2021-08-30 05:26:31";"System"
"4269";"Zagorje ob Savi Municipality";"201";"SI";"E7";"142";"46.13452020";"14.99643840";"Q13378328";;"2021-08-30 05:26:31";"System";"2021-08-30 05:26:31";"System"
"4270";"Ljubljana City Municipality";"201";"SI";"61";"061";"46.05694650";"14.50575150";"Q3434113";;"2021-08-30 05:26:31";"System";"2021-08-30 05:26:31";"System"
"4271";"Gornji Petrovci Municipality";"201";"SI";"31";"031";"46.80371280";"16.21913790";"Q3435689";;"2021-08-30 05:26:31";"System";"2021-08-30 05:26:31";"System"
"4272";"Polzela Municipality";"201";"SI";"K3";"173";"46.28089700";"15.07373210";"Q938443";;"2021-08-30 05:26:31";"System";"2021-08-30 05:26:31";"System"
"4273";"Sveti Tomaž Municipality";"201";"SI";"P8";"205";"46.48352830";"16.07944200";"Q1016831";;"2021-08-30 05:26:31";"System";"2021-08-30 05:26:31";"System"
"4274";"Prevalje Municipality";"201";"SI";"K6";"175";"46.56211460";"14.88478610";"Q650009";;"2021-08-30 05:26:31";"System";"2021-08-30 05:26:31";"System"
"4275";"Radlje ob Dravi Municipality";"201";"SI";"A2";"101";"46.61357320";"15.23544380";"Q1005364";;"2021-08-30 05:26:31";"System";"2021-08-30 05:26:31";"System"
"4276";"Žirovnica Municipality";"201";"SI";"N7";"192";"46.39544030";"14.15396320";"Q394103";;"2021-08-30 05:26:31";"System";"2021-08-30 05:26:31";"System"
"4277";"Sodražica Municipality";"201";"SI";"M1";"179";"45.76165650";"14.63528530";"Q1008079";;"2021-08-30 05:26:31";"System";"2021-08-30 05:26:31";"System"
"4278";"Bloke Municipality";"201";"SI";"F6";"150";"45.77281410";"14.50634590";"Q164123";;"2021-08-30 05:26:31";"System";"2021-08-30 05:26:31";"System"
"4279";"Šmartno pri Litiji Municipality";"201";"SI";"L9";"194";"46.04549710";"14.84101330";"Q13378453";;"2021-08-30 05:26:31";"System";"2021-08-30 05:26:31";"System"
"4280";"Ruše Municipality";"201";"SI";"L3";"108";"46.52062650";"15.48178690";"Q3346841";;"2021-08-30 05:26:31";"System";"2021-08-30 05:26:31";"System"
"4281";"Dolenjske Toplice Municipality";"201";"SI";"G6";"157";"45.73457110";"15.01294930";"Q1016840";;"2021-08-30 05:26:31";"System";"2021-08-30 05:26:31";"System"
"4282";"Bohinj Municipality";"201";"SI";"04";"004";"46.30056520";"13.94271950";"Q3661628";;"2021-08-30 05:26:31";"System";"2021-08-30 05:26:31";"System"
"4283";"Komenda Municipality";"201";"SI";"H8";"164";"46.20648800";"14.53824990";"Q963986";;"2021-08-30 05:26:31";"System";"2021-08-30 05:26:31";"System"
"4284";"Gorje Municipality";"201";"SI";"H8";"207";"46.38024580";"14.06853390";"Q1027062";;"2021-08-30 05:26:31";"System";"2021-08-30 05:26:31";"System"
"4285";"Šmarje pri Jelšah Municipality";"201";"SI";"C5";"124";"46.22870250";"15.51903530";"Q392173";;"2021-08-30 05:26:31";"System";"2021-08-30 05:26:31";"System"
"4286";"Ig Municipality";"201";"SI";"37";"037";"45.95888680";"14.52705280";"Q917397";;"2021-08-30 05:26:31";"System";"2021-08-30 05:26:31";"System"
"4287";"Kranj City Municipality";"201";"SI";"52";"052";"46.25850210";"14.35435690";"Q3441893";;"2021-08-30 05:26:31";"System";"2021-08-30 05:26:31";"System"
"4288";"Puconci Municipality";"201";"SI";"97";"097";"46.72004180";"16.09977920";"Q921092";;"2021-08-30 05:26:31";"System";"2021-08-30 05:26:31";"System"
"4289";"Šmarješke Toplice Municipality";"201";"SI";"P3";"206";"45.86803770";"15.23474220";"Q3509893";;"2021-08-30 05:26:31";"System";"2021-08-30 05:26:31";"System"
"4290";"Dornava Municipality";"201";"SI";"24";"024";"46.44435130";"15.98891590";"Q1003969";;"2021-08-30 05:26:31";"System";"2021-08-30 05:26:31";"System"
"4291";"Črnomelj Municipality";"201";"SI";"17";"017";"45.53612250";"15.19441430";"Q3482211";;"2021-08-30 05:26:31";"System";"2021-08-30 05:26:31";"System"
"4292";"Radenci Municipality";"201";"SI";"A1";"100";"46.62311210";"16.05069030";"Q338743";;"2021-08-30 05:26:31";"System";"2021-08-30 05:26:31";"System"
"4293";"Gorenja Vas–Poljane Municipality";"201";"SI";"27";"027";"46.11165820";"14.11493480";"Q1005224";;"2021-08-30 05:26:31";"System";"2021-08-30 05:26:31";"System"
"4294";"Ljubno Municipality";"201";"SI";"62";"062";"46.34431250";"14.83354920";"Q773659";;"2021-08-30 05:26:31";"System";"2021-08-30 05:26:31";"System"
"4295";"Dobje Municipality";"201";"SI";"G2";"154";"46.13700370";"15.39412900";"Q1008179";;"2021-08-30 05:26:31";"System";"2021-08-30 05:26:31";"System"
"4296";"Šmartno ob Paki Municipality";"201";"SI";"C6";"125";"46.32903720";"15.03339370";"Q392188";;"2021-08-30 05:26:31";"System";"2021-08-30 05:26:31";"System"
"4297";"Mokronog–Trebelno Municipality";"201";"SI";"C6";"199";"45.90885290";"15.15967360";"Q1027078";;"2021-08-30 05:26:31";"System";"2021-08-30 05:26:31";"System"
"4298";"Mirna Municipality";"201";"SI";"C6";"212";"45.95156470";"15.06209770";"Q1515842";;"2021-08-30 05:26:31";"System";"2021-08-30 05:26:31";"System"
"4299";"Šenčur Municipality";"201";"SI";"B2";"117";"46.24336990";"14.41922230";"Q2346638";;"2021-08-30 05:26:31";"System";"2021-08-30 05:26:31";"System"
"4300";"Videm Municipality";"201";"SI";"N2";"135";"46.36383300";"15.87812120";"Q1002863";;"2021-08-30 05:26:31";"System";"2021-08-30 05:26:31";"System"
"4301";"Beltinci Municipality";"201";"SI";"02";"002";"46.60791530";"16.23651270";"Q778542";;"2021-08-30 05:26:31";"System";"2021-08-30 05:26:31";"System"
"4302";"Lukovica Municipality";"201";"SI";"68";"068";"46.16962930";"14.69072590";"Q946766";;"2021-08-30 05:26:31";"System";"2021-08-30 05:26:31";"System"
"4303";"Preddvor Municipality";"201";"SI";"K5";"095";"46.30171390";"14.42181650";"Q539864";;"2021-08-30 05:26:31";"System";"2021-08-30 05:26:31";"System"
"4304";"Destrnik Municipality";"201";"SI";"G1";"018";"46.49223680";"15.87779560";"Q570618";;"2021-08-30 05:26:31";"System";"2021-08-30 05:26:31";"System"
"4305";"Ivančna Gorica Municipality";"201";"SI";"39";"039";"45.93958410";"14.80476260";"Q1008048";;"2021-08-30 05:26:31";"System";"2021-08-30 05:26:31";"System"
"4306";"Log–Dragomer Municipality";"201";"SI";"39";"208";"46.01787470";"14.36877670";"Q1027089";;"2021-08-30 05:26:31";"System";"2021-08-30 05:26:31";"System"
"4307";"Žužemberk Municipality";"201";"SI";"N8";"193";"45.82003500";"14.95359190";"Q13377798";;"2021-08-30 05:26:31";"System";"2021-08-30 05:26:31";"System"
"4308";"Dobrova–Polhov Gradec Municipality";"201";"SI";"G4";"021";"46.06488960";"14.31681950";"Q1005208";;"2021-08-30 05:26:31";"System";"2021-08-30 05:26:31";"System"
"4309";"Municipality of Cirkulane";"201";"SI";"G4";"196";"46.32983220";"15.99806660";"Q13370246";;"2021-08-30 05:26:31";"System";"2021-08-30 05:26:31";"System"
"4310";"Cerklje na Gorenjskem Municipality";"201";"SI";"12";"012";"46.25170540";"14.48579790";"Q859679";;"2021-08-30 05:26:31";"System";"2021-08-30 05:26:31";"System"
"4311";"Šentrupert Municipality";"201";"SI";"P2";"211";"45.98731420";"15.08297830";"Q3487128";;"2021-08-30 05:26:31";"System";"2021-08-30 05:26:31";"System"
"4312";"Tišina Municipality";"201";"SI";"M6";"010";"46.65418840";"16.07547810";"Q1276793";;"2021-08-30 05:26:31";"System";"2021-08-30 05:26:31";"System"
"4313";"Murska Sobota City Municipality";"201";"SI";"80";"080";"46.64321470";"16.15157540";"Q9273677";;"2021-08-30 05:26:31";"System";"2021-08-30 05:26:31";"System"
"4314";"Municipality of Krško";"201";"SI";"54";"054";"45.95896090";"15.49235550";"Q3484655";;"2021-08-30 05:26:31";"System";"2021-08-30 05:26:31";"System"
"4315";"Komen Municipality";"201";"SI";"49";"049";"45.81752350";"13.74827110";"Q15283322";;"2021-08-30 05:26:31";"System";"2021-08-30 05:26:31";"System"
"4316";"Škofja Loka Municipality";"201";"SI";"B9";"122";"46.14098440";"14.28118730";"Q2318898";;"2021-08-30 05:26:31";"System";"2021-08-30 05:26:31";"System"
"4317";"Šempeter–Vrtojba Municipality";"201";"SI";"L6";"183";"45.92900950";"13.64155940";"Q391428";;"2021-08-30 05:26:31";"System";"2021-08-30 05:26:31";"System"
"4318";"Municipality of Apače";"201";"SI";"N9";"195";"46.69746790";"15.91025340";"Q3278915";;"2021-08-30 05:26:31";"System";"2021-08-30 05:26:31";"System"
"4319";"Koper City Municipality";"201";"SI";"50";"050";"45.54805900";"13.73018770";"Q556203";;"2021-08-30 05:26:31";"System";"2021-08-30 05:26:31";"System"
"4320";"Odranci Municipality";"201";"SI";"86";"086";"46.59010170";"16.27881650";"Q924698";;"2021-08-30 05:26:31";"System";"2021-08-30 05:26:31";"System"
"4321";"Hrpelje–Kozina Municipality";"201";"SI";"35";"035";"45.60911920";"13.93791480";"Q556206";;"2021-08-30 05:26:31";"System";"2021-08-30 05:26:31";"System"
"4322";"Izola Municipality";"201";"SI";"40";"040";"45.53135570";"13.66646490";"Q12042076";;"2021-08-30 05:26:31";"System";"2021-08-30 05:26:31";"System"
"4323";"Metlika Municipality";"201";"SI";"73";"073";"45.64807150";"15.31778380";"Q3441856";;"2021-08-30 05:26:31";"System";"2021-08-30 05:26:31";"System"
"4324";"Šentilj Municipality";"201";"SI";"B3";"118";"46.68628390";"15.71035670";"Q391446";;"2021-08-30 05:26:31";"System";"2021-08-30 05:26:31";"System"
"4325";"Kobilje Municipality";"201";"SI";"47";"047";"46.68518000";"16.39367190";"Q927718";;"2021-08-30 05:26:31";"System";"2021-08-30 05:26:31";"System"
"4326";"Ankaran Municipality";"201";"SI";"P9";"213";"45.57845100";"13.73691740";"Q12042075";;"2021-08-30 05:26:31";"System";"2021-08-30 05:26:31";"System"
"4327";"Hodoš Municipality";"201";"SI";"H2";"161";"46.83141340";"16.32106800";"Q13365904";;"2021-08-30 05:26:31";"System";"2021-08-30 05:26:31";"System"
"4328";"Sveti Jurij v Slovenskih Goricah Municipality";"201";"SI";"D1";"210";"46.61707910";"15.78046770";"Q1008144";;"2021-08-30 05:26:31";"System";"2021-08-30 05:26:31";"System"
"4329";"Nazarje Municipality";"201";"SI";"83";"083";"46.28217410";"14.92256290";"Q954987";;"2021-08-30 05:26:31";"System";"2021-08-30 05:26:31";"System"
"4330";"Postojna Municipality";"201";"SI";"94";"094";"45.77493900";"14.21342630";"Q2242799";;"2021-08-30 05:26:31";"System";"2021-08-30 05:26:31";"System"
"4331";"Kostel Municipality";"201";"SI";"H9";"165";"45.49282550";"14.87082350";"Q3434092";;"2021-08-30 05:26:31";"System";"2021-08-30 05:26:31";"System"
"4332";"Slovenska Bistrica Municipality";"201";"SI";"L8";"113";"46.39198130";"15.57278690";"Q11211457";;"2021-08-30 05:26:31";"System";"2021-08-30 05:26:31";"System"
"4333";"Straža Municipality";"201";"SI";"P5";"203";"45.77684280";"15.09486940";"Q1784972";;"2021-08-30 05:26:31";"System";"2021-08-30 05:26:31";"System"
"4334";"Trzin Municipality";"201";"SI";"M8";"186";"46.12982410";"14.55776370";"Q773160";;"2021-08-30 05:26:31";"System";"2021-08-30 05:26:31";"System"
"4335";"Kočevje Municipality";"201";"SI";"H7";"048";"45.64280000";"14.86158380";"Q15884";;"2021-08-30 05:26:31";"System";"2021-08-30 05:26:31";"System"
"4336";"Grosuplje Municipality";"201";"SI";"32";"032";"45.95576450";"14.65889900";"Q13377778";;"2021-08-30 05:26:31";"System";"2021-08-30 05:26:31";"System"
"4337";"Jesenice Municipality";"201";"SI";"H4";"041";"46.43670470";"14.05260570";"Q15881";;"2021-08-30 05:26:31";"System";"2021-08-30 05:26:31";"System"
"4338";"Laško Municipality";"201";"SI";"57";"057";"46.15422360";"15.23614910";"Q15887";;"2021-08-30 05:26:31";"System";"2021-08-30 05:26:31";"System"
"4339";"Gornji Grad Municipality";"201";"SI";"30";"030";"46.29617120";"14.80623470";"Q726548";;"2021-08-30 05:26:31";"System";"2021-08-30 05:26:31";"System"
"4340";"Kranjska Gora Municipality";"201";"SI";"53";"053";"46.48452930";"13.78571450";"Q507051";;"2021-08-30 05:26:31";"System";"2021-08-30 05:26:31";"System"
"4341";"Hrastnik Municipality";"201";"SI";"34";"034";"46.14172880";"15.08448940";"Q13377780";;"2021-08-30 05:26:31";"System";"2021-08-30 05:26:31";"System"
"4342";"Zreče Municipality";"201";"SI";"F3";"144";"46.41777860";"15.37094310";"Q227163";;"2021-08-30 05:26:31";"System";"2021-08-30 05:26:31";"System"
"4343";"Gornja Radgona Municipality";"201";"SI";"29";"029";"46.67670990";"15.99108470";"Q570397";;"2021-08-30 05:26:31";"System";"2021-08-30 05:26:31";"System"
"4344";"Municipality of Ilirska Bistrica";"201";"SI";"38";"038";"45.57913230";"14.28097290";"Q13377784";;"2021-08-30 05:26:31";"System";"2021-08-30 05:26:31";"System"
"4345";"Dravograd Municipality";"201";"SI";"25";"025";"46.58921900";"15.02460210";"Q3503123";;"2021-08-30 05:26:31";"System";"2021-08-30 05:26:31";"System"
"4346";"Semič Municipality";"201";"SI";"B1";"109";"45.65205340";"15.18207010";"Q1587704";;"2021-08-30 05:26:31";"System";"2021-08-30 05:26:31";"System"
"4347";"Litija Municipality";"201";"SI";"I5";"060";"46.05732260";"14.83096360";"Q15891";;"2021-08-30 05:26:31";"System";"2021-08-30 05:26:31";"System"
"4348";"Mengeš Municipality";"201";"SI";"72";"072";"46.16591220";"14.57196940";"Q15895";;"2021-08-30 05:26:31";"System";"2021-08-30 05:26:31";"System"
"4349";"Medvode Municipality";"201";"SI";"71";"071";"46.14190800";"14.40325960";"Q15894";;"2021-08-30 05:26:31";"System";"2021-08-30 05:26:31";"System"
"4350";"Logatec Municipality";"201";"SI";"64";"064";"45.91761100";"14.23514510";"Q15893";;"2021-08-30 05:26:31";"System";"2021-08-30 05:26:31";"System"
"4351";"Ljutomer Municipality";"201";"SI";"I6";"063";"46.51908480";"16.18932160";"Q15892";;"2021-08-30 05:26:31";"System";"2021-08-30 05:26:31";"System"
"4352";"Banská Bystrica Region";"200";"SK";"01";"BC";"48.53124990";"19.38287400";"Q183640";;"2021-08-30 05:26:31";"System";"2021-08-30 05:26:31";"System"
"4353";"Košice Region";"200";"SK";"03";"KI";"48.63757370";"21.08342250";"Q186295";;"2021-08-30 05:26:31";"System";"2021-08-30 05:26:31";"System"
"4354";"Prešov Region";"200";"SK";"05";"PV";"49.17167730";"21.37420010";"Q189001";;"2021-08-30 05:26:31";"System";"2021-08-30 05:26:31";"System"
"4355";"Trnava Region";"200";"SK";"07";"TA";"48.39438980";"17.72162050";"Q181342";;"2021-08-30 05:26:31";"System";"2021-08-30 05:26:31";"System"
"4356";"Bratislava Region";"200";"SK";"02";"BL";"48.31183040";"17.19732990";"Q183498";;"2021-08-30 05:26:31";"System";"2021-08-30 05:26:31";"System"
"4357";"Nitra Region";"200";"SK";"04";"NI";"48.01437650";"18.54165040";"Q184548";;"2021-08-30 05:26:31";"System";"2021-08-30 05:26:31";"System"
"4358";"Trenčín Region";"200";"SK";"06";"TC";"48.80867580";"18.23240260";"Q183139";;"2021-08-30 05:26:31";"System";"2021-08-30 05:26:31";"System"
"4359";"Žilina Region";"200";"SK";"08";"ZI";"49.20314350";"19.36457330";"Q184228";;"2021-08-30 05:26:31";"System";"2021-08-30 05:26:31";"System"
"4360";"Cimișlia District";"144";"MD";"68";"CM";"46.52508510";"28.77218350";"Q286646";;"2021-08-30 05:26:31";"System";"2021-08-30 05:26:31";"System"
"4361";"Orhei District";"144";"MD";"82";"OR";"47.38604000";"28.83030820";"Q2112462";;"2021-08-30 05:26:31";"System";"2021-08-30 05:26:31";"System"
"4362";"Bender Municipality";"144";"MD";"62";"BD";"46.82275510";"29.46201010";"Q18088065";;"2021-08-30 05:26:31";"System";"2021-08-30 05:26:31";"System"
"4363";"Nisporeni District";"144";"MD";"80";"NI";"47.07513490";"28.17681550";"Q878266";;"2021-08-30 05:26:31";"System";"2021-08-30 05:26:31";"System"
"4364";"Sîngerei District";"144";"MD";"85";"SI";"47.63891340";"28.13718160";"Q1796621";;"2021-08-30 05:26:31";"System";"2021-08-30 05:26:31";"System"
"4365";"Căușeni District";"144";"MD";"67";"CS";"46.65547150";"29.40912220";"Q2128869";;"2021-08-30 05:26:31";"System";"2021-08-30 05:26:31";"System"
"4366";"Călărași District";"144";"MD";"66";"CL";"47.28694600";"28.27453100";"Q2128868";;"2021-08-30 05:26:31";"System";"2021-08-30 05:26:31";"System"
"4367";"Glodeni District";"144";"MD";"76";"GL";"47.77901560";"27.51680100";"Q860716";;"2021-08-30 05:26:31";"System";"2021-08-30 05:26:31";"System"
"4368";"Anenii Noi District";"144";"MD";"59";"AN";"46.87956630";"29.23121750";"Q769224";;"2021-08-30 05:26:31";"System";"2021-08-30 05:26:31";"System"
"4369";"Ialoveni District";"144";"MD";"78";"IA";"46.86308600";"28.82342180";"Q2128964";;"2021-08-30 05:26:31";"System";"2021-08-30 05:26:31";"System"
"4370";"Florești District";"144";"MD";"75";"FL";"47.86678490";"28.33918640";"Q865726";;"2021-08-30 05:26:31";"System";"2021-08-30 05:26:31";"System"
"4371";"Telenești District";"144";"MD";"91";"TE";"47.49839620";"28.36760190";"Q2129025";;"2021-08-30 05:26:31";"System";"2021-08-30 05:26:31";"System"
"4372";"Taraclia District";"144";"MD";"90";"TA";"45.89865100";"28.66716440";"Q865884";;"2021-08-30 05:26:31";"System";"2021-08-30 05:26:31";"System"
"4373";"Chișinău Municipality";"144";"MD";"57";"CU";"47.01045290";"28.86381020";"Q17176229";;"2021-08-30 05:26:31";"System";"2021-08-30 05:26:31";"System"
"4374";"Soroca District";"144";"MD";"87";"SO";"48.15497430";"28.28707830";"Q2129022";;"2021-08-30 05:26:31";"System";"2021-08-30 05:26:31";"System"
"4375";"Briceni District";"144";"MD";"63";"BR";"48.36320220";"27.07503980";"Q753795";;"2021-08-30 05:26:31";"System";"2021-08-30 05:26:31";"System"
"4376";"Rîșcani District";"144";"MD";"84";"RI";"47.90701530";"27.53749960";"Q611656";;"2021-08-30 05:26:31";"System";"2021-08-30 05:26:31";"System"
"4377";"Strășeni District";"144";"MD";"89";"ST";"47.14502670";"28.61367360";"Q878308";;"2021-08-30 05:26:31";"System";"2021-08-30 05:26:31";"System"
"4378";"Ștefan Vodă District";"144";"MD";"88";"SV";"46.55404880";"29.70224200";"Q2129061";;"2021-08-30 05:26:31";"System";"2021-08-30 05:26:31";"System"
"4379";"Basarabeasca District";"144";"MD";"61";"BS";"46.42370600";"28.89354920";"Q1980044";;"2021-08-30 05:26:31";"System";"2021-08-30 05:26:31";"System"
"4380";"Cantemir District";"144";"MD";"65";"CT";"46.27717420";"28.20096530";"Q684183";;"2021-08-30 05:26:31";"System";"2021-08-30 05:26:31";"System"
"4381";"Fălești District";"144";"MD";"74";"FA";"47.56477250";"27.72655930";"Q878375";;"2021-08-30 05:26:31";"System";"2021-08-30 05:26:31";"System"
"4382";"Hîncești District";"144";"MD";"77";"HI";"46.82811470";"28.58508890";"Q878297";;"2021-08-30 05:26:31";"System";"2021-08-30 05:26:31";"System"
"4383";"Dubăsari District";"144";"MD";"72";"DU";"47.26439420";"29.15503480";"Q878278";;"2021-08-30 05:26:31";"System";"2021-08-30 05:26:31";"System"
"4384";"Dondușeni District";"144";"MD";"70";"DO";"48.23383050";"27.59980870";"Q1061128";;"2021-08-30 05:26:31";"System";"2021-08-30 05:26:31";"System"
"4385";"Gagauzia";"144";"MD";"51";"GA";"46.09794350";"28.63846450";"Q164819";;"2021-08-30 05:26:31";"System";"2021-08-30 05:26:31";"System"
"4386";"Ungheni District";"144";"MD";"92";"UN";"47.23057670";"27.78926610";"Q854443";;"2021-08-30 05:26:31";"System";"2021-08-30 05:26:31";"System"
"4387";"Edineț District";"144";"MD";"73";"ED";"48.16789910";"27.29361430";"Q878290";;"2021-08-30 05:26:31";"System";"2021-08-30 05:26:31";"System"
"4388";"Șoldănești District";"144";"MD";"86";"SD";"47.81473890";"28.78895860";"Q865639";;"2021-08-30 05:26:31";"System";"2021-08-30 05:26:31";"System"
"4389";"Ocnița District";"144";"MD";"81";"OC";"48.41104350";"27.47680920";"Q266444";;"2021-08-30 05:26:31";"System";"2021-08-30 05:26:31";"System"
"4390";"Criuleni District";"144";"MD";"69";"CR";"47.21361140";"29.15575190";"Q2128862";;"2021-08-30 05:26:31";"System";"2021-08-30 05:26:31";"System"
"4391";"Cahul District";"144";"MD";"64";"CA";"45.89394040";"28.18902750";"Q2128882";;"2021-08-30 05:26:31";"System";"2021-08-30 05:26:31";"System"
"4392";"Drochia District";"144";"MD";"71";"DR";"48.07977880";"27.86041140";"Q865594";;"2021-08-30 05:26:31";"System";"2021-08-30 05:26:31";"System"
"4393";"Bălți Municipality";"144";"MD";"60";"BA";"47.75399470";"27.91841480";"Q29017181";;"2021-08-30 05:26:31";"System";"2021-08-30 05:26:31";"System"
"4394";"Rezina District";"144";"MD";"83";"RE";"47.71804470";"28.88710240";"Q878317";;"2021-08-30 05:26:31";"System";"2021-08-30 05:26:31";"System"
"4395";"Transnistria autonomous territorial unit";"144";"MD";"58";"SN";"47.21529720";"29.46380540";"Q648767";;"2021-08-30 05:26:31";"System";"2021-08-30 05:26:31";"System"
"4396";"Salacgrīva Municipality";"120";"LV";"C1";"086";"57.75808830";"24.35431810";"Q2251931";;"2021-08-30 05:26:31";"System";"2021-08-30 05:26:31";"System"
"4397";"Vecumnieki Municipality";"120";"LV";"E4";"105";"56.60623370";"24.52218910";"Q2299436";;"2021-08-30 05:26:31";"System";"2021-08-30 05:26:31";"System"
"4398";"Naukšēni Municipality";"120";"LV";"97";"064";"57.92953610";"25.51192660";"Q773027";;"2021-08-30 05:26:31";"System";"2021-08-30 05:26:31";"System"
"4399";"Ilūkste Municipality";"120";"LV";"69";"036";"55.97825470";"26.29650880";"Q2025473";;"2021-08-30 05:26:31";"System";"2021-08-30 05:26:31";"System"
"4400";"Gulbene Municipality";"120";"LV";"09";"033";"57.21556450";"26.64529550";"Q209187";;"2021-08-30 05:26:31";"System";"2021-08-30 05:26:31";"System"
"4401";"Līvāni Municipality";"120";"LV";"90";"056";"56.35509420";"26.17251900";"Q2277489";;"2021-08-30 05:26:31";"System";"2021-08-30 05:26:31";"System"
"4402";"Salaspils Municipality";"120";"LV";"C3";"087";"56.86081520";"24.34978810";"Q2140753";;"2021-08-30 05:26:31";"System";"2021-08-30 05:26:31";"System"
"4403";"Ventspils Municipality";"120";"LV";"33";"106";"57.28336820";"21.85875580";"Q1345325";;"2021-08-30 05:26:31";"System";"2021-08-30 05:26:31";"System"
"4404";"Rundāle Municipality";"120";"LV";"B9";"083";"56.40972100";"24.01241390";"Q2122124";;"2021-08-30 05:26:31";"System";"2021-08-30 05:26:31";"System"
"4405";"Pļaviņas Municipality";"120";"LV";"A6";"072";"56.61773130";"25.71940430";"Q865649";;"2021-08-30 05:26:31";"System";"2021-08-30 05:26:31";"System"
"4406";"Vārkava Municipality";"120";"LV";"E2";"103";"56.24657440";"26.56643710";"Q1023757";;"2021-08-30 05:26:31";"System";"2021-08-30 05:26:31";"System"
"4407";"Jaunpiebalga Municipality";"120";"LV";"72";"039";"57.14334710";"25.99518880";"Q2306846";;"2021-08-30 05:26:31";"System";"2021-08-30 05:26:31";"System"
"4408";"Sēja Municipality";"120";"LV";"29";"090";"57.20069950";"24.59228210";"Q2299447";;"2021-08-30 05:26:31";"System";"2021-08-30 05:26:31";"System"
"4409";"Tukums Municipality";"120";"LV";"29";"099";"56.96728680";"23.15243790";"Q369007";;"2021-08-30 05:26:31";"System";"2021-08-30 05:26:31";"System"
"4410";"Cibla Municipality";"120";"LV";"56";"023";"56.61023440";"27.86965980";"Q1955102";;"2021-08-30 05:26:31";"System";"2021-08-30 05:26:31";"System"
"4411";"Burtnieki Municipality";"120";"LV";"52";"019";"57.69490040";"25.27647770";"Q2079428";;"2021-08-30 05:26:31";"System";"2021-08-30 05:26:31";"System"
"4412";"Ķegums Municipality";"120";"LV";"79";"051";"56.74753570";"24.71736450";"Q2072209";;"2021-08-30 05:26:31";"System";"2021-08-30 05:26:31";"System"
"4413";"Krustpils Municipality";"120";"LV";"85";"049";"56.54155780";"26.24463970";"Q2277478";;"2021-08-30 05:26:31";"System";"2021-08-30 05:26:31";"System"
"4414";"Cesvaine Municipality";"120";"LV";"55";"021";"56.96792640";"26.30831720";"Q2327041";;"2021-08-30 05:26:31";"System";"2021-08-30 05:26:31";"System"
"4415";"Skrīveri Municipality";"120";"LV";"C8";"092";"56.67613910";"25.09788490";"Q2286864";;"2021-08-30 05:26:31";"System";"2021-08-30 05:26:31";"System"
"4416";"Ogre Municipality";"120";"LV";"21";"067";"56.81473550";"24.60445550";"Q2321579";;"2021-08-30 05:26:31";"System";"2021-08-30 05:26:31";"System"
"4417";"Olaine Municipality";"120";"LV";"A2";"068";"56.79523530";"24.01535890";"Q2451375";;"2021-08-30 05:26:31";"System";"2021-08-30 05:26:31";"System"
"4418";"Limbaži Municipality";"120";"LV";"18";"054";"57.54032270";"24.71344510";"Q1579076";;"2021-08-30 05:26:31";"System";"2021-08-30 05:26:31";"System"
"4419";"Lubāna Municipality";"120";"LV";"91";"057";"56.89992690";"26.71987890";"Q2072165";;"2021-08-30 05:26:31";"System";"2021-08-30 05:26:31";"System"
"4420";"Kandava Municipality";"120";"LV";"77";"043";"57.03406730";"22.78018130";"Q2024643";;"2021-08-30 05:26:31";"System";"2021-08-30 05:26:31";"System"
"4421";"Ventspils";"120";"LV";"32";"VEN";"57.39372160";"21.56470660";"Q104036";;"2021-08-30 05:26:31";"System";"2021-08-30 05:26:31";"System"
"4422";"Krimulda Municipality";"120";"LV";"84";"048";"57.17912730";"24.71401270";"Q2302998";;"2021-08-30 05:26:31";"System";"2021-08-30 05:26:31";"System"
"4423";"Rugāji Municipality";"120";"LV";"B7";"082";"57.00560230";"27.13172030";"Q1837354";;"2021-08-30 05:26:31";"System";"2021-08-30 05:26:31";"System"
"4424";"Jelgava Municipality";"120";"LV";"12";"041";"56.58956890";"23.66104810";"Q1579113";;"2021-08-30 05:26:31";"System";"2021-08-30 05:26:31";"System"
"4425";"Valka Municipality";"120";"LV";"30";"101";"57.77439000";"26.01700500";"Q1945263";;"2021-08-30 05:26:31";"System";"2021-08-30 05:26:31";"System"
"4426";"Rūjiena Municipality";"120";"LV";"B8";"084";"57.89372910";"25.33910080";"Q2299415";;"2021-08-30 05:26:31";"System";"2021-08-30 05:26:31";"System"
"4427";"Babīte Municipality";"120";"LV";"45";"012";"56.95415500";"23.94539900";"Q2079353";;"2021-08-30 05:26:31";"System";"2021-08-30 05:26:31";"System"
"4428";"Dundaga Municipality";"120";"LV";"60";"027";"57.50491670";"22.35051140";"Q2274832";;"2021-08-30 05:26:31";"System";"2021-08-30 05:26:31";"System"
"4429";"Priekule Municipality";"120";"LV";"A8";"074";"56.41794130";"21.55033360";"Q2304893";;"2021-08-30 05:26:31";"System";"2021-08-30 05:26:31";"System"
"4430";"Zilupe Municipality";"120";"LV";"E9";"110";"56.30189850";"28.13395900";"Q3274762";;"2021-08-30 05:26:31";"System";"2021-08-30 05:26:31";"System"
"4431";"Varakļāni Municipality";"120";"LV";"E1";"102";"56.66880060";"26.56364140";"Q432596";;"2021-08-30 05:26:31";"System";"2021-08-30 05:26:31";"System"
"4432";"Nereta Municipality";"120";"LV";"98";"065";"56.19866550";"25.32529690";"Q2161795";;"2021-08-30 05:26:31";"System";"2021-08-30 05:26:31";"System"
"4433";"Madona Municipality";"120";"LV";"20";"059";"56.85989230";"26.22762010";"Q2198472";;"2021-08-30 05:26:31";"System";"2021-08-30 05:26:31";"System"
"4434";"Sala Municipality";"120";"LV";"20";"085";"59.96796130";"16.49782170";"Q2375848";;"2021-08-30 05:26:31";"System";"2021-08-30 05:26:31";"System"
"4435";"Ķekava Municipality";"120";"LV";"80";"052";"56.80643510";"24.19394930";"Q2268947";;"2021-08-30 05:26:31";"System";"2021-08-30 05:26:31";"System"
"4436";"Nīca Municipality";"120";"LV";"99";"066";"56.34649830";"21.06549300";"Q1950456";;"2021-08-30 05:26:31";"System";"2021-08-30 05:26:31";"System"
"4437";"Dobele Municipality";"120";"LV";"08";"026";"56.62630500";"23.28090660";"Q519580";;"2021-08-30 05:26:31";"System";"2021-08-30 05:26:31";"System"
"4438";"Jēkabpils Municipality";"120";"LV";"10";"042";"56.29193200";"25.98120170";"Q1579101";;"2021-08-30 05:26:31";"System";"2021-08-30 05:26:31";"System"
"4439";"Saldus Municipality";"120";"LV";"27";"088";"56.66650880";"22.49354930";"Q2299261";;"2021-08-30 05:26:31";"System";"2021-08-30 05:26:31";"System"
"4440";"Roja Municipality";"120";"LV";"B4";"079";"57.50467130";"22.80121640";"Q2302986";;"2021-08-30 05:26:31";"System";"2021-08-30 05:26:31";"System"
"4441";"Iecava Municipality";"120";"LV";"67";"034";"56.59867930";"24.19962720";"Q2337266";;"2021-08-30 05:26:31";"System";"2021-08-30 05:26:31";"System"
"4442";"Ozolnieki Municipality";"120";"LV";"A3";"069";"56.67563050";"23.89948160";"Q2304926";;"2021-08-30 05:26:31";"System";"2021-08-30 05:26:31";"System"
"4443";"Saulkrasti Municipality";"120";"LV";"C5";"089";"57.25794180";"24.41831460";"Q371429";;"2021-08-30 05:26:31";"System";"2021-08-30 05:26:31";"System"
"4444";"Ērgļi Municipality";"120";"LV";"63";"030";"56.92370650";"25.67538520";"Q2079406";;"2021-08-30 05:26:31";"System";"2021-08-30 05:26:31";"System"
"4445";"Aglona Municipality";"120";"LV";"35";"001";"56.10890060";"27.12862270";"Q2045300";;"2021-08-30 05:26:31";"System";"2021-08-30 05:26:31";"System"
"4446";"Jūrmala";"120";"LV";"13";"JUR";"56.94707900";"23.61684850";"Q178382";;"2021-08-30 05:26:31";"System";"2021-08-30 05:26:31";"System"
"4447";"Skrunda Municipality";"120";"LV";"C9";"093";"56.66434580";"22.00457290";"Q2299239";;"2021-08-30 05:26:31";"System";"2021-08-30 05:26:31";"System"
"4448";"Engure Municipality";"120";"LV";"62";"029";"57.16235000";"23.21966340";"Q2079455";;"2021-08-30 05:26:31";"System";"2021-08-30 05:26:31";"System"
"4449";"Inčukalns Municipality";"120";"LV";"70";"037";"57.09943420";"24.68555700";"Q2252820";;"2021-08-30 05:26:31";"System";"2021-08-30 05:26:31";"System"
"4450";"Mārupe Municipality";"120";"LV";"95";"062";"56.89657170";"24.04600490";"Q2232018";;"2021-08-30 05:26:31";"System";"2021-08-30 05:26:31";"System"
"4451";"Mērsrags Municipality";"120";"LV";"95";"063";"57.33068810";"23.10237070";"Q2416186";;"2021-08-30 05:26:31";"System";"2021-08-30 05:26:31";"System"
"4452";"Koknese Municipality";"120";"LV";"82";"046";"56.72055600";"25.48939090";"Q865682";;"2021-08-30 05:26:31";"System";"2021-08-30 05:26:31";"System"
"4453";"Kārsava Municipality";"120";"LV";"78";"044";"56.76458420";"27.73582950";"Q2395952";;"2021-08-30 05:26:31";"System";"2021-08-30 05:26:31";"System"
"4454";"Carnikava Municipality";"120";"LV";"53";"020";"57.10241210";"24.21086620";"Q2453125";;"2021-08-30 05:26:31";"System";"2021-08-30 05:26:31";"System"
"4455";"Rēzekne Municipality";"120";"LV";"53";"077";"56.32736380";"27.32843310";"Q1518841";;"2021-08-30 05:26:31";"System";"2021-08-30 05:26:31";"System"
"4456";"Viesīte Municipality";"120";"LV";"E6";"107";"56.31130850";"25.50704640";"Q2093996";;"2021-08-30 05:26:31";"System";"2021-08-30 05:26:31";"System"
"4457";"Ape Municipality";"120";"LV";"43";"009";"57.53926970";"26.69416490";"Q2343837";;"2021-08-30 05:26:31";"System";"2021-08-30 05:26:31";"System"
"4458";"Durbe Municipality";"120";"LV";"61";"028";"56.62798570";"21.49162450";"Q1962356";;"2021-08-30 05:26:31";"System";"2021-08-30 05:26:31";"System"
"4459";"Talsi Municipality";"120";"LV";"28";"097";"57.34152080";"22.57131250";"Q2302964";;"2021-08-30 05:26:31";"System";"2021-08-30 05:26:31";"System"
"4460";"Liepāja";"120";"LV";"16";"LPX";"56.50466780";"21.01080600";"Q167668";;"2021-08-30 05:26:31";"System";"2021-08-30 05:26:31";"System"
"4461";"Mālpils Municipality";"120";"LV";"94";"061";"57.00841190";"24.95742780";"Q2304902";;"2021-08-30 05:26:31";"System";"2021-08-30 05:26:31";"System"
"4462";"Smiltene Municipality";"120";"LV";"D1";"094";"57.42303320";"25.90027800";"Q1959984";;"2021-08-30 05:26:31";"System";"2021-08-30 05:26:31";"System"
"4463";"Daugavpils";"120";"LV";"06";"DGV";"55.87473600";"26.53617900";"Q80021";;"2021-08-30 05:26:31";"System";"2021-08-30 05:26:31";"System"
"4464";"Jēkabpils";"120";"LV";"74";"JKB";"56.50145500";"25.87829900";"Q191120";;"2021-08-30 05:26:31";"System";"2021-08-30 05:26:31";"System"
"4465";"Bauska Municipality";"120";"LV";"04";"016";"56.41018680";"24.20006890";"Q2365998";;"2021-08-30 05:26:31";"System";"2021-08-30 05:26:31";"System"
"4466";"Vecpiebalga Municipality";"120";"LV";"E3";"104";"57.06033560";"25.81615920";"Q1920815";;"2021-08-30 05:26:31";"System";"2021-08-30 05:26:31";"System"
"4467";"Pāvilosta Municipality";"120";"LV";"A5";"071";"56.88654240";"21.19468490";"Q1942469";;"2021-08-30 05:26:31";"System";"2021-08-30 05:26:31";"System"
"4468";"Brocēni Municipality";"120";"LV";"51";"018";"56.73475410";"22.63573710";"Q865717";;"2021-08-30 05:26:31";"System";"2021-08-30 05:26:31";"System"
"4469";"Cēsis Municipality";"120";"LV";"05";"022";"57.31028970";"25.26761250";"Q1989164";;"2021-08-30 05:26:31";"System";"2021-08-30 05:26:31";"System"
"4470";"Grobiņa Municipality";"120";"LV";"65";"032";"56.53963200";"21.16689200";"Q2320320";;"2021-08-30 05:26:31";"System";"2021-08-30 05:26:31";"System"
"4471";"Beverīna Municipality";"120";"LV";"50";"017";"57.51971090";"25.60736540";"Q2018692";;"2021-08-30 05:26:31";"System";"2021-08-30 05:26:31";"System"
"4472";"Aizkraukle Municipality";"120";"LV";"01";"002";"56.64610800";"25.23708540";"Q865676";;"2021-08-30 05:26:31";"System";"2021-08-30 05:26:31";"System"
"4473";"Valmiera";"120";"LV";"31";"VMR";"57.53846590";"25.42636180";"Q108037";;"2021-08-30 05:26:31";"System";"2021-08-30 05:26:31";"System"
"4474";"Krāslava Municipality";"120";"LV";"14";"047";"55.89514640";"27.18145770";"Q1831695";;"2021-08-30 05:26:31";"System";"2021-08-30 05:26:31";"System"
"4475";"Jaunjelgava Municipality";"120";"LV";"71";"038";"56.52836590";"25.39214430";"Q2880128";;"2021-08-30 05:26:31";"System";"2021-08-30 05:26:31";"System"
"4476";"Sigulda Municipality";"120";"LV";"C7";"091";"57.10550920";"24.83142590";"Q2299251";;"2021-08-30 05:26:31";"System";"2021-08-30 05:26:31";"System"
"4477";"Viļaka Municipality";"120";"LV";"E7";"108";"57.17222630";"27.66731880";"Q1869075";;"2021-08-30 05:26:31";"System";"2021-08-30 05:26:31";"System"
"4478";"Stopiņi Municipality";"120";"LV";"D2";"095";"56.93644900";"24.28729490";"Q2299214";;"2021-08-30 05:26:31";"System";"2021-08-30 05:26:31";"System"
"4479";"Rauna Municipality";"120";"LV";"B1";"076";"57.33169300";"25.61003390";"Q2124808";;"2021-08-30 05:26:31";"System";"2021-08-30 05:26:31";"System"
"4480";"Tērvete Municipality";"120";"LV";"D5";"098";"56.41192010";"23.31883320";"Q2269685";;"2021-08-30 05:26:31";"System";"2021-08-30 05:26:31";"System"
"4481";"Auce Municipality";"120";"LV";"44";"010";"56.46016800";"22.90547810";"Q1934932";;"2021-08-30 05:26:31";"System";"2021-08-30 05:26:31";"System"
"4482";"Baldone Municipality";"120";"LV";"46";"013";"56.74246000";"24.39115440";"Q2030886";;"2021-08-30 05:26:31";"System";"2021-08-30 05:26:31";"System"
"4483";"Preiļi Municipality";"120";"LV";"22";"073";"56.15111570";"26.74397670";"Q2277469";;"2021-08-30 05:26:31";"System";"2021-08-30 05:26:31";"System"
"4484";"Aloja Municipality";"120";"LV";"39";"005";"57.76713600";"24.87708390";"Q2989420";;"2021-08-30 05:26:31";"System";"2021-08-30 05:26:31";"System"
"4485";"Alsunga Municipality";"120";"LV";"40";"006";"56.98285310";"21.55559190";"Q1995769";;"2021-08-30 05:26:31";"System";"2021-08-30 05:26:31";"System"
"4486";"Viļāni Municipality";"120";"LV";"E8";"109";"56.54561710";"26.91679270";"Q2018681";;"2021-08-30 05:26:31";"System";"2021-08-30 05:26:31";"System"
"4487";"Alūksne Municipality";"120";"LV";"02";"007";"57.42544850";"27.04249680";"Q3393445";;"2021-08-30 05:26:31";"System";"2021-08-30 05:26:31";"System"
"4488";"Līgatne Municipality";"120";"LV";"88";"055";"57.19442040";"25.09406810";"Q1023736";;"2021-08-30 05:26:31";"System";"2021-08-30 05:26:31";"System"
"4489";"Jaunpils Municipality";"120";"LV";"73";"040";"56.73141940";"23.01256160";"Q2072154";;"2021-08-30 05:26:31";"System";"2021-08-30 05:26:31";"System"
"4490";"Kuldīga Municipality";"120";"LV";"15";"050";"56.96872570";"21.96137390";"Q2337188";;"2021-08-30 05:26:31";"System";"2021-08-30 05:26:31";"System"
"4491";"Riga";"120";"LV";"25";"RIX";"56.94964870";"24.10518650";"Q1773";;"2021-08-30 05:26:31";"System";"2021-08-30 05:26:31";"System"
"4492";"Daugavpils Municipality";"120";"LV";"07";"025";"55.89917830";"26.61020120";"Q960572";;"2021-08-30 05:26:31";"System";"2021-08-30 05:26:31";"System"
"4493";"Ropaži Municipality";"120";"LV";"B5";"080";"56.96157860";"24.60104760";"Q11068461";;"2021-08-30 05:26:31";"System";"2021-08-30 05:26:31";"System"
"4494";"Strenči Municipality";"120";"LV";"D3";"096";"57.62254710";"25.80480860";"Q2299223";;"2021-08-30 05:26:31";"System";"2021-08-30 05:26:31";"System"
"4495";"Kocēni Municipality";"120";"LV";"81";"045";"57.52262920";"25.33495070";"Q2304840";;"2021-08-30 05:26:31";"System";"2021-08-30 05:26:31";"System"
"4496";"Aizpute Municipality";"120";"LV";"37";"003";"56.71825960";"21.60727590";"Q2485015";;"2021-08-30 05:26:31";"System";"2021-08-30 05:26:31";"System"
"4497";"Amata Municipality";"120";"LV";"42";"008";"56.99387260";"25.26276750";"Q1892063";;"2021-08-30 05:26:31";"System";"2021-08-30 05:26:31";"System"
"4498";"Baltinava Municipality";"120";"LV";"47";"014";"56.94584680";"27.64410660";"Q2361012";;"2021-08-30 05:26:31";"System";"2021-08-30 05:26:31";"System"
"4499";"Aknīste Municipality";"120";"LV";"38";"004";"56.16130370";"25.74848270";"Q865658";;"2021-08-30 05:26:31";"System";"2021-08-30 05:26:31";"System"
"4500";"Jelgava";"120";"LV";"11";"JEL";"56.65110910";"23.72135410";"Q179830";;"2021-08-30 05:26:31";"System";"2021-08-30 05:26:31";"System"
"4501";"Ludza Municipality";"120";"LV";"19";"058";"56.54595900";"27.71431990";"Q932445";;"2021-08-30 05:26:31";"System";"2021-08-30 05:26:31";"System"
"4502";"Riebiņi Municipality";"120";"LV";"B3";"078";"56.34361900";"26.80181380";"Q2106159";;"2021-08-30 05:26:31";"System";"2021-08-30 05:26:31";"System"
"4503";"Rucava Municipality";"120";"LV";"B6";"081";"56.15931240";"21.16181210";"Q2124995";;"2021-08-30 05:26:31";"System";"2021-08-30 05:26:31";"System"
"4504";"Dagda Municipality";"120";"LV";"57";"024";"56.09560890";"27.53245900";"Q2361131";;"2021-08-30 05:26:31";"System";"2021-08-30 05:26:31";"System"
"4505";"Balvi Municipality";"120";"LV";"03";"015";"57.13262400";"27.26466850";"Q2018672";;"2021-08-30 05:26:31";"System";"2021-08-30 05:26:31";"System"
"4506";"Priekuļi Municipality";"120";"LV";"A9";"075";"57.36171380";"25.44104230";"Q2299231";;"2021-08-30 05:26:31";"System";"2021-08-30 05:26:31";"System"
"4507";"Pārgauja Municipality";"120";"LV";"A4";"070";"57.36481220";"24.98220450";"Q2304831";;"2021-08-30 05:26:31";"System";"2021-08-30 05:26:31";"System"
"4508";"Vaiņode Municipality";"120";"LV";"D7";"100";"56.41542710";"21.85139840";"Q511151";;"2021-08-30 05:26:31";"System";"2021-08-30 05:26:31";"System"
"4509";"Rēzekne";"120";"LV";"23";"REZ";"56.50992230";"27.33313570";"Q180379";;"2021-08-30 05:26:31";"System";"2021-08-30 05:26:31";"System"
"4510";"Garkalne Municipality";"120";"LV";"64";"031";"57.01903870";"24.38261810";"Q2171669";;"2021-08-30 05:26:31";"System";"2021-08-30 05:26:31";"System"
"4511";"Ikšķile Municipality";"120";"LV";"68";"035";"56.83736670";"24.49747450";"Q2337298";;"2021-08-30 05:26:31";"System";"2021-08-30 05:26:31";"System"
"4512";"Lielvārde Municipality";"120";"LV";"87";"053";"56.73929760";"24.97116180";"Q279004";;"2021-08-30 05:26:31";"System";"2021-08-30 05:26:31";"System"
"4513";"Mazsalaca Municipality";"120";"LV";"96";"060";"57.92677490";"25.06698950";"Q2283334";;"2021-08-30 05:26:31";"System";"2021-08-30 05:26:31";"System"
"4514";"Viqueque Municipality";"63";"TL";"VI";"VI";"-8.85979180";"126.36335160";"Q610726";;"2021-08-30 05:26:31";"System";"2021-08-30 05:26:31";"System"
"4515";"Liquiçá Municipality";"63";"TL";"LI";"LI";"-8.66740950";"125.25879640";"Q860897";;"2021-08-30 05:26:31";"System";"2021-08-30 05:26:31";"System"
"4516";"Ermera District";"63";"TL";"ER";"ER";"-8.75248020";"125.39872940";"Q668171";;"2021-08-30 05:26:31";"System";"2021-08-30 05:26:31";"System"
"4517";"Manatuto District";"63";"TL";"MT";"MT";"-8.51556080";"126.01592550";"Q860630";;"2021-08-30 05:26:31";"System";"2021-08-30 05:26:31";"System"
"4518";"Ainaro Municipality";"63";"TL";"AN";"AN";"-9.01131710";"125.52200120";"Q405926";;"2021-08-30 05:26:31";"System";"2021-08-30 05:26:31";"System"
"4519";"Manufahi Municipality";"63";"TL";"MF";"MF";"-9.01454950";"125.82799590";"Q629934";;"2021-08-30 05:26:31";"System";"2021-08-30 05:26:31";"System"
"4520";"Aileu municipality";"63";"TL";"AL";"AL";"-8.70439940";"125.60954740";"Q405100";;"2021-08-30 05:26:31";"System";"2021-08-30 05:26:31";"System"
"4521";"Baucau Municipality";"63";"TL";"BA";"BA";"-8.47143080";"126.45759910";"Q811132";;"2021-08-30 05:26:31";"System";"2021-08-30 05:26:31";"System"
"4522";"Cova Lima Municipality";"63";"TL";"CO";"CO";"-9.26503750";"125.25879640";"Q165575";;"2021-08-30 05:26:31";"System";"2021-08-30 05:26:31";"System"
"4523";"Lautém Municipality";"63";"TL";"LA";"LA";"-8.36423070";"126.90438450";"Q686554";;"2021-08-30 05:26:31";"System";"2021-08-30 05:26:31";"System"
"4524";"Dili municipality";"63";"TL";"DI";"DI";"-8.24496130";"125.58766970";"Q860901";;"2021-08-30 05:26:31";"System";"2021-08-30 05:26:31";"System"
"4525";"Bobonaro Municipality";"63";"TL";"BO";"BO";"-8.96554060";"125.25879640";"Q860913";;"2021-08-30 05:26:31";"System";"2021-08-30 05:26:31";"System"
"4526";"Peleliu";"168";"PW";"15";"350";"7.00229060";"134.24316280";"Q497981";;"2021-08-30 05:26:31";"System";"2021-08-30 05:26:31";"System"
"4527";"Ngardmau";"168";"PW";"10";"222";"7.58504860";"134.55960890";"Q1144496";;"2021-08-30 05:26:31";"System";"2021-08-30 05:26:31";"System"
"4528";"Airai";"168";"PW";"02";"004";"7.39661180";"134.56902250";"Q407967";;"2021-08-30 05:26:31";"System";"2021-08-30 05:26:31";"System"
"4529";"Hatohobei";"168";"PW";"04";"050";"3.00706580";"131.12377810";"Q3516752";;"2021-08-30 05:26:31";"System";"2021-08-30 05:26:31";"System"
"4530";"Melekeok";"168";"PW";"07";"212";"7.51502860";"134.59725180";"Q12898552";;"2021-08-30 05:26:31";"System";"2021-08-30 05:26:31";"System"
"4531";"Ngatpang";"168";"PW";"11";"224";"7.47109940";"134.52664660";"Q430385";;"2021-08-30 05:26:31";"System";"2021-08-30 05:26:31";"System"
"4532";"Koror";"168";"PW";"06";"150";"7.33756460";"134.48894690";"Q189426";;"2021-08-30 05:26:31";"System";"2021-08-30 05:26:31";"System"
"4533";"Ngarchelong";"168";"PW";"09";"218";"7.71054690";"134.63016460";"Q1070185";;"2021-08-30 05:26:31";"System";"2021-08-30 05:26:31";"System"
"4534";"Ngiwal";"168";"PW";"14";"228";"7.56147640";"134.61606190";"Q1154101";;"2021-08-30 05:26:31";"System";"2021-08-30 05:26:31";"System"
"4535";"Sonsorol";"168";"PW";"16";"370";"5.32681190";"132.22391170";"Q866699";;"2021-08-30 05:26:31";"System";"2021-08-30 05:26:31";"System"
"4536";"Ngchesar";"168";"PW";"12";"226";"7.45232800";"134.57843420";"Q1070180";;"2021-08-30 05:26:31";"System";"2021-08-30 05:26:31";"System"
"4537";"Ngaraard";"168";"PW";"08";"214";"7.60794000";"134.63486450";"Q1154127";;"2021-08-30 05:26:31";"System";"2021-08-30 05:26:31";"System"
"4538";"Angaur";"168";"PW";"03";"010";"6.90922300";"134.13879340";"Q530813";;"2021-08-30 05:26:31";"System";"2021-08-30 05:26:31";"System"
"4539";"Kayangel";"168";"PW";"05";"100";"8.07000000";"134.70277800";"Q871222";;"2021-08-30 05:26:31";"System";"2021-08-30 05:26:31";"System"
"4540";"Aimeliik";"168";"PW";"01";"002";"7.44558590";"134.50308780";"Q405589";;"2021-08-30 05:26:31";"System";"2021-08-30 05:26:31";"System"
"4541";"Ngeremlengui";"168";"PW";"13";"227";"7.51983970";"134.55960890";"Q975076";;"2021-08-30 05:26:31";"System";"2021-08-30 05:26:31";"System"
"4542";"Břeclav";"58";"CZ";"13";"644";"48.75314000";"16.88251690";"Q582488";;"2021-08-30 05:26:31";"System";"2021-08-30 05:26:31";"System"
"4543";"Český Krumlov";"58";"CZ";"79";"312";"48.81273540";"14.31746570";"Q605208";;"2021-08-30 05:26:31";"System";"2021-08-30 05:26:31";"System"
"4544";"Plzeň-město";"58";"CZ";"87";"323";"49.73843140";"13.37363710";"Q1080673";;"2021-08-30 05:26:31";"System";"2021-08-30 05:26:31";"System"
"4545";"Brno-venkov";"58";"CZ";"87";"643";"49.12501380";"16.45588240";"Q286787";;"2021-08-30 05:26:31";"System";"2021-08-30 05:26:31";"System"
"4546";"Příbram";"58";"CZ";"87";"20B";"49.69479590";"14.08238100";"Q852457";;"2021-08-30 05:26:31";"System";"2021-08-30 05:26:31";"System"
"4547";"Pardubice";"58";"CZ";"87";"532";"49.94444790";"16.28569160";"Q838301";;"2021-08-30 05:26:31";"System";"2021-08-30 05:26:31";"System"
"4548";"Nový Jičín";"58";"CZ";"87";"804";"49.59432510";"18.01353560";"Q517427";;"2021-08-30 05:26:31";"System";"2021-08-30 05:26:31";"System"
"4550";"Náchod";"58";"CZ";"87";"523";"50.41457220";"16.16563470";"Q838308";;"2021-08-30 05:26:31";"System";"2021-08-30 05:26:31";"System"
"4551";"Prostějov";"58";"CZ";"87";"713";"49.44184010";"17.12779040";"Q837629";;"2021-08-30 05:26:31";"System";"2021-08-30 05:26:31";"System"
"4552";"Zlínský kraj";"58";"CZ";"90";"72";"49.21622960";"17.77203530";"Q192536";;"2021-08-30 05:26:31";"System";"2021-08-30 05:26:31";"System"
"4553";"Chomutov";"58";"CZ";"90";"422";"50.45838720";"13.30179100";"Q161094";;"2021-08-30 05:26:31";"System";"2021-08-30 05:26:31";"System"
"4554";"Středočeský kraj";"58";"CZ";"88";"20";"49.87822230";"14.93629550";"Q188399";;"2021-08-30 05:26:31";"System";"2021-08-30 05:26:31";"System"
"4556";"České Budějovice";"58";"CZ";"88";"311";"48.97755530";"14.51507470";"Q753120";;"2021-08-30 05:26:31";"System";"2021-08-30 05:26:31";"System"
"4558";"Rakovník";"58";"CZ";"88";"20C";"50.10612300";"13.73966230";"Q338296";;"2021-08-30 05:26:31";"System";"2021-08-30 05:26:31";"System"
"4559";"Frýdek-Místek";"58";"CZ";"88";"802";"49.68193050";"18.36732160";"Q175781";;"2021-08-30 05:26:31";"System";"2021-08-30 05:26:31";"System"
"4560";"Písek";"58";"CZ";"88";"314";"49.34199380";"14.24697600";"Q594929";;"2021-08-30 05:26:31";"System";"2021-08-30 05:26:31";"System"
"4561";"Hodonín";"58";"CZ";"88";"645";"48.85293910";"17.12600250";"Q637425";;"2021-08-30 05:26:31";"System";"2021-08-30 05:26:31";"System"
"4563";"Zlín";"58";"CZ";"90";"724";"49.16960520";"17.80252200";"Q262111";;"2021-08-30 05:26:31";"System";"2021-08-30 05:26:31";"System"
"4564";"Plzeň-sever";"58";"CZ";"87";"325";"49.87748930";"13.25374280";"Q266036";;"2021-08-30 05:26:31";"System";"2021-08-30 05:26:31";"System"
"4565";"Tábor";"58";"CZ";"87";"317";"49.36462930";"14.71912930";"Q117503";;"2021-08-30 05:26:31";"System";"2021-08-30 05:26:31";"System"
"4568";"Brno-město";"58";"CZ";"87";"642";"49.19506020";"16.60683710";"Q850531";;"2021-08-30 05:26:31";"System";"2021-08-30 05:26:31";"System"
"4571";"Svitavy";"58";"CZ";"87";"533";"49.75516290";"16.46918610";"Q852438";;"2021-08-30 05:26:31";"System";"2021-08-30 05:26:31";"System"
"4572";"Vsetín";"58";"CZ";"87";"723";"49.37932500";"18.06181620";"Q852541";;"2021-08-30 05:26:31";"System";"2021-08-30 05:26:31";"System"
"4573";"Cheb";"58";"CZ";"87";"411";"50.07953340";"12.36986360";"Q628280";;"2021-08-30 05:26:31";"System";"2021-08-30 05:26:31";"System"
"4574";"Olomouc";"58";"CZ";"84";"712";"49.59377800";"17.25087870";"Q375466";;"2021-08-30 05:26:31";"System";"2021-08-30 05:26:31";"System"
"4575";"Kraj Vysočina";"58";"CZ";"80";"63";"49.44900520";"15.64059340";"Q190930";;"2021-08-30 05:26:31";"System";"2021-08-30 05:26:31";"System"
"4576";"Ústecký kraj";"58";"CZ";"89";"42";"50.61190370";"13.78700860";"Q192702";;"2021-08-30 05:26:31";"System";"2021-08-30 05:26:31";"System"
"4578";"Prachatice";"58";"CZ";"89";"315";"49.01091000";"14.00000050";"Q385016";;"2021-08-30 05:26:31";"System";"2021-08-30 05:26:31";"System"
"4579";"Trutnov";"58";"CZ";"89";"525";"50.56538380";"15.90909230";"Q517734";;"2021-08-30 05:26:31";"System";"2021-08-30 05:26:31";"System"
"4580";"Hradec Králové";"58";"CZ";"82";"521";"50.24148050";"15.67430000";"Q176082";;"2021-08-30 05:26:31";"System";"2021-08-30 05:26:31";"System"
"4581";"Karlovarský kraj";"58";"CZ";"81";"41";"50.14350000";"12.75018990";"Q191091";;"2021-08-30 05:26:31";"System";"2021-08-30 05:26:31";"System"
"4582";"Nymburk";"58";"CZ";"81";"208";"50.18558160";"15.04366040";"Q852491";;"2021-08-30 05:26:31";"System";"2021-08-30 05:26:31";"System"
"4583";"Rokycany";"58";"CZ";"81";"326";"49.82628270";"13.68749430";"Q643400";;"2021-08-30 05:26:31";"System";"2021-08-30 05:26:31";"System"
"4584";"Ostrava-město";"58";"CZ";"81";"806";"49.82092260";"18.26252430";"Q918108";;"2021-08-30 05:26:31";"System";"2021-08-30 05:26:31";"System"
"4586";"Karviná";"58";"CZ";"81";"803";"49.85665240";"18.54321860";"Q852496";;"2021-08-30 05:26:31";"System";"2021-08-30 05:26:31";"System"
"4588";"Pardubický kraj";"58";"CZ";"86";"53";"49.94444790";"16.28569160";"Q193317";;"2021-08-30 05:26:31";"System";"2021-08-30 05:26:31";"System"
"4589";"Olomoucký kraj";"58";"CZ";"84";"71";"49.65865490";"17.08114060";"Q193307";;"2021-08-30 05:26:31";"System";"2021-08-30 05:26:31";"System"
"4590";"Liberec";"58";"CZ";"83";"513";"50.75641010";"14.99650410";"Q739824";;"2021-08-30 05:26:31";"System";"2021-08-30 05:26:31";"System"
"4591";"Klatovy";"58";"CZ";"83";"322";"49.39555490";"13.29509370";"Q838341";;"2021-08-30 05:26:31";"System";"2021-08-30 05:26:31";"System"
"4592";"Uherské Hradiště";"58";"CZ";"83";"722";"49.05979690";"17.49585010";"Q277873";;"2021-08-30 05:26:31";"System";"2021-08-30 05:26:31";"System"
"4593";"Kroměříž";"58";"CZ";"83";"721";"49.29165820";"17.39938000";"Q852532";;"2021-08-30 05:26:31";"System";"2021-08-30 05:26:31";"System"
"4595";"Sokolov";"58";"CZ";"83";"413";"50.20134340";"12.60546360";"Q833856";;"2021-08-30 05:26:31";"System";"2021-08-30 05:26:31";"System"
"4596";"Semily";"58";"CZ";"83";"514";"50.60515760";"15.32814090";"Q663532";;"2021-08-30 05:26:31";"System";"2021-08-30 05:26:31";"System"
"4597";"Třebíč";"58";"CZ";"83";"634";"49.21478690";"15.87955160";"Q856857";;"2021-08-30 05:26:31";"System";"2021-08-30 05:26:31";"System"
"4598";"Praha, Hlavní město";"58";"CZ";"52";"10";"50.07553810";"14.43780050";"Q1085";;"2021-08-30 05:26:31";"System";"2021-08-30 05:26:31";"System"
"4599";"Ústí nad Labem";"58";"CZ";"52";"427";"50.61190370";"13.78700860";"Q852480";;"2021-08-30 05:26:31";"System";"2021-08-30 05:26:31";"System"
"4600";"Moravskoslezský kraj";"58";"CZ";"85";"80";"49.73053270";"18.23326370";"Q190550";;"2021-08-30 05:26:31";"System";"2021-08-30 05:26:31";"System"
"4601";"Liberecký kraj";"58";"CZ";"83";"51";"50.65942400";"14.76324240";"Q193266";;"2021-08-30 05:26:31";"System";"2021-08-30 05:26:31";"System"
"4602";"Jihomoravský kraj";"58";"CZ";"78";"64";"48.95445280";"16.76768990";"Q192697";;"2021-08-30 05:26:31";"System";"2021-08-30 05:26:31";"System"
"4604";"Karlovy Vary";"58";"CZ";"78";"412";"50.14350000";"12.75018990";"Q757240";;"2021-08-30 05:26:31";"System";"2021-08-30 05:26:31";"System"
"4605";"Litoměřice";"58";"CZ";"78";"423";"50.53841970";"14.13054580";"Q383415";;"2021-08-30 05:26:31";"System";"2021-08-30 05:26:31";"System"
"4606";"Praha-východ";"58";"CZ";"78";"209";"49.93893070";"14.79244720";"Q645376";;"2021-08-30 05:26:31";"System";"2021-08-30 05:26:31";"System"
"4607";"Plzeňský kraj";"58";"CZ";"87";"32";"49.41348120";"13.31572460";"Q46070";;"2021-08-30 05:26:31";"System";"2021-08-30 05:26:31";"System"
"4608";"Plzeň-jih";"58";"CZ";"87";"324";"49.59048850";"13.57158610";"Q909754";;"2021-08-30 05:26:31";"System";"2021-08-30 05:26:31";"System"
"4609";"Děčín";"58";"CZ";"87";"421";"50.77255630";"14.21276120";"Q852525";;"2021-08-30 05:26:31";"System";"2021-08-30 05:26:31";"System"
"4611";"Havlíčkův Brod";"58";"CZ";"87";"631";"49.60433640";"15.57965520";"Q368105";;"2021-08-30 05:26:31";"System";"2021-08-30 05:26:31";"System"
"4612";"Jablonec nad Nisou";"58";"CZ";"87";"512";"50.72205280";"15.17031350";"Q837639";;"2021-08-30 05:26:31";"System";"2021-08-30 05:26:31";"System"
"4613";"Jihlava";"58";"CZ";"87";"632";"49.39837820";"15.58704150";"Q852472";;"2021-08-30 05:26:31";"System";"2021-08-30 05:26:31";"System"
"4614";"Královéhradecký kraj";"58";"CZ";"82";"52";"50.35124840";"15.79764590";"Q193295";;"2021-08-30 05:26:31";"System";"2021-08-30 05:26:31";"System"
"4615";"Blansko";"58";"CZ";"82";"641";"49.36485020";"16.64775520";"Q804356";;"2021-08-30 05:26:31";"System";"2021-08-30 05:26:31";"System"
"4617";"Louny";"58";"CZ";"82";"424";"50.35398120";"13.80335510";"Q838292";;"2021-08-30 05:26:31";"System";"2021-08-30 05:26:31";"System"
"4618";"Kolín";"58";"CZ";"82";"204";"49.98832930";"15.05519770";"Q847318";;"2021-08-30 05:26:31";"System";"2021-08-30 05:26:31";"System"
"4619";"Praha-západ";"58";"CZ";"82";"20A";"49.89352350";"14.32937790";"Q302778";;"2021-08-30 05:26:31";"System";"2021-08-30 05:26:31";"System"
"4620";"Beroun";"58";"CZ";"82";"202";"49.95734280";"13.98407150";"Q480085";;"2021-08-30 05:26:31";"System";"2021-08-30 05:26:31";"System"
"4621";"Teplice";"58";"CZ";"82";"426";"50.65846050";"13.75132270";"Q852518";;"2021-08-30 05:26:31";"System";"2021-08-30 05:26:31";"System"
"4622";"Vyškov";"58";"CZ";"82";"646";"49.21274450";"16.98559270";"Q570682";;"2021-08-30 05:26:31";"System";"2021-08-30 05:26:31";"System"
"4623";"Opava";"58";"CZ";"82";"805";"49.90837570";"17.91633800";"Q838320";;"2021-08-30 05:26:31";"System";"2021-08-30 05:26:31";"System"
"4624";"Jindřichův Hradec";"58";"CZ";"82";"313";"49.14448230";"15.00613890";"Q1160841";;"2021-08-30 05:26:31";"System";"2021-08-30 05:26:31";"System"
"4625";"Jeseník";"58";"CZ";"82";"711";"50.22462490";"17.19804710";"Q838288";;"2021-08-30 05:26:31";"System";"2021-08-30 05:26:31";"System"
"4626";"Přerov";"58";"CZ";"82";"714";"49.46713560";"17.50773320";"Q838324";;"2021-08-30 05:26:31";"System";"2021-08-30 05:26:31";"System"
"4627";"Benešov";"58";"CZ";"82";"201";"49.69008280";"14.77643990";"Q792883";;"2021-08-30 05:26:31";"System";"2021-08-30 05:26:31";"System"
"4628";"Strakonice";"58";"CZ";"82";"316";"49.26040430";"13.91030850";"Q837633";;"2021-08-30 05:26:31";"System";"2021-08-30 05:26:31";"System"
"4629";"Most";"58";"CZ";"82";"425";"37.15540830";"-94.29488840";"Q852511";;"2021-08-30 05:26:31";"System";"2021-08-30 05:26:31";"System"
"4630";"Znojmo";"58";"CZ";"82";"647";"48.92723270";"16.10378080";"Q853969";;"2021-08-30 05:26:31";"System";"2021-08-30 05:26:31";"System"
"4631";"Kladno";"58";"CZ";"82";"203";"50.19402580";"14.10436570";"Q837635";;"2021-08-30 05:26:31";"System";"2021-08-30 05:26:31";"System"
"4633";"Česká Lípa";"58";"CZ";"82";"511";"50.67852010";"14.53969910";"Q538500";;"2021-08-30 05:26:31";"System";"2021-08-30 05:26:31";"System"
"4634";"Chrudim";"58";"CZ";"82";"531";"49.88302160";"15.82908660";"Q838329";;"2021-08-30 05:26:31";"System";"2021-08-30 05:26:31";"System"
"4636";"Rychnov nad Kněžnou";"58";"CZ";"82";"524";"50.16596510";"16.27768420";"Q240419";;"2021-08-30 05:26:31";"System";"2021-08-30 05:26:31";"System"
"4638";"Mělník";"58";"CZ";"82";"206";"50.31044150";"14.51792230";"Q852463";;"2021-08-30 05:26:31";"System";"2021-08-30 05:26:31";"System"
"4639";"Jihočeský kraj";"58";"CZ";"79";"31";"48.94577890";"14.44160550";"Q188373";;"2021-08-30 05:26:31";"System";"2021-08-30 05:26:31";"System"
"4640";"Jičín";"58";"CZ";"79";"522";"50.43533250";"15.36104400";"Q838333";;"2021-08-30 05:26:31";"System";"2021-08-30 05:26:31";"System"
"4641";"Domažlice";"58";"CZ";"79";"321";"49.43970270";"12.93114350";"Q784736";;"2021-08-30 05:26:31";"System";"2021-08-30 05:26:31";"System"
"4642";"Šumperk";"58";"CZ";"79";"715";"49.97784070";"16.97177540";"Q838335";;"2021-08-30 05:26:31";"System";"2021-08-30 05:26:31";"System"
"4643";"Mladá Boleslav";"58";"CZ";"79";"207";"50.42523170";"14.93624770";"Q852468";;"2021-08-30 05:26:31";"System";"2021-08-30 05:26:31";"System"
"4644";"Bruntál";"58";"CZ";"79";"801";"49.98817670";"17.46369410";"Q850323";;"2021-08-30 05:26:31";"System";"2021-08-30 05:26:31";"System"
"4645";"Pelhřimov";"58";"CZ";"79";"633";"49.43062070";"15.22298300";"Q852505";;"2021-08-30 05:26:31";"System";"2021-08-30 05:26:31";"System"
"4646";"Tachov";"58";"CZ";"79";"327";"49.79878030";"12.63619210";"Q838338";;"2021-08-30 05:26:31";"System";"2021-08-30 05:26:31";"System"
"4647";"Ústí nad Orlicí";"58";"CZ";"79";"534";"49.97218010";"16.39966170";"Q856824";;"2021-08-30 05:26:31";"System";"2021-08-30 05:26:31";"System"
"4648";"Žďár nad Sázavou";"58";"CZ";"79";"635";"49.56430120";"15.93910300";"Q579648";;"2021-08-30 05:26:31";"System";"2021-08-30 05:26:31";"System"
"4649";"North East Community Development Council";"199";"SG";"79";"02";"45.01181130";"-93.24681070";"Q3710534";;"2021-08-30 05:26:31";"System";"2021-08-30 05:26:31";"System"
"4650";"South East Community Development Council";"199";"SG";"79";"04";"39.28630700";"-76.56912370";"Q1687545";;"2021-08-30 05:26:31";"System";"2021-08-30 05:26:31";"System"
"4651";"Central Singapore Community Development Council";"199";"SG";"79";"01";"1.28951400";"103.81438790";"Q2544592";;"2021-08-30 05:26:31";"System";"2021-08-30 05:26:31";"System"
"4652";"South West Community Development Council";"199";"SG";"79";"05";"39.92569100";"-75.23105800";"Q5784126";;"2021-08-30 05:26:31";"System";"2021-08-30 05:26:31";"System"
"4653";"North West Community Development Council";"199";"SG";"79";"03";"39.10709300";"-94.45733600";"Q5784118";;"2021-08-30 05:26:31";"System";"2021-08-30 05:26:31";"System"
"4654";"Ewa District";"153";"NR";"09";"09";"-0.50872410";"166.93693840";"Q274381";;"2021-08-30 05:26:31";"System";"2021-08-30 05:26:31";"System"
"4655";"Uaboe District";"153";"NR";"13";"13";"-0.52022220";"166.93117610";"Q473764";;"2021-08-30 05:26:31";"System";"2021-08-30 05:26:31";"System"
"4656";"Aiwo District";"153";"NR";"01";"01";"-0.53400120";"166.91388730";"Q240017";;"2021-08-30 05:26:31";"System";"2021-08-30 05:26:31";"System"
"4657";"Meneng District";"153";"NR";"11";"11";"-0.54672400";"166.93837900";"Q327788";;"2021-08-30 05:26:31";"System";"2021-08-30 05:26:31";"System"
"4658";"Anabar District";"153";"NR";"02";"02";"-0.51335170";"166.94846240";"Q328735";;"2021-08-30 05:26:31";"System";"2021-08-30 05:26:31";"System"
"4659";"Nibok District";"153";"NR";"12";"12";"-0.51962080";"166.91893010";"Q378780";;"2021-08-30 05:26:31";"System";"2021-08-30 05:26:31";"System"
"4660";"Baiti District";"153";"NR";"05";"05";"-0.51043100";"166.92757440";"Q328727";;"2021-08-30 05:26:31";"System";"2021-08-30 05:26:31";"System"
"4661";"Ijuw District";"153";"NR";"10";"10";"-0.52027670";"166.95710460";"Q328738";;"2021-08-30 05:26:31";"System";"2021-08-30 05:26:31";"System"
"4662";"Buada District";"153";"NR";"07";"07";"-0.53287770";"166.92685410";"Q202747";;"2021-08-30 05:26:31";"System";"2021-08-30 05:26:31";"System"
"4663";"Anibare District";"153";"NR";"04";"04";"-0.52947580";"166.95134320";"Q328733";;"2021-08-30 05:26:31";"System";"2021-08-30 05:26:31";"System"
"4664";"Yaren District";"153";"NR";"14";"14";"-0.54668570";"166.92109130";"Q31026";;"2021-08-30 05:26:31";"System";"2021-08-30 05:26:31";"System"
"4665";"Boe District";"153";"NR";"06";"06";"39.07327760";"-94.57104980";"Q378829";;"2021-08-30 05:26:31";"System";"2021-08-30 05:26:31";"System"
"4666";"Denigomodu District";"153";"NR";"08";"08";"-0.52479640";"166.91676890";"Q1187200";;"2021-08-30 05:26:31";"System";"2021-08-30 05:26:31";"System"
"4667";"Anetan District";"153";"NR";"03";"03";"-0.50643430";"166.94270060";"Q378813";;"2021-08-30 05:26:31";"System";"2021-08-30 05:26:31";"System"
"4668";"Zhytomyr Oblast";"230";"UA";"27";"18";"50.25465000";"28.65866690";"Q40637";;"2021-08-30 05:26:31";"System";"2021-08-30 05:26:31";"System"
"4669";"Vinnytsia Oblast";"230";"UA";"23";"05";"49.23308300";"28.46821690";"Q166709";;"2021-08-30 05:26:31";"System";"2021-08-30 05:26:31";"System"
"4670";"Zakarpattia Oblast";"230";"UA";"25";"21";"48.62080000";"22.28788300";"Q170213";;"2021-08-30 05:26:31";"System";"2021-08-30 05:26:31";"System"
"4671";"Kyiv Oblast";"230";"UA";"13";"32";"50.05295060";"30.76671340";"Q170036";;"2021-08-30 05:26:31";"System";"2021-08-30 05:26:31";"System"
"4672";"Lviv Oblast";"230";"UA";"15";"46";"49.83968300";"24.02971700";"Q164193";;"2021-08-30 05:26:31";"System";"2021-08-30 05:26:31";"System"
"4673";"Luhansk Oblast";"230";"UA";"14";"09";"48.57404100";"39.30781500";"Q171965";;"2021-08-30 05:26:31";"System";"2021-08-30 05:26:31";"System"
"4674";"Ternopil Oblast";"230";"UA";"22";"61";"49.55351700";"25.59476700";"Q173407";;"2021-08-30 05:26:31";"System";"2021-08-30 05:26:31";"System"
"4675";"Dnipropetrovsk Oblast";"230";"UA";"04";"12";"48.46471700";"35.04618300";"Q170672";;"2021-08-30 05:26:31";"System";"2021-08-30 05:26:31";"System"
"4676";"Kiev";"230";"UA";"12";"30";"50.45010000";"30.52340000";"Q1899";;"2021-08-30 05:26:31";"System";"2021-08-30 05:26:31";"System"
"4677";"Kirovohrad Oblast";"230";"UA";"10";"35";"48.50793300";"32.26231700";"Q180981";;"2021-08-30 05:26:31";"System";"2021-08-30 05:26:31";"System"
"4678";"Chernivtsi Oblast";"230";"UA";"03";"77";"48.29168300";"25.93521700";"Q168856";;"2021-08-30 05:26:31";"System";"2021-08-30 05:26:31";"System"
"4679";"Mykolaiv Oblast";"230";"UA";"16";"48";"46.97503300";"31.99458290";"Q181633";;"2021-08-30 05:26:31";"System";"2021-08-30 05:26:31";"System"
"4680";"Cherkasy Oblast";"230";"UA";"01";"71";"49.44443300";"32.05976700";"Q161808";;"2021-08-30 05:26:31";"System";"2021-08-30 05:26:31";"System"
"4681";"Khmelnytsky Oblast";"230";"UA";"09";"68";"49.42298300";"26.98713310";"Q171331";;"2021-08-30 05:26:31";"System";"2021-08-30 05:26:31";"System"
"4682";"Ivano-Frankivsk Oblast";"230";"UA";"06";"26";"48.92263300";"24.71111700";"Q178269";;"2021-08-30 05:26:31";"System";"2021-08-30 05:26:31";"System"
"4683";"Rivne Oblast";"230";"UA";"19";"56";"50.61990000";"26.25161700";"Q174187";;"2021-08-30 05:26:31";"System";"2021-08-30 05:26:31";"System"
"4684";"Kherson Oblast";"230";"UA";"08";"65";"46.63541700";"32.61686700";"Q163271";;"2021-08-30 05:26:31";"System";"2021-08-30 05:26:31";"System"
"4685";"Sumy Oblast";"230";"UA";"21";"59";"50.90770000";"34.79810000";"Q170446";;"2021-08-30 05:26:31";"System";"2021-08-30 05:26:31";"System"
"4686";"Kharkiv Oblast";"230";"UA";"07";"63";"49.99350000";"36.23038300";"Q170666";;"2021-08-30 05:26:31";"System";"2021-08-30 05:26:31";"System"
"4687";"Zaporizhzhya Oblast";"230";"UA";"26";"23";"47.83880000";"35.13956700";"Q171334";;"2021-08-30 05:26:31";"System";"2021-08-30 05:26:31";"System"
"4688";"Odessa Oblast";"230";"UA";"17";"51";"46.48458300";"30.73260000";"Q171852";;"2021-08-30 05:26:31";"System";"2021-08-30 05:26:31";"System"
"4689";"Autonomous Republic of Crimea";"230";"UA";"11";"43";"44.95211700";"34.10241700";"Q756294";;"2021-08-30 05:26:31";"System";"2021-08-30 05:26:31";"System"
"4690";"Volyn Oblast";"230";"UA";"24";"07";"50.74723300";"25.32538300";"Q167859";;"2021-08-30 05:26:31";"System";"2021-08-30 05:26:31";"System"
"4691";"Donetsk Oblast";"230";"UA";"05";"14";"48.01588300";"37.80285000";"Q2012050";;"2021-08-30 05:26:31";"System";"2021-08-30 05:26:31";"System"
"4692";"Chernihiv Oblast";"230";"UA";"02";"74";"51.49820000";"31.28934990";"Q167874";;"2021-08-30 05:26:31";"System";"2021-08-30 05:26:31";"System"
"4693";"Gabrovo Province";"34";"BG";"41";"07";"42.86847000";"25.31688900";"Q1007272";;"2021-08-30 05:26:31";"System";"2021-08-30 05:26:31";"System"
"4694";"Smolyan Province";"34";"BG";"57";"21";"41.57741480";"24.70108710";"Q2012430";;"2021-08-30 05:26:31";"System";"2021-08-30 05:26:31";"System"
"4695";"Pernik Province";"34";"BG";"49";"14";"42.60519900";"23.03779160";"Q2012234";;"2021-08-30 05:26:31";"System";"2021-08-30 05:26:31";"System"
"4696";"Montana Province";"34";"BG";"47";"12";"43.40851480";"23.22575890";"Q2012057";;"2021-08-30 05:26:31";"System";"2021-08-30 05:26:31";"System"
"4697";"Vidin Province";"34";"BG";"63";"05";"43.99617390";"22.86795150";"Q2012772";;"2021-08-30 05:26:31";"System";"2021-08-30 05:26:31";"System"
"4698";"Razgrad Province";"34";"BG";"52";"17";"43.52717050";"26.52412280";"Q2790675";;"2021-08-30 05:26:31";"System";"2021-08-30 05:26:31";"System"
"4699";"Blagoevgrad Province";"34";"BG";"38";"01";"42.02086140";"23.09433560";"Q804311";;"2021-08-30 05:26:31";"System";"2021-08-30 05:26:31";"System"
"4700";"Sliven Province";"34";"BG";"56";"20";"42.68167020";"26.32285690";"Q113120";;"2021-08-30 05:26:31";"System";"2021-08-30 05:26:31";"System"
"4701";"Plovdiv Province";"34";"BG";"51";"16";"42.13540790";"24.74529040";"Q187874";;"2021-08-30 05:26:31";"System";"2021-08-30 05:26:31";"System"
"4702";"Kardzhali Province";"34";"BG";"44";"09";"41.63384160";"25.37766870";"Q1104675";;"2021-08-30 05:26:31";"System";"2021-08-30 05:26:31";"System"
"4703";"Kyustendil Province";"34";"BG";"45";"10";"42.28687990";"22.69396350";"Q1112985";;"2021-08-30 05:26:31";"System";"2021-08-30 05:26:31";"System"
"4704";"Haskovo Province";"34";"BG";"43";"26";"41.93441780";"25.55546720";"Q182809";;"2021-08-30 05:26:31";"System";"2021-08-30 05:26:31";"System"
"4705";"Sofia City Province";"34";"BG";"42";"22";"42.75701090";"23.45046830";"Q1585725";;"2021-08-30 05:26:31";"System";"2021-08-30 05:26:31";"System"
"4706";"Pleven Province";"34";"BG";"50";"15";"43.41701690";"24.60667080";"Q2012242";;"2021-08-30 05:26:31";"System";"2021-08-30 05:26:31";"System"
"4707";"Stara Zagora Province";"34";"BG";"59";"24";"42.42577090";"25.63448550";"Q2012583";;"2021-08-30 05:26:31";"System";"2021-08-30 05:26:31";"System"
"4708";"Silistra Province";"34";"BG";"55";"19";"44.11471010";"27.26714540";"Q2012423";;"2021-08-30 05:26:31";"System";"2021-08-30 05:26:31";"System"
"4709";"Veliko Tarnovo Province";"34";"BG";"62";"04";"43.07565390";"25.61715000";"Q2012621";;"2021-08-30 05:26:31";"System";"2021-08-30 05:26:31";"System"
"4710";"Lovech Province";"34";"BG";"46";"11";"43.13677980";"24.71393350";"Q6587068";;"2021-08-30 05:26:31";"System";"2021-08-30 05:26:31";"System"
"4711";"Vratsa Province";"34";"BG";"64";"06";"43.21018060";"23.55292100";"Q2012785";;"2021-08-30 05:26:31";"System";"2021-08-30 05:26:31";"System"
"4712";"Pazardzhik Province";"34";"BG";"48";"13";"42.19275670";"24.33362260";"Q2012227";;"2021-08-30 05:26:31";"System";"2021-08-30 05:26:31";"System"
"4713";"Ruse Province";"34";"BG";"53";"18";"43.83559640";"25.96561440";"Q1251933";;"2021-08-30 05:26:31";"System";"2021-08-30 05:26:31";"System"
"4714";"Targovishte Province";"34";"BG";"60";"25";"43.24623490";"26.56912510";"Q2012589";;"2021-08-30 05:26:31";"System";"2021-08-30 05:26:31";"System"
"4715";"Burgas Province";"34";"BG";"39";"02";"42.50480000";"27.46260790";"Q369220";;"2021-08-30 05:26:31";"System";"2021-08-30 05:26:31";"System"
"4716";"Yambol Province";"34";"BG";"65";"28";"42.48414940";"26.50352960";"Q220736";;"2021-08-30 05:26:31";"System";"2021-08-30 05:26:31";"System"
"4717";"Varna Province";"34";"BG";"61";"03";"43.20464770";"27.91054880";"Q183487";;"2021-08-30 05:26:31";"System";"2021-08-30 05:26:31";"System"
"4718";"Dobrich Province";"34";"BG";"40";"08";"43.57278600";"27.82728020";"Q907395";;"2021-08-30 05:26:31";"System";"2021-08-30 05:26:31";"System"
"4719";"Sofia Province";"34";"BG";"58";"23";"42.67344000";"23.83349370";"Q202904";;"2021-08-30 05:26:31";"System";"2021-08-30 05:26:31";"System"
"4720";"Suceava County";"181";"RO";"34";"SV";"47.55055480";"25.74106200";"Q181209";;"2021-08-30 05:26:31";"System";"2021-08-30 05:26:31";"System"
"4721";"Hunedoara County";"181";"RO";"21";"HD";"45.79363800";"22.99759930";"Q191071";;"2021-08-30 05:26:31";"System";"2021-08-30 05:26:31";"System"
"4722";"Arges";"181";"RO";"03";"AG";"45.07225270";"24.81427260";"Q179567";;"2021-08-30 05:26:31";"System";"2021-08-30 05:26:31";"System"
"4723";"Bihor County";"181";"RO";"05";"BH";"47.01575160";"22.17226600";"Q179588";;"2021-08-30 05:26:31";"System";"2021-08-30 05:26:31";"System"
"4724";"Alba";"181";"RO";"01";"AB";"44.70091530";"8.03569110";"Q45868";;"2021-08-30 05:26:31";"System";"2021-08-30 05:26:31";"System"
"4725";"Ilfov County";"181";"RO";"43";"IF";"44.53554800";"26.23248860";"Q191670";;"2021-08-30 05:26:31";"System";"2021-08-30 05:26:31";"System"
"4726";"Giurgiu County";"181";"RO";"42";"GR";"43.90370760";"25.96992650";"Q193055";;"2021-08-30 05:26:31";"System";"2021-08-30 05:26:31";"System"
"4727";"Tulcea County";"181";"RO";"37";"TL";"45.04505650";"29.03249120";"Q191078";;"2021-08-30 05:26:31";"System";"2021-08-30 05:26:31";"System"
"4728";"Teleorman County";"181";"RO";"35";"TR";"44.01604910";"25.29866280";"Q191653";;"2021-08-30 05:26:31";"System";"2021-08-30 05:26:31";"System"
"4729";"Prahova County";"181";"RO";"30";"PH";"45.08919060";"26.08293130";"Q188665";;"2021-08-30 05:26:31";"System";"2021-08-30 05:26:31";"System"
"4730";"Bucharest";"181";"RO";"10";"B";"44.42676740";"26.10253840";"Q19660";;"2021-08-30 05:26:31";"System";"2021-08-30 05:26:31";"System"
"4731";"Neamț County";"181";"RO";"28";"NT";"46.97586850";"26.38187640";"Q188661";;"2021-08-30 05:26:31";"System";"2021-08-30 05:26:31";"System"
"4732";"Călărași County";"181";"RO";"41";"CL";"44.36587150";"26.75486070";"Q188948";;"2021-08-30 05:26:31";"System";"2021-08-30 05:26:31";"System"
"4733";"Bistrița-Năsăud County";"181";"RO";"06";"BN";"47.24861070";"24.53228140";"Q181513";;"2021-08-30 05:26:31";"System";"2021-08-30 05:26:31";"System"
"4734";"Cluj County";"181";"RO";"13";"CJ";"46.79417970";"23.61214920";"Q182624";;"2021-08-30 05:26:31";"System";"2021-08-30 05:26:31";"System"
"4735";"Iași County";"181";"RO";"23";"IS";"47.26796530";"27.21856620";"Q182888";;"2021-08-30 05:26:31";"System";"2021-08-30 05:26:31";"System"
"4736";"Braila";"181";"RO";"08";"BR";"45.26524630";"27.95947140";"Q188503";;"2021-08-30 05:26:31";"System";"2021-08-30 05:26:31";"System"
"4737";"Constanța County";"181";"RO";"14";"CT";"44.21298700";"28.25500550";"Q188505";;"2021-08-30 05:26:31";"System";"2021-08-30 05:26:31";"System"
"4738";"Olt County";"181";"RO";"29";"OT";"44.20079700";"24.50229810";"Q188945";;"2021-08-30 05:26:31";"System";"2021-08-30 05:26:31";"System"
"4739";"Arad County";"181";"RO";"02";"AR";"46.22836510";"21.65978190";"Q179559";;"2021-08-30 05:26:31";"System";"2021-08-30 05:26:31";"System"
"4740";"Botoșani County";"181";"RO";"07";"BT";"47.89240420";"26.75917810";"Q178861";;"2021-08-30 05:26:31";"System";"2021-08-30 05:26:31";"System"
"4741";"Sălaj County";"181";"RO";"31";"SJ";"47.20908130";"23.21219010";"Q190690";;"2021-08-30 05:26:31";"System";"2021-08-30 05:26:31";"System"
"4742";"Dolj County";"181";"RO";"17";"DJ";"44.16230220";"23.63250540";"Q191065";;"2021-08-30 05:26:31";"System";"2021-08-30 05:26:31";"System"
"4743";"Ialomița County";"181";"RO";"22";"IL";"44.60313300";"27.37899140";"Q193044";;"2021-08-30 05:26:31";"System";"2021-08-30 05:26:31";"System"
"4744";"Bacău County";"181";"RO";"04";"BC";"46.32581840";"26.66237800";"Q179779";;"2021-08-30 05:26:31";"System";"2021-08-30 05:26:31";"System"
"4745";"Dâmbovița County";"181";"RO";"16";"DB";"44.92898930";"25.42538500";"Q188797";;"2021-08-30 05:26:31";"System";"2021-08-30 05:26:31";"System"
"4746";"Satu Mare County";"181";"RO";"32";"SM";"47.76689050";"22.92413770";"Q165459";;"2021-08-30 05:26:31";"System";"2021-08-30 05:26:31";"System"
"4747";"Galați County";"181";"RO";"18";"GL";"45.78005690";"27.82515760";"Q188796";;"2021-08-30 05:26:31";"System";"2021-08-30 05:26:31";"System"
"4748";"Timiș County";"181";"RO";"36";"TM";"45.81389020";"21.33310550";"Q185586";;"2021-08-30 05:26:31";"System";"2021-08-30 05:26:31";"System"
"4749";"Harghita County";"181";"RO";"20";"HR";"46.49285070";"25.64566960";"Q190702";;"2021-08-30 05:26:31";"System";"2021-08-30 05:26:31";"System"
"4750";"Gorj County";"181";"RO";"19";"GJ";"44.94855950";"23.24270790";"Q190406";;"2021-08-30 05:26:31";"System";"2021-08-30 05:26:31";"System"
"4751";"Mehedinți County";"181";"RO";"26";"MH";"44.55150530";"22.90441570";"Q191717";;"2021-08-30 05:26:31";"System";"2021-08-30 05:26:31";"System"
"4752";"Vaslui County";"181";"RO";"38";"VS";"46.46310590";"27.73980310";"Q167199";;"2021-08-30 05:26:31";"System";"2021-08-30 05:26:31";"System"
"4753";"Caraș-Severin County";"181";"RO";"12";"CS";"45.11396460";"22.07409930";"Q187925";;"2021-08-30 05:26:31";"System";"2021-08-30 05:26:31";"System"
"4754";"Covasna County";"181";"RO";"15";"CV";"45.94263470";"25.89189840";"Q188959";;"2021-08-30 05:26:31";"System";"2021-08-30 05:26:31";"System"
"4755";"Sibiu County";"181";"RO";"33";"SB";"45.92691060";"24.22548070";"Q184797";;"2021-08-30 05:26:31";"System";"2021-08-30 05:26:31";"System"
"4756";"Buzău County";"181";"RO";"11";"BZ";"45.33509120";"26.71075780";"Q185309";;"2021-08-30 05:26:31";"System";"2021-08-30 05:26:31";"System"
"4757";"Vâlcea County";"181";"RO";"39";"VL";"45.07980510";"24.08352830";"Q186838";;"2021-08-30 05:26:31";"System";"2021-08-30 05:26:31";"System"
"4758";"Vrancea County";"181";"RO";"40";"VN";"45.81348760";"27.06575310";"Q182778";;"2021-08-30 05:26:31";"System";"2021-08-30 05:26:31";"System"
"4759";"Brașov County";"181";"RO";"09";"BV";"45.77818440";"25.22258000";"Q182614";;"2021-08-30 05:26:31";"System";"2021-08-30 05:26:31";"System"
"4760";"Maramureș County";"181";"RO";"25";"MM";"46.55699040";"24.67232150";"Q190711";;"2021-08-30 05:26:31";"System";"2021-08-30 05:26:31";"System"
"4761";"Aiga-i-le-Tai";"191";"WS";"02";"AL";"-13.85137910";"-172.03254010";"Q1144488";;"2021-08-30 05:26:31";"System";"2021-08-30 05:26:31";"System"
"4762";"Satupa'itea";"191";"WS";"09";"SA";"-13.65382140";"-172.61592710";"Q651573";;"2021-08-30 05:26:31";"System";"2021-08-30 05:26:31";"System"
"4763";"A'ana";"191";"WS";"01";"AA";"-13.89841800";"-171.97529950";"Q1154121";;"2021-08-30 05:26:31";"System";"2021-08-30 05:26:31";"System"
"4764";"Fa'asaleleaga";"191";"WS";"04";"FA";"-13.63076380";"-172.23659810";"Q1154134";;"2021-08-30 05:26:31";"System";"2021-08-30 05:26:31";"System"
"4765";"Atua";"191";"WS";"03";"AT";"-13.97870530";"-171.62542830";"Q1154332";;"2021-08-30 05:26:31";"System";"2021-08-30 05:26:31";"System"
"4766";"Vaisigano";"191";"WS";"11";"VS";"-13.54138270";"-172.70233830";"Q1193139";;"2021-08-30 05:26:31";"System";"2021-08-30 05:26:31";"System"
"4767";"Palauli";"191";"WS";"08";"PA";"-13.72945790";"-172.45361150";"Q1147216";;"2021-08-30 05:26:31";"System";"2021-08-30 05:26:31";"System"
"4768";"Va'a-o-Fonoti";"191";"WS";"06";"VF";"-13.94709030";"-171.54318720";"Q1154109";;"2021-08-30 05:26:31";"System";"2021-08-30 05:26:31";"System"
"4769";"Gaga'emauga";"191";"WS";"05";"GE";"-13.54286660";"-172.36688700";"Q1193143";;"2021-08-30 05:26:31";"System";"2021-08-30 05:26:31";"System"
"4770";"Tuamasaga";"191";"WS";"10";"TU";"-13.91635920";"-171.82243620";"Q1144482";;"2021-08-30 05:26:31";"System";"2021-08-30 05:26:31";"System"
"4771";"Gaga'ifomauga";"191";"WS";"07";"GI";"-13.54680070";"-172.49693310";"Q1193134";;"2021-08-30 05:26:31";"System";"2021-08-30 05:26:31";"System"
"4772";"Torba";"237";"VU";"07";"TOB";"37.07653000";"27.45657300";"Q822514";;"2021-08-30 05:26:31";"System";"2021-08-30 05:26:31";"System"
"4773";"Penama";"237";"VU";"17";"PAM";"-15.37957580";"167.90531820";"Q836649";;"2021-08-30 05:26:31";"System";"2021-08-30 05:26:31";"System"
"4774";"Shefa";"237";"VU";"18";"SEE";"32.80576500";"35.16997100";"Q650617";;"2021-08-30 05:26:31";"System";"2021-08-30 05:26:31";"System"
"4775";"Malampa";"237";"VU";"16";"MAP";"-16.40114050";"167.60778650";"Q740656";;"2021-08-30 05:26:31";"System";"2021-08-30 05:26:31";"System"
"4776";"Sanma";"237";"VU";"13";"SAM";"-15.48400170";"166.91820970";"Q740640";;"2021-08-30 05:26:31";"System";"2021-08-30 05:26:31";"System"
"4777";"Tafea";"237";"VU";"15";"TAE";"-18.72378270";"169.06450560";"Q576417";;"2021-08-30 05:26:31";"System";"2021-08-30 05:26:31";"System"
"4778";"Honiara";"202";"SB";"14";"CT";"-9.44563810";"159.97289990";"Q40921";;"2021-08-30 05:26:31";"System";"2021-08-30 05:26:31";"System"
"4779";"Temotu Province";"202";"SB";"09";"TE";"-10.68692900";"166.06239790";"Q936088";;"2021-08-30 05:26:31";"System";"2021-08-30 05:26:31";"System"
"4780";"Isabel Province";"202";"SB";"07";"IS";"-8.05923530";"159.14470810";"Q1139082";;"2021-08-30 05:26:31";"System";"2021-08-30 05:26:31";"System"
"4781";"Choiseul Province";"202";"SB";"12";"CH";"-7.05014940";"156.95114590";"Q399063";;"2021-08-30 05:26:31";"System";"2021-08-30 05:26:31";"System"
"4782";"Makira-Ulawa Province";"202";"SB";"08";"MK";"-10.57374470";"161.80969410";"Q1116700";;"2021-08-30 05:26:31";"System";"2021-08-30 05:26:31";"System"
"4783";"Malaita Province";"202";"SB";"03";"ML";"-8.94461680";"160.90712360";"Q1190896";;"2021-08-30 05:26:31";"System";"2021-08-30 05:26:31";"System"
"4784";"Central Province";"202";"SB";"10";"CE";;;"Q293722";;"2021-08-30 05:26:31";"System";"2021-08-30 05:26:31";"System"
"4785";"Guadalcanal Province";"202";"SB";"06";"GU";"-9.57732840";"160.14558050";"Q760888";;"2021-08-30 05:26:31";"System";"2021-08-30 05:26:31";"System"
"4786";"Western Province";"202";"SB";"11";"WE";;;"Q150325";;"2021-08-30 05:26:31";"System";"2021-08-30 05:26:31";"System"
"4787";"Rennell and Bellona Province";"202";"SB";"13";"RB";"-11.61314350";"160.16939490";"Q1051475";;"2021-08-30 05:26:31";"System";"2021-08-30 05:26:31";"System"
"4788";"Burgundy";"75";"FR";"A1";"D";"47.05250470";"4.38372150";"Q1173";;"2021-08-30 05:26:31";"System";"2021-08-30 05:26:31";"System"
"4789";"Auvergne";"75";"FR";"98";"C";"45.70326950";"3.34485360";"Q1152";;"2021-08-30 05:26:31";"System";"2021-08-30 05:26:31";"System"
"4790";"Picardy";"75";"FR";"B6";"S";"49.66361270";"2.52807320";"Q13950";;"2021-08-30 05:26:31";"System";"2021-08-30 05:26:31";"System"
"4791";"Champagne-Ardenne";"75";"FR";"A4";"G";"48.79340920";"4.47252490";"Q14103";;"2021-08-30 05:26:31";"System";"2021-08-30 05:26:31";"System"
"4792";"Limousin";"75";"FR";"B1";"L";"45.89322310";"1.56960180";"Q1190";;"2021-08-30 05:26:31";"System";"2021-08-30 05:26:31";"System"
"4793";"Nord-Pas-de-Calais";"75";"FR";"B4";"O";"50.48011530";"2.79372650";"Q16987";;"2021-08-30 05:26:31";"System";"2021-08-30 05:26:31";"System"
"4794";"Saint Barthélemy";"75";"FR";"TB";"BL";"17.90051340";"-62.82058710";"Q25362";;"2021-08-30 05:26:31";"System";"2021-08-30 05:26:31";"System"
"4795";"Nouvelle-Aquitaine";"75";"FR";"75";"NAQ";"45.70871820";"0.62689100";"Q18678082";;"2021-08-30 05:26:31";"System";"2021-08-30 05:26:31";"System"
"4796";"Île-de-France";"75";"FR";"A8";"IDF";"48.84991980";"2.63704110";"Q13917";;"2021-08-30 05:26:31";"System";"2021-08-30 05:26:31";"System"
"4797";"Mayotte";"75";"FR";"MF";"YT";"-12.82750000";"45.16624400";"Q17063";;"2021-08-30 05:26:31";"System";"2021-08-30 05:26:31";"System"
"4798";"Auvergne-Rhône-Alpes";"75";"FR";"84";"ARA";"45.44714310";"4.38525070";"Q18338206";;"2021-08-30 05:26:31";"System";"2021-08-30 05:26:31";"System"
"4799";"Occitania";"75";"FR";"84";"OCC";"43.89272320";"3.28276250";"Q18678265";;"2021-08-30 05:26:31";"System";"2021-08-30 05:26:31";"System"
"4800";"Alo";"75";"FR";"84";"WF-AL";"40.71583620";"-73.95963170";"Q2734700";;"2021-08-30 05:26:31";"System";"2021-08-30 05:26:31";"System"
"4801";"Lorraine";"75";"FR";"B2";"M";"48.87442330";"6.20809320";"Q1137";;"2021-08-30 05:26:31";"System";"2021-08-30 05:26:31";"System"
"4802";"Pays de la Loire";"75";"FR";"B5";"PDL";"47.76328360";"-0.32996870";"Q16994";;"2021-08-30 05:26:31";"System";"2021-08-30 05:26:31";"System"
"4803";"Languedoc-Roussillon";"75";"FR";"A9";"K";"43.59123560";"3.25836260";"Q17005";;"2021-08-30 05:26:31";"System";"2021-08-30 05:26:31";"System"
"4804";"Normandy";"75";"FR";"28";"NOR";"48.87987040";"0.17125290";"Q18677875";;"2021-08-30 05:26:31";"System";"2021-08-30 05:26:31";"System"
"4805";"Franche-Comté";"75";"FR";"A6";"I";"47.13432070";"6.02230160";"Q16394";;"2021-08-30 05:26:31";"System";"2021-08-30 05:26:31";"System"
"4806";"Corsica";"75";"FR";"A5";"COR";"42.03960420";"9.01289260";"Q14112";;"2021-08-30 05:26:31";"System";"2021-08-30 05:26:31";"System"
"4807";"Brittany";"75";"FR";"A2";"BRE";"48.20204710";"-2.93264350";"Q12130";;"2021-08-30 05:26:31";"System";"2021-08-30 05:26:31";"System"
"4808";"Aquitaine";"75";"FR";"97";"B";"44.70022220";"-0.29957850";"Q1179";;"2021-08-30 05:26:31";"System";"2021-08-30 05:26:31";"System"
"4809";"Saint Martin";"75";"FR";"RN";"MF";"18.07082980";"-63.05008090";"Q126125";;"2021-08-30 05:26:31";"System";"2021-08-30 05:26:31";"System"
"4810";"Wallis and Futuna";"75";"FR";"WF";"WF";"-14.29380000";"-178.11650000";"Q35555";;"2021-08-30 05:26:31";"System";"2021-08-30 05:26:31";"System"
"4811";"Alsace";"75";"FR";"C1";"A";"48.31817950";"7.44162410";"Q1142";;"2021-08-30 05:26:31";"System";"2021-08-30 05:26:31";"System"
"4812";"Provence-Alpes-Côte d'Azur";"75";"FR";"B8";"PAC";"43.93516910";"6.06791940";"Q15104";;"2021-08-30 05:26:31";"System";"2021-08-30 05:26:31";"System"
"4813";"Rhône-Alpes";"75";"FR";"B9";"V";"45.64029050";"5.68649940";"Q463";;"2021-08-30 05:26:31";"System";"2021-08-30 05:26:31";"System"
"4814";"Lower Normandy";"75";"FR";"99";"P";"48.87884720";"-0.51574920";"Q16954";;"2021-08-30 05:26:31";"System";"2021-08-30 05:26:31";"System"
"4815";"Poitou-Charentes";"75";"FR";"B7";"T";"45.90355200";"-0.30918370";"Q17009";;"2021-08-30 05:26:31";"System";"2021-08-30 05:26:31";"System"
"4816";"Paris";"75";"FR";"B7";"75";"48.85661400";"2.35222190";"Q90";;"2021-08-30 05:26:31";"System";"2021-08-30 05:26:31";"System"
"4817";"Uvea";"75";"FR";"B7";"WF-UV";"41.98329800";"-87.66836200";"Q7903676";;"2021-08-30 05:26:31";"System";"2021-08-30 05:26:31";"System"
"4818";"Centre-Val de Loire";"75";"FR";"A3";"CVL";"47.75156860";"1.67506310";"Q13947";;"2021-08-30 05:26:31";"System";"2021-08-30 05:26:31";"System"
"4819";"Sigave";"75";"FR";"A3";"WF-SG";"-14.27325920";"-178.16329000";"Q2554877";;"2021-08-30 05:26:31";"System";"2021-08-30 05:26:31";"System"
"4820";"Grand Est";"75";"FR";"44";"GES";"48.69980300";"6.18780740";"Q18677983";;"2021-08-30 05:26:31";"System";"2021-08-30 05:26:31";"System"
"4821";"Saint Pierre and Miquelon";"75";"FR";"SB";"PM";"46.88520000";"-56.31590000";"Q34617";;"2021-08-30 05:26:31";"System";"2021-08-30 05:26:31";"System"
"4822";"French Guiana";"75";"FR";"FG";"GF";"3.93388900";"-53.12578200";"Q3769";;"2021-08-30 05:26:31";"System";"2021-08-30 05:26:31";"System"
"4823";"Réunion";"75";"FR";"RE";"RE";"-21.11514100";"55.53638400";"Q17070";;"2021-08-30 05:26:31";"System";"2021-08-30 05:26:31";"System"
"4824";"French Polynesia";"75";"FR";"FP";"PF";"-17.67974200";"-149.40684300";"Q30971";;"2021-08-30 05:26:31";"System";"2021-08-30 05:26:31";"System"
"4825";"Bourgogne-Franche-Comté";"75";"FR";"27";"BFC";"47.28051270";"4.99943720";"Q18578267";;"2021-08-30 05:26:31";"System";"2021-08-30 05:26:31";"System"
"4826";"Upper Normandy";"75";"FR";"A7";"Q";"49.52464100";"0.88283290";"Q16961";;"2021-08-30 05:26:31";"System";"2021-08-30 05:26:31";"System"
"4827";"Martinique";"75";"FR";"MB";"MQ";"14.64152800";"-61.02417400";"Q17054";;"2021-08-30 05:26:31";"System";"2021-08-30 05:26:31";"System"
"4828";"Hauts-de-France";"75";"FR";"32";"HDF";"50.48011530";"2.79372650";"Q18677767";;"2021-08-30 05:26:31";"System";"2021-08-30 05:26:31";"System"
"4829";"Guadeloupe";"75";"FR";"GP";"GP";"16.26500000";"-61.55100000";"Q17012";;"2021-08-30 05:26:31";"System";"2021-08-30 05:26:31";"System"
"4830";"West New Britain Province";"171";"PG";"17";"WBK";"-5.70474320";"150.02594660";"Q667468";;"2021-08-30 05:26:31";"System";"2021-08-30 05:26:31";"System"
"4831";"Bougainville";"171";"PG";"07";"NSB";"-6.37539190";"155.38071010";"Q18826";;"2021-08-30 05:26:31";"System";"2021-08-30 05:26:31";"System"
"4832";"Jiwaka Province";"171";"PG";"22";"JWK";"-5.86911540";"144.69727740";"Q1400625";;"2021-08-30 05:26:31";"System";"2021-08-30 05:26:31";"System"
"4833";"Hela";"171";"PG";"21";"HLA";"42.33295160";"-83.04826180";"Q1382499";;"2021-08-30 05:26:31";"System";"2021-08-30 05:26:31";"System"
"4834";"East New Britain";"171";"PG";"10";"EBR";"-4.61289430";"151.88773210";"Q753702";;"2021-08-30 05:26:31";"System";"2021-08-30 05:26:31";"System"
"4835";"Morobe Province";"171";"PG";"14";"MPL";"-6.80137370";"146.56164700";"Q853664";;"2021-08-30 05:26:31";"System";"2021-08-30 05:26:31";"System"
"4836";"Sandaun Province";"171";"PG";"18";"SAN";"-3.71261790";"141.68342750";"Q753689";;"2021-08-30 05:26:31";"System";"2021-08-30 05:26:31";"System"
"4837";"Port Moresby";"171";"PG";"20";"NCD";"-9.44380040";"147.18026710";"Q36526";;"2021-08-30 05:26:31";"System";"2021-08-30 05:26:31";"System"
"4838";"Oro Province";"171";"PG";"04";"NPP";"-8.89880630";"148.18929210";"Q753686";;"2021-08-30 05:26:31";"System";"2021-08-30 05:26:31";"System"
"4839";"Gulf";"171";"PG";"02";"GPK";"37.05483150";"-94.43704190";"Q874980";;"2021-08-30 05:26:31";"System";"2021-08-30 05:26:31";"System"
"4840";"Western Highlands Province";"171";"PG";"16";"WHM";"-5.62681280";"144.25931180";"Q849807";;"2021-08-30 05:26:31";"System";"2021-08-30 05:26:31";"System"
"4841";"New Ireland Province";"171";"PG";"15";"NIK";"-4.28532560";"152.92059180";"Q838690";;"2021-08-30 05:26:31";"System";"2021-08-30 05:26:31";"System"
"4842";"Manus Province";"171";"PG";"13";"MRL";"-2.09411690";"146.87609510";"Q874935";;"2021-08-30 05:26:31";"System";"2021-08-30 05:26:31";"System"
"4843";"Madang Province";"171";"PG";"12";"MPM";"-4.98497330";"145.13758340";"Q326254";;"2021-08-30 05:26:31";"System";"2021-08-30 05:26:31";"System"
"4844";"Southern Highlands Province";"171";"PG";"05";"SHM";"-6.41790830";"143.56356370";"Q849801";;"2021-08-30 05:26:31";"System";"2021-08-30 05:26:31";"System"
"4845";"Eastern Highlands Province";"171";"PG";"09";"EHG";"-6.58616740";"145.66896360";"Q849812";;"2021-08-30 05:26:31";"System";"2021-08-30 05:26:31";"System"
"4846";"Chimbu Province";"171";"PG";"08";"CPK";"-6.30876820";"144.87312190";"Q599448";;"2021-08-30 05:26:31";"System";"2021-08-30 05:26:31";"System"
"4847";"Central Province";"171";"PG";"01";"CPM";;;"Q874942";;"2021-08-30 05:26:31";"System";"2021-08-30 05:26:31";"System"
"4848";"Enga Province";"171";"PG";"19";"EPW";"-5.30058490";"143.56356370";"Q862584";;"2021-08-30 05:26:31";"System";"2021-08-30 05:26:31";"System"
"4849";"Milne Bay Province";"171";"PG";"03";"MBA";"-9.52214510";"150.67496530";"Q874962";;"2021-08-30 05:26:31";"System";"2021-08-30 05:26:31";"System"
"4850";"Western Province";"171";"PG";"06";"WPD";;;"Q849790";;"2021-08-30 05:26:31";"System";"2021-08-30 05:26:31";"System"
"4851";"Ohio";"233";"US";"39";"OH";"40.41728710";"-82.90712300";"Q1397";;"2021-08-30 05:26:31";"System";"2021-08-30 05:26:31";"System"
"4852";"Ladakh";"101";"IN";;"LA";"34.22684750";"77.56194190";"MANUAL";;"2021-08-30 05:26:31";"System";"2021-08-30 05:26:31";"System"
"4853";"West Bengal";"101";"IN";"28";"WB";"22.98675690";"87.85497550";"Q1356";;"2021-08-30 05:26:31";"System";"2021-08-30 05:26:31";"System"
"4854";"Sinop Province";"225";"TR";"57";"57";"41.55947490";"34.85805320";"Q134413";;"2021-08-30 05:26:31";"System";"2021-08-30 05:26:31";"System"
"4855";"Capital District";"239";"VE";"25";"A";"41.26148460";"-95.93108070";"Q492791";;"2021-08-30 05:26:31";"System";"2021-08-30 05:26:31";"System"
"4856";"Apure";"239";"VE";"03";"C";"6.92694830";"-68.52471490";"Q41146";;"2021-08-30 05:26:31";"System";"2021-08-30 05:26:31";"System"
"4857";"Jalisco";"142";"MX";"14";"JAL";"20.65953820";"-103.34943760";"Q13160";;"2021-08-30 05:26:31";"System";"2021-08-30 05:26:31";"System"
"4858";"Roraima";"31";"BR";"25";"RR";"2.73759710";"-62.07509980";"Q42508";;"2021-08-30 05:26:31";"System";"2021-08-30 05:26:31";"System"
"4859";"Guarda";"177";"PT";"11";"09";"40.53859720";"-7.26757720";"Q273533";;"2021-08-30 05:26:31";"System";"2021-08-30 05:26:31";"System"
"4860";"Devonshire Parish";"25";"BM";"01";"DEV";"32.30380620";"-64.76069540";"Q1207018";;"2021-08-30 05:26:31";"System";"2021-08-30 05:26:31";"System"
"4861";"Hamilton Parish";"25";"BM";"02";"HA";"32.34494320";"-64.72365000";"Q289876";;"2021-08-30 05:26:31";"System";"2021-08-30 05:26:31";"System"
"4862";"Hamilton Municipality";"25";"BM";"03";"HAM";"43.32394400";"-79.90592190";"MANUAL";;"2021-08-30 05:26:31";"System";"2021-08-30 05:26:31";"System"
"4863";"Paget Parish";"25";"BM";"04";"PAG";"32.28107400";"-64.77847870";"Q2046204";;"2021-08-30 05:26:31";"System";"2021-08-30 05:26:31";"System"
"4864";"Pembroke Parish";"25";"BM";"05";"PEM";"32.30076720";"-64.79626300";"Q1756036";;"2021-08-30 05:26:31";"System";"2021-08-30 05:26:31";"System"
"4865";"Saint George's Municipality";"25";"BM";"06";"SG";"37.09652780";"-113.56841640";"MANUAL";;"2021-08-30 05:26:31";"System";"2021-08-30 05:26:31";"System"
"4866";"Saint George's Parish";"25";"BM";"07";"SGE";"17.12577590";"-62.56198110";"Q1521745";;"2021-08-30 05:26:31";"System";"2021-08-30 05:26:31";"System"
"4867";"Sandys Parish";"25";"BM";"08";"SAN";"32.29995280";"-64.86741030";"Q121782";;"2021-08-30 05:26:31";"System";"2021-08-30 05:26:31";"System"
"4868";"Smith's Parish,";"25";"BM";"09";"SMI";"32.31339660";"-64.73105880";"Q1735847";;"2021-08-30 05:26:31";"System";"2021-08-30 05:26:31";"System"
"4869";"Southampton Parish";"25";"BM";"10";"SOU";"32.25400950";"-64.82590580";"Q1323054";;"2021-08-30 05:26:31";"System";"2021-08-30 05:26:31";"System"
"4870";"Warwick Parish";"25";"BM";"11";"WAR";"32.26615340";"-64.80811980";"Q1468860";;"2021-08-30 05:26:31";"System";"2021-08-30 05:26:31";"System"
"4871";"Huila";"48";"CO";"16";"HUI";"2.53593490";"-75.52766990";"Q234920";;"2021-08-30 05:26:31";"System";"2021-08-30 05:26:31";"System"
"4874";"Uroševac District (Ferizaj)";"248";"XK";;"XUF";"42.37018440";"21.14832810";"Q868964";;"2021-08-30 05:26:31";"System";"2021-08-30 05:26:31";"System"
"4876";"Đakovica District (Gjakove)";"248";"XK";;"XDG";"42.43757560";"20.37854380";"Q1059386";;"2021-08-30 05:26:31";"System";"2021-08-30 05:26:31";"System"
"4877";"Gjilan District";"248";"XK";;"XGJ";"42.46352060";"21.46940110";"Q1048355";;"2021-08-30 05:26:31";"System";"2021-08-30 05:26:31";"System"
"4878";"Kosovska Mitrovica District";"248";"XK";;"XKM";"42.89139090";"20.86599950";"Q1046673";;"2021-08-30 05:26:31";"System";"2021-08-30 05:26:31";"System"
"4879";"Pristina (Priştine)";"248";"XK";;"XPI";"42.66291380";"21.16550280";"Q25270";;"2021-08-30 05:26:31";"System";"2021-08-30 05:26:31";"System"
"4880";"Autonomous City Of Buenos Aires";"11";"AR";;"C";"-34.60368440";"-58.38155910";"MANUAL";;"2021-08-30 05:26:31";"System";"2021-08-30 05:26:31";"System"
"4881";"New Providence";"17";"BS";"23";"NP";"40.69843480";"-74.40154050";"Q858513";;"2021-08-30 05:26:31";"System";"2021-08-30 05:26:31";"System"
"4882";"Shumen";"34";"BG";"54";"27";"43.27123980";"26.93612860";"Q184981";;"2021-08-30 05:26:31";"System";"2021-08-30 05:26:31";"System"
"4883";"Yuen Long District";"98";"HK";;"NYL";"22.44559000";"114.02218000";"Q871442";;"2021-08-30 05:26:31";"System";"2021-08-30 05:26:31";"System"
"4884";"Tsuen Wan District";"98";"HK";;"NTW";"22.36281000";"114.12907000";"Q878514";;"2021-08-30 05:26:31";"System";"2021-08-30 05:26:31";"System"
"4885";"Tai Po District";"98";"KH";;"NTP";"22.45085000";"114.16422000";"Q877813";;"2021-08-30 05:26:31";"System";"2021-08-30 05:26:31";"System"
"4887";"Sai Kung District";"98";"HK";;"NSK";"22.38143000";"114.27052000";"Q155697";;"2021-08-30 05:26:31";"System";"2021-08-30 05:26:31";"System"
"4888";"Islands District";"98";"HK";;"NIS";"22.26114000";"113.94608000";"Q752523";;"2021-08-30 05:26:31";"System";"2021-08-30 05:26:31";"System"
"4889";"Central and Western District";"98";"HK";;"HCW";"22.28666000";"114.15497000";"Q312485";;"2021-08-30 05:26:31";"System";"2021-08-30 05:26:31";"System"
"4890";"Wan Chai";"98";"HK";;"HWC";"22.27968000";"114.17168000";"Q986434";;"2021-08-30 05:26:31";"System";"2021-08-30 05:26:31";"System"
"4891";"Eastern";"98";"HK";;"HEA";"22.28411000";"114.22414000";"Q727054";;"2021-08-30 05:26:31";"System";"2021-08-30 05:26:31";"System"
"4892";"Southern";"98";"HK";;"HSO";"22.24725000";"114.15884000";"Q986431";;"2021-08-30 05:26:31";"System";"2021-08-30 05:26:31";"System"
"4893";"Yau Tsim Mong";"98";"HK";;"KYT";"22.32138000";"114.17260000";"Q157669";;"2021-08-30 05:26:31";"System";"2021-08-30 05:26:31";"System"
"4894";"Sham Shui Po";"98";"HK";;"KSS";"22.33074000";"114.16220000";"Q655626";;"2021-08-30 05:26:31";"System";"2021-08-30 05:26:31";"System"
"4895";"Kowloon City";"98";"HK";;"KKC";"22.32820000";"114.19155000";"Q986415";;"2021-08-30 05:26:31";"System";"2021-08-30 05:26:31";"System"
"4896";"Wong Tai Sin";"98";"HK";;"KWT";"22.33353000";"114.19686000";"Q878503";;"2021-08-30 05:26:31";"System";"2021-08-30 05:26:31";"System"
"4897";"Kwun Tong";"98";"HK";;"KKT";"22.31326000";"114.22581000";"Q1045119";;"2021-08-30 05:26:31";"System";"2021-08-30 05:26:31";"System"
"4898";"Kwai Tsing";"98";"HK";;"NKT";"22.35488000";"114.08401000";"Q877132";;"2021-08-30 05:26:31";"System";"2021-08-30 05:26:31";"System"
"4899";"Tuen Mun";"98";"HK";;"NTM";"22.39163000";"113.97708850";"Q986383";;"2021-08-30 05:26:31";"System";"2021-08-30 05:26:31";"System"
"4900";"North";"98";"HK";;"NNO";"22.49471000";"114.13812000";"Q868032";;"2021-08-30 05:26:31";"System";"2021-08-30 05:26:31";"System"
"4901";"Sha Tin";"98";"HK";;"NST";"22.38715000";"114.19534000";"Q15019";;"2021-08-30 05:26:31";"System";"2021-08-30 05:26:31";"System"
"4902";"Sidi Bel Abbès";"4";"DZ";"30";"22";"34.68060240";"-1.09994950";"Q235714";;"2021-08-30 05:26:31";"System";"2021-08-30 05:26:31";"System"
"4905";"El M'ghair";"4";"DZ";;"49";"33.95405610";"5.13464180";"Q77103173";;"2021-08-30 05:26:31";"System";"2021-08-30 05:26:31";"System"
"4906";"El Menia";"4";"DZ";;"50";"31.36422500";"2.57844950";"Q76520264";;"2021-08-30 05:26:31";"System";"2021-08-30 05:26:31";"System"
"4907";"Ouled Djellal";"4";"DZ";;"51";"34.41782210";"4.96858430";"Q77105251";;"2021-08-30 05:26:31";"System";"2021-08-30 05:26:31";"System"
"4908";"Bordj Baji Mokhtar";"4";"DZ";;"52";"22.96633500";"-3.94727320";"Q76592938";;"2021-08-30 05:26:31";"System";"2021-08-30 05:26:31";"System"
"4909";"Béni Abbès";"4";"DZ";;"53";"30.08310420";"-2.83450520";"Q21606902";;"2021-08-30 05:26:31";"System";"2021-08-30 05:26:31";"System"
"4910";"Timimoun";"4";"DZ";;"54";"29.67890600";"0.50046080";"Q21606903";;"2021-08-30 05:26:31";"System";"2021-08-30 05:26:31";"System"
"4911";"Touggourt";"4";"DZ";;"55";"33.12484760";"5.78327150";"Q77103880";;"2021-08-30 05:26:31";"System";"2021-08-30 05:26:31";"System"
"4912";"Djanet";"4";"DZ";;"56";"23.83108720";"8.70046720";"Q77101547";;"2021-08-30 05:26:31";"System";"2021-08-30 05:26:31";"System"
"4913";"In Salah";"4";"DZ";;"57";"27.21492290";"1.84843960";"Q76593022";;"2021-08-30 05:26:31";"System";"2021-08-30 05:26:31";"System"
"4914";"In Guezzam";"4";"DZ";;"58";"20.38643230";"4.77893940";"Q77102475";;"2021-08-30 05:26:31";"System";"2021-08-30 05:26:31";"System"
"4915";"Mureș County";"181";"RO";"27";"MS";"46.55699040";"24.67232150";"Q188813";;"2021-08-30 05:26:31";"System";"2021-08-30 05:26:31";"System"
"4916";"Volgograd Oblast";"182";"RU";"84";"VGG";"49.25873930";"39.81544630";"Q3819";;"2021-08-30 05:26:31";"System";"2021-08-30 05:26:31";"System"
"4917";"La Colle";"145";"MC";;"CL";"43.73274650";"7.41372760";"Q55102";;"2021-08-30 05:26:31";"System";"2021-08-30 05:26:31";"System"
"4918";"La Condamine";"145";"MC";;"CO";"43.73506650";"7.41990600";"Q55095";;"2021-08-30 05:26:31";"System";"2021-08-30 05:26:31";"System"
"4919";"Moneghetti";"145";"MC";;"MG";"43.73649270";"7.41533830";"Q55108";;"2021-08-30 05:26:31";"System";"2021-08-30 05:26:31";"System"
"4920";"Hamadan Province";"103";"IR";"24";"13";"34.91936070";"47.48329250";"Q187373";;"2021-08-30 05:26:31";"System";"2021-08-30 05:26:31";"System"
"4921";"Bogotá";"48";"CO";"";"DC";"4.28204150";"-74.50270420";;;"2021-08-30 05:26:31";"System";"2021-08-30 05:26:31";"System"
"4922";"Loreto";"173";"PE";"16";"LOR";"-4.37416430";"-76.13042640";"Q200938";;"2021-08-30 05:26:31";"System";"2021-08-30 05:26:31";"System"
"4923";"Kutná Hora";"58";"CZ";"82";"205";"49.94920890";"15.24704400";"Q155975";;"2021-08-30 05:26:31";"System";"2021-08-30 05:26:31";"System"
"4924";"Kōchi Prefecture";"109";"JP";"20";"39";"33.28791610";"132.27592620";"Q134093";;"2021-08-30 05:26:31";"System";"2021-08-30 05:26:31";"System"
"4925";"Cần Thơ";"240";"VN";"87";"CT";"10.03418510";"105.72255070";"Q216075";;"2021-08-30 05:26:31";"System";"2021-08-30 05:26:31";"System"
"4926";"Rivers";"161";"NG";"50";"RI";"5.02134200";"6.43760220";"Q503923";;"2021-08-30 05:26:31";"System";"2021-08-30 05:26:31";"System"
"4927";"Rabat-Salé-Kénitra";"149";"MA";"04";"04";"34.07686400";"-7.34544760";"Q19951239";;"2021-08-30 05:26:31";"System";"2021-08-30 05:26:31";"System"
"4928";"Agadir-Ida-Ou-Tanane";"149";"MA";"09";"AGD";"30.64620910";"-9.83390610";"Q389976";;"2021-08-30 05:26:31";"System";"2021-08-30 05:26:31";"System"
"4929";"Berrechid";"149";"MA";"06";"BRR";"33.26025230";"-7.59848370";"Q2395317";;"2021-08-30 05:26:31";"System";"2021-08-30 05:26:31";"System"
"4930";"Casablanca";"149";"MA";"06";"CAS";"33.57226780";"-7.65703260";"Q7903";;"2021-08-30 05:26:31";"System";"2021-08-30 05:26:31";"System"
"4931";"Driouch";"149";"MA";"02";"DRI";"34.97603200";"-3.39644930";"Q1440552";;"2021-08-30 05:26:31";"System";"2021-08-30 05:26:31";"System"
"4932";"Fès";"149";"MA";"03";"FES";"34.02395790";"-5.03675990";"Q80985";;"2021-08-30 05:26:31";"System";"2021-08-30 05:26:31";"System"
"4933";"Fquih Ben Salah";"149";"MA";"05";"FQH";"32.50016800";"-6.71007170";"Q3408359";;"2021-08-30 05:26:31";"System";"2021-08-30 05:26:31";"System"
"4934";"Guercif";"149";"MA";"02";"GUF";"34.23450360";"-3.38130050";"Q3408363";;"2021-08-30 05:26:31";"System";"2021-08-30 05:26:31";"System"
"4935";"Marrakech";"149";"MA";"07";"MAR";"31.63460230";"-8.07789320";"Q101625";;"2021-08-30 05:26:31";"System";"2021-08-30 05:26:31";"System"
"4936";"M’diq-Fnideq";"149";"MA";"01";"MDF";"35.77330190";"-5.51433000";"Q3408887";;"2021-08-30 05:26:31";"System";"2021-08-30 05:26:31";"System"
"4937";"Meknès";"149";"MA";"03";"MEK";"33.88100000";"-5.57303970";"Q3408890";;"2021-08-30 05:26:31";"System";"2021-08-30 05:26:31";"System"
"4938";"Midelt";"149";"MA";"08";"MID";"32.68550790";"-4.75017090";"Q3408385";;"2021-08-30 05:26:31";"System";"2021-08-30 05:26:31";"System"
"4939";"Mohammadia";"149";"MA";"06";"MOH";"33.68737490";"-7.42391420";"Q647417";;"2021-08-30 05:26:31";"System";"2021-08-30 05:26:31";"System"
"4940";"Oujda-Angad";"149";"MA";"02";"OUJ";"34.68375040";"-2.29932390";"Q1734717";;"2021-08-30 05:26:31";"System";"2021-08-30 05:26:31";"System"
"4941";"Ouezzane";"149";"MA";"01";"OUZ";"34.80634500";"-5.59145050";"Q3408330";;"2021-08-30 05:26:31";"System";"2021-08-30 05:26:31";"System"
"4942";"Rabat";"149";"MA";"04";"RAB";"33.96919900";"-6.92730290";"Q3551";;"2021-08-30 05:26:31";"System";"2021-08-30 05:26:31";"System"
"4943";"Rehamna";"149";"MA";"07";"REH";"32.20329050";"-8.56896710";"Q3408399";;"2021-08-30 05:26:31";"System";"2021-08-30 05:26:31";"System"
"4944";"Salé";"149";"MA";"04";"SAL";"34.03775700";"-6.84270730";"Q466046";;"2021-08-30 05:26:31";"System";"2021-08-30 05:26:31";"System"
"4945";"Sidi Bennour";"149";"MA";"06";"SIB";"32.64926020";"-8.44714530";"Q3408408";;"2021-08-30 05:26:31";"System";"2021-08-30 05:26:31";"System"
"4946";"Sidi Ifni";"149";"MA";"10";"SIF";"29.36657970";"-10.21084850";"Q2672941";;"2021-08-30 05:26:31";"System";"2021-08-30 05:26:31";"System"
"4947";"Skhirate-Témara";"149";"MA";"04";"SKH";"33.76224250";"-7.04190520";"Q737483";;"2021-08-30 05:26:31";"System";"2021-08-30 05:26:31";"System"
"4948";"Tarfaya (EH-partial)";"149";"MA";"11";"TAF";"27.93777010";"-12.92940630";"Q15125620";;"2021-08-30 05:26:31";"System";"2021-08-30 05:26:31";"System"
"4949";"Tinghir";"149";"MA";"08";"TIN";"31.48507940";"-6.20192980";"Q3408414";;"2021-08-30 05:26:31";"System";"2021-08-30 05:26:31";"System"
"4950";"Tanger-Assilah";"149";"MA";"01";"TNG";"35.76325390";"-5.90450980";"Q2392485";;"2021-08-30 05:26:31";"System";"2021-08-30 05:26:31";"System"
"4951";"Youssoufia";"149";"MA";"07";"YUS";"32.02006790";"-8.86926480";"Q3408420";;"2021-08-30 05:26:31";"System";"2021-08-30 05:26:31";"System"
"4952";"Sidi Slimane";"149";"MA";"04";"SIL";"34.27378280";"-5.98059720";"Q3408411";;"2021-08-30 05:26:31";"System";"2021-08-30 05:26:31";"System"
"4953";"Lualaba";"51";"CD";"21";"LU";"-10.48086980";"25.62978160";"Q1159531";;"2021-08-30 05:26:31";"System";"2021-08-30 05:26:31";"System"
"4954";"Chaiyaphum";"219";"TH";"26";"36";"16.00749740";"101.61291720";"Q275377";;"2021-08-30 05:26:31";"System";"2021-08-30 05:26:31";"System"
