"id";"nama_kecamatan";"nama_alt";"id_kab_kota";"id_provinsi";"id_negara";"inserted_at";"inserted_by";"updated_at";"updated_by"
"1";"Tidak Diset";"Tidak Diset";"0";"0";"102";"2025-03-21 02:44:45";"System";"2025-03-21 02:44:45";"System"
"110101";"Bakongan";"Bakongan";"56311";"1822";"102";"2025-03-21 02:44:45";"System";"2025-03-21 02:44:45";"System"
"110102";"Kluet Utara";"Kluet Utara";"56311";"1822";"102";"2025-03-21 02:44:45";"System";"2025-03-21 02:44:45";"System"
"110103";"Kluet Selatan";"Kluet Selatan";"56311";"1822";"102";"2025-03-21 02:44:45";"System";"2025-03-21 02:44:45";"System"
"110104";"Labuhan Haji";"Labuhan Haji";"56311";"1822";"102";"2025-03-21 02:44:45";"System";"2025-03-21 02:44:45";"System"
"110105";"Meukek";"Meukek";"56311";"1822";"102";"2025-03-21 02:44:45";"System";"2025-03-21 02:44:45";"System"
"110106";"Samadua";"Samadua";"56311";"1822";"102";"2025-03-21 02:44:45";"System";"2025-03-21 02:44:45";"System"
"110107";"Sawang";"Sawang";"56311";"1822";"102";"2025-03-21 02:44:45";"System";"2025-03-21 02:44:45";"System"
"110108";"Tapaktuan";"Tapaktuan";"56311";"1822";"102";"2025-03-21 02:44:45";"System";"2025-03-21 02:44:45";"System"
"110109";"Trumon";"Trumon";"56311";"1822";"102";"2025-03-21 02:44:45";"System";"2025-03-21 02:44:45";"System"
"110110";"Pasi Raja";"Pasi Raja";"56311";"1822";"102";"2025-03-21 02:44:45";"System";"2025-03-21 02:44:45";"System"
"110111";"Labuhan Haji Timur";"Labuhan Haji Timur";"56311";"1822";"102";"2025-03-21 02:44:45";"System";"2025-03-21 02:44:45";"System"
"110112";"Labuhan Haji Barat";"Labuhan Haji Barat";"56311";"1822";"102";"2025-03-21 02:44:45";"System";"2025-03-21 02:44:45";"System"
"110113";"Kluet Tengah";"Kluet Tengah";"56311";"1822";"102";"2025-03-21 02:44:45";"System";"2025-03-21 02:44:45";"System"
"110114";"Kluet Timur";"Kluet Timur";"56311";"1822";"102";"2025-03-21 02:44:45";"System";"2025-03-21 02:44:45";"System"
"110115";"Bakongan Timur";"Bakongan Timur";"56311";"1822";"102";"2025-03-21 02:44:45";"System";"2025-03-21 02:44:45";"System"
"110116";"Trumon Timur";"Trumon Timur";"56311";"1822";"102";"2025-03-21 02:44:45";"System";"2025-03-21 02:44:45";"System"
"110117";"Kota Bahagia";"Kota Bahagia";"56311";"1822";"102";"2025-03-21 02:44:45";"System";"2025-03-21 02:44:45";"System"
"110118";"Trumon Tengah";"Trumon Tengah";"56311";"1822";"102";"2025-03-21 02:44:45";"System";"2025-03-21 02:44:45";"System"
"110201";"Lawe Alas";"Lawe Alas";"56315";"1822";"102";"2025-03-21 02:44:45";"System";"2025-03-21 02:44:45";"System"
"110202";"Lawe Sigala-Gala";"Lawe Sigala-Gala";"56315";"1822";"102";"2025-03-21 02:44:45";"System";"2025-03-21 02:44:45";"System"
"110203";"Bambel";"Bambel";"56315";"1822";"102";"2025-03-21 02:44:45";"System";"2025-03-21 02:44:45";"System"
"110204";"Babussalam";"Babussalam";"56315";"1822";"102";"2025-03-21 02:44:45";"System";"2025-03-21 02:44:45";"System"
"110205";"Badar";"Badar";"56315";"1822";"102";"2025-03-21 02:44:45";"System";"2025-03-21 02:44:45";"System"
"110206";"Babul Makmur";"Babul Makmur";"56315";"1822";"102";"2025-03-21 02:44:45";"System";"2025-03-21 02:44:45";"System"
"110207";"Darul Hasanah";"Darul Hasanah";"56315";"1822";"102";"2025-03-21 02:44:45";"System";"2025-03-21 02:44:45";"System"
"110208";"Lawe Bulan";"Lawe Bulan";"56315";"1822";"102";"2025-03-21 02:44:45";"System";"2025-03-21 02:44:45";"System"
"110209";"Bukit Tusam";"Bukit Tusam";"56315";"1822";"102";"2025-03-21 02:44:45";"System";"2025-03-21 02:44:45";"System"
"110210";"Semadam";"Semadam";"56315";"1822";"102";"2025-03-21 02:44:45";"System";"2025-03-21 02:44:45";"System"
"110211";"Babul Rahmah";"Babul Rahmah";"56315";"1822";"102";"2025-03-21 02:44:45";"System";"2025-03-21 02:44:45";"System"
"110212";"Ketambe";"Ketambe";"56315";"1822";"102";"2025-03-21 02:44:45";"System";"2025-03-21 02:44:45";"System"
"110213";"Deleng Pokhkisen";"Deleng Pokhkisen";"56315";"1822";"102";"2025-03-21 02:44:45";"System";"2025-03-21 02:44:45";"System"
"110214";"Lawe Sumur";"Lawe Sumur";"56315";"1822";"102";"2025-03-21 02:44:45";"System";"2025-03-21 02:44:45";"System"
"110215";"Tanoh Alas";"Tanoh Alas";"56315";"1822";"102";"2025-03-21 02:44:45";"System";"2025-03-21 02:44:45";"System"
"110216";"Leuser";"Leuser";"56315";"1822";"102";"2025-03-21 02:44:45";"System";"2025-03-21 02:44:45";"System"
"110301";"Darul Aman";"Darul Aman";"56316";"1822";"102";"2025-03-21 02:44:45";"System";"2025-03-21 02:44:45";"System"
"110302";"Julok";"Julok";"56316";"1822";"102";"2025-03-21 02:44:45";"System";"2025-03-21 02:44:45";"System"
"110303";"Idi Rayeuk";"Idi Rayeuk";"56316";"1822";"102";"2025-03-21 02:44:45";"System";"2025-03-21 02:44:45";"System"
"110304";"Birem Bayeun";"Birem Bayeun";"56316";"1822";"102";"2025-03-21 02:44:45";"System";"2025-03-21 02:44:45";"System"
"110305";"Serbajadi";"Serbajadi";"56316";"1822";"102";"2025-03-21 02:44:45";"System";"2025-03-21 02:44:45";"System"
"110306";"Nurussalam";"Nurussalam";"56316";"1822";"102";"2025-03-21 02:44:45";"System";"2025-03-21 02:44:45";"System"
"110307";"Peureulak";"Peureulak";"56316";"1822";"102";"2025-03-21 02:44:45";"System";"2025-03-21 02:44:45";"System"
"110308";"Rantau Selamat";"Rantau Selamat";"56316";"1822";"102";"2025-03-21 02:44:45";"System";"2025-03-21 02:44:45";"System"
"110309";"Simpang Ulim";"Simpang Ulim";"56316";"1822";"102";"2025-03-21 02:44:45";"System";"2025-03-21 02:44:45";"System"
"110310";"Rantau Peureulak";"Rantau Peureulak";"56316";"1822";"102";"2025-03-21 02:44:45";"System";"2025-03-21 02:44:45";"System"
"110311";"Pante Bidari";"Pante Bidari";"56316";"1822";"102";"2025-03-21 02:44:45";"System";"2025-03-21 02:44:45";"System"
"110312";"Madat";"Madat";"56316";"1822";"102";"2025-03-21 02:44:45";"System";"2025-03-21 02:44:45";"System"
"110313";"Indra Makmu";"Indra Makmu";"56316";"1822";"102";"2025-03-21 02:44:45";"System";"2025-03-21 02:44:45";"System"
"110314";"Idi Tunong";"Idi Tunong";"56316";"1822";"102";"2025-03-21 02:44:45";"System";"2025-03-21 02:44:45";"System"
"110315";"Banda Alam";"Banda Alam";"56316";"1822";"102";"2025-03-21 02:44:45";"System";"2025-03-21 02:44:45";"System"
"110316";"Peudawa";"Peudawa";"56316";"1822";"102";"2025-03-21 02:44:45";"System";"2025-03-21 02:44:45";"System"
"110317";"Peureulak Timur";"Peureulak Timur";"56316";"1822";"102";"2025-03-21 02:44:45";"System";"2025-03-21 02:44:45";"System"
"110318";"Peureulak Barat";"Peureulak Barat";"56316";"1822";"102";"2025-03-21 02:44:45";"System";"2025-03-21 02:44:45";"System"
"110319";"Sungai Raya";"Sungai Raya";"56316";"1822";"102";"2025-03-21 02:44:45";"System";"2025-03-21 02:44:45";"System"
"110320";"Simpang Jernih";"Simpang Jernih";"56316";"1822";"102";"2025-03-21 02:44:45";"System";"2025-03-21 02:44:45";"System"
"110321";"Darul Ihsan";"Darul Ihsan";"56316";"1822";"102";"2025-03-21 02:44:45";"System";"2025-03-21 02:44:45";"System"
"110322";"Darul Falah";"Darul Falah";"56316";"1822";"102";"2025-03-21 02:44:45";"System";"2025-03-21 02:44:45";"System"
"110323";"Idi Timur";"Idi Timur";"56316";"1822";"102";"2025-03-21 02:44:45";"System";"2025-03-21 02:44:45";"System"
"110324";"Peunaron";"Peunaron";"56316";"1822";"102";"2025-03-21 02:44:45";"System";"2025-03-21 02:44:45";"System"
"110401";"Linge";"Linge";"56314";"1822";"102";"2025-03-21 02:44:45";"System";"2025-03-21 02:44:45";"System"
"110402";"Silih Nara";"Silih Nara";"56314";"1822";"102";"2025-03-21 02:44:45";"System";"2025-03-21 02:44:45";"System"
"110403";"Bebesen";"Bebesen";"56314";"1822";"102";"2025-03-21 02:44:45";"System";"2025-03-21 02:44:45";"System"
"110407";"Pegasing";"Pegasing";"56314";"1822";"102";"2025-03-21 02:44:45";"System";"2025-03-21 02:44:45";"System"
"110408";"Bintang";"Bintang";"56314";"1822";"102";"2025-03-21 02:44:45";"System";"2025-03-21 02:44:45";"System"
"110410";"Ketol";"Ketol";"56314";"1822";"102";"2025-03-21 02:44:45";"System";"2025-03-21 02:44:45";"System"
"110411";"Kebayakan";"Kebayakan";"56314";"1822";"102";"2025-03-21 02:44:45";"System";"2025-03-21 02:44:45";"System"
"110412";"Kute Panang";"Kute Panang";"56314";"1822";"102";"2025-03-21 02:44:45";"System";"2025-03-21 02:44:45";"System"
"110413";"Celala";"Celala";"56314";"1822";"102";"2025-03-21 02:44:45";"System";"2025-03-21 02:44:45";"System"
"110417";"Laut Tawar";"Laut Tawar";"56314";"1822";"102";"2025-03-21 02:44:45";"System";"2025-03-21 02:44:45";"System"
"110418";"Atu Lintang";"Atu Lintang";"56314";"1822";"102";"2025-03-21 02:44:45";"System";"2025-03-21 02:44:45";"System"
"110419";"Jagong Jeget";"Jagong Jeget";"56314";"1822";"102";"2025-03-21 02:44:45";"System";"2025-03-21 02:44:45";"System"
"110420";"Bies";"Bies";"56314";"1822";"102";"2025-03-21 02:44:45";"System";"2025-03-21 02:44:45";"System"
"110421";"Rusip Antara";"Rusip Antara";"56314";"1822";"102";"2025-03-21 02:44:45";"System";"2025-03-21 02:44:45";"System"
"110501";"Johan Pahwalan";"Johan Pahwalan";"56307";"1822";"102";"2025-03-21 02:44:45";"System";"2025-03-21 02:44:45";"System"
"110502";"Kaway XVI";"Kaway XVI";"56307";"1822";"102";"2025-03-21 02:44:45";"System";"2025-03-21 02:44:45";"System"
"110503";"Sungai Mas";"Sungai Mas";"56307";"1822";"102";"2025-03-21 02:44:45";"System";"2025-03-21 02:44:45";"System"
"110504";"Woyla";"Woyla";"56307";"1822";"102";"2025-03-21 02:44:45";"System";"2025-03-21 02:44:45";"System"
"110505";"Samatiga";"Samatiga";"56307";"1822";"102";"2025-03-21 02:44:45";"System";"2025-03-21 02:44:45";"System"
"110506";"Bubon";"Bubon";"56307";"1822";"102";"2025-03-21 02:44:45";"System";"2025-03-21 02:44:45";"System"
"110507";"Arongan Lambalek";"Arongan Lambalek";"56307";"1822";"102";"2025-03-21 02:44:45";"System";"2025-03-21 02:44:45";"System"
"110508";"Pante Ceureumen";"Pante Ceureumen";"56307";"1822";"102";"2025-03-21 02:44:45";"System";"2025-03-21 02:44:45";"System"
"110509";"Meureubo";"Meureubo";"56307";"1822";"102";"2025-03-21 02:44:45";"System";"2025-03-21 02:44:45";"System"
"110510";"Woyla Barat";"Woyla Barat";"56307";"1822";"102";"2025-03-21 02:44:45";"System";"2025-03-21 02:44:45";"System"
"110511";"Woyla Timur";"Woyla Timur";"56307";"1822";"102";"2025-03-21 02:44:45";"System";"2025-03-21 02:44:45";"System"
"110512";"Panton Reu";"Panton Reu";"56307";"1822";"102";"2025-03-21 02:44:45";"System";"2025-03-21 02:44:45";"System"
"110601";"Lhoong";"Lhoong";"56309";"1822";"102";"2025-03-21 02:44:45";"System";"2025-03-21 02:44:45";"System"
"110602";"Lhoknga";"Lhoknga";"56309";"1822";"102";"2025-03-21 02:44:45";"System";"2025-03-21 02:44:45";"System"
"110603";"Indrapuri";"Indrapuri";"56309";"1822";"102";"2025-03-21 02:44:45";"System";"2025-03-21 02:44:45";"System"
"110604";"Seulimeum";"Seulimeum";"56309";"1822";"102";"2025-03-21 02:44:45";"System";"2025-03-21 02:44:45";"System"
"110605";"Montasik";"Montasik";"56309";"1822";"102";"2025-03-21 02:44:45";"System";"2025-03-21 02:44:45";"System"
"110606";"Sukamakmur";"Sukamakmur";"56309";"1822";"102";"2025-03-21 02:44:45";"System";"2025-03-21 02:44:45";"System"
"110607";"Darul Imarah";"Darul Imarah";"56309";"1822";"102";"2025-03-21 02:44:45";"System";"2025-03-21 02:44:45";"System"
"110608";"Peukan Bada";"Peukan Bada";"56309";"1822";"102";"2025-03-21 02:44:45";"System";"2025-03-21 02:44:45";"System"
"110609";"Mesjid Raya";"Mesjid Raya";"56309";"1822";"102";"2025-03-21 02:44:45";"System";"2025-03-21 02:44:45";"System"
"110610";"Ingin Jaya";"Ingin Jaya";"56309";"1822";"102";"2025-03-21 02:44:45";"System";"2025-03-21 02:44:45";"System"
"110611";"Kuta Baro";"Kuta Baro";"56309";"1822";"102";"2025-03-21 02:44:45";"System";"2025-03-21 02:44:45";"System"
"110612";"Darussalam";"Darussalam";"56309";"1822";"102";"2025-03-21 02:44:45";"System";"2025-03-21 02:44:45";"System"
"110613";"Pulo Aceh";"Pulo Aceh";"56309";"1822";"102";"2025-03-21 02:44:45";"System";"2025-03-21 02:44:45";"System"
"110614";"Lembah Seulawah";"Lembah Seulawah";"56309";"1822";"102";"2025-03-21 02:44:45";"System";"2025-03-21 02:44:45";"System"
"110615";"Kota Jantho";"Kota Jantho";"56309";"1822";"102";"2025-03-21 02:44:45";"System";"2025-03-21 02:44:45";"System"
"110616";"Kota Cot Glie";"Kota Cot Glie";"56309";"1822";"102";"2025-03-21 02:44:45";"System";"2025-03-21 02:44:45";"System"
"110617";"Kuta Malaka";"Kuta Malaka";"56309";"1822";"102";"2025-03-21 02:44:45";"System";"2025-03-21 02:44:45";"System"
"110618";"Simpang Tiga";"Simpang Tiga";"56309";"1822";"102";"2025-03-21 02:44:45";"System";"2025-03-21 02:44:45";"System"
"110619";"Darul Kamal";"Darul Kamal";"56309";"1822";"102";"2025-03-21 02:44:45";"System";"2025-03-21 02:44:45";"System"
"110620";"Baitussalam";"Baitussalam";"56309";"1822";"102";"2025-03-21 02:44:45";"System";"2025-03-21 02:44:45";"System"
"110621";"Krueng Barona Jaya";"Krueng Barona Jaya";"56309";"1822";"102";"2025-03-21 02:44:45";"System";"2025-03-21 02:44:45";"System"
"110622";"Leupung";"Leupung";"56309";"1822";"102";"2025-03-21 02:44:45";"System";"2025-03-21 02:44:45";"System"
"110623";"Blang Bintang";"Blang Bintang";"56309";"1822";"102";"2025-03-21 02:44:45";"System";"2025-03-21 02:44:45";"System"
"110703";"Batee";"Batee";"56593";"1822";"102";"2025-03-21 02:44:45";"System";"2025-03-21 02:44:45";"System"
"110704";"Delima";"Delima";"56593";"1822";"102";"2025-03-21 02:44:45";"System";"2025-03-21 02:44:45";"System"
"110705";"Geumpang";"Geumpang";"56593";"1822";"102";"2025-03-21 02:44:45";"System";"2025-03-21 02:44:45";"System"
"110706";"Geulumpang Tiga";"Geulumpang Tiga";"56593";"1822";"102";"2025-03-21 02:44:45";"System";"2025-03-21 02:44:45";"System"
"110707";"Indra Jaya";"Indra Jaya";"56593";"1822";"102";"2025-03-21 02:44:45";"System";"2025-03-21 02:44:45";"System"
"110708";"Kembang Tanjong";"Kembang Tanjong";"56593";"1822";"102";"2025-03-21 02:44:45";"System";"2025-03-21 02:44:45";"System"
"110709";"Kota Sigli";"Kota Sigli";"56593";"1822";"102";"2025-03-21 02:44:45";"System";"2025-03-21 02:44:45";"System"
"110711";"Mila";"Mila";"56593";"1822";"102";"2025-03-21 02:44:45";"System";"2025-03-21 02:44:45";"System"
"110712";"Muara Tiga";"Muara Tiga";"56593";"1822";"102";"2025-03-21 02:44:45";"System";"2025-03-21 02:44:45";"System"
"110713";"Mutiara";"Mutiara";"56593";"1822";"102";"2025-03-21 02:44:45";"System";"2025-03-21 02:44:45";"System"
"110714";"Padang Tiji";"Padang Tiji";"56593";"1822";"102";"2025-03-21 02:44:45";"System";"2025-03-21 02:44:45";"System"
"110715";"Peukan Baro";"Peukan Baro";"56593";"1822";"102";"2025-03-21 02:44:45";"System";"2025-03-21 02:44:45";"System"
"110716";"Pidie";"Pidie";"56593";"1822";"102";"2025-03-21 02:44:45";"System";"2025-03-21 02:44:45";"System"
"110717";"Sakti";"Sakti";"56593";"1822";"102";"2025-03-21 02:44:45";"System";"2025-03-21 02:44:45";"System"
"110718";"Simpang Tiga";"Simpang Tiga";"56593";"1822";"102";"2025-03-21 02:44:45";"System";"2025-03-21 02:44:45";"System"
"110719";"Tangse";"Tangse";"56593";"1822";"102";"2025-03-21 02:44:45";"System";"2025-03-21 02:44:45";"System"
"110721";"Tiro/Truseb";"Tiro/Truseb";"56593";"1822";"102";"2025-03-21 02:44:45";"System";"2025-03-21 02:44:45";"System"
"110722";"Keumala";"Keumala";"56593";"1822";"102";"2025-03-21 02:44:45";"System";"2025-03-21 02:44:45";"System"
"110724";"Mutiara Timur";"Mutiara Timur";"56593";"1822";"102";"2025-03-21 02:44:45";"System";"2025-03-21 02:44:45";"System"
"110725";"Grong-grong";"Grong-grong";"56593";"1822";"102";"2025-03-21 02:44:45";"System";"2025-03-21 02:44:45";"System"
"110727";"Mane";"Mane";"56593";"1822";"102";"2025-03-21 02:44:45";"System";"2025-03-21 02:44:45";"System"
"110729";"Glumpang Baro";"Glumpang Baro";"56593";"1822";"102";"2025-03-21 02:44:45";"System";"2025-03-21 02:44:45";"System"
"110731";"Titeue";"Titeue";"56593";"1822";"102";"2025-03-21 02:44:45";"System";"2025-03-21 02:44:45";"System"
"110801";"Baktiya";"Baktiya";"56317";"1822";"102";"2025-03-21 02:44:45";"System";"2025-03-21 02:44:45";"System"
"110802";"Dewantara";"Dewantara";"56317";"1822";"102";"2025-03-21 02:44:45";"System";"2025-03-21 02:44:45";"System"
"110803";"Kuta Makmur";"Kuta Makmur";"56317";"1822";"102";"2025-03-21 02:44:45";"System";"2025-03-21 02:44:45";"System"
"110804";"Lhoksukon";"Lhoksukon";"56317";"1822";"102";"2025-03-21 02:44:45";"System";"2025-03-21 02:44:45";"System"
"110805";"Matangkuli";"Matangkuli";"56317";"1822";"102";"2025-03-21 02:44:45";"System";"2025-03-21 02:44:45";"System"
"110806";"Muara Batu";"Muara Batu";"56317";"1822";"102";"2025-03-21 02:44:45";"System";"2025-03-21 02:44:45";"System"
"110807";"Meurah Mulia";"Meurah Mulia";"56317";"1822";"102";"2025-03-21 02:44:45";"System";"2025-03-21 02:44:45";"System"
"110808";"Samudera";"Samudera";"56317";"1822";"102";"2025-03-21 02:44:45";"System";"2025-03-21 02:44:45";"System"
"110809";"Seunuddon";"Seunuddon";"56317";"1822";"102";"2025-03-21 02:44:45";"System";"2025-03-21 02:44:45";"System"
"110810";"Syamtalira Aron";"Syamtalira Aron";"56317";"1822";"102";"2025-03-21 02:44:45";"System";"2025-03-21 02:44:45";"System"
"110811";"Syamtalira Bayu";"Syamtalira Bayu";"56317";"1822";"102";"2025-03-21 02:44:45";"System";"2025-03-21 02:44:45";"System"
"110812";"Tanah Luas";"Tanah Luas";"56317";"1822";"102";"2025-03-21 02:44:45";"System";"2025-03-21 02:44:45";"System"
"110813";"Tanah Pasir";"Tanah Pasir";"56317";"1822";"102";"2025-03-21 02:44:45";"System";"2025-03-21 02:44:45";"System"
"110814";"T. Jambo Aye";"T. Jambo Aye";"56317";"1822";"102";"2025-03-21 02:44:45";"System";"2025-03-21 02:44:45";"System"
"110815";"Sawang";"Sawang";"56317";"1822";"102";"2025-03-21 02:44:45";"System";"2025-03-21 02:44:45";"System"
"110816";"Nisam";"Nisam";"56317";"1822";"102";"2025-03-21 02:44:45";"System";"2025-03-21 02:44:45";"System"
"110817";"Cot Girek";"Cot Girek";"56317";"1822";"102";"2025-03-21 02:44:45";"System";"2025-03-21 02:44:45";"System"
"110818";"Langkahan";"Langkahan";"56317";"1822";"102";"2025-03-21 02:44:45";"System";"2025-03-21 02:44:45";"System"
"110819";"Baktiya Barat";"Baktiya Barat";"56317";"1822";"102";"2025-03-21 02:44:45";"System";"2025-03-21 02:44:45";"System"
"110820";"Paya Bakong";"Paya Bakong";"56317";"1822";"102";"2025-03-21 02:44:45";"System";"2025-03-21 02:44:45";"System"
"110821";"Nibong";"Nibong";"56317";"1822";"102";"2025-03-21 02:44:45";"System";"2025-03-21 02:44:45";"System"
"110822";"Simpang Kramat";"Simpang Kramat";"56317";"1822";"102";"2025-03-21 02:44:45";"System";"2025-03-21 02:44:45";"System"
"110823";"Lapang";"Lapang";"56317";"1822";"102";"2025-03-21 02:44:45";"System";"2025-03-21 02:44:45";"System"
"110824";"Pirak Timur";"Pirak Timur";"56317";"1822";"102";"2025-03-21 02:44:45";"System";"2025-03-21 02:44:45";"System"
"110825";"Geuredong Pase";"Geuredong Pase";"56317";"1822";"102";"2025-03-21 02:44:45";"System";"2025-03-21 02:44:45";"System"
"110826";"Banda Baro";"Banda Baro";"56317";"1822";"102";"2025-03-21 02:44:45";"System";"2025-03-21 02:44:45";"System"
"110827";"Nisam Antara";"Nisam Antara";"56317";"1822";"102";"2025-03-21 02:44:45";"System";"2025-03-21 02:44:45";"System"
"110901";"Simeulue Tengah";"Simeulue Tengah";"56634";"1822";"102";"2025-03-21 02:44:45";"System";"2025-03-21 02:44:45";"System"
"110902";"Salang";"Salang";"56634";"1822";"102";"2025-03-21 02:44:45";"System";"2025-03-21 02:44:45";"System"
"110903";"Teupah Barat";"Teupah Barat";"56634";"1822";"102";"2025-03-21 02:44:45";"System";"2025-03-21 02:44:45";"System"
"110904";"Simeulue Timur";"Simeulue Timur";"56634";"1822";"102";"2025-03-21 02:44:45";"System";"2025-03-21 02:44:45";"System"
"110905";"Teluk Dalam";"Teluk Dalam";"56634";"1822";"102";"2025-03-21 02:44:45";"System";"2025-03-21 02:44:45";"System"
"110906";"Simeulue Barat";"Simeulue Barat";"56634";"1822";"102";"2025-03-21 02:44:45";"System";"2025-03-21 02:44:45";"System"
"110907";"Teupah Selatan";"Teupah Selatan";"56634";"1822";"102";"2025-03-21 02:44:45";"System";"2025-03-21 02:44:45";"System"
"110908";"Alapan";"Alapan";"56634";"1822";"102";"2025-03-21 02:44:45";"System";"2025-03-21 02:44:45";"System"
"110909";"Teupah Tengah";"Teupah Tengah";"56634";"1822";"102";"2025-03-21 02:44:45";"System";"2025-03-21 02:44:45";"System"
"110910";"Simeulue Cut";"Simeulue Cut";"56634";"1822";"102";"2025-03-21 02:44:45";"System";"2025-03-21 02:44:45";"System"
"111001";"Pulau Banyak";"Pulau Banyak";"56312";"1822";"102";"2025-03-21 02:44:45";"System";"2025-03-21 02:44:45";"System"
"111002";"Simpang Kanan";"Simpang Kanan";"56312";"1822";"102";"2025-03-21 02:44:45";"System";"2025-03-21 02:44:45";"System"
"111004";"Singkil";"Singkil";"56312";"1822";"102";"2025-03-21 02:44:45";"System";"2025-03-21 02:44:45";"System"
"111006";"Gunung Meriah";"Gunung Meriah";"56312";"1822";"102";"2025-03-21 02:44:45";"System";"2025-03-21 02:44:45";"System"
"111009";"Kota Baharu";"Kota Baharu";"56312";"1822";"102";"2025-03-21 02:44:45";"System";"2025-03-21 02:44:45";"System"
"111010";"Singkil Utara";"Singkil Utara";"56312";"1822";"102";"2025-03-21 02:44:45";"System";"2025-03-21 02:44:45";"System"
"111011";"Danau Paris";"Danau Paris";"56312";"1822";"102";"2025-03-21 02:44:45";"System";"2025-03-21 02:44:45";"System"
"111012";"Suro Makmur";"Suro Makmur";"56312";"1822";"102";"2025-03-21 02:44:45";"System";"2025-03-21 02:44:45";"System"
"111013";"Singkohor";"Singkohor";"56312";"1822";"102";"2025-03-21 02:44:45";"System";"2025-03-21 02:44:45";"System"
"111014";"Kuala Baru";"Kuala Baru";"56312";"1822";"102";"2025-03-21 02:44:45";"System";"2025-03-21 02:44:45";"System"
"111016";"Pulau Banyak Barat";"Pulau Banyak Barat";"56312";"1822";"102";"2025-03-21 02:44:45";"System";"2025-03-21 02:44:45";"System"
"111101";"Samalanga";"Samalanga";"56362";"1822";"102";"2025-03-21 02:44:45";"System";"2025-03-21 02:44:45";"System"
"111102";"Jeunieb";"Jeunieb";"56362";"1822";"102";"2025-03-21 02:44:45";"System";"2025-03-21 02:44:45";"System"
"111103";"Peudada";"Peudada";"56362";"1822";"102";"2025-03-21 02:44:45";"System";"2025-03-21 02:44:45";"System"
"111104";"Jeumpa";"Jeumpa";"56362";"1822";"102";"2025-03-21 02:44:45";"System";"2025-03-21 02:44:45";"System"
"111105";"Peusangan";"Peusangan";"56362";"1822";"102";"2025-03-21 02:44:45";"System";"2025-03-21 02:44:45";"System"
"111106";"Makmur";"Makmur";"56362";"1822";"102";"2025-03-21 02:44:45";"System";"2025-03-21 02:44:45";"System"
"111107";"Gandapura";"Gandapura";"56362";"1822";"102";"2025-03-21 02:44:45";"System";"2025-03-21 02:44:45";"System"
"111108";"Pandrah";"Pandrah";"56362";"1822";"102";"2025-03-21 02:44:45";"System";"2025-03-21 02:44:45";"System"
"111109";"Juli";"Juli";"56362";"1822";"102";"2025-03-21 02:44:45";"System";"2025-03-21 02:44:45";"System"
"111110";"Jangka";"Jangka";"56362";"1822";"102";"2025-03-21 02:44:45";"System";"2025-03-21 02:44:45";"System"
"111111";"Simpang Mamplam";"Simpang Mamplam";"56362";"1822";"102";"2025-03-21 02:44:45";"System";"2025-03-21 02:44:45";"System"
"111112";"Peulimbang";"Peulimbang";"56362";"1822";"102";"2025-03-21 02:44:45";"System";"2025-03-21 02:44:45";"System"
"111113";"Kota Juang";"Kota Juang";"56362";"1822";"102";"2025-03-21 02:44:45";"System";"2025-03-21 02:44:45";"System"
"111114";"Kuala";"Kuala";"56362";"1822";"102";"2025-03-21 02:44:45";"System";"2025-03-21 02:44:45";"System"
"111115";"Peusangan Siblah Krueng";"Peusangan Siblah Krueng";"56362";"1822";"102";"2025-03-21 02:44:45";"System";"2025-03-21 02:44:45";"System"
"111116";"Peusangan Selatan";"Peusangan Selatan";"56362";"1822";"102";"2025-03-21 02:44:45";"System";"2025-03-21 02:44:45";"System"
"111117";"Kuta Blang";"Kuta Blang";"56362";"1822";"102";"2025-03-21 02:44:45";"System";"2025-03-21 02:44:45";"System"
"111201";"Blang Pidie";"Blang Pidie";"56308";"1822";"102";"2025-03-21 02:44:45";"System";"2025-03-21 02:44:45";"System"
"111202";"Tangan-Tangan";"Tangan-Tangan";"56308";"1822";"102";"2025-03-21 02:44:45";"System";"2025-03-21 02:44:45";"System"
"111203";"Manggeng";"Manggeng";"56308";"1822";"102";"2025-03-21 02:44:45";"System";"2025-03-21 02:44:45";"System"
"111204";"Susoh";"Susoh";"56308";"1822";"102";"2025-03-21 02:44:45";"System";"2025-03-21 02:44:45";"System"
"111205";"Kuala Batee";"Kuala Batee";"56308";"1822";"102";"2025-03-21 02:44:46";"System";"2025-03-21 02:44:46";"System"
"111206";"Babah Rot";"Babah Rot";"56308";"1822";"102";"2025-03-21 02:44:46";"System";"2025-03-21 02:44:46";"System"
"111207";"Setia";"Setia";"56308";"1822";"102";"2025-03-21 02:44:46";"System";"2025-03-21 02:44:46";"System"
"111208";"Jeumpa";"Jeumpa";"56308";"1822";"102";"2025-03-21 02:44:46";"System";"2025-03-21 02:44:46";"System"
"111209";"Lembah Sabil";"Lembah Sabil";"56308";"1822";"102";"2025-03-21 02:44:46";"System";"2025-03-21 02:44:46";"System"
"111301";"Blangkejeren";"Blangkejeren";"56408";"1822";"102";"2025-03-21 02:44:46";"System";"2025-03-21 02:44:46";"System"
"111302";"Kutapanjang";"Kutapanjang";"56408";"1822";"102";"2025-03-21 02:44:46";"System";"2025-03-21 02:44:46";"System"
"111303";"Rikit Gaib";"Rikit Gaib";"56408";"1822";"102";"2025-03-21 02:44:46";"System";"2025-03-21 02:44:46";"System"
"111304";"Terangun";"Terangun";"56408";"1822";"102";"2025-03-21 02:44:46";"System";"2025-03-21 02:44:46";"System"
"111305";"Pining";"Pining";"56408";"1822";"102";"2025-03-21 02:44:46";"System";"2025-03-21 02:44:46";"System"
"111306";"Blangpegayon";"Blangpegayon";"56408";"1822";"102";"2025-03-21 02:44:46";"System";"2025-03-21 02:44:46";"System"
"111307";"Puteri Betung";"Puteri Betung";"56408";"1822";"102";"2025-03-21 02:44:46";"System";"2025-03-21 02:44:46";"System"
"111308";"Dabun Gelang";"Dabun Gelang";"56408";"1822";"102";"2025-03-21 02:44:46";"System";"2025-03-21 02:44:46";"System"
"111309";"Blangjerango";"Blangjerango";"56408";"1822";"102";"2025-03-21 02:44:46";"System";"2025-03-21 02:44:46";"System"
"111310";"Teripe Jaya";"Teripe Jaya";"56408";"1822";"102";"2025-03-21 02:44:46";"System";"2025-03-21 02:44:46";"System"
"111311";"Pantan Cuaca";"Pantan Cuaca";"56408";"1822";"102";"2025-03-21 02:44:46";"System";"2025-03-21 02:44:46";"System"
"111401";"Teunom";"Teunom";"56310";"1822";"102";"2025-03-21 02:44:46";"System";"2025-03-21 02:44:46";"System"
"111402";"Krueng Sabee";"Krueng Sabee";"56310";"1822";"102";"2025-03-21 02:44:46";"System";"2025-03-21 02:44:46";"System"
"111403";"Setia Bhakti";"Setia Bhakti";"56310";"1822";"102";"2025-03-21 02:44:46";"System";"2025-03-21 02:44:46";"System"
"111404";"Sampoiniet";"Sampoiniet";"56310";"1822";"102";"2025-03-21 02:44:46";"System";"2025-03-21 02:44:46";"System"
"111405";"Jaya";"Jaya";"56310";"1822";"102";"2025-03-21 02:44:46";"System";"2025-03-21 02:44:46";"System"
"111406";"Panga";"Panga";"56310";"1822";"102";"2025-03-21 02:44:46";"System";"2025-03-21 02:44:46";"System"
"111407";"Indra Jaya";"Indra Jaya";"56310";"1822";"102";"2025-03-21 02:44:46";"System";"2025-03-21 02:44:46";"System"
"111408";"Darul Hikmah";"Darul Hikmah";"56310";"1822";"102";"2025-03-21 02:44:46";"System";"2025-03-21 02:44:46";"System"
"111409";"Pasie Raya";"Pasie Raya";"56310";"1822";"102";"2025-03-21 02:44:46";"System";"2025-03-21 02:44:46";"System"
"111501";"Kuala";"Kuala";"56552";"1822";"102";"2025-03-21 02:44:46";"System";"2025-03-21 02:44:46";"System"
"111502";"Seunagan";"Seunagan";"56552";"1822";"102";"2025-03-21 02:44:46";"System";"2025-03-21 02:44:46";"System"
"111503";"Seunagan Timur";"Seunagan Timur";"56552";"1822";"102";"2025-03-21 02:44:46";"System";"2025-03-21 02:44:46";"System"
"111504";"Beutong";"Beutong";"56552";"1822";"102";"2025-03-21 02:44:46";"System";"2025-03-21 02:44:46";"System"
"111505";"Darul Makmur";"Darul Makmur";"56552";"1822";"102";"2025-03-21 02:44:46";"System";"2025-03-21 02:44:46";"System"
"111506";"Suka Makmue";"Suka Makmue";"56552";"1822";"102";"2025-03-21 02:44:46";"System";"2025-03-21 02:44:46";"System"
"111507";"Kuala Pesisir";"Kuala Pesisir";"56552";"1822";"102";"2025-03-21 02:44:46";"System";"2025-03-21 02:44:46";"System"
"111508";"Tadu Raya";"Tadu Raya";"56552";"1822";"102";"2025-03-21 02:44:46";"System";"2025-03-21 02:44:46";"System"
"111509";"Tripa Makmur";"Tripa Makmur";"56552";"1822";"102";"2025-03-21 02:44:46";"System";"2025-03-21 02:44:46";"System"
"111510";"Beutong Ateuh Banggalang";"Beutong Ateuh Banggalang";"56552";"1822";"102";"2025-03-21 02:44:46";"System";"2025-03-21 02:44:46";"System"
"111601";"Manyak Payed";"Manyak Payed";"56313";"1822";"102";"2025-03-21 02:44:46";"System";"2025-03-21 02:44:46";"System"
"111602";"Bendahara";"Bendahara";"56313";"1822";"102";"2025-03-21 02:44:46";"System";"2025-03-21 02:44:46";"System"
"111603";"Karang Baru";"Karang Baru";"56313";"1822";"102";"2025-03-21 02:44:46";"System";"2025-03-21 02:44:46";"System"
"111604";"Seruway";"Seruway";"56313";"1822";"102";"2025-03-21 02:44:46";"System";"2025-03-21 02:44:46";"System"
"111605";"Kota Kualasinpang";"Kota Kualasinpang";"56313";"1822";"102";"2025-03-21 02:44:46";"System";"2025-03-21 02:44:46";"System"
"111606";"Kejuruan Muda";"Kejuruan Muda";"56313";"1822";"102";"2025-03-21 02:44:46";"System";"2025-03-21 02:44:46";"System"
"111607";"Tamiang Hulu";"Tamiang Hulu";"56313";"1822";"102";"2025-03-21 02:44:46";"System";"2025-03-21 02:44:46";"System"
"111608";"Rantau";"Rantau";"56313";"1822";"102";"2025-03-21 02:44:46";"System";"2025-03-21 02:44:46";"System"
"111609";"Banda Mulia";"Banda Mulia";"56313";"1822";"102";"2025-03-21 02:44:46";"System";"2025-03-21 02:44:46";"System"
"111610";"Bandar Pusaka";"Bandar Pusaka";"56313";"1822";"102";"2025-03-21 02:44:46";"System";"2025-03-21 02:44:46";"System"
"111611";"Tenggulun";"Tenggulun";"56313";"1822";"102";"2025-03-21 02:44:46";"System";"2025-03-21 02:44:46";"System"
"111612";"Sekerak";"Sekerak";"56313";"1822";"102";"2025-03-21 02:44:46";"System";"2025-03-21 02:44:46";"System"
"111701";"Pintu Rime Gayo";"Pintu Rime Gayo";"56353";"1822";"102";"2025-03-21 02:44:46";"System";"2025-03-21 02:44:46";"System"
"111702";"Permata";"Permata";"56353";"1822";"102";"2025-03-21 02:44:46";"System";"2025-03-21 02:44:46";"System"
"111703";"Syiah Utama";"Syiah Utama";"56353";"1822";"102";"2025-03-21 02:44:46";"System";"2025-03-21 02:44:46";"System"
"111704";"Bandar";"Bandar";"56353";"1822";"102";"2025-03-21 02:44:46";"System";"2025-03-21 02:44:46";"System"
"111705";"Bukit";"Bukit";"56353";"1822";"102";"2025-03-21 02:44:46";"System";"2025-03-21 02:44:46";"System"
"111706";"Wih Pesam";"Wih Pesam";"56353";"1822";"102";"2025-03-21 02:44:46";"System";"2025-03-21 02:44:46";"System"
"111707";"Timang gajah";"Timang gajah";"56353";"1822";"102";"2025-03-21 02:44:46";"System";"2025-03-21 02:44:46";"System"
"111708";"Bener Kelipah";"Bener Kelipah";"56353";"1822";"102";"2025-03-21 02:44:46";"System";"2025-03-21 02:44:46";"System"
"111709";"Mesidah";"Mesidah";"56353";"1822";"102";"2025-03-21 02:44:46";"System";"2025-03-21 02:44:46";"System"
"111710";"Gajah Putih";"Gajah Putih";"56353";"1822";"102";"2025-03-21 02:44:46";"System";"2025-03-21 02:44:46";"System"
"111801";"Meureudu";"Meureudu";"0";"0";"102";"2025-03-21 02:44:46";"System";"2025-03-21 02:44:46";"System"
"111802";"Ulim";"Ulim";"0";"0";"102";"2025-03-21 02:44:46";"System";"2025-03-21 02:44:46";"System"
"111803";"Jangka Buaya";"Jangka Buaya";"0";"0";"102";"2025-03-21 02:44:46";"System";"2025-03-21 02:44:46";"System"
"111804";"Bandar Dua";"Bandar Dua";"0";"0";"102";"2025-03-21 02:44:46";"System";"2025-03-21 02:44:46";"System"
"111805";"Meurah Dua";"Meurah Dua";"0";"0";"102";"2025-03-21 02:44:46";"System";"2025-03-21 02:44:46";"System"
"111806";"Bandar Baru";"Bandar Baru";"0";"0";"102";"2025-03-21 02:44:46";"System";"2025-03-21 02:44:46";"System"
"111807";"Panteraja";"Panteraja";"0";"0";"102";"2025-03-21 02:44:46";"System";"2025-03-21 02:44:46";"System"
"111808";"Trienggadeng";"Trienggadeng";"0";"0";"102";"2025-03-21 02:44:46";"System";"2025-03-21 02:44:46";"System"
"117101";"Baiturrahman";"Baiturrahman";"56729";"1822";"102";"2025-03-21 02:44:46";"System";"2025-03-21 02:44:46";"System"
"117102";"Kuta Alam";"Kuta Alam";"56729";"1822";"102";"2025-03-21 02:44:46";"System";"2025-03-21 02:44:46";"System"
"117103";"Meuraxa";"Meuraxa";"56729";"1822";"102";"2025-03-21 02:44:46";"System";"2025-03-21 02:44:46";"System"
"117104";"Syiah Kuala";"Syiah Kuala";"56729";"1822";"102";"2025-03-21 02:44:46";"System";"2025-03-21 02:44:46";"System"
"117105";"Lueng Bata";"Lueng Bata";"56729";"1822";"102";"2025-03-21 02:44:46";"System";"2025-03-21 02:44:46";"System"
"117106";"Kuta Raja";"Kuta Raja";"56729";"1822";"102";"2025-03-21 02:44:46";"System";"2025-03-21 02:44:46";"System"
"117107";"Banda Raya";"Banda Raya";"56729";"1822";"102";"2025-03-21 02:44:46";"System";"2025-03-21 02:44:46";"System"
"117108";"Jaya Baru";"Jaya Baru";"56729";"1822";"102";"2025-03-21 02:44:46";"System";"2025-03-21 02:44:46";"System"
"117109";"Ulee Kareng";"Ulee Kareng";"56729";"1822";"102";"2025-03-21 02:44:46";"System";"2025-03-21 02:44:46";"System"
"117201";"Sukakarya";"Sukakarya";"56791";"1822";"102";"2025-03-21 02:44:46";"System";"2025-03-21 02:44:46";"System"
"117202";"Sukajaya";"Sukajaya";"56791";"1822";"102";"2025-03-21 02:44:46";"System";"2025-03-21 02:44:46";"System"
"117301";"Muara Dua";"Muara Dua";"56762";"1822";"102";"2025-03-21 02:44:46";"System";"2025-03-21 02:44:46";"System"
"117302";"Banda Sakti";"Banda Sakti";"56762";"1822";"102";"2025-03-21 02:44:46";"System";"2025-03-21 02:44:46";"System"
"117303";"Blang Mangat";"Blang Mangat";"56762";"1822";"102";"2025-03-21 02:44:46";"System";"2025-03-21 02:44:46";"System"
"117304";"Muara Satu";"Muara Satu";"56762";"1822";"102";"2025-03-21 02:44:46";"System";"2025-03-21 02:44:46";"System"
"117401";"Langsa Timur";"Langsa Timur";"56761";"1822";"102";"2025-03-21 02:44:46";"System";"2025-03-21 02:44:46";"System"
"117402";"Langsa Barat";"Langsa Barat";"56761";"1822";"102";"2025-03-21 02:44:46";"System";"2025-03-21 02:44:46";"System"
"117403";"Langsa Kota";"Langsa Kota";"56761";"1822";"102";"2025-03-21 02:44:46";"System";"2025-03-21 02:44:46";"System"
"117404";"Langsa Lama";"Langsa Lama";"56761";"1822";"102";"2025-03-21 02:44:46";"System";"2025-03-21 02:44:46";"System"
"117405";"Langsa Baro";"Langsa Baro";"56761";"1822";"102";"2025-03-21 02:44:46";"System";"2025-03-21 02:44:46";"System"
"117501";"Simpang Kiri";"Simpang Kiri";"56800";"1822";"102";"2025-03-21 02:44:46";"System";"2025-03-21 02:44:46";"System"
"117502";"Penanggalan";"Penanggalan";"56800";"1822";"102";"2025-03-21 02:44:46";"System";"2025-03-21 02:44:46";"System"
"117503";"Rundeng";"Rundeng";"56800";"1822";"102";"2025-03-21 02:44:46";"System";"2025-03-21 02:44:46";"System"
"117504";"Sultan Daulat";"Sultan Daulat";"56800";"1822";"102";"2025-03-21 02:44:46";"System";"2025-03-21 02:44:46";"System"
"117505";"Longkib";"Longkib";"56800";"1822";"102";"2025-03-21 02:44:46";"System";"2025-03-21 02:44:46";"System"
"120101";"Barus";"Barus";"56671";"1792";"102";"2025-03-21 02:44:46";"System";"2025-03-21 02:44:46";"System"
"120102";"Sorkam";"Sorkam";"56671";"1792";"102";"2025-03-21 02:44:46";"System";"2025-03-21 02:44:46";"System"
"120103";"Pandan";"Pandan";"56671";"1792";"102";"2025-03-21 02:44:46";"System";"2025-03-21 02:44:46";"System"
"120104";"Pinangsori";"Pinangsori";"56671";"1792";"102";"2025-03-21 02:44:46";"System";"2025-03-21 02:44:46";"System"
"120105";"Manduamas";"Manduamas";"56671";"1792";"102";"2025-03-21 02:44:46";"System";"2025-03-21 02:44:46";"System"
"120106";"Kolang";"Kolang";"56671";"1792";"102";"2025-03-21 02:44:46";"System";"2025-03-21 02:44:46";"System"
"120107";"Tapian Nauli";"Tapian Nauli";"56671";"1792";"102";"2025-03-21 02:44:46";"System";"2025-03-21 02:44:46";"System"
"120108";"Sibabangun";"Sibabangun";"56671";"1792";"102";"2025-03-21 02:44:46";"System";"2025-03-21 02:44:46";"System"
"120109";"Sosor Gadong";"Sosor Gadong";"56671";"1792";"102";"2025-03-21 02:44:46";"System";"2025-03-21 02:44:46";"System"
"120110";"Sorkam Barat";"Sorkam Barat";"56671";"1792";"102";"2025-03-21 02:44:46";"System";"2025-03-21 02:44:46";"System"
"120111";"Sirandorung";"Sirandorung";"56671";"1792";"102";"2025-03-21 02:44:46";"System";"2025-03-21 02:44:46";"System"
"120112";"Andam Dewi";"Andam Dewi";"56671";"1792";"102";"2025-03-21 02:44:46";"System";"2025-03-21 02:44:46";"System"
"120113";"Sitahuis";"Sitahuis";"56671";"1792";"102";"2025-03-21 02:44:46";"System";"2025-03-21 02:44:46";"System"
"120114";"Tukka";"Tukka";"56671";"1792";"102";"2025-03-21 02:44:46";"System";"2025-03-21 02:44:46";"System"
"120115";"Badiri";"Badiri";"56671";"1792";"102";"2025-03-21 02:44:46";"System";"2025-03-21 02:44:46";"System"
"120116";"Pasaribu Tobing";"Pasaribu Tobing";"56671";"1792";"102";"2025-03-21 02:44:46";"System";"2025-03-21 02:44:46";"System"
"120117";"Barus Utara";"Barus Utara";"56671";"1792";"102";"2025-03-21 02:44:46";"System";"2025-03-21 02:44:46";"System"
"120118";"Suka Bangun";"Suka Bangun";"56671";"1792";"102";"2025-03-21 02:44:46";"System";"2025-03-21 02:44:46";"System"
"120119";"Lumut";"Lumut";"56671";"1792";"102";"2025-03-21 02:44:46";"System";"2025-03-21 02:44:46";"System"
"120120";"Sarudik";"Sarudik";"56671";"1792";"102";"2025-03-21 02:44:46";"System";"2025-03-21 02:44:46";"System"
"120201";"Tarutung";"Tarutung";"56672";"1792";"102";"2025-03-21 02:44:46";"System";"2025-03-21 02:44:46";"System"
"120202";"Siatas Barita";"Siatas Barita";"56672";"1792";"102";"2025-03-21 02:44:46";"System";"2025-03-21 02:44:46";"System"
"120203";"Adian Koting";"Adian Koting";"56672";"1792";"102";"2025-03-21 02:44:46";"System";"2025-03-21 02:44:46";"System"
"120204";"Sipoholon";"Sipoholon";"56672";"1792";"102";"2025-03-21 02:44:46";"System";"2025-03-21 02:44:46";"System"
"120205";"Pahae Julu";"Pahae Julu";"56672";"1792";"102";"2025-03-21 02:44:46";"System";"2025-03-21 02:44:46";"System"
"120206";"Pahae Jae";"Pahae Jae";"56672";"1792";"102";"2025-03-21 02:44:46";"System";"2025-03-21 02:44:46";"System"
"120207";"Simangumban";"Simangumban";"56672";"1792";"102";"2025-03-21 02:44:46";"System";"2025-03-21 02:44:46";"System"
"120208";"Purba Tua";"Purba Tua";"56672";"1792";"102";"2025-03-21 02:44:46";"System";"2025-03-21 02:44:46";"System"
"120209";"Siborong-Borong";"Siborong-Borong";"56672";"1792";"102";"2025-03-21 02:44:46";"System";"2025-03-21 02:44:46";"System"
"120210";"Pagaran";"Pagaran";"56672";"1792";"102";"2025-03-21 02:44:46";"System";"2025-03-21 02:44:46";"System"
"120211";"Parmonangan";"Parmonangan";"56672";"1792";"102";"2025-03-21 02:44:46";"System";"2025-03-21 02:44:46";"System"
"120212";"Sipahutar";"Sipahutar";"56672";"1792";"102";"2025-03-21 02:44:46";"System";"2025-03-21 02:44:46";"System"
"120213";"Pangaribuan";"Pangaribuan";"56672";"1792";"102";"2025-03-21 02:44:46";"System";"2025-03-21 02:44:46";"System"
"120214";"Garoga";"Garoga";"56672";"1792";"102";"2025-03-21 02:44:46";"System";"2025-03-21 02:44:46";"System"
"120215";"Muara";"Muara";"56672";"1792";"102";"2025-03-21 02:44:46";"System";"2025-03-21 02:44:46";"System"
"120301";"Angkola Barat";"Angkola Barat";"56670";"1792";"102";"2025-03-21 02:44:46";"System";"2025-03-21 02:44:46";"System"
"120302";"Batang Toru";"Batang Toru";"56670";"1792";"102";"2025-03-21 02:44:46";"System";"2025-03-21 02:44:46";"System"
"120303";"Angkola Timur";"Angkola Timur";"56670";"1792";"102";"2025-03-21 02:44:46";"System";"2025-03-21 02:44:46";"System"
"120304";"Sipirok";"Sipirok";"56670";"1792";"102";"2025-03-21 02:44:46";"System";"2025-03-21 02:44:46";"System"
"120305";"Saipar Dolok Hole";"Saipar Dolok Hole";"56670";"1792";"102";"2025-03-21 02:44:46";"System";"2025-03-21 02:44:46";"System"
"120306";"Angkola Selatan";"Angkola Selatan";"56670";"1792";"102";"2025-03-21 02:44:46";"System";"2025-03-21 02:44:46";"System"
"120307";"Batang Angkola";"Batang Angkola";"56670";"1792";"102";"2025-03-21 02:44:46";"System";"2025-03-21 02:44:46";"System"
"120314";"Arse";"Arse";"56670";"1792";"102";"2025-03-21 02:44:46";"System";"2025-03-21 02:44:46";"System"
"120320";"Marancar";"Marancar";"56670";"1792";"102";"2025-03-21 02:44:46";"System";"2025-03-21 02:44:46";"System"
"120321";"Sayur Matinggi";"Sayur Matinggi";"56670";"1792";"102";"2025-03-21 02:44:46";"System";"2025-03-21 02:44:46";"System"
"120322";"Aek Bilah";"Aek Bilah";"56670";"1792";"102";"2025-03-21 02:44:46";"System";"2025-03-21 02:44:46";"System"
"120329";"Muara Batang Toru";"Muara Batang Toru";"56670";"1792";"102";"2025-03-21 02:44:46";"System";"2025-03-21 02:44:46";"System"
"120330";"Tano Tombangan Angkola";"Tano Tombangan Angkola";"56670";"1792";"102";"2025-03-21 02:44:46";"System";"2025-03-21 02:44:46";"System"
"120331";"Angkola Sangkunur";"Angkola Sangkunur";"56670";"1792";"102";"2025-03-21 02:44:46";"System";"2025-03-21 02:44:46";"System"
"120405";"Hiliduho";"Hiliduho";"56559";"1792";"102";"2025-03-21 02:44:46";"System";"2025-03-21 02:44:46";"System"
"120406";"Gido";"Gido";"56559";"1792";"102";"2025-03-21 02:44:46";"System";"2025-03-21 02:44:46";"System"
"120410";"Idanogawo";"Idanogawo";"56559";"1792";"102";"2025-03-21 02:44:46";"System";"2025-03-21 02:44:46";"System"
"120411";"Bawolato";"Bawolato";"56559";"1792";"102";"2025-03-21 02:44:46";"System";"2025-03-21 02:44:46";"System"
"120420";"Hiliserangkai";"Hiliserangkai";"56559";"1792";"102";"2025-03-21 02:44:46";"System";"2025-03-21 02:44:46";"System"
"120421";"Botomuzoi";"Botomuzoi";"56559";"1792";"102";"2025-03-21 02:44:46";"System";"2025-03-21 02:44:46";"System"
"120427";"Ulugawo";"Ulugawo";"56559";"1792";"102";"2025-03-21 02:44:46";"System";"2025-03-21 02:44:46";"System"
"120428";"Ma'u";"Ma'u";"56559";"1792";"102";"2025-03-21 02:44:46";"System";"2025-03-21 02:44:46";"System"
"120429";"Somolo-molo";"Somolo-molo";"56559";"1792";"102";"2025-03-21 02:44:46";"System";"2025-03-21 02:44:46";"System"
"120435";"Sogae'adu";"Sogae'adu";"56559";"1792";"102";"2025-03-21 02:44:46";"System";"2025-03-21 02:44:46";"System"
"120501";"Bahorok";"Bahorok";"56489";"1792";"102";"2025-03-21 02:44:46";"System";"2025-03-21 02:44:46";"System"
"120502";"Salapian";"Salapian";"56489";"1792";"102";"2025-03-21 02:44:46";"System";"2025-03-21 02:44:46";"System"
"120503";"Kuala";"Kuala";"56489";"1792";"102";"2025-03-21 02:44:46";"System";"2025-03-21 02:44:46";"System"
"120504";"Sei Bingei";"Sei Bingei";"56489";"1792";"102";"2025-03-21 02:44:46";"System";"2025-03-21 02:44:46";"System"
"120505";"Binjai";"Binjai";"56489";"1792";"102";"2025-03-21 02:44:46";"System";"2025-03-21 02:44:46";"System"
"120506";"Selesai";"Selesai";"56489";"1792";"102";"2025-03-21 02:44:46";"System";"2025-03-21 02:44:46";"System"
"120507";"Stabat";"Stabat";"56489";"1792";"102";"2025-03-21 02:44:46";"System";"2025-03-21 02:44:46";"System"
"120508";"Wampu";"Wampu";"56489";"1792";"102";"2025-03-21 02:44:46";"System";"2025-03-21 02:44:46";"System"
"120509";"Secanggang";"Secanggang";"56489";"1792";"102";"2025-03-21 02:44:46";"System";"2025-03-21 02:44:46";"System"
"120510";"Hinai";"Hinai";"56489";"1792";"102";"2025-03-21 02:44:46";"System";"2025-03-21 02:44:46";"System"
"120511";"Tanjung Pura";"Tanjung Pura";"56489";"1792";"102";"2025-03-21 02:44:46";"System";"2025-03-21 02:44:46";"System"
"120512";"Padang Tualang";"Padang Tualang";"56489";"1792";"102";"2025-03-21 02:44:46";"System";"2025-03-21 02:44:46";"System"
"120513";"Gebang";"Gebang";"56489";"1792";"102";"2025-03-21 02:44:46";"System";"2025-03-21 02:44:46";"System"
"120514";"Babalan";"Babalan";"56489";"1792";"102";"2025-03-21 02:44:46";"System";"2025-03-21 02:44:46";"System"
"120515";"Pangkalan Susu";"Pangkalan Susu";"56489";"1792";"102";"2025-03-21 02:44:46";"System";"2025-03-21 02:44:46";"System"
"120516";"Besitang";"Besitang";"56489";"1792";"102";"2025-03-21 02:44:46";"System";"2025-03-21 02:44:46";"System"
"120517";"Sei Lepan";"Sei Lepan";"56489";"1792";"102";"2025-03-21 02:44:46";"System";"2025-03-21 02:44:46";"System"
"120518";"Brandan Barat";"Brandan Barat";"56489";"1792";"102";"2025-03-21 02:44:46";"System";"2025-03-21 02:44:46";"System"
"120519";"Batang Serangan";"Batang Serangan";"56489";"1792";"102";"2025-03-21 02:44:46";"System";"2025-03-21 02:44:46";"System"
"120520";"Sawit Seberang";"Sawit Seberang";"56489";"1792";"102";"2025-03-21 02:44:46";"System";"2025-03-21 02:44:46";"System"
"120521";"Sirapit";"Sirapit";"56489";"1792";"102";"2025-03-21 02:44:46";"System";"2025-03-21 02:44:46";"System"
"120522";"Kutambaru";"Kutambaru";"56489";"1792";"102";"2025-03-21 02:44:46";"System";"2025-03-21 02:44:46";"System"
"120523";"Pematang Jaya";"Pematang Jaya";"56489";"1792";"102";"2025-03-21 02:44:46";"System";"2025-03-21 02:44:46";"System"
"120601";"Kabanjahe";"Kabanjahe";"56442";"1792";"102";"2025-03-21 02:44:46";"System";"2025-03-21 02:44:46";"System"
"120602";"Berastagi";"Berastagi";"56442";"1792";"102";"2025-03-21 02:44:46";"System";"2025-03-21 02:44:46";"System"
"120603";"Barusjahe";"Barusjahe";"56442";"1792";"102";"2025-03-21 02:44:46";"System";"2025-03-21 02:44:46";"System"
"120604";"Tigapanah";"Tigapanah";"56442";"1792";"102";"2025-03-21 02:44:46";"System";"2025-03-21 02:44:46";"System"
"120605";"Merek";"Merek";"56442";"1792";"102";"2025-03-21 02:44:46";"System";"2025-03-21 02:44:46";"System"
"120606";"Munte";"Munte";"56442";"1792";"102";"2025-03-21 02:44:46";"System";"2025-03-21 02:44:46";"System"
"120607";"Juhar";"Juhar";"56442";"1792";"102";"2025-03-21 02:44:46";"System";"2025-03-21 02:44:46";"System"
"120608";"Tigabinanga";"Tigabinanga";"56442";"1792";"102";"2025-03-21 02:44:46";"System";"2025-03-21 02:44:46";"System"
"120609";"Laubaleng";"Laubaleng";"56442";"1792";"102";"2025-03-21 02:44:46";"System";"2025-03-21 02:44:46";"System"
"120610";"Mardingding";"Mardingding";"56442";"1792";"102";"2025-03-21 02:44:46";"System";"2025-03-21 02:44:46";"System"
"120611";"Payung";"Payung";"56442";"1792";"102";"2025-03-21 02:44:46";"System";"2025-03-21 02:44:46";"System"
"120612";"Simpang Empat";"Simpang Empat";"56442";"1792";"102";"2025-03-21 02:44:46";"System";"2025-03-21 02:44:46";"System"
"120613";"Kutabuluh";"Kutabuluh";"56442";"1792";"102";"2025-03-21 02:44:46";"System";"2025-03-21 02:44:46";"System"
"120614";"Dolat Rayat";"Dolat Rayat";"56442";"1792";"102";"2025-03-21 02:44:46";"System";"2025-03-21 02:44:46";"System"
"120615";"Merdeka";"Merdeka";"56442";"1792";"102";"2025-03-21 02:44:46";"System";"2025-03-21 02:44:46";"System"
"120616";"Naman Teran";"Naman Teran";"56442";"1792";"102";"2025-03-21 02:44:46";"System";"2025-03-21 02:44:46";"System"
"120617";"Tiganderket";"Tiganderket";"56442";"1792";"102";"2025-03-21 02:44:46";"System";"2025-03-21 02:44:46";"System"
"120701";"Gunung Meriah";"Gunung Meriah";"56396";"1792";"102";"2025-03-21 02:44:46";"System";"2025-03-21 02:44:46";"System"
"120702";"Tanjung Morawa";"Tanjung Morawa";"56396";"1792";"102";"2025-03-21 02:44:46";"System";"2025-03-21 02:44:46";"System"
"120703";"Sibolangit";"Sibolangit";"56396";"1792";"102";"2025-03-21 02:44:46";"System";"2025-03-21 02:44:46";"System"
"120704";"Kutalimbaru";"Kutalimbaru";"56396";"1792";"102";"2025-03-21 02:44:46";"System";"2025-03-21 02:44:46";"System"
"120705";"Pancur Batu";"Pancur Batu";"56396";"1792";"102";"2025-03-21 02:44:46";"System";"2025-03-21 02:44:46";"System"
"120706";"Namorambe";"Namorambe";"56396";"1792";"102";"2025-03-21 02:44:46";"System";"2025-03-21 02:44:46";"System"
"120707";"Sibiru-biru";"Sibiru-biru";"56396";"1792";"102";"2025-03-21 02:44:46";"System";"2025-03-21 02:44:46";"System"
"120708";"STM Hilir";"STM Hilir";"56396";"1792";"102";"2025-03-21 02:44:46";"System";"2025-03-21 02:44:46";"System"
"120709";"Bangun Purba";"Bangun Purba";"56396";"1792";"102";"2025-03-21 02:44:46";"System";"2025-03-21 02:44:46";"System"
"120719";"Galang";"Galang";"56396";"1792";"102";"2025-03-21 02:44:46";"System";"2025-03-21 02:44:46";"System"
"120720";"STM Hulu";"STM Hulu";"56396";"1792";"102";"2025-03-21 02:44:46";"System";"2025-03-21 02:44:46";"System"
"120721";"Patumbak";"Patumbak";"56396";"1792";"102";"2025-03-21 02:44:46";"System";"2025-03-21 02:44:46";"System"
"120722";"Deli Tua";"Deli Tua";"56396";"1792";"102";"2025-03-21 02:44:46";"System";"2025-03-21 02:44:46";"System"
"120723";"Sunggal";"Sunggal";"56396";"1792";"102";"2025-03-21 02:44:46";"System";"2025-03-21 02:44:46";"System"
"120724";"Hamparan Perak";"Hamparan Perak";"56396";"1792";"102";"2025-03-21 02:44:46";"System";"2025-03-21 02:44:46";"System"
"120725";"Labuhan Deli";"Labuhan Deli";"56396";"1792";"102";"2025-03-21 02:44:46";"System";"2025-03-21 02:44:46";"System"
"120726";"Percut Sei Tuan";"Percut Sei Tuan";"56396";"1792";"102";"2025-03-21 02:44:46";"System";"2025-03-21 02:44:46";"System"
"120727";"Batang Kuis";"Batang Kuis";"56396";"1792";"102";"2025-03-21 02:44:46";"System";"2025-03-21 02:44:46";"System"
"120728";"Lubuk Pakam";"Lubuk Pakam";"56396";"1792";"102";"2025-03-21 02:44:46";"System";"2025-03-21 02:44:46";"System"
"120731";"Pagar Merbau";"Pagar Merbau";"56396";"1792";"102";"2025-03-21 02:44:46";"System";"2025-03-21 02:44:46";"System"
"120732";"Pantai Labu";"Pantai Labu";"56396";"1792";"102";"2025-03-21 02:44:46";"System";"2025-03-21 02:44:46";"System"
"120733";"Beringin";"Beringin";"56396";"1792";"102";"2025-03-21 02:44:46";"System";"2025-03-21 02:44:46";"System"
"120801";"Siantar";"Siantar";"56633";"1792";"102";"2025-03-21 02:44:46";"System";"2025-03-21 02:44:46";"System"
"120802";"Gunung Malela";"Gunung Malela";"56633";"1792";"102";"2025-03-21 02:44:46";"System";"2025-03-21 02:44:46";"System"
"120803";"Gunung Maligas";"Gunung Maligas";"56633";"1792";"102";"2025-03-21 02:44:46";"System";"2025-03-21 02:44:46";"System"
"120804";"Panei";"Panei";"56633";"1792";"102";"2025-03-21 02:44:46";"System";"2025-03-21 02:44:46";"System"
"120805";"Panombeian Pane";"Panombeian Pane";"56633";"1792";"102";"2025-03-21 02:44:46";"System";"2025-03-21 02:44:46";"System"
"120806";"Jorlang Hataran";"Jorlang Hataran";"56633";"1792";"102";"2025-03-21 02:44:46";"System";"2025-03-21 02:44:46";"System"
"120807";"Raya Kahean";"Raya Kahean";"56633";"1792";"102";"2025-03-21 02:44:46";"System";"2025-03-21 02:44:46";"System"
"120808";"Bosar Maligas";"Bosar Maligas";"56633";"1792";"102";"2025-03-21 02:44:46";"System";"2025-03-21 02:44:46";"System"
"120809";"Sidamanik";"Sidamanik";"56633";"1792";"102";"2025-03-21 02:44:46";"System";"2025-03-21 02:44:46";"System"
"120810";"Pematang Sidamanik";"Pematang Sidamanik";"56633";"1792";"102";"2025-03-21 02:44:46";"System";"2025-03-21 02:44:46";"System"
"120811";"Tanah Jawa";"Tanah Jawa";"56633";"1792";"102";"2025-03-21 02:44:46";"System";"2025-03-21 02:44:46";"System"
"120812";"Hatonduhan";"Hatonduhan";"56633";"1792";"102";"2025-03-21 02:44:46";"System";"2025-03-21 02:44:46";"System"
"120813";"Dolok Panribuan";"Dolok Panribuan";"56633";"1792";"102";"2025-03-21 02:44:46";"System";"2025-03-21 02:44:46";"System"
"120814";"Purba";"Purba";"56633";"1792";"102";"2025-03-21 02:44:46";"System";"2025-03-21 02:44:46";"System"
"120815";"Haranggaol Horison";"Haranggaol Horison";"56633";"1792";"102";"2025-03-21 02:44:46";"System";"2025-03-21 02:44:46";"System"
"120816";"Girsang Sipangan Bolon";"Girsang Sipangan Bolon";"56633";"1792";"102";"2025-03-21 02:44:46";"System";"2025-03-21 02:44:46";"System"
"120817";"Dolok Batu Nanggar";"Dolok Batu Nanggar";"56633";"1792";"102";"2025-03-21 02:44:46";"System";"2025-03-21 02:44:46";"System"
"120818";"Huta Bayu Raja";"Huta Bayu Raja";"56633";"1792";"102";"2025-03-21 02:44:46";"System";"2025-03-21 02:44:46";"System"
"120819";"Jawa Maraja Bah Jambi";"Jawa Maraja Bah Jambi";"56633";"1792";"102";"2025-03-21 02:44:46";"System";"2025-03-21 02:44:46";"System"
"120820";"Dolok Pardamean";"Dolok Pardamean";"56633";"1792";"102";"2025-03-21 02:44:46";"System";"2025-03-21 02:44:46";"System"
"120821";"Pematang Bandar";"Pematang Bandar";"56633";"1792";"102";"2025-03-21 02:44:46";"System";"2025-03-21 02:44:46";"System"
"120822";"Bandar Huluan";"Bandar Huluan";"56633";"1792";"102";"2025-03-21 02:44:46";"System";"2025-03-21 02:44:46";"System"
"120823";"Bandar";"Bandar";"56633";"1792";"102";"2025-03-21 02:44:46";"System";"2025-03-21 02:44:46";"System"
"120824";"Bandar Masilam";"Bandar Masilam";"56633";"1792";"102";"2025-03-21 02:44:46";"System";"2025-03-21 02:44:46";"System"
"120825";"Silimakuta";"Silimakuta";"56633";"1792";"102";"2025-03-21 02:44:46";"System";"2025-03-21 02:44:46";"System"
"120826";"Dolok Silau";"Dolok Silau";"56633";"1792";"102";"2025-03-21 02:44:46";"System";"2025-03-21 02:44:46";"System"
"120827";"Silou Kahean";"Silou Kahean";"56633";"1792";"102";"2025-03-21 02:44:46";"System";"2025-03-21 02:44:46";"System"
"120828";"Tapian Dolok";"Tapian Dolok";"56633";"1792";"102";"2025-03-21 02:44:46";"System";"2025-03-21 02:44:46";"System"
"120829";"Raya";"Raya";"56633";"1792";"102";"2025-03-21 02:44:46";"System";"2025-03-21 02:44:46";"System"
"120830";"Ujung Padang";"Ujung Padang";"56633";"1792";"102";"2025-03-21 02:44:46";"System";"2025-03-21 02:44:46";"System"
"120831";"Pamatang Silima Huta";"Pamatang Silima Huta";"56633";"1792";"102";"2025-03-21 02:44:46";"System";"2025-03-21 02:44:46";"System"
"120908";"Meranti";"Meranti";"56320";"1792";"102";"2025-03-21 02:44:46";"System";"2025-03-21 02:44:46";"System"
"120909";"Air Joman";"Air Joman";"56320";"1792";"102";"2025-03-21 02:44:46";"System";"2025-03-21 02:44:46";"System"
"120910";"Tanjung Balai";"Tanjung Balai";"56320";"1792";"102";"2025-03-21 02:44:46";"System";"2025-03-21 02:44:46";"System"
"120911";"Sei Kepayang";"Sei Kepayang";"56320";"1792";"102";"2025-03-21 02:44:46";"System";"2025-03-21 02:44:46";"System"
"120912";"Simpang Empat";"Simpang Empat";"56320";"1792";"102";"2025-03-21 02:44:46";"System";"2025-03-21 02:44:46";"System"
"120913";"Air Batu";"Air Batu";"56320";"1792";"102";"2025-03-21 02:44:46";"System";"2025-03-21 02:44:46";"System"
"120914";"Pulau Rakyat";"Pulau Rakyat";"56320";"1792";"102";"2025-03-21 02:44:46";"System";"2025-03-21 02:44:46";"System"
"120915";"Bandar Pulau";"Bandar Pulau";"56320";"1792";"102";"2025-03-21 02:44:46";"System";"2025-03-21 02:44:46";"System"
"120916";"Buntu Pane";"Buntu Pane";"56320";"1792";"102";"2025-03-21 02:44:46";"System";"2025-03-21 02:44:46";"System"
"120917";"Bandar Pasir Mandoge";"Bandar Pasir Mandoge";"56320";"1792";"102";"2025-03-21 02:44:46";"System";"2025-03-21 02:44:46";"System"
"120918";"Aek Kuasan";"Aek Kuasan";"56320";"1792";"102";"2025-03-21 02:44:46";"System";"2025-03-21 02:44:46";"System"
"120919";"Kota Kisaran Barat";"Kota Kisaran Barat";"56320";"1792";"102";"2025-03-21 02:44:46";"System";"2025-03-21 02:44:46";"System"
"120920";"Kota Kisaran Timur";"Kota Kisaran Timur";"56320";"1792";"102";"2025-03-21 02:44:46";"System";"2025-03-21 02:44:46";"System"
"120921";"Aek Songsongan";"Aek Songsongan";"56320";"1792";"102";"2025-03-21 02:44:46";"System";"2025-03-21 02:44:46";"System"
"120922";"Rahunig";"Rahunig";"56320";"1792";"102";"2025-03-21 02:44:46";"System";"2025-03-21 02:44:46";"System"
"120923";"Sei Dadap";"Sei Dadap";"56320";"1792";"102";"2025-03-21 02:44:46";"System";"2025-03-21 02:44:46";"System"
"120924";"Sei Kepayang Barat";"Sei Kepayang Barat";"56320";"1792";"102";"2025-03-21 02:44:46";"System";"2025-03-21 02:44:46";"System"
"120925";"Sei Kepayang Timur";"Sei Kepayang Timur";"56320";"1792";"102";"2025-03-21 02:44:46";"System";"2025-03-21 02:44:46";"System"
"120926";"Tinggi Raja";"Tinggi Raja";"56320";"1792";"102";"2025-03-21 02:44:46";"System";"2025-03-21 02:44:46";"System"
"120927";"Setia Janji";"Setia Janji";"56320";"1792";"102";"2025-03-21 02:44:46";"System";"2025-03-21 02:44:46";"System"
"120928";"Silau Laut";"Silau Laut";"56320";"1792";"102";"2025-03-21 02:44:46";"System";"2025-03-21 02:44:46";"System"
"120929";"Rawang Panca Arga";"Rawang Panca Arga";"56320";"1792";"102";"2025-03-21 02:44:46";"System";"2025-03-21 02:44:46";"System"
"120930";"Pulo Bandring";"Pulo Bandring";"56320";"1792";"102";"2025-03-21 02:44:46";"System";"2025-03-21 02:44:46";"System"
"120931";"Teluk Dalam";"Teluk Dalam";"56320";"1792";"102";"2025-03-21 02:44:46";"System";"2025-03-21 02:44:46";"System"
"120932";"Aek Ledong";"Aek Ledong";"56320";"1792";"102";"2025-03-21 02:44:46";"System";"2025-03-21 02:44:46";"System"
"121001";"Rantau Utara";"Rantau Utara";"0";"0";"102";"2025-03-21 02:44:46";"System";"2025-03-21 02:44:46";"System"
"121002";"Rantau Selatan";"Rantau Selatan";"0";"0";"102";"2025-03-21 02:44:46";"System";"2025-03-21 02:44:46";"System"
"121007";"Bilah Barat";"Bilah Barat";"0";"0";"102";"2025-03-21 02:44:46";"System";"2025-03-21 02:44:46";"System"
"121008";"Bilah Hilir";"Bilah Hilir";"0";"0";"102";"2025-03-21 02:44:46";"System";"2025-03-21 02:44:46";"System"
"121009";"Bilah Hulu";"Bilah Hulu";"0";"0";"102";"2025-03-21 02:44:46";"System";"2025-03-21 02:44:46";"System"
"121014";"Pangkatan";"Pangkatan";"0";"0";"102";"2025-03-21 02:44:46";"System";"2025-03-21 02:44:46";"System"
"121018";"Panai Tengah";"Panai Tengah";"0";"0";"102";"2025-03-21 02:44:46";"System";"2025-03-21 02:44:46";"System"
"121019";"Panai Hilir";"Panai Hilir";"0";"0";"102";"2025-03-21 02:44:46";"System";"2025-03-21 02:44:46";"System"
"121020";"Panai Hulu";"Panai Hulu";"0";"0";"102";"2025-03-21 02:44:46";"System";"2025-03-21 02:44:46";"System"
"121101";"Sidikalang";"Sidikalang";"56394";"1792";"102";"2025-03-21 02:44:46";"System";"2025-03-21 02:44:46";"System"
"121102";"Sumbul";"Sumbul";"56394";"1792";"102";"2025-03-21 02:44:46";"System";"2025-03-21 02:44:46";"System"
"121103";"Tigalingga";"Tigalingga";"56394";"1792";"102";"2025-03-21 02:44:46";"System";"2025-03-21 02:44:46";"System"
"121104";"Siempat Nempu";"Siempat Nempu";"56394";"1792";"102";"2025-03-21 02:44:46";"System";"2025-03-21 02:44:46";"System"
"121105";"Silima Pungga Punga";"Silima Pungga Punga";"56394";"1792";"102";"2025-03-21 02:44:46";"System";"2025-03-21 02:44:46";"System"
"121106";"Tanah Pinem";"Tanah Pinem";"56394";"1792";"102";"2025-03-21 02:44:46";"System";"2025-03-21 02:44:46";"System"
"121107";"Siempat Nempu Hulu";"Siempat Nempu Hulu";"56394";"1792";"102";"2025-03-21 02:44:46";"System";"2025-03-21 02:44:46";"System"
"121108";"Siempat Nempu Hilir";"Siempat Nempu Hilir";"56394";"1792";"102";"2025-03-21 02:44:46";"System";"2025-03-21 02:44:46";"System"
"121109";"Pegagan Hilir";"Pegagan Hilir";"56394";"1792";"102";"2025-03-21 02:44:46";"System";"2025-03-21 02:44:46";"System"
"121110";"Parbuluan";"Parbuluan";"56394";"1792";"102";"2025-03-21 02:44:46";"System";"2025-03-21 02:44:46";"System"
"121111";"Lae Parira";"Lae Parira";"56394";"1792";"102";"2025-03-21 02:44:46";"System";"2025-03-21 02:44:46";"System"
"121112";"Gunung Sitember";"Gunung Sitember";"56394";"1792";"102";"2025-03-21 02:44:46";"System";"2025-03-21 02:44:46";"System"
"121113";"Brampu";"Brampu";"56394";"1792";"102";"2025-03-21 02:44:46";"System";"2025-03-21 02:44:46";"System"
"121114";"Silahisabungan";"Silahisabungan";"56394";"1792";"102";"2025-03-21 02:44:46";"System";"2025-03-21 02:44:46";"System"
"121115";"Sitinjo";"Sitinjo";"56394";"1792";"102";"2025-03-21 02:44:46";"System";"2025-03-21 02:44:46";"System"
"121201";"Balige";"Balige";"0";"0";"102";"2025-03-21 02:44:46";"System";"2025-03-21 02:44:46";"System"
"121202";"Laguboti";"Laguboti";"0";"0";"102";"2025-03-21 02:44:46";"System";"2025-03-21 02:44:46";"System"
"121203";"Silaen";"Silaen";"0";"0";"102";"2025-03-21 02:44:46";"System";"2025-03-21 02:44:46";"System"
"121204";"Habinsaran";"Habinsaran";"0";"0";"102";"2025-03-21 02:44:46";"System";"2025-03-21 02:44:46";"System"
"121205";"Pintu Pohan Meranti";"Pintu Pohan Meranti";"0";"0";"102";"2025-03-21 02:44:46";"System";"2025-03-21 02:44:46";"System"
"121206";"Borbor";"Borbor";"0";"0";"102";"2025-03-21 02:44:46";"System";"2025-03-21 02:44:46";"System"
"121207";"Porsea";"Porsea";"0";"0";"102";"2025-03-21 02:44:46";"System";"2025-03-21 02:44:46";"System"
"121208";"Ajibata";"Ajibata";"0";"0";"102";"2025-03-21 02:44:46";"System";"2025-03-21 02:44:46";"System"
"121209";"Lumban Julu";"Lumban Julu";"0";"0";"102";"2025-03-21 02:44:46";"System";"2025-03-21 02:44:46";"System"
"121210";"Uluan";"Uluan";"0";"0";"102";"2025-03-21 02:44:46";"System";"2025-03-21 02:44:46";"System"
"121219";"Sigumpar";"Sigumpar";"0";"0";"102";"2025-03-21 02:44:46";"System";"2025-03-21 02:44:46";"System"
"121220";"Siantar Narumonda";"Siantar Narumonda";"0";"0";"102";"2025-03-21 02:44:46";"System";"2025-03-21 02:44:46";"System"
"121221";"Nassau";"Nassau";"0";"0";"102";"2025-03-21 02:44:46";"System";"2025-03-21 02:44:46";"System"
"121222";"Tampahan";"Tampahan";"0";"0";"102";"2025-03-21 02:44:46";"System";"2025-03-21 02:44:46";"System"
"121223";"Bonatua Lunasi";"Bonatua Lunasi";"0";"0";"102";"2025-03-21 02:44:46";"System";"2025-03-21 02:44:46";"System"
"121224";"Parmaksian";"Parmaksian";"0";"0";"102";"2025-03-21 02:44:46";"System";"2025-03-21 02:44:46";"System"
"121301";"Panyabungan";"Panyabungan";"56523";"1792";"102";"2025-03-21 02:44:46";"System";"2025-03-21 02:44:46";"System"
"121302";"Panyabungan Utara";"Panyabungan Utara";"56523";"1792";"102";"2025-03-21 02:44:46";"System";"2025-03-21 02:44:46";"System"
"121303";"Panyabungan Timur";"Panyabungan Timur";"56523";"1792";"102";"2025-03-21 02:44:46";"System";"2025-03-21 02:44:46";"System"
"121304";"Panyabungan Selatan";"Panyabungan Selatan";"56523";"1792";"102";"2025-03-21 02:44:46";"System";"2025-03-21 02:44:46";"System"
"121305";"Panyabungan Barat";"Panyabungan Barat";"56523";"1792";"102";"2025-03-21 02:44:46";"System";"2025-03-21 02:44:46";"System"
"121306";"Siabu";"Siabu";"56523";"1792";"102";"2025-03-21 02:44:46";"System";"2025-03-21 02:44:46";"System"
"121307";"Bukit Malintang";"Bukit Malintang";"56523";"1792";"102";"2025-03-21 02:44:46";"System";"2025-03-21 02:44:46";"System"
"121308";"Kotanopan";"Kotanopan";"56523";"1792";"102";"2025-03-21 02:44:46";"System";"2025-03-21 02:44:46";"System"
"121309";"Lembah Sorik Marapi";"Lembah Sorik Marapi";"56523";"1792";"102";"2025-03-21 02:44:46";"System";"2025-03-21 02:44:46";"System"
"121310";"Tambangan";"Tambangan";"56523";"1792";"102";"2025-03-21 02:44:46";"System";"2025-03-21 02:44:46";"System"
"121311";"Ulu Pungkut";"Ulu Pungkut";"56523";"1792";"102";"2025-03-21 02:44:46";"System";"2025-03-21 02:44:46";"System"
"121312";"Muara Sipongi";"Muara Sipongi";"56523";"1792";"102";"2025-03-21 02:44:46";"System";"2025-03-21 02:44:46";"System"
"121313";"Batang Natal";"Batang Natal";"56523";"1792";"102";"2025-03-21 02:44:46";"System";"2025-03-21 02:44:46";"System"
"121314";"Lingga Bayu";"Lingga Bayu";"56523";"1792";"102";"2025-03-21 02:44:46";"System";"2025-03-21 02:44:46";"System"
"121315";"Batahan";"Batahan";"56523";"1792";"102";"2025-03-21 02:44:46";"System";"2025-03-21 02:44:46";"System"
"121316";"Natal";"Natal";"56523";"1792";"102";"2025-03-21 02:44:46";"System";"2025-03-21 02:44:46";"System"
"121317";"Muara Batang Gadis";"Muara Batang Gadis";"56523";"1792";"102";"2025-03-21 02:44:46";"System";"2025-03-21 02:44:46";"System"
"121318";"Ranto Baek";"Ranto Baek";"56523";"1792";"102";"2025-03-21 02:44:46";"System";"2025-03-21 02:44:46";"System"
"121319";"Huta Bargot";"Huta Bargot";"56523";"1792";"102";"2025-03-21 02:44:46";"System";"2025-03-21 02:44:46";"System"
"121320";"Puncak Sorik Marapi";"Puncak Sorik Marapi";"56523";"1792";"102";"2025-03-21 02:44:46";"System";"2025-03-21 02:44:46";"System"
"121321";"Pakantan";"Pakantan";"56523";"1792";"102";"2025-03-21 02:44:46";"System";"2025-03-21 02:44:46";"System"
"121322";"Sinunukan";"Sinunukan";"56523";"1792";"102";"2025-03-21 02:44:46";"System";"2025-03-21 02:44:46";"System"
"121323";"Naga Juang";"Naga Juang";"56523";"1792";"102";"2025-03-21 02:44:46";"System";"2025-03-21 02:44:46";"System"
"121401";"Lolomatua";"Lolomatua";"148754";"1792";"102";"2025-03-21 02:44:46";"System";"2025-03-21 02:44:46";"System"
"121402";"Gomo";"Gomo";"148754";"1792";"102";"2025-03-21 02:44:46";"System";"2025-03-21 02:44:46";"System"
"121403";"Lahusa";"Lahusa";"148754";"1792";"102";"2025-03-21 02:44:46";"System";"2025-03-21 02:44:46";"System"
"121404";"Hibala";"Hibala";"148754";"1792";"102";"2025-03-21 02:44:46";"System";"2025-03-21 02:44:46";"System"
"121405";"Pulau-Pulau Batu";"Pulau-Pulau Batu";"148754";"1792";"102";"2025-03-21 02:44:46";"System";"2025-03-21 02:44:46";"System"
"121406";"Teluk Dalam";"Teluk Dalam";"148754";"1792";"102";"2025-03-21 02:44:46";"System";"2025-03-21 02:44:46";"System"
"121407";"Amandraya";"Amandraya";"148754";"1792";"102";"2025-03-21 02:44:46";"System";"2025-03-21 02:44:46";"System"
"121408";"Lalowa'u";"Lalowa'u";"148754";"1792";"102";"2025-03-21 02:44:46";"System";"2025-03-21 02:44:46";"System"
"121409";"Susua";"Susua";"148754";"1792";"102";"2025-03-21 02:44:46";"System";"2025-03-21 02:44:46";"System"
"121410";"Maniamolo";"Maniamolo";"148754";"1792";"102";"2025-03-21 02:44:46";"System";"2025-03-21 02:44:46";"System"
"121411";"Hilimegai";"Hilimegai";"148754";"1792";"102";"2025-03-21 02:44:46";"System";"2025-03-21 02:44:46";"System"
"121412";"Toma";"Toma";"148754";"1792";"102";"2025-03-21 02:44:46";"System";"2025-03-21 02:44:46";"System"
"121413";"Mazino";"Mazino";"148754";"1792";"102";"2025-03-21 02:44:46";"System";"2025-03-21 02:44:46";"System"
"121414";"Umbunasi";"Umbunasi";"148754";"1792";"102";"2025-03-21 02:44:46";"System";"2025-03-21 02:44:46";"System"
"121415";"Aramo";"Aramo";"148754";"1792";"102";"2025-03-21 02:44:46";"System";"2025-03-21 02:44:46";"System"
"121416";"Pulau-Pulau Batu Timur";"Pulau-Pulau Batu Timur";"148754";"1792";"102";"2025-03-21 02:44:46";"System";"2025-03-21 02:44:46";"System"
"121417";"Mazo";"Mazo";"148754";"1792";"102";"2025-03-21 02:44:46";"System";"2025-03-21 02:44:46";"System"
"121418";"Fanayama";"Fanayama";"148754";"1792";"102";"2025-03-21 02:44:46";"System";"2025-03-21 02:44:46";"System"
"121419";"Ulunoyo";"Ulunoyo";"148754";"1792";"102";"2025-03-21 02:44:46";"System";"2025-03-21 02:44:46";"System"
"121420";"Huruna";"Huruna";"148754";"1792";"102";"2025-03-21 02:44:46";"System";"2025-03-21 02:44:46";"System"
"121421";"O'o'u";"O'o'u";"148754";"1792";"102";"2025-03-21 02:44:46";"System";"2025-03-21 02:44:46";"System"
"121422";"Onohazumba";"Onohazumba";"148754";"1792";"102";"2025-03-21 02:44:46";"System";"2025-03-21 02:44:46";"System"
"121423";"Hilisalawa'ahe";"Hilisalawa'ahe";"148754";"1792";"102";"2025-03-21 02:44:46";"System";"2025-03-21 02:44:46";"System"
"121424";"Ulususua";"Ulususua";"148754";"1792";"102";"2025-03-21 02:44:46";"System";"2025-03-21 02:44:46";"System"
"121425";"Sidua'ori";"Sidua'ori";"148754";"1792";"102";"2025-03-21 02:44:46";"System";"2025-03-21 02:44:46";"System"
"121426";"Somambawa";"Somambawa";"148754";"1792";"102";"2025-03-21 02:44:46";"System";"2025-03-21 02:44:46";"System"
"121427";"Boronadu";"Boronadu";"148754";"1792";"102";"2025-03-21 02:44:46";"System";"2025-03-21 02:44:46";"System"
"121428";"Simuk";"Simuk";"148754";"1792";"102";"2025-03-21 02:44:46";"System";"2025-03-21 02:44:46";"System"
"121429";"Pulau-Pulau Batu Barat";"Pulau-Pulau Batu Barat";"148754";"1792";"102";"2025-03-21 02:44:46";"System";"2025-03-21 02:44:46";"System"
"121430";"Pulau-Pulau Batu Utara";"Pulau-Pulau Batu Utara";"148754";"1792";"102";"2025-03-21 02:44:46";"System";"2025-03-21 02:44:46";"System"
"121431";"Tanah Masa";"Tanah Masa";"148754";"1792";"102";"2025-03-21 02:44:46";"System";"2025-03-21 02:44:46";"System"
"121501";"Sitelu Tali Urang Jehe";"Sitelu Tali Urang Jehe";"56572";"1792";"102";"2025-03-21 02:44:46";"System";"2025-03-21 02:44:46";"System"
"121502";"Kerajaan";"Kerajaan";"56572";"1792";"102";"2025-03-21 02:44:46";"System";"2025-03-21 02:44:46";"System"
"121503";"Salak";"Salak";"56572";"1792";"102";"2025-03-21 02:44:46";"System";"2025-03-21 02:44:46";"System"
"121504";"Sitelu Tali Urang Julu";"Sitelu Tali Urang Julu";"56572";"1792";"102";"2025-03-21 02:44:46";"System";"2025-03-21 02:44:46";"System"
"121505";"Pergetteng Getteng Sengkut";"Pergetteng Getteng Sengkut";"56572";"1792";"102";"2025-03-21 02:44:46";"System";"2025-03-21 02:44:46";"System"
"121506";"Pagindar";"Pagindar";"56572";"1792";"102";"2025-03-21 02:44:46";"System";"2025-03-21 02:44:46";"System"
"121507";"Tinada";"Tinada";"56572";"1792";"102";"2025-03-21 02:44:46";"System";"2025-03-21 02:44:46";"System"
"121508";"Siempat Rube";"Siempat Rube";"56572";"1792";"102";"2025-03-21 02:44:46";"System";"2025-03-21 02:44:46";"System"
"121601";"Parlilitan";"Parlilitan";"56423";"1792";"102";"2025-03-21 02:44:46";"System";"2025-03-21 02:44:46";"System"
"121602";"Pollung";"Pollung";"56423";"1792";"102";"2025-03-21 02:44:46";"System";"2025-03-21 02:44:46";"System"
"121603";"Baktiraja";"Baktiraja";"56423";"1792";"102";"2025-03-21 02:44:46";"System";"2025-03-21 02:44:46";"System"
"121604";"Paranginan";"Paranginan";"56423";"1792";"102";"2025-03-21 02:44:46";"System";"2025-03-21 02:44:46";"System"
"121605";"Lintong Nihuta";"Lintong Nihuta";"56423";"1792";"102";"2025-03-21 02:44:46";"System";"2025-03-21 02:44:46";"System"
"121606";"Dolok Sanggul";"Dolok Sanggul";"56423";"1792";"102";"2025-03-21 02:44:46";"System";"2025-03-21 02:44:46";"System"
"121607";"Sijamapolang";"Sijamapolang";"56423";"1792";"102";"2025-03-21 02:44:46";"System";"2025-03-21 02:44:46";"System"
"121608";"Onan Ganjang";"Onan Ganjang";"56423";"1792";"102";"2025-03-21 02:44:46";"System";"2025-03-21 02:44:46";"System"
"121609";"Pakkat";"Pakkat";"56423";"1792";"102";"2025-03-21 02:44:46";"System";"2025-03-21 02:44:46";"System"
"121610";"Tarabintang";"Tarabintang";"56423";"1792";"102";"2025-03-21 02:44:46";"System";"2025-03-21 02:44:46";"System"
"121701";"Simanindo";"Simanindo";"56615";"1792";"102";"2025-03-21 02:44:46";"System";"2025-03-21 02:44:46";"System"
"121702";"Onan Runggu";"Onan Runggu";"56615";"1792";"102";"2025-03-21 02:44:46";"System";"2025-03-21 02:44:46";"System"
"121703";"Nainggolan";"Nainggolan";"56615";"1792";"102";"2025-03-21 02:44:46";"System";"2025-03-21 02:44:46";"System"
"121704";"Palipi";"Palipi";"56615";"1792";"102";"2025-03-21 02:44:46";"System";"2025-03-21 02:44:46";"System"
"121705";"Harian";"Harian";"56615";"1792";"102";"2025-03-21 02:44:46";"System";"2025-03-21 02:44:46";"System"
"121706";"Sianjar Mula Mula";"Sianjar Mula Mula";"56615";"1792";"102";"2025-03-21 02:44:46";"System";"2025-03-21 02:44:46";"System"
"121707";"Ronggur Nihuta";"Ronggur Nihuta";"56615";"1792";"102";"2025-03-21 02:44:46";"System";"2025-03-21 02:44:46";"System"
"121708";"Pangururan";"Pangururan";"56615";"1792";"102";"2025-03-21 02:44:46";"System";"2025-03-21 02:44:46";"System"
"121709";"Sitio-tio";"Sitio-tio";"56615";"1792";"102";"2025-03-21 02:44:46";"System";"2025-03-21 02:44:46";"System"
"121801";"Pantai Cermin";"Pantai Cermin";"56624";"1792";"102";"2025-03-21 02:44:46";"System";"2025-03-21 02:44:46";"System"
"121802";"Perbaungan";"Perbaungan";"56624";"1792";"102";"2025-03-21 02:44:46";"System";"2025-03-21 02:44:46";"System"
"121803";"Teluk Mengkudu";"Teluk Mengkudu";"56624";"1792";"102";"2025-03-21 02:44:46";"System";"2025-03-21 02:44:46";"System"
"121804";"Sei. Rampah";"Sei. Rampah";"56624";"1792";"102";"2025-03-21 02:44:46";"System";"2025-03-21 02:44:46";"System"
"121805";"Tanjung Beringin";"Tanjung Beringin";"56624";"1792";"102";"2025-03-21 02:44:46";"System";"2025-03-21 02:44:46";"System"
"121806";"Bandar Khalifah";"Bandar Khalifah";"56624";"1792";"102";"2025-03-21 02:44:46";"System";"2025-03-21 02:44:46";"System"
"121807";"Dolok Merawan";"Dolok Merawan";"56624";"1792";"102";"2025-03-21 02:44:46";"System";"2025-03-21 02:44:46";"System"
"121808";"Sipispis";"Sipispis";"56624";"1792";"102";"2025-03-21 02:44:46";"System";"2025-03-21 02:44:46";"System"
"121809";"Dolok Masihul";"Dolok Masihul";"56624";"1792";"102";"2025-03-21 02:44:46";"System";"2025-03-21 02:44:46";"System"
"121810";"Kotarih";"Kotarih";"56624";"1792";"102";"2025-03-21 02:44:46";"System";"2025-03-21 02:44:46";"System"
"121811";"Silinda";"Silinda";"56624";"1792";"102";"2025-03-21 02:44:46";"System";"2025-03-21 02:44:46";"System"
"121812";"Serba Jadi";"Serba Jadi";"56624";"1792";"102";"2025-03-21 02:44:46";"System";"2025-03-21 02:44:46";"System"
"121813";"Tebing Tinggi";"Tebing Tinggi";"56624";"1792";"102";"2025-03-21 02:44:46";"System";"2025-03-21 02:44:46";"System"
"121814";"Pegajahan";"Pegajahan";"56624";"1792";"102";"2025-03-21 02:44:46";"System";"2025-03-21 02:44:46";"System"
"121815";"Sei Bamban";"Sei Bamban";"56624";"1792";"102";"2025-03-21 02:44:46";"System";"2025-03-21 02:44:46";"System"
"121816";"Tebing Syahbandar";"Tebing Syahbandar";"56624";"1792";"102";"2025-03-21 02:44:46";"System";"2025-03-21 02:44:46";"System"
"121817";"Bintang Bayu";"Bintang Bayu";"56624";"1792";"102";"2025-03-21 02:44:46";"System";"2025-03-21 02:44:46";"System"
"121901";"Medang Deras";"Medang Deras";"56348";"1792";"102";"2025-03-21 02:44:46";"System";"2025-03-21 02:44:46";"System"
"121902";"Sei Suka";"Sei Suka";"56348";"1792";"102";"2025-03-21 02:44:46";"System";"2025-03-21 02:44:46";"System"
"121903";"Air Putih";"Air Putih";"56348";"1792";"102";"2025-03-21 02:44:46";"System";"2025-03-21 02:44:46";"System"
"121904";"Lima Puluh";"Lima Puluh";"56348";"1792";"102";"2025-03-21 02:44:46";"System";"2025-03-21 02:44:46";"System"
"121905";"Talawi";"Talawi";"56348";"1792";"102";"2025-03-21 02:44:46";"System";"2025-03-21 02:44:46";"System"
"121906";"Tanjung Tiram";"Tanjung Tiram";"56348";"1792";"102";"2025-03-21 02:44:46";"System";"2025-03-21 02:44:46";"System"
"121907";"Sei Balai";"Sei Balai";"56348";"1792";"102";"2025-03-21 02:44:46";"System";"2025-03-21 02:44:46";"System"
"122001";"Dolok Sigompulon";"Dolok Sigompulon";"56570";"1792";"102";"2025-03-21 02:44:46";"System";"2025-03-21 02:44:46";"System"
"122002";"Dolok";"Dolok";"56570";"1792";"102";"2025-03-21 02:44:46";"System";"2025-03-21 02:44:46";"System"
"122003";"Halongonan";"Halongonan";"56570";"1792";"102";"2025-03-21 02:44:46";"System";"2025-03-21 02:44:46";"System"
"122004";"Padang Bolak";"Padang Bolak";"56570";"1792";"102";"2025-03-21 02:44:46";"System";"2025-03-21 02:44:46";"System"
"122005";"Padang Bolak Julu";"Padang Bolak Julu";"56570";"1792";"102";"2025-03-21 02:44:46";"System";"2025-03-21 02:44:46";"System"
"122006";"Portibi";"Portibi";"56570";"1792";"102";"2025-03-21 02:44:46";"System";"2025-03-21 02:44:46";"System"
"122007";"Batang Onang";"Batang Onang";"56570";"1792";"102";"2025-03-21 02:44:46";"System";"2025-03-21 02:44:46";"System"
"122008";"Simangambat";"Simangambat";"56570";"1792";"102";"2025-03-21 02:44:46";"System";"2025-03-21 02:44:46";"System"
"122009";"Hulu Sihapas";"Hulu Sihapas";"56570";"1792";"102";"2025-03-21 02:44:46";"System";"2025-03-21 02:44:46";"System"
"122101";"Sosopan";"Sosopan";"56569";"1792";"102";"2025-03-21 02:44:46";"System";"2025-03-21 02:44:46";"System"
"122102";"Barumun Tengah";"Barumun Tengah";"56569";"1792";"102";"2025-03-21 02:44:46";"System";"2025-03-21 02:44:46";"System"
"122103";"Huristak";"Huristak";"56569";"1792";"102";"2025-03-21 02:44:46";"System";"2025-03-21 02:44:46";"System"
"122104";"Lubuk Barumun";"Lubuk Barumun";"56569";"1792";"102";"2025-03-21 02:44:46";"System";"2025-03-21 02:44:46";"System"
"122105";"Huta Raja Tinggi";"Huta Raja Tinggi";"56569";"1792";"102";"2025-03-21 02:44:46";"System";"2025-03-21 02:44:46";"System"
"122106";"Ulu Barumun";"Ulu Barumun";"56569";"1792";"102";"2025-03-21 02:44:46";"System";"2025-03-21 02:44:46";"System"
"122107";"Barumun";"Barumun";"56569";"1792";"102";"2025-03-21 02:44:46";"System";"2025-03-21 02:44:46";"System"
"122108";"Sosa";"Sosa";"56569";"1792";"102";"2025-03-21 02:44:46";"System";"2025-03-21 02:44:46";"System"
"122109";"Batang Lubu Sutam";"Batang Lubu Sutam";"56569";"1792";"102";"2025-03-21 02:44:46";"System";"2025-03-21 02:44:46";"System"
"122110";"Barumun Selatan";"Barumun Selatan";"56569";"1792";"102";"2025-03-21 02:44:46";"System";"2025-03-21 02:44:46";"System"
"122111";"Aek Nabara Barumun";"Aek Nabara Barumun";"56569";"1792";"102";"2025-03-21 02:44:46";"System";"2025-03-21 02:44:46";"System"
"122112";"Sihapas Barumun";"Sihapas Barumun";"56569";"1792";"102";"2025-03-21 02:44:46";"System";"2025-03-21 02:44:46";"System"
"122201";"Kotapinang";"Kotapinang";"0";"0";"102";"2025-03-21 02:44:46";"System";"2025-03-21 02:44:46";"System"
"122202";"Kampung Rakyat";"Kampung Rakyat";"0";"0";"102";"2025-03-21 02:44:46";"System";"2025-03-21 02:44:46";"System"
"122203";"Torgamba";"Torgamba";"0";"0";"102";"2025-03-21 02:44:46";"System";"2025-03-21 02:44:46";"System"
"122204";"Sungai Kanan";"Sungai Kanan";"0";"0";"102";"2025-03-21 02:44:46";"System";"2025-03-21 02:44:46";"System"
"122205";"Silangkitang";"Silangkitang";"0";"0";"102";"2025-03-21 02:44:46";"System";"2025-03-21 02:44:46";"System"
"122301";"Kualuh Hulu";"Kualuh Hulu";"0";"0";"102";"2025-03-21 02:44:46";"System";"2025-03-21 02:44:46";"System"
"122302";"Kualuh Leidong";"Kualuh Leidong";"0";"0";"102";"2025-03-21 02:44:46";"System";"2025-03-21 02:44:46";"System"
"122303";"Kualuh Hilir";"Kualuh Hilir";"0";"0";"102";"2025-03-21 02:44:46";"System";"2025-03-21 02:44:46";"System"
"122304";"Aek Kuo";"Aek Kuo";"0";"0";"102";"2025-03-21 02:44:46";"System";"2025-03-21 02:44:46";"System"
"122305";"Marbau";"Marbau";"0";"0";"102";"2025-03-21 02:44:46";"System";"2025-03-21 02:44:46";"System"
"122306";"Na IX - X";"Na IX - X";"0";"0";"102";"2025-03-21 02:44:46";"System";"2025-03-21 02:44:46";"System"
"122307";"Aek Natas";"Aek Natas";"0";"0";"102";"2025-03-21 02:44:46";"System";"2025-03-21 02:44:46";"System"
"122308";"Kualuh Selatan";"Kualuh Selatan";"0";"0";"102";"2025-03-21 02:44:46";"System";"2025-03-21 02:44:46";"System"
"122401";"Lotu";"Lotu";"56561";"1792";"102";"2025-03-21 02:44:46";"System";"2025-03-21 02:44:46";"System"
"122402";"Sawo";"Sawo";"56561";"1792";"102";"2025-03-21 02:44:46";"System";"2025-03-21 02:44:46";"System"
"122403";"Tuhemberua";"Tuhemberua";"56561";"1792";"102";"2025-03-21 02:44:46";"System";"2025-03-21 02:44:46";"System"
"122404";"Sitolu Ori";"Sitolu Ori";"56561";"1792";"102";"2025-03-21 02:44:46";"System";"2025-03-21 02:44:46";"System"
"122405";"Namohalu Esiwa";"Namohalu Esiwa";"56561";"1792";"102";"2025-03-21 02:44:46";"System";"2025-03-21 02:44:46";"System"
"122406";"Alasa Talumuzoi";"Alasa Talumuzoi";"56561";"1792";"102";"2025-03-21 02:44:46";"System";"2025-03-21 02:44:46";"System"
"122407";"Alasa";"Alasa";"56561";"1792";"102";"2025-03-21 02:44:46";"System";"2025-03-21 02:44:46";"System"
"122408";"Tugala Oyo";"Tugala Oyo";"56561";"1792";"102";"2025-03-21 02:44:46";"System";"2025-03-21 02:44:46";"System"
"122409";"Afulu";"Afulu";"56561";"1792";"102";"2025-03-21 02:44:46";"System";"2025-03-21 02:44:46";"System"
"122410";"Lahewa";"Lahewa";"56561";"1792";"102";"2025-03-21 02:44:46";"System";"2025-03-21 02:44:46";"System"
"122411";"Lahewa Timur";"Lahewa Timur";"56561";"1792";"102";"2025-03-21 02:44:46";"System";"2025-03-21 02:44:46";"System"
"122501";"Lahomi";"Lahomi";"56560";"1792";"102";"2025-03-21 02:44:46";"System";"2025-03-21 02:44:46";"System"
"122502";"Sirombu";"Sirombu";"56560";"1792";"102";"2025-03-21 02:44:46";"System";"2025-03-21 02:44:46";"System"
"122503";"Mandrehe Barat";"Mandrehe Barat";"56560";"1792";"102";"2025-03-21 02:44:46";"System";"2025-03-21 02:44:46";"System"
"122504";"Moro'o";"Moro'o";"56560";"1792";"102";"2025-03-21 02:44:46";"System";"2025-03-21 02:44:46";"System"
"122505";"Mandrehe";"Mandrehe";"56560";"1792";"102";"2025-03-21 02:44:46";"System";"2025-03-21 02:44:46";"System"
"122506";"Mandrehe Utara";"Mandrehe Utara";"56560";"1792";"102";"2025-03-21 02:44:46";"System";"2025-03-21 02:44:46";"System"
"122507";"Lolofitu Moi";"Lolofitu Moi";"56560";"1792";"102";"2025-03-21 02:44:46";"System";"2025-03-21 02:44:46";"System"
"122508";"Ulu Moro'o";"Ulu Moro'o";"56560";"1792";"102";"2025-03-21 02:44:46";"System";"2025-03-21 02:44:46";"System"
"127101";"Medan Kota";"Medan Kota";"56770";"1792";"102";"2025-03-21 02:44:46";"System";"2025-03-21 02:44:46";"System"
"127102";"Medan Sunggal";"Medan Sunggal";"56770";"1792";"102";"2025-03-21 02:44:46";"System";"2025-03-21 02:44:46";"System"
"127103";"Medan Helvetia";"Medan Helvetia";"56770";"1792";"102";"2025-03-21 02:44:46";"System";"2025-03-21 02:44:46";"System"
"127104";"Medan Denai";"Medan Denai";"56770";"1792";"102";"2025-03-21 02:44:46";"System";"2025-03-21 02:44:46";"System"
"127105";"Medan Barat";"Medan Barat";"56770";"1792";"102";"2025-03-21 02:44:46";"System";"2025-03-21 02:44:46";"System"
"127106";"Medan Deli";"Medan Deli";"56770";"1792";"102";"2025-03-21 02:44:46";"System";"2025-03-21 02:44:46";"System"
"127107";"Medan Tuntungan";"Medan Tuntungan";"56770";"1792";"102";"2025-03-21 02:44:46";"System";"2025-03-21 02:44:46";"System"
"127108";"Medan Belawan";"Medan Belawan";"56770";"1792";"102";"2025-03-21 02:44:46";"System";"2025-03-21 02:44:46";"System"
"127109";"Medan Amplas";"Medan Amplas";"56770";"1792";"102";"2025-03-21 02:44:46";"System";"2025-03-21 02:44:46";"System"
"127110";"Medan Area";"Medan Area";"56770";"1792";"102";"2025-03-21 02:44:46";"System";"2025-03-21 02:44:46";"System"
"127111";"Medan Johor";"Medan Johor";"56770";"1792";"102";"2025-03-21 02:44:46";"System";"2025-03-21 02:44:46";"System"
"127112";"Medan Marelan";"Medan Marelan";"56770";"1792";"102";"2025-03-21 02:44:46";"System";"2025-03-21 02:44:46";"System"
"127113";"Medan Labuhan";"Medan Labuhan";"56770";"1792";"102";"2025-03-21 02:44:46";"System";"2025-03-21 02:44:46";"System"
"127114";"Medan Tembung";"Medan Tembung";"56770";"1792";"102";"2025-03-21 02:44:46";"System";"2025-03-21 02:44:46";"System"
"127115";"Medan Maimun";"Medan Maimun";"56770";"1792";"102";"2025-03-21 02:44:46";"System";"2025-03-21 02:44:46";"System"
"127116";"Medan Polonia";"Medan Polonia";"56770";"1792";"102";"2025-03-21 02:44:46";"System";"2025-03-21 02:44:46";"System"
"127117";"Medan Baru";"Medan Baru";"56770";"1792";"102";"2025-03-21 02:44:46";"System";"2025-03-21 02:44:46";"System"
"127118";"Medan Perjuangan";"Medan Perjuangan";"56770";"1792";"102";"2025-03-21 02:44:46";"System";"2025-03-21 02:44:46";"System"
"127119";"Medan Petisah";"Medan Petisah";"56770";"1792";"102";"2025-03-21 02:44:46";"System";"2025-03-21 02:44:46";"System"
"127120";"Medan Timur";"Medan Timur";"56770";"1792";"102";"2025-03-21 02:44:46";"System";"2025-03-21 02:44:46";"System"
"127121";"Medan Selayang";"Medan Selayang";"56770";"1792";"102";"2025-03-21 02:44:46";"System";"2025-03-21 02:44:46";"System"
"127201";"Siantar Timur";"Siantar Timur";"56788";"1792";"102";"2025-03-21 02:44:46";"System";"2025-03-21 02:44:46";"System"
"127202";"Siantar Barat";"Siantar Barat";"56788";"1792";"102";"2025-03-21 02:44:46";"System";"2025-03-21 02:44:46";"System"
"127203";"Siantar Utara";"Siantar Utara";"56788";"1792";"102";"2025-03-21 02:44:46";"System";"2025-03-21 02:44:46";"System"
"127204";"Siantar Selatan";"Siantar Selatan";"56788";"1792";"102";"2025-03-21 02:44:46";"System";"2025-03-21 02:44:46";"System"
"127205";"Siantar Marihat";"Siantar Marihat";"56788";"1792";"102";"2025-03-21 02:44:46";"System";"2025-03-21 02:44:46";"System"
"127206";"Siantar Martoba";"Siantar Martoba";"56788";"1792";"102";"2025-03-21 02:44:46";"System";"2025-03-21 02:44:46";"System"
"127207";"Siantar Sitalasari";"Siantar Sitalasari";"56788";"1792";"102";"2025-03-21 02:44:46";"System";"2025-03-21 02:44:46";"System"
"127208";"Siantar Marimbun";"Siantar Marimbun";"56788";"1792";"102";"2025-03-21 02:44:46";"System";"2025-03-21 02:44:46";"System"
"127301";"Sibolga Utara";"Sibolga Utara";"56797";"1792";"102";"2025-03-21 02:44:46";"System";"2025-03-21 02:44:46";"System"
"127302";"Sibolga Kota";"Sibolga Kota";"56797";"1792";"102";"2025-03-21 02:44:46";"System";"2025-03-21 02:44:46";"System"
"127303";"Sibolga Selatan";"Sibolga Selatan";"56797";"1792";"102";"2025-03-21 02:44:46";"System";"2025-03-21 02:44:46";"System"
"127304";"Sibolga Sambas";"Sibolga Sambas";"56797";"1792";"102";"2025-03-21 02:44:46";"System";"2025-03-21 02:44:46";"System"
"127401";"Tanjung Balai Selatan";"Tanjung Balai Selatan";"56807";"1792";"102";"2025-03-21 02:44:46";"System";"2025-03-21 02:44:46";"System"
"127402";"Tanjung Balai Utara";"Tanjung Balai Utara";"56807";"1792";"102";"2025-03-21 02:44:46";"System";"2025-03-21 02:44:46";"System"
"127403";"Sei Tualang Raso";"Sei Tualang Raso";"56807";"1792";"102";"2025-03-21 02:44:46";"System";"2025-03-21 02:44:46";"System"
"127404";"Teluk Nibung";"Teluk Nibung";"56807";"1792";"102";"2025-03-21 02:44:46";"System";"2025-03-21 02:44:46";"System"
"127405";"Datuk Bandar";"Datuk Bandar";"56807";"1792";"102";"2025-03-21 02:44:46";"System";"2025-03-21 02:44:46";"System"
"127406";"Datuk Bandar Timur";"Datuk Bandar Timur";"56807";"1792";"102";"2025-03-21 02:44:46";"System";"2025-03-21 02:44:46";"System"
"127501";"Binjai Utara";"Binjai Utara";"56741";"1792";"102";"2025-03-21 02:44:46";"System";"2025-03-21 02:44:46";"System"
"127502";"Binjai Kota";"Binjai Kota";"56741";"1792";"102";"2025-03-21 02:44:46";"System";"2025-03-21 02:44:46";"System"
"127503";"Binjai Barat";"Binjai Barat";"56741";"1792";"102";"2025-03-21 02:44:46";"System";"2025-03-21 02:44:46";"System"
"127504";"Binjai Timur";"Binjai Timur";"56741";"1792";"102";"2025-03-21 02:44:46";"System";"2025-03-21 02:44:46";"System"
"127505";"Binjai Selatan";"Binjai Selatan";"56741";"1792";"102";"2025-03-21 02:44:46";"System";"2025-03-21 02:44:46";"System"
"127601";"Padang Hulu";"Padang Hulu";"56810";"1792";"102";"2025-03-21 02:44:46";"System";"2025-03-21 02:44:46";"System"
"127602";"Rambutan";"Rambutan";"56810";"1792";"102";"2025-03-21 02:44:46";"System";"2025-03-21 02:44:46";"System"
"127603";"Padang Hilir";"Padang Hilir";"56810";"1792";"102";"2025-03-21 02:44:46";"System";"2025-03-21 02:44:46";"System"
"127604";"Bajenis";"Bajenis";"56810";"1792";"102";"2025-03-21 02:44:46";"System";"2025-03-21 02:44:46";"System"
"127605";"Tebing Tinggi Kota";"Tebing Tinggi Kota";"56810";"1792";"102";"2025-03-21 02:44:46";"System";"2025-03-21 02:44:46";"System"
"127701";"Padangsidimpuan Utara";"Padangsidimpuan Utara";"56775";"1792";"102";"2025-03-21 02:44:46";"System";"2025-03-21 02:44:46";"System"
"127702";"Padangsidimpuan Selatan";"Padangsidimpuan Selatan";"56775";"1792";"102";"2025-03-21 02:44:46";"System";"2025-03-21 02:44:46";"System"
"127703";"Padangsidimpuan Batunadua";"Padangsidimpuan Batunadua";"56775";"1792";"102";"2025-03-21 02:44:46";"System";"2025-03-21 02:44:46";"System"
"127704";"Padangsidimpuan Hutaimbaru";"Padangsidimpuan Hutaimbaru";"56775";"1792";"102";"2025-03-21 02:44:46";"System";"2025-03-21 02:44:46";"System"
"127705";"Padangsidimpuan Tenggara";"Padangsidimpuan Tenggara";"56775";"1792";"102";"2025-03-21 02:44:46";"System";"2025-03-21 02:44:46";"System"
"127706";"Padangsidimpuan Angkola Julu";"Padangsidimpuan Angkola Julu";"56775";"1792";"102";"2025-03-21 02:44:46";"System";"2025-03-21 02:44:46";"System"
"127801";"Gunungsitoli";"Gunungsitoli";"56754";"1792";"102";"2025-03-21 02:44:46";"System";"2025-03-21 02:44:46";"System"
"127802";"Gunungsitoli Selatan";"Gunungsitoli Selatan";"56754";"1792";"102";"2025-03-21 02:44:46";"System";"2025-03-21 02:44:46";"System"
"127803";"Gunungsitoli Utara";"Gunungsitoli Utara";"56754";"1792";"102";"2025-03-21 02:44:46";"System";"2025-03-21 02:44:46";"System"
"127804";"Gunungsitoli Idanoi";"Gunungsitoli Idanoi";"56754";"1792";"102";"2025-03-21 02:44:46";"System";"2025-03-21 02:44:46";"System"
"127805";"Gunungsitoli Alo'oa";"Gunungsitoli Alo'oa";"56754";"1792";"102";"2025-03-21 02:44:46";"System";"2025-03-21 02:44:46";"System"
"127806";"Gunungsitoli Barat";"Gunungsitoli Barat";"56754";"1792";"102";"2025-03-21 02:44:46";"System";"2025-03-21 02:44:46";"System"
"130101";"Pancung Soal";"Pancung Soal";"56592";"1828";"102";"2025-03-21 02:44:46";"System";"2025-03-21 02:44:46";"System"
"130102";"Ranah Pesisir";"Ranah Pesisir";"56592";"1828";"102";"2025-03-21 02:44:46";"System";"2025-03-21 02:44:46";"System"
"130103";"Lengayang";"Lengayang";"56592";"1828";"102";"2025-03-21 02:44:46";"System";"2025-03-21 02:44:46";"System"
"130104";"Batang Kapas";"Batang Kapas";"56592";"1828";"102";"2025-03-21 02:44:46";"System";"2025-03-21 02:44:46";"System"
"130105";"IV Jurai";"IV Jurai";"56592";"1828";"102";"2025-03-21 02:44:46";"System";"2025-03-21 02:44:46";"System"
"130106";"Bayang";"Bayang";"56592";"1828";"102";"2025-03-21 02:44:46";"System";"2025-03-21 02:44:46";"System"
"130107";"Koto XI Tarusan";"Koto XI Tarusan";"56592";"1828";"102";"2025-03-21 02:44:46";"System";"2025-03-21 02:44:46";"System"
"130108";"Sutera";"Sutera";"56592";"1828";"102";"2025-03-21 02:44:46";"System";"2025-03-21 02:44:46";"System"
"130109";"Linggo Sari Baganti";"Linggo Sari Baganti";"56592";"1828";"102";"2025-03-21 02:44:46";"System";"2025-03-21 02:44:46";"System"
"130110";"Lunang";"Lunang";"56592";"1828";"102";"2025-03-21 02:44:46";"System";"2025-03-21 02:44:46";"System"
"130111";"Basa Ampek Balai Tapan";"Basa Ampek Balai Tapan";"56592";"1828";"102";"2025-03-21 02:44:46";"System";"2025-03-21 02:44:46";"System"
"130112";"IV Nagari Bayang Utara";"IV Nagari Bayang Utara";"56592";"1828";"102";"2025-03-21 02:44:46";"System";"2025-03-21 02:44:46";"System"
"130113";"Airpura";"Airpura";"56592";"1828";"102";"2025-03-21 02:44:46";"System";"2025-03-21 02:44:46";"System"
"130114";"Ranah Ampek Hulu Tapan";"Ranah Ampek Hulu Tapan";"56592";"1828";"102";"2025-03-21 02:44:46";"System";"2025-03-21 02:44:46";"System"
"130115";"Silaut";"Silaut";"56592";"1828";"102";"2025-03-21 02:44:46";"System";"2025-03-21 02:44:46";"System"
"130203";"Pantai Cermin";"Pantai Cermin";"56638";"1828";"102";"2025-03-21 02:44:46";"System";"2025-03-21 02:44:46";"System"
"130204";"Lembah Gumanti";"Lembah Gumanti";"56638";"1828";"102";"2025-03-21 02:44:46";"System";"2025-03-21 02:44:46";"System"
"130205";"Payung Sekaki";"Payung Sekaki";"56638";"1828";"102";"2025-03-21 02:44:46";"System";"2025-03-21 02:44:46";"System"
"130206";"Lembang Jaya";"Lembang Jaya";"56638";"1828";"102";"2025-03-21 02:44:46";"System";"2025-03-21 02:44:46";"System"
"130207";"Gunung Talang";"Gunung Talang";"56638";"1828";"102";"2025-03-21 02:44:46";"System";"2025-03-21 02:44:46";"System"
"130208";"Bukit Sundi";"Bukit Sundi";"56638";"1828";"102";"2025-03-21 02:44:46";"System";"2025-03-21 02:44:46";"System"
"130209";"IX Koto Sungai Lasi";"IX Koto Sungai Lasi";"56638";"1828";"102";"2025-03-21 02:44:46";"System";"2025-03-21 02:44:46";"System"
"130210";"Kubung";"Kubung";"56638";"1828";"102";"2025-03-21 02:44:46";"System";"2025-03-21 02:44:46";"System"
"130211";"X Koto Singkarak";"X Koto Singkarak";"56638";"1828";"102";"2025-03-21 02:44:46";"System";"2025-03-21 02:44:46";"System"
"130212";"X Koto Diatas";"X Koto Diatas";"56638";"1828";"102";"2025-03-21 02:44:46";"System";"2025-03-21 02:44:46";"System"
"130213";"Junjung Sirih";"Junjung Sirih";"56638";"1828";"102";"2025-03-21 02:44:46";"System";"2025-03-21 02:44:46";"System"
"130217";"Hiliran Gumanti";"Hiliran Gumanti";"56638";"1828";"102";"2025-03-21 02:44:46";"System";"2025-03-21 02:44:46";"System"
"130218";"Tigo Lurah";"Tigo Lurah";"56638";"1828";"102";"2025-03-21 02:44:46";"System";"2025-03-21 02:44:46";"System"
"130219";"Danau Kembar";"Danau Kembar";"56638";"1828";"102";"2025-03-21 02:44:46";"System";"2025-03-21 02:44:46";"System"
"130303";"Tanjung Gadang";"Tanjung Gadang";"56631";"1828";"102";"2025-03-21 02:44:46";"System";"2025-03-21 02:44:46";"System"
"130304";"Sijunjung";"Sijunjung";"56631";"1828";"102";"2025-03-21 02:44:46";"System";"2025-03-21 02:44:46";"System"
"130305";"IV Nagari";"IV Nagari";"56631";"1828";"102";"2025-03-21 02:44:46";"System";"2025-03-21 02:44:46";"System"
"130306";"Kamang Baru";"Kamang Baru";"56631";"1828";"102";"2025-03-21 02:44:46";"System";"2025-03-21 02:44:46";"System"
"130307";"Lubuak Tarok";"Lubuak Tarok";"56631";"1828";"102";"2025-03-21 02:44:46";"System";"2025-03-21 02:44:46";"System"
"130308";"Koto VII";"Koto VII";"56631";"1828";"102";"2025-03-21 02:44:46";"System";"2025-03-21 02:44:46";"System"
"130309";"Sumpur Kudus";"Sumpur Kudus";"56631";"1828";"102";"2025-03-21 02:44:46";"System";"2025-03-21 02:44:46";"System"
"130310";"Kupitan";"Kupitan";"56631";"1828";"102";"2025-03-21 02:44:46";"System";"2025-03-21 02:44:46";"System"
"130401";"X Koto";"X Koto";"56664";"1828";"102";"2025-03-21 02:44:46";"System";"2025-03-21 02:44:46";"System"
"130402";"Batipuh";"Batipuh";"56664";"1828";"102";"2025-03-21 02:44:46";"System";"2025-03-21 02:44:46";"System"
"130403";"Rambatan";"Rambatan";"56664";"1828";"102";"2025-03-21 02:44:46";"System";"2025-03-21 02:44:46";"System"
"130404";"Lima Kaum";"Lima Kaum";"56664";"1828";"102";"2025-03-21 02:44:46";"System";"2025-03-21 02:44:46";"System"
"130405";"Tanjung Emas";"Tanjung Emas";"56664";"1828";"102";"2025-03-21 02:44:46";"System";"2025-03-21 02:44:46";"System"
"130406";"Lintau Buo";"Lintau Buo";"56664";"1828";"102";"2025-03-21 02:44:46";"System";"2025-03-21 02:44:46";"System"
"130407";"Sungayang";"Sungayang";"56664";"1828";"102";"2025-03-21 02:44:46";"System";"2025-03-21 02:44:46";"System"
"130408";"Sungai Tarab";"Sungai Tarab";"56664";"1828";"102";"2025-03-21 02:44:46";"System";"2025-03-21 02:44:46";"System"
"130409";"Pariangan";"Pariangan";"56664";"1828";"102";"2025-03-21 02:44:46";"System";"2025-03-21 02:44:46";"System"
"130410";"Salimpauang";"Salimpauang";"56664";"1828";"102";"2025-03-21 02:44:46";"System";"2025-03-21 02:44:46";"System"
"130411";"Padang Ganting";"Padang Ganting";"56664";"1828";"102";"2025-03-21 02:44:46";"System";"2025-03-21 02:44:46";"System"
"130412";"Tanjuang Baru";"Tanjuang Baru";"56664";"1828";"102";"2025-03-21 02:44:46";"System";"2025-03-21 02:44:46";"System"
"130413";"Lintau Buo Utara";"Lintau Buo Utara";"56664";"1828";"102";"2025-03-21 02:44:46";"System";"2025-03-21 02:44:46";"System"
"130414";"Batipuah Selatan";"Batipuah Selatan";"56664";"1828";"102";"2025-03-21 02:44:46";"System";"2025-03-21 02:44:46";"System"
"130501";"Lubuk Alung";"Lubuk Alung";"56571";"1828";"102";"2025-03-21 02:44:46";"System";"2025-03-21 02:44:46";"System"
"130502";"Batang Anai";"Batang Anai";"56571";"1828";"102";"2025-03-21 02:44:46";"System";"2025-03-21 02:44:46";"System"
"130503";"Nan Sabaris";"Nan Sabaris";"56571";"1828";"102";"2025-03-21 02:44:46";"System";"2025-03-21 02:44:46";"System"
"130504";"2 x 11 Enam Lingkuang";"2 x 11 Enam Lingkuang";"56571";"1828";"102";"2025-03-21 02:44:46";"System";"2025-03-21 02:44:46";"System"
"130505";"VII Koto Sungai Sarik";"VII Koto Sungai Sarik";"56571";"1828";"102";"2025-03-21 02:44:46";"System";"2025-03-21 02:44:46";"System"
"130506";"V Koto Kampung Dalam";"V Koto Kampung Dalam";"56571";"1828";"102";"2025-03-21 02:44:46";"System";"2025-03-21 02:44:46";"System"
"130507";"Sungai Garingging";"Sungai Garingging";"56571";"1828";"102";"2025-03-21 02:44:46";"System";"2025-03-21 02:44:46";"System"
"130508";"Sungai Limau";"Sungai Limau";"56571";"1828";"102";"2025-03-21 02:44:46";"System";"2025-03-21 02:44:46";"System"
"130509";"IV Koto Aur Malintang";"IV Koto Aur Malintang";"56571";"1828";"102";"2025-03-21 02:44:46";"System";"2025-03-21 02:44:46";"System"
"130510";"Ulakan Tapakih";"Ulakan Tapakih";"56571";"1828";"102";"2025-03-21 02:44:46";"System";"2025-03-21 02:44:46";"System"
"130511";"Sintuak Toboh Gadang";"Sintuak Toboh Gadang";"56571";"1828";"102";"2025-03-21 02:44:46";"System";"2025-03-21 02:44:46";"System"
"130512";"Padang Sago";"Padang Sago";"56571";"1828";"102";"2025-03-21 02:44:46";"System";"2025-03-21 02:44:46";"System"
"130513";"Batang Gasan";"Batang Gasan";"56571";"1828";"102";"2025-03-21 02:44:46";"System";"2025-03-21 02:44:46";"System"
"130514";"V Koto Timur";"V Koto Timur";"56571";"1828";"102";"2025-03-21 02:44:46";"System";"2025-03-21 02:44:46";"System"
"130515";"2 x 11 Kayu Tanam";"2 x 11 Kayu Tanam";"56571";"1828";"102";"2025-03-21 02:44:46";"System";"2025-03-21 02:44:46";"System"
"130516";"Patamuan";"Patamuan";"56571";"1828";"102";"2025-03-21 02:44:46";"System";"2025-03-21 02:44:46";"System"
"130517";"Enam Lingkung";"Enam Lingkung";"56571";"1828";"102";"2025-03-21 02:44:46";"System";"2025-03-21 02:44:46";"System"
"130601";"Tanjung Mutiara";"Tanjung Mutiara";"56318";"1828";"102";"2025-03-21 02:44:46";"System";"2025-03-21 02:44:46";"System"
"130602";"Lubuk Basung";"Lubuk Basung";"56318";"1828";"102";"2025-03-21 02:44:46";"System";"2025-03-21 02:44:46";"System"
"130603";"Tanjung Raya";"Tanjung Raya";"56318";"1828";"102";"2025-03-21 02:44:46";"System";"2025-03-21 02:44:46";"System"
"130604";"Matur";"Matur";"56318";"1828";"102";"2025-03-21 02:44:46";"System";"2025-03-21 02:44:46";"System"
"130605";"IV Koto";"IV Koto";"56318";"1828";"102";"2025-03-21 02:44:46";"System";"2025-03-21 02:44:46";"System"
"130606";"Banuhampu";"Banuhampu";"56318";"1828";"102";"2025-03-21 02:44:46";"System";"2025-03-21 02:44:46";"System"
"130607";"Ampek Angkek";"Ampek Angkek";"56318";"1828";"102";"2025-03-21 02:44:46";"System";"2025-03-21 02:44:46";"System"
"130608";"Baso";"Baso";"56318";"1828";"102";"2025-03-21 02:44:46";"System";"2025-03-21 02:44:46";"System"
"130609";"Tilatang Kamang";"Tilatang Kamang";"56318";"1828";"102";"2025-03-21 02:44:46";"System";"2025-03-21 02:44:46";"System"
"130610";"Palupuh";"Palupuh";"56318";"1828";"102";"2025-03-21 02:44:46";"System";"2025-03-21 02:44:46";"System"
"130611";"Pelembayan";"Pelembayan";"56318";"1828";"102";"2025-03-21 02:44:46";"System";"2025-03-21 02:44:46";"System"
"130612";"Sungai Pua";"Sungai Pua";"56318";"1828";"102";"2025-03-21 02:44:46";"System";"2025-03-21 02:44:46";"System"
"130613";"Ampek Nagari";"Ampek Nagari";"56318";"1828";"102";"2025-03-21 02:44:46";"System";"2025-03-21 02:44:46";"System"
"130614";"Candung";"Candung";"56318";"1828";"102";"2025-03-21 02:44:46";"System";"2025-03-21 02:44:46";"System"
"130615";"Kamang Magek";"Kamang Magek";"56318";"1828";"102";"2025-03-21 02:44:46";"System";"2025-03-21 02:44:46";"System"
"130616";"Malalak";"Malalak";"56318";"1828";"102";"2025-03-21 02:44:46";"System";"2025-03-21 02:44:46";"System"
"130701";"Suliki";"Suliki";"56494";"1828";"102";"2025-03-21 02:44:46";"System";"2025-03-21 02:44:46";"System"
"130702";"Guguak";"Guguak";"56494";"1828";"102";"2025-03-21 02:44:46";"System";"2025-03-21 02:44:46";"System"
"130703";"Payakumbuh";"Payakumbuh";"56494";"1828";"102";"2025-03-21 02:44:46";"System";"2025-03-21 02:44:46";"System"
"130704";"Luak";"Luak";"56494";"1828";"102";"2025-03-21 02:44:46";"System";"2025-03-21 02:44:46";"System"
"130705";"Harau";"Harau";"56494";"1828";"102";"2025-03-21 02:44:46";"System";"2025-03-21 02:44:46";"System"
"130706";"Pangkalan Koto Baru";"Pangkalan Koto Baru";"56494";"1828";"102";"2025-03-21 02:44:46";"System";"2025-03-21 02:44:46";"System"
"130707";"Kapur IX";"Kapur IX";"56494";"1828";"102";"2025-03-21 02:44:46";"System";"2025-03-21 02:44:46";"System"
"130708";"Gunuang Omeh";"Gunuang Omeh";"56494";"1828";"102";"2025-03-21 02:44:46";"System";"2025-03-21 02:44:46";"System"
"130709";"Lareh Sago Halaban";"Lareh Sago Halaban";"56494";"1828";"102";"2025-03-21 02:44:46";"System";"2025-03-21 02:44:46";"System"
"130710";"Situjuah Limo Nagari";"Situjuah Limo Nagari";"56494";"1828";"102";"2025-03-21 02:44:46";"System";"2025-03-21 02:44:46";"System"
"130711";"Mungka";"Mungka";"56494";"1828";"102";"2025-03-21 02:44:46";"System";"2025-03-21 02:44:46";"System"
"130712";"Bukik Barisan";"Bukik Barisan";"56494";"1828";"102";"2025-03-21 02:44:46";"System";"2025-03-21 02:44:46";"System"
"130713";"Akabiluru";"Akabiluru";"56494";"1828";"102";"2025-03-21 02:44:46";"System";"2025-03-21 02:44:46";"System"
"130804";"Bonjol";"Bonjol";"56579";"1828";"102";"2025-03-21 02:44:46";"System";"2025-03-21 02:44:46";"System"
"130805";"Lubuk Sikaping";"Lubuk Sikaping";"56579";"1828";"102";"2025-03-21 02:44:46";"System";"2025-03-21 02:44:46";"System"
"130807";"Panti";"Panti";"56579";"1828";"102";"2025-03-21 02:44:46";"System";"2025-03-21 02:44:46";"System"
"130808";"Mapat Tunggul";"Mapat Tunggul";"56579";"1828";"102";"2025-03-21 02:44:46";"System";"2025-03-21 02:44:46";"System"
"130812";"Duo Koto";"Duo Koto";"56579";"1828";"102";"2025-03-21 02:44:46";"System";"2025-03-21 02:44:46";"System"
"130813";"Tigo Nagari";"Tigo Nagari";"56579";"1828";"102";"2025-03-21 02:44:46";"System";"2025-03-21 02:44:46";"System"
"130814";"Rao";"Rao";"56579";"1828";"102";"2025-03-21 02:44:46";"System";"2025-03-21 02:44:46";"System"
"130815";"Mapat Tunggul Selatan";"Mapat Tunggul Selatan";"56579";"1828";"102";"2025-03-21 02:44:46";"System";"2025-03-21 02:44:46";"System"
"130816";"Simpang Alahan Mati";"Simpang Alahan Mati";"56579";"1828";"102";"2025-03-21 02:44:46";"System";"2025-03-21 02:44:46";"System"
"130817";"Padang Gelugur";"Padang Gelugur";"56579";"1828";"102";"2025-03-21 02:44:46";"System";"2025-03-21 02:44:46";"System"
"130818";"Rao Utara";"Rao Utara";"56579";"1828";"102";"2025-03-21 02:44:46";"System";"2025-03-21 02:44:46";"System"
"130819";"Rao Selatan";"Rao Selatan";"56579";"1828";"102";"2025-03-21 02:44:46";"System";"2025-03-21 02:44:46";"System"
"130901";"Pagai Utara";"Pagai Utara";"56452";"1828";"102";"2025-03-21 02:44:46";"System";"2025-03-21 02:44:46";"System"
"130902";"Sipora Selatan";"Sipora Selatan";"56452";"1828";"102";"2025-03-21 02:44:46";"System";"2025-03-21 02:44:46";"System"
"130903";"Siberut Selatan";"Siberut Selatan";"56452";"1828";"102";"2025-03-21 02:44:46";"System";"2025-03-21 02:44:46";"System"
"130904";"Siberut Utara";"Siberut Utara";"56452";"1828";"102";"2025-03-21 02:44:46";"System";"2025-03-21 02:44:46";"System"
"130905";"Siberut Barat";"Siberut Barat";"56452";"1828";"102";"2025-03-21 02:44:46";"System";"2025-03-21 02:44:46";"System"
"130906";"Siberut Barat Daya";"Siberut Barat Daya";"56452";"1828";"102";"2025-03-21 02:44:46";"System";"2025-03-21 02:44:46";"System"
"130907";"Siberut Tengah";"Siberut Tengah";"56452";"1828";"102";"2025-03-21 02:44:46";"System";"2025-03-21 02:44:46";"System"
"130908";"Sipora Utara";"Sipora Utara";"56452";"1828";"102";"2025-03-21 02:44:46";"System";"2025-03-21 02:44:46";"System"
"130909";"Sikakap";"Sikakap";"56452";"1828";"102";"2025-03-21 02:44:46";"System";"2025-03-21 02:44:46";"System"
"130910";"Pagai Selatan";"Pagai Selatan";"56452";"1828";"102";"2025-03-21 02:44:46";"System";"2025-03-21 02:44:46";"System"
"131001";"Koto Baru";"Koto Baru";"56398";"1828";"102";"2025-03-21 02:44:46";"System";"2025-03-21 02:44:46";"System"
"131002";"Pulau Punjung";"Pulau Punjung";"56398";"1828";"102";"2025-03-21 02:44:46";"System";"2025-03-21 02:44:46";"System"
"131003";"Sungai Rumbai";"Sungai Rumbai";"56398";"1828";"102";"2025-03-21 02:44:46";"System";"2025-03-21 02:44:46";"System"
"131004";"Sitiung";"Sitiung";"56398";"1828";"102";"2025-03-21 02:44:46";"System";"2025-03-21 02:44:46";"System"
"131005";"Sembilan Koto";"Sembilan Koto";"56398";"1828";"102";"2025-03-21 02:44:46";"System";"2025-03-21 02:44:46";"System"
"131006";"Timpeh";"Timpeh";"56398";"1828";"102";"2025-03-21 02:44:46";"System";"2025-03-21 02:44:46";"System"
"131007";"Koto Salak";"Koto Salak";"56398";"1828";"102";"2025-03-21 02:44:46";"System";"2025-03-21 02:44:46";"System"
"131008";"Tiumang";"Tiumang";"56398";"1828";"102";"2025-03-21 02:44:46";"System";"2025-03-21 02:44:46";"System"
"131009";"Padang Laweh";"Padang Laweh";"56398";"1828";"102";"2025-03-21 02:44:46";"System";"2025-03-21 02:44:46";"System"
"131010";"Asam Jujuhan";"Asam Jujuhan";"56398";"1828";"102";"2025-03-21 02:44:46";"System";"2025-03-21 02:44:46";"System"
"131011";"Koto Besar";"Koto Besar";"56398";"1828";"102";"2025-03-21 02:44:46";"System";"2025-03-21 02:44:46";"System"
"131101";"Sangir";"Sangir";"56639";"1828";"102";"2025-03-21 02:44:46";"System";"2025-03-21 02:44:46";"System"
"131102";"Sungai Pagu";"Sungai Pagu";"56639";"1828";"102";"2025-03-21 02:44:46";"System";"2025-03-21 02:44:46";"System"
"131103";"Koto Parik Gadang Diateh";"Koto Parik Gadang Diateh";"56639";"1828";"102";"2025-03-21 02:44:46";"System";"2025-03-21 02:44:46";"System"
"131104";"Sangir Jujuan";"Sangir Jujuan";"56639";"1828";"102";"2025-03-21 02:44:46";"System";"2025-03-21 02:44:46";"System"
"131105";"Sangir Batang Hari";"Sangir Batang Hari";"56639";"1828";"102";"2025-03-21 02:44:46";"System";"2025-03-21 02:44:46";"System"
"131106";"Pauh Duo";"Pauh Duo";"56639";"1828";"102";"2025-03-21 02:44:46";"System";"2025-03-21 02:44:46";"System"
"131107";"Sangir Balai Janggo";"Sangir Balai Janggo";"56639";"1828";"102";"2025-03-21 02:44:46";"System";"2025-03-21 02:44:46";"System"
"131201";"Sungaiberemas";"Sungaiberemas";"56580";"1828";"102";"2025-03-21 02:44:46";"System";"2025-03-21 02:44:46";"System"
"131202";"Lembah Melintang";"Lembah Melintang";"56580";"1828";"102";"2025-03-21 02:44:46";"System";"2025-03-21 02:44:46";"System"
"131203";"Pasaman";"Pasaman";"56580";"1828";"102";"2025-03-21 02:44:46";"System";"2025-03-21 02:44:46";"System"
"131204";"Talamau";"Talamau";"56580";"1828";"102";"2025-03-21 02:44:46";"System";"2025-03-21 02:44:46";"System"
"131205";"Kinali";"Kinali";"56580";"1828";"102";"2025-03-21 02:44:46";"System";"2025-03-21 02:44:46";"System"
"131206";"Gunungtuleh";"Gunungtuleh";"56580";"1828";"102";"2025-03-21 02:44:46";"System";"2025-03-21 02:44:46";"System"
"131207";"Ranah Batahan";"Ranah Batahan";"56580";"1828";"102";"2025-03-21 02:44:46";"System";"2025-03-21 02:44:46";"System"
"131208";"Koto Balingka";"Koto Balingka";"56580";"1828";"102";"2025-03-21 02:44:46";"System";"2025-03-21 02:44:46";"System"
"131209";"Sungaiaur";"Sungaiaur";"56580";"1828";"102";"2025-03-21 02:44:46";"System";"2025-03-21 02:44:46";"System"
"131210";"Luhak Nan Duo";"Luhak Nan Duo";"56580";"1828";"102";"2025-03-21 02:44:46";"System";"2025-03-21 02:44:46";"System"
"131211";"Sasak Ranah Pesisir";"Sasak Ranah Pesisir";"56580";"1828";"102";"2025-03-21 02:44:46";"System";"2025-03-21 02:44:46";"System"
"137101";"Padang Selatan";"Padang Selatan";"56773";"1828";"102";"2025-03-21 02:44:46";"System";"2025-03-21 02:44:46";"System"
"137102";"Padang Timur";"Padang Timur";"56773";"1828";"102";"2025-03-21 02:44:46";"System";"2025-03-21 02:44:46";"System"
"137103";"Padang Barat";"Padang Barat";"56773";"1828";"102";"2025-03-21 02:44:46";"System";"2025-03-21 02:44:46";"System"
"137104";"Padang Utara";"Padang Utara";"56773";"1828";"102";"2025-03-21 02:44:46";"System";"2025-03-21 02:44:46";"System"
"137105";"Bungus Teluk Kabung";"Bungus Teluk Kabung";"56773";"1828";"102";"2025-03-21 02:44:46";"System";"2025-03-21 02:44:46";"System"
"137106";"Lubuk Begalung";"Lubuk Begalung";"56773";"1828";"102";"2025-03-21 02:44:46";"System";"2025-03-21 02:44:46";"System"
"137107";"Lubuk Kilangan";"Lubuk Kilangan";"56773";"1828";"102";"2025-03-21 02:44:46";"System";"2025-03-21 02:44:46";"System"
"137108";"Pauh";"Pauh";"56773";"1828";"102";"2025-03-21 02:44:46";"System";"2025-03-21 02:44:46";"System"
"137109";"Kuranji";"Kuranji";"56773";"1828";"102";"2025-03-21 02:44:46";"System";"2025-03-21 02:44:46";"System"
"137110";"Nanggalo";"Nanggalo";"56773";"1828";"102";"2025-03-21 02:44:46";"System";"2025-03-21 02:44:46";"System"
"137111";"Koto Tangah";"Koto Tangah";"56773";"1828";"102";"2025-03-21 02:44:46";"System";"2025-03-21 02:44:46";"System"
"137201";"Lubuk Sikarah";"Lubuk Sikarah";"56798";"1828";"102";"2025-03-21 02:44:46";"System";"2025-03-21 02:44:46";"System"
"137202";"Tanjung Harapan";"Tanjung Harapan";"56798";"1828";"102";"2025-03-21 02:44:46";"System";"2025-03-21 02:44:46";"System"
"137301";"Lembah Segar";"Lembah Segar";"0";"0";"102";"2025-03-21 02:44:46";"System";"2025-03-21 02:44:46";"System"
"137302";"Barangin";"Barangin";"0";"0";"102";"2025-03-21 02:44:46";"System";"2025-03-21 02:44:46";"System"
"137303";"Silungkang";"Silungkang";"0";"0";"102";"2025-03-21 02:44:46";"System";"2025-03-21 02:44:46";"System"
"137304";"Talawi";"Talawi";"0";"0";"102";"2025-03-21 02:44:46";"System";"2025-03-21 02:44:46";"System"
"137401";"Padang Panjang Timur";"Padang Panjang Timur";"56774";"1828";"102";"2025-03-21 02:44:46";"System";"2025-03-21 02:44:46";"System"
"137402";"Padang Panjang Barat";"Padang Panjang Barat";"56774";"1828";"102";"2025-03-21 02:44:46";"System";"2025-03-21 02:44:46";"System"
"137501";"Guguak Panjang";"Guguak Panjang";"56746";"1828";"102";"2025-03-21 02:44:46";"System";"2025-03-21 02:44:46";"System"
"137502";"Mandiangin K. Selayan";"Mandiangin K. Selayan";"56746";"1828";"102";"2025-03-21 02:44:46";"System";"2025-03-21 02:44:46";"System"
"137503";"Aur Birugo Tigo Baleh";"Aur Birugo Tigo Baleh";"56746";"1828";"102";"2025-03-21 02:44:46";"System";"2025-03-21 02:44:46";"System"
"137601";"Payakumbuh Barat";"Payakumbuh Barat";"56785";"1828";"102";"2025-03-21 02:44:46";"System";"2025-03-21 02:44:46";"System"
"137602";"Payakumbuh Utara";"Payakumbuh Utara";"56785";"1828";"102";"2025-03-21 02:44:46";"System";"2025-03-21 02:44:46";"System"
"137603";"Payakumbuh Timur";"Payakumbuh Timur";"56785";"1828";"102";"2025-03-21 02:44:46";"System";"2025-03-21 02:44:46";"System"
"137604";"Lamposi Tigo Nagori";"Lamposi Tigo Nagori";"56785";"1828";"102";"2025-03-21 02:44:46";"System";"2025-03-21 02:44:46";"System"
"137605";"Payakumbuh Selatan";"Payakumbuh Selatan";"56785";"1828";"102";"2025-03-21 02:44:46";"System";"2025-03-21 02:44:46";"System"
"137701";"Pariaman Tengah";"Pariaman Tengah";"56783";"1828";"102";"2025-03-21 02:44:46";"System";"2025-03-21 02:44:46";"System"
"137702";"Pariaman Utara";"Pariaman Utara";"56783";"1828";"102";"2025-03-21 02:44:46";"System";"2025-03-21 02:44:46";"System"
"137703";"Pariaman Selatan";"Pariaman Selatan";"56783";"1828";"102";"2025-03-21 02:44:46";"System";"2025-03-21 02:44:46";"System"
"137704";"Pariaman Timur";"Pariaman Timur";"56783";"1828";"102";"2025-03-21 02:44:46";"System";"2025-03-21 02:44:46";"System"
"140101";"Bangkinang Kota";"Bangkinang Kota";"56436";"1809";"102";"2025-03-21 02:44:46";"System";"2025-03-21 02:44:46";"System"
"140102";"Kampar";"Kampar";"56436";"1809";"102";"2025-03-21 02:44:46";"System";"2025-03-21 02:44:46";"System"
"140103";"Tambang";"Tambang";"56436";"1809";"102";"2025-03-21 02:44:46";"System";"2025-03-21 02:44:46";"System"
"140104";"XIII Koto Kampar";"XIII Koto Kampar";"56436";"1809";"102";"2025-03-21 02:44:46";"System";"2025-03-21 02:44:46";"System"
"140105";"Kuok";"Kuok";"56436";"1809";"102";"2025-03-21 02:44:46";"System";"2025-03-21 02:44:46";"System"
"140106";"Siak Hulu";"Siak Hulu";"56436";"1809";"102";"2025-03-21 02:44:46";"System";"2025-03-21 02:44:46";"System"
"140107";"Kampar Kiri";"Kampar Kiri";"56436";"1809";"102";"2025-03-21 02:44:46";"System";"2025-03-21 02:44:46";"System"
"140108";"Kampar Kiri Hilir";"Kampar Kiri Hilir";"56436";"1809";"102";"2025-03-21 02:44:46";"System";"2025-03-21 02:44:46";"System"
"140109";"Kampar Kiri Hulu";"Kampar Kiri Hulu";"56436";"1809";"102";"2025-03-21 02:44:46";"System";"2025-03-21 02:44:46";"System"
"140110";"Tapung";"Tapung";"56436";"1809";"102";"2025-03-21 02:44:46";"System";"2025-03-21 02:44:46";"System"
"140111";"Tapung Hilir";"Tapung Hilir";"56436";"1809";"102";"2025-03-21 02:44:46";"System";"2025-03-21 02:44:46";"System"
"140112";"Tapung Hulu";"Tapung Hulu";"56436";"1809";"102";"2025-03-21 02:44:46";"System";"2025-03-21 02:44:46";"System"
"140113";"Salo";"Salo";"56436";"1809";"102";"2025-03-21 02:44:46";"System";"2025-03-21 02:44:46";"System"
"140114";"Rumbio Jaya";"Rumbio Jaya";"56436";"1809";"102";"2025-03-21 02:44:46";"System";"2025-03-21 02:44:46";"System"
"140115";"Bangkinang";"Bangkinang";"56436";"1809";"102";"2025-03-21 02:44:46";"System";"2025-03-21 02:44:46";"System"
"140116";"Perhentian Raja";"Perhentian Raja";"56436";"1809";"102";"2025-03-21 02:44:46";"System";"2025-03-21 02:44:46";"System"
"140117";"Kampar Timur";"Kampar Timur";"56436";"1809";"102";"2025-03-21 02:44:46";"System";"2025-03-21 02:44:46";"System"
"140118";"Kampar Utara";"Kampar Utara";"56436";"1809";"102";"2025-03-21 02:44:46";"System";"2025-03-21 02:44:46";"System"
"140119";"Kampar Kiri Tengah";"Kampar Kiri Tengah";"56436";"1809";"102";"2025-03-21 02:44:46";"System";"2025-03-21 02:44:46";"System"
"140120";"Gunung Sahilan";"Gunung Sahilan";"56436";"1809";"102";"2025-03-21 02:44:46";"System";"2025-03-21 02:44:46";"System"
"140121";"Koto Kampar Hulu";"Koto Kampar Hulu";"56436";"1809";"102";"2025-03-21 02:44:46";"System";"2025-03-21 02:44:46";"System"
"140201";"Rengat";"Rengat";"56425";"1809";"102";"2025-03-21 02:44:46";"System";"2025-03-21 02:44:46";"System"
"140202";"Rengat Barat";"Rengat Barat";"56425";"1809";"102";"2025-03-21 02:44:46";"System";"2025-03-21 02:44:46";"System"
"140203";"Kelayang";"Kelayang";"56425";"1809";"102";"2025-03-21 02:44:46";"System";"2025-03-21 02:44:46";"System"
"140204";"Pasir Penyu";"Pasir Penyu";"56425";"1809";"102";"2025-03-21 02:44:46";"System";"2025-03-21 02:44:46";"System"
"140205";"Peranap";"Peranap";"56425";"1809";"102";"2025-03-21 02:44:46";"System";"2025-03-21 02:44:46";"System"
"140206";"Siberida";"Siberida";"56425";"1809";"102";"2025-03-21 02:44:46";"System";"2025-03-21 02:44:46";"System"
"140207";"Batang Cenaku";"Batang Cenaku";"56425";"1809";"102";"2025-03-21 02:44:46";"System";"2025-03-21 02:44:46";"System"
"140208";"Batang Gangsal";"Batang Gangsal";"56425";"1809";"102";"2025-03-21 02:44:46";"System";"2025-03-21 02:44:46";"System"
"140209";"Lirik";"Lirik";"56425";"1809";"102";"2025-03-21 02:44:46";"System";"2025-03-21 02:44:46";"System"
"140210";"Kuala Cenaku";"Kuala Cenaku";"56425";"1809";"102";"2025-03-21 02:44:46";"System";"2025-03-21 02:44:46";"System"
"140211";"Sungai Lala";"Sungai Lala";"56425";"1809";"102";"2025-03-21 02:44:46";"System";"2025-03-21 02:44:46";"System"
"140212";"Lubuk Batu Jaya";"Lubuk Batu Jaya";"56425";"1809";"102";"2025-03-21 02:44:46";"System";"2025-03-21 02:44:46";"System"
"140213";"Rakit Kulim";"Rakit Kulim";"56425";"1809";"102";"2025-03-21 02:44:46";"System";"2025-03-21 02:44:46";"System"
"140214";"Batang Peranap";"Batang Peranap";"56425";"1809";"102";"2025-03-21 02:44:46";"System";"2025-03-21 02:44:46";"System"
"140301";"Bengkalis";"Bengkalis";"56354";"1809";"102";"2025-03-21 02:44:46";"System";"2025-03-21 02:44:46";"System"
"140302";"Bantan";"Bantan";"56354";"1809";"102";"2025-03-21 02:44:46";"System";"2025-03-21 02:44:46";"System"
"140303";"Bukit Batu";"Bukit Batu";"56354";"1809";"102";"2025-03-21 02:44:46";"System";"2025-03-21 02:44:46";"System"
"140309";"Mandau";"Mandau";"56354";"1809";"102";"2025-03-21 02:44:46";"System";"2025-03-21 02:44:46";"System"
"140310";"Rupat";"Rupat";"56354";"1809";"102";"2025-03-21 02:44:46";"System";"2025-03-21 02:44:46";"System"
"140311";"Rupat Utara";"Rupat Utara";"56354";"1809";"102";"2025-03-21 02:44:46";"System";"2025-03-21 02:44:46";"System"
"140312";"Siak Kecil";"Siak Kecil";"56354";"1809";"102";"2025-03-21 02:44:46";"System";"2025-03-21 02:44:46";"System"
"140313";"Pinggir";"Pinggir";"56354";"1809";"102";"2025-03-21 02:44:46";"System";"2025-03-21 02:44:46";"System"
"140316";"Bathin Solapan";"Bathin Solapan";"56354";"1809";"102";"2025-03-21 02:44:46";"System";"2025-03-21 02:44:46";"System"
"140401";"Reteh";"Reteh";"56424";"1809";"102";"2025-03-21 02:44:46";"System";"2025-03-21 02:44:46";"System"
"140402";"Enok";"Enok";"56424";"1809";"102";"2025-03-21 02:44:46";"System";"2025-03-21 02:44:46";"System"
"140403";"Kuala Indragiri";"Kuala Indragiri";"56424";"1809";"102";"2025-03-21 02:44:46";"System";"2025-03-21 02:44:46";"System"
"140404";"Tembilahan";"Tembilahan";"56424";"1809";"102";"2025-03-21 02:44:46";"System";"2025-03-21 02:44:46";"System"
"140405";"Tempuling";"Tempuling";"56424";"1809";"102";"2025-03-21 02:44:46";"System";"2025-03-21 02:44:46";"System"
"140406";"Gaung Anak Serka";"Gaung Anak Serka";"56424";"1809";"102";"2025-03-21 02:44:46";"System";"2025-03-21 02:44:46";"System"
"140407";"Mandah";"Mandah";"56424";"1809";"102";"2025-03-21 02:44:46";"System";"2025-03-21 02:44:46";"System"
"140408";"Kateman";"Kateman";"56424";"1809";"102";"2025-03-21 02:44:46";"System";"2025-03-21 02:44:46";"System"
"140409";"Keritang";"Keritang";"56424";"1809";"102";"2025-03-21 02:44:46";"System";"2025-03-21 02:44:46";"System"
"140410";"Tanah Merah";"Tanah Merah";"56424";"1809";"102";"2025-03-21 02:44:46";"System";"2025-03-21 02:44:46";"System"
"140411";"Batang Tuaka";"Batang Tuaka";"56424";"1809";"102";"2025-03-21 02:44:46";"System";"2025-03-21 02:44:46";"System"
"140412";"Gaung";"Gaung";"56424";"1809";"102";"2025-03-21 02:44:46";"System";"2025-03-21 02:44:46";"System"
"140413";"Tembilahan Hulu";"Tembilahan Hulu";"56424";"1809";"102";"2025-03-21 02:44:46";"System";"2025-03-21 02:44:46";"System"
"140414";"Kemuning";"Kemuning";"56424";"1809";"102";"2025-03-21 02:44:46";"System";"2025-03-21 02:44:46";"System"
"140415";"Pelangiran";"Pelangiran";"56424";"1809";"102";"2025-03-21 02:44:46";"System";"2025-03-21 02:44:46";"System"
"140416";"Teluk Belengkong";"Teluk Belengkong";"56424";"1809";"102";"2025-03-21 02:44:46";"System";"2025-03-21 02:44:46";"System"
"140417";"Pulau Burung";"Pulau Burung";"56424";"1809";"102";"2025-03-21 02:44:46";"System";"2025-03-21 02:44:46";"System"
"140418";"Concong";"Concong";"56424";"1809";"102";"2025-03-21 02:44:46";"System";"2025-03-21 02:44:46";"System"
"140419";"Kempas";"Kempas";"56424";"1809";"102";"2025-03-21 02:44:46";"System";"2025-03-21 02:44:46";"System"
"140420";"Sungai Batang";"Sungai Batang";"56424";"1809";"102";"2025-03-21 02:44:46";"System";"2025-03-21 02:44:46";"System"
"140501";"Ukui";"Ukui";"56586";"1809";"102";"2025-03-21 02:44:46";"System";"2025-03-21 02:44:46";"System"
"140502";"Pangkalan Kerinci";"Pangkalan Kerinci";"56586";"1809";"102";"2025-03-21 02:44:46";"System";"2025-03-21 02:44:46";"System"
"140503";"Pangkalan Kuras";"Pangkalan Kuras";"56586";"1809";"102";"2025-03-21 02:44:46";"System";"2025-03-21 02:44:46";"System"
"140504";"Pangkalan Lesung";"Pangkalan Lesung";"56586";"1809";"102";"2025-03-21 02:44:46";"System";"2025-03-21 02:44:46";"System"
"140505";"Langgam";"Langgam";"56586";"1809";"102";"2025-03-21 02:44:46";"System";"2025-03-21 02:44:46";"System"
"140506";"Pelalawan";"Pelalawan";"56586";"1809";"102";"2025-03-21 02:44:46";"System";"2025-03-21 02:44:46";"System"
"140507";"Kerumutan";"Kerumutan";"56586";"1809";"102";"2025-03-21 02:44:46";"System";"2025-03-21 02:44:46";"System"
"140508";"Bunut";"Bunut";"56586";"1809";"102";"2025-03-21 02:44:46";"System";"2025-03-21 02:44:46";"System"
"140509";"Teluk Meranti";"Teluk Meranti";"56586";"1809";"102";"2025-03-21 02:44:46";"System";"2025-03-21 02:44:46";"System"
"140510";"Kuala Kampar";"Kuala Kampar";"56586";"1809";"102";"2025-03-21 02:44:46";"System";"2025-03-21 02:44:46";"System"
"140511";"Bandar Sei Kijang";"Bandar Sei Kijang";"56586";"1809";"102";"2025-03-21 02:44:46";"System";"2025-03-21 02:44:46";"System"
"140512";"Bandar Petalangan";"Bandar Petalangan";"56586";"1809";"102";"2025-03-21 02:44:46";"System";"2025-03-21 02:44:46";"System"
"140601";"Ujung Batu";"Ujung Batu";"56612";"1809";"102";"2025-03-21 02:44:46";"System";"2025-03-21 02:44:46";"System"
"140602";"Rokan IV Koto";"Rokan IV Koto";"56612";"1809";"102";"2025-03-21 02:44:46";"System";"2025-03-21 02:44:46";"System"
"140603";"Rambah";"Rambah";"56612";"1809";"102";"2025-03-21 02:44:46";"System";"2025-03-21 02:44:46";"System"
"140604";"Tambusai";"Tambusai";"56612";"1809";"102";"2025-03-21 02:44:46";"System";"2025-03-21 02:44:46";"System"
"140605";"Kepenuhan";"Kepenuhan";"56612";"1809";"102";"2025-03-21 02:44:46";"System";"2025-03-21 02:44:46";"System"
"140606";"Kunto Darussalam";"Kunto Darussalam";"56612";"1809";"102";"2025-03-21 02:44:46";"System";"2025-03-21 02:44:46";"System"
"140607";"Rambah Samo";"Rambah Samo";"56612";"1809";"102";"2025-03-21 02:44:46";"System";"2025-03-21 02:44:46";"System"
"140608";"Rambah Hilir";"Rambah Hilir";"56612";"1809";"102";"2025-03-21 02:44:46";"System";"2025-03-21 02:44:46";"System"
"140609";"Tambusai Utara";"Tambusai Utara";"56612";"1809";"102";"2025-03-21 02:44:46";"System";"2025-03-21 02:44:46";"System"
"140610";"Bangun Purba";"Bangun Purba";"56612";"1809";"102";"2025-03-21 02:44:46";"System";"2025-03-21 02:44:46";"System"
"140611";"Tandun";"Tandun";"56612";"1809";"102";"2025-03-21 02:44:46";"System";"2025-03-21 02:44:46";"System"
"140612";"Kabun";"Kabun";"56612";"1809";"102";"2025-03-21 02:44:46";"System";"2025-03-21 02:44:46";"System"
"140613";"Bonai Darussalam";"Bonai Darussalam";"56612";"1809";"102";"2025-03-21 02:44:46";"System";"2025-03-21 02:44:46";"System"
"140614";"Pagaran Tapah Darussalam";"Pagaran Tapah Darussalam";"56612";"1809";"102";"2025-03-21 02:44:46";"System";"2025-03-21 02:44:46";"System"
"140615";"Kepenuhan Hulu";"Kepenuhan Hulu";"56612";"1809";"102";"2025-03-21 02:44:46";"System";"2025-03-21 02:44:46";"System"
"140616";"Pendalian IV Koto";"Pendalian IV Koto";"56612";"1809";"102";"2025-03-21 02:44:46";"System";"2025-03-21 02:44:46";"System"
"140701";"Kubu";"Kubu";"56611";"1809";"102";"2025-03-21 02:44:46";"System";"2025-03-21 02:44:46";"System"
"140702";"Bangko";"Bangko";"56611";"1809";"102";"2025-03-21 02:44:46";"System";"2025-03-21 02:44:46";"System"
"140703";"Tanah Putih";"Tanah Putih";"56611";"1809";"102";"2025-03-21 02:44:46";"System";"2025-03-21 02:44:46";"System"
"140704";"Rimba Melintang";"Rimba Melintang";"56611";"1809";"102";"2025-03-21 02:44:46";"System";"2025-03-21 02:44:46";"System"
"140705";"Bagan Sinembah";"Bagan Sinembah";"56611";"1809";"102";"2025-03-21 02:44:46";"System";"2025-03-21 02:44:46";"System"
"140706";"Pasir Limau Kapas";"Pasir Limau Kapas";"56611";"1809";"102";"2025-03-21 02:44:46";"System";"2025-03-21 02:44:46";"System"
"140707";"Sinaboi";"Sinaboi";"56611";"1809";"102";"2025-03-21 02:44:46";"System";"2025-03-21 02:44:46";"System"
"140708";"Pujud";"Pujud";"56611";"1809";"102";"2025-03-21 02:44:46";"System";"2025-03-21 02:44:46";"System"
"140709";"Tanah Putih Tanjung Melawan";"Tanah Putih Tanjung Melawan";"56611";"1809";"102";"2025-03-21 02:44:46";"System";"2025-03-21 02:44:46";"System"
"140710";"Bangko Pusako";"Bangko Pusako";"56611";"1809";"102";"2025-03-21 02:44:46";"System";"2025-03-21 02:44:46";"System"
"140711";"Simpang Kanan";"Simpang Kanan";"56611";"1809";"102";"2025-03-21 02:44:46";"System";"2025-03-21 02:44:46";"System"
"140712";"Batu Hampar";"Batu Hampar";"56611";"1809";"102";"2025-03-21 02:44:46";"System";"2025-03-21 02:44:46";"System"
"140713";"Rantau Kopar";"Rantau Kopar";"56611";"1809";"102";"2025-03-21 02:44:46";"System";"2025-03-21 02:44:46";"System"
"140714";"Pekaitan";"Pekaitan";"56611";"1809";"102";"2025-03-21 02:44:46";"System";"2025-03-21 02:44:46";"System"
"140715";"Kubu Babussalam";"Kubu Babussalam";"56611";"1809";"102";"2025-03-21 02:44:46";"System";"2025-03-21 02:44:46";"System"
"140801";"Siak";"Siak";"56626";"1809";"102";"2025-03-21 02:44:46";"System";"2025-03-21 02:44:46";"System"
"140802";"Sungai Apit";"Sungai Apit";"56626";"1809";"102";"2025-03-21 02:44:46";"System";"2025-03-21 02:44:46";"System"
"140803";"Minas";"Minas";"56626";"1809";"102";"2025-03-21 02:44:46";"System";"2025-03-21 02:44:46";"System"
"140804";"Tualang";"Tualang";"56626";"1809";"102";"2025-03-21 02:44:46";"System";"2025-03-21 02:44:46";"System"
"140805";"Sungai Mandau";"Sungai Mandau";"56626";"1809";"102";"2025-03-21 02:44:46";"System";"2025-03-21 02:44:46";"System"
"140806";"Dayun";"Dayun";"56626";"1809";"102";"2025-03-21 02:44:46";"System";"2025-03-21 02:44:46";"System"
"140807";"Kerinci Kanan";"Kerinci Kanan";"56626";"1809";"102";"2025-03-21 02:44:46";"System";"2025-03-21 02:44:46";"System"
"140808";"Bunga Raya";"Bunga Raya";"56626";"1809";"102";"2025-03-21 02:44:46";"System";"2025-03-21 02:44:46";"System"
"140809";"Koto Gasib";"Koto Gasib";"56626";"1809";"102";"2025-03-21 02:44:46";"System";"2025-03-21 02:44:46";"System"
"140810";"Kandis";"Kandis";"56626";"1809";"102";"2025-03-21 02:44:46";"System";"2025-03-21 02:44:46";"System"
"140811";"Lubuk Dalam";"Lubuk Dalam";"56626";"1809";"102";"2025-03-21 02:44:46";"System";"2025-03-21 02:44:46";"System"
"140812";"Sabak Auh";"Sabak Auh";"56626";"1809";"102";"2025-03-21 02:44:46";"System";"2025-03-21 02:44:46";"System"
"140813";"Mempura";"Mempura";"56626";"1809";"102";"2025-03-21 02:44:46";"System";"2025-03-21 02:44:46";"System"
"140814";"Pusako";"Pusako";"56626";"1809";"102";"2025-03-21 02:44:46";"System";"2025-03-21 02:44:46";"System"
"140901";"Kuantan Mudik";"Kuantan Mudik";"56471";"1809";"102";"2025-03-21 02:44:46";"System";"2025-03-21 02:44:46";"System"
"140902";"Kuantan Tengah";"Kuantan Tengah";"56471";"1809";"102";"2025-03-21 02:44:46";"System";"2025-03-21 02:44:46";"System"
"140903";"Singingi";"Singingi";"56471";"1809";"102";"2025-03-21 02:44:46";"System";"2025-03-21 02:44:46";"System"
"140904";"Kuantan Hilir";"Kuantan Hilir";"56471";"1809";"102";"2025-03-21 02:44:46";"System";"2025-03-21 02:44:46";"System"
"140905";"Cerenti";"Cerenti";"56471";"1809";"102";"2025-03-21 02:44:46";"System";"2025-03-21 02:44:46";"System"
"140906";"Benai";"Benai";"56471";"1809";"102";"2025-03-21 02:44:46";"System";"2025-03-21 02:44:46";"System"
"140907";"Gunungtoar";"Gunungtoar";"56471";"1809";"102";"2025-03-21 02:44:46";"System";"2025-03-21 02:44:46";"System"
"140908";"Singingi Hilir";"Singingi Hilir";"56471";"1809";"102";"2025-03-21 02:44:46";"System";"2025-03-21 02:44:46";"System"
"140909";"Pangean";"Pangean";"56471";"1809";"102";"2025-03-21 02:44:46";"System";"2025-03-21 02:44:46";"System"
"140910";"Logas Tanah Darat";"Logas Tanah Darat";"56471";"1809";"102";"2025-03-21 02:44:46";"System";"2025-03-21 02:44:46";"System"
"140911";"Inuman";"Inuman";"56471";"1809";"102";"2025-03-21 02:44:46";"System";"2025-03-21 02:44:46";"System"
"140912";"Hulu Kuantan";"Hulu Kuantan";"56471";"1809";"102";"2025-03-21 02:44:46";"System";"2025-03-21 02:44:46";"System"
"140913";"Kuantan Hilir Seberang";"Kuantan Hilir Seberang";"56471";"1809";"102";"2025-03-21 02:44:46";"System";"2025-03-21 02:44:46";"System"
"140914";"Sentajo Raya";"Sentajo Raya";"56471";"1809";"102";"2025-03-21 02:44:46";"System";"2025-03-21 02:44:46";"System"
"140915";"Pucuk Rantau";"Pucuk Rantau";"56471";"1809";"102";"2025-03-21 02:44:46";"System";"2025-03-21 02:44:46";"System"
"141001";"Tebing Tinggi";"Tebing Tinggi";"56453";"1809";"102";"2025-03-21 02:44:46";"System";"2025-03-21 02:44:46";"System"
"141002";"Rangsang Barat";"Rangsang Barat";"56453";"1809";"102";"2025-03-21 02:44:46";"System";"2025-03-21 02:44:46";"System"
"141003";"Rangsang";"Rangsang";"56453";"1809";"102";"2025-03-21 02:44:46";"System";"2025-03-21 02:44:46";"System"
"141004";"Tebing Tinggi Barat";"Tebing Tinggi Barat";"56453";"1809";"102";"2025-03-21 02:44:46";"System";"2025-03-21 02:44:46";"System"
"141005";"Merbau";"Merbau";"56453";"1809";"102";"2025-03-21 02:44:46";"System";"2025-03-21 02:44:46";"System"
"141006";"Pulaumerbau";"Pulaumerbau";"56453";"1809";"102";"2025-03-21 02:44:46";"System";"2025-03-21 02:44:46";"System"
"141007";"Tebing Tinggi Timur";"Tebing Tinggi Timur";"56453";"1809";"102";"2025-03-21 02:44:46";"System";"2025-03-21 02:44:46";"System"
"141008";"Tasik Putri Puyu";"Tasik Putri Puyu";"56453";"1809";"102";"2025-03-21 02:44:46";"System";"2025-03-21 02:44:46";"System"
"141009";"Rangsang Pesisir";"Rangsang Pesisir";"56453";"1809";"102";"2025-03-21 02:44:46";"System";"2025-03-21 02:44:46";"System"
"147101";"Sukajadi";"Sukajadi";"56787";"1809";"102";"2025-03-21 02:44:46";"System";"2025-03-21 02:44:46";"System"
"147102";"Pekanbaru Kota";"Pekanbaru Kota";"56787";"1809";"102";"2025-03-21 02:44:46";"System";"2025-03-21 02:44:46";"System"
"147103";"Sail";"Sail";"56787";"1809";"102";"2025-03-21 02:44:46";"System";"2025-03-21 02:44:46";"System"
"147104";"Lima Puluh";"Lima Puluh";"56787";"1809";"102";"2025-03-21 02:44:46";"System";"2025-03-21 02:44:46";"System"
"147105";"Senapelan";"Senapelan";"56787";"1809";"102";"2025-03-21 02:44:46";"System";"2025-03-21 02:44:46";"System"
"147106";"Rumbai";"Rumbai";"56787";"1809";"102";"2025-03-21 02:44:46";"System";"2025-03-21 02:44:46";"System"
"147107";"Bukit Raya";"Bukit Raya";"56787";"1809";"102";"2025-03-21 02:44:46";"System";"2025-03-21 02:44:46";"System"
"147108";"Tampan";"Tampan";"56787";"1809";"102";"2025-03-21 02:44:46";"System";"2025-03-21 02:44:46";"System"
"147109";"Marpoyan Damai";"Marpoyan Damai";"56787";"1809";"102";"2025-03-21 02:44:46";"System";"2025-03-21 02:44:46";"System"
"147110";"Tenayan Raya";"Tenayan Raya";"56787";"1809";"102";"2025-03-21 02:44:46";"System";"2025-03-21 02:44:46";"System"
"147111";"Payung Sekaki";"Payung Sekaki";"56787";"1809";"102";"2025-03-21 02:44:46";"System";"2025-03-21 02:44:46";"System"
"147112";"Rumbai Pesisir";"Rumbai Pesisir";"56787";"1809";"102";"2025-03-21 02:44:46";"System";"2025-03-21 02:44:46";"System"
"147201";"Dumai Barat";"Dumai Barat";"56752";"1809";"102";"2025-03-21 02:44:46";"System";"2025-03-21 02:44:46";"System"
"147202";"Dumai Timur";"Dumai Timur";"56752";"1809";"102";"2025-03-21 02:44:46";"System";"2025-03-21 02:44:46";"System"
"147203";"Bukit Kapur";"Bukit Kapur";"56752";"1809";"102";"2025-03-21 02:44:46";"System";"2025-03-21 02:44:46";"System"
"147204";"Sungai Sembilan";"Sungai Sembilan";"56752";"1809";"102";"2025-03-21 02:44:46";"System";"2025-03-21 02:44:46";"System"
"147205";"Medang Kampai";"Medang Kampai";"56752";"1809";"102";"2025-03-21 02:44:46";"System";"2025-03-21 02:44:46";"System"
"147206";"Dumai Kota";"Dumai Kota";"56752";"1809";"102";"2025-03-21 02:44:46";"System";"2025-03-21 02:44:46";"System"
"147207";"Dumai Selatan";"Dumai Selatan";"56752";"1809";"102";"2025-03-21 02:44:46";"System";"2025-03-21 02:44:46";"System"
"147301";"Bathin Solapan";"Bathin Solapan";"0";"0";"102";"2025-03-21 02:44:46";"System";"2025-03-21 02:44:46";"System"
"150101";"Gunung Raya";"Gunung Raya";"56458";"1815";"102";"2025-03-21 02:44:46";"System";"2025-03-21 02:44:46";"System"
"150102";"Danau Kerinci";"Danau Kerinci";"56458";"1815";"102";"2025-03-21 02:44:46";"System";"2025-03-21 02:44:46";"System"
"150104";"Sitinjau Laut";"Sitinjau Laut";"56458";"1815";"102";"2025-03-21 02:44:46";"System";"2025-03-21 02:44:46";"System"
"150105";"Air Hangat";"Air Hangat";"56458";"1815";"102";"2025-03-21 02:44:46";"System";"2025-03-21 02:44:46";"System"
"150106";"Gunung Kerinci";"Gunung Kerinci";"56458";"1815";"102";"2025-03-21 02:44:46";"System";"2025-03-21 02:44:46";"System"
"150107";"Batang Merangin";"Batang Merangin";"56458";"1815";"102";"2025-03-21 02:44:46";"System";"2025-03-21 02:44:46";"System"
"150108";"Keliling Danau";"Keliling Danau";"56458";"1815";"102";"2025-03-21 02:44:46";"System";"2025-03-21 02:44:46";"System"
"150109";"Kayu Aro";"Kayu Aro";"56458";"1815";"102";"2025-03-21 02:44:46";"System";"2025-03-21 02:44:46";"System"
"150111";"Air Hangat Timur";"Air Hangat Timur";"56458";"1815";"102";"2025-03-21 02:44:46";"System";"2025-03-21 02:44:46";"System"
"150115";"Gunung Tujuh";"Gunung Tujuh";"56458";"1815";"102";"2025-03-21 02:44:46";"System";"2025-03-21 02:44:46";"System"
"150116";"Siulak";"Siulak";"56458";"1815";"102";"2025-03-21 02:44:46";"System";"2025-03-21 02:44:46";"System"
"150117";"Depati Tujuh";"Depati Tujuh";"56458";"1815";"102";"2025-03-21 02:44:46";"System";"2025-03-21 02:44:46";"System"
"150118";"Siulak Mukai";"Siulak Mukai";"56458";"1815";"102";"2025-03-21 02:44:46";"System";"2025-03-21 02:44:46";"System"
"150119";"Kayu Aro Barat";"Kayu Aro Barat";"56458";"1815";"102";"2025-03-21 02:44:46";"System";"2025-03-21 02:44:46";"System"
"150120";"Bukitkerman";"Bukitkerman";"56458";"1815";"102";"2025-03-21 02:44:46";"System";"2025-03-21 02:44:46";"System"
"150121";"Air Hangat Barat";"Air Hangat Barat";"56458";"1815";"102";"2025-03-21 02:44:46";"System";"2025-03-21 02:44:46";"System"
"150201";"Jangkat";"Jangkat";"56532";"1815";"102";"2025-03-21 02:44:46";"System";"2025-03-21 02:44:46";"System"
"150202";"Bangko";"Bangko";"56532";"1815";"102";"2025-03-21 02:44:46";"System";"2025-03-21 02:44:46";"System"
"150203";"Muara Siau";"Muara Siau";"56532";"1815";"102";"2025-03-21 02:44:46";"System";"2025-03-21 02:44:46";"System"
"150204";"Sungai Manau";"Sungai Manau";"56532";"1815";"102";"2025-03-21 02:44:46";"System";"2025-03-21 02:44:46";"System"
"150205";"Tabir";"Tabir";"56532";"1815";"102";"2025-03-21 02:44:46";"System";"2025-03-21 02:44:46";"System"
"150206";"Pamenang";"Pamenang";"56532";"1815";"102";"2025-03-21 02:44:46";"System";"2025-03-21 02:44:46";"System"
"150207";"Tabir Ulu";"Tabir Ulu";"56532";"1815";"102";"2025-03-21 02:44:46";"System";"2025-03-21 02:44:46";"System"
"150208";"Tabir Selatan";"Tabir Selatan";"56532";"1815";"102";"2025-03-21 02:44:46";"System";"2025-03-21 02:44:46";"System"
"150209";"Lembah Masurai";"Lembah Masurai";"56532";"1815";"102";"2025-03-21 02:44:46";"System";"2025-03-21 02:44:46";"System"
"150210";"Bangko Barat";"Bangko Barat";"56532";"1815";"102";"2025-03-21 02:44:46";"System";"2025-03-21 02:44:46";"System"
"150211";"Nalo Tatan";"Nalo Tatan";"56532";"1815";"102";"2025-03-21 02:44:46";"System";"2025-03-21 02:44:46";"System"
"150212";"Batang Masumai";"Batang Masumai";"56532";"1815";"102";"2025-03-21 02:44:46";"System";"2025-03-21 02:44:46";"System"
"150213";"Pamenang Barat";"Pamenang Barat";"56532";"1815";"102";"2025-03-21 02:44:46";"System";"2025-03-21 02:44:46";"System"
"150214";"Tabir Ilir";"Tabir Ilir";"56532";"1815";"102";"2025-03-21 02:44:46";"System";"2025-03-21 02:44:46";"System"
"150215";"Tabir Timur";"Tabir Timur";"56532";"1815";"102";"2025-03-21 02:44:46";"System";"2025-03-21 02:44:46";"System"
"150216";"Renah Pembarap";"Renah Pembarap";"56532";"1815";"102";"2025-03-21 02:44:46";"System";"2025-03-21 02:44:46";"System"
"150217";"Pangkalan Jambu";"Pangkalan Jambu";"56532";"1815";"102";"2025-03-21 02:44:46";"System";"2025-03-21 02:44:46";"System"
"150218";"Sungai Tenang";"Sungai Tenang";"56532";"1815";"102";"2025-03-21 02:44:46";"System";"2025-03-21 02:44:46";"System"
"150219";"Renah Pamenang";"Renah Pamenang";"56532";"1815";"102";"2025-03-21 02:44:46";"System";"2025-03-21 02:44:46";"System"
"150220";"Pamenang Selatan";"Pamenang Selatan";"56532";"1815";"102";"2025-03-21 02:44:46";"System";"2025-03-21 02:44:46";"System"
"150221";"Margo Tabir";"Margo Tabir";"56532";"1815";"102";"2025-03-21 02:44:46";"System";"2025-03-21 02:44:46";"System"
"150222";"Tabir Lintas";"Tabir Lintas";"56532";"1815";"102";"2025-03-21 02:44:46";"System";"2025-03-21 02:44:46";"System"
"150223";"Tabir Barat";"Tabir Barat";"56532";"1815";"102";"2025-03-21 02:44:46";"System";"2025-03-21 02:44:46";"System"
"150224";"Tiang Pumpung";"Tiang Pumpung";"56532";"1815";"102";"2025-03-21 02:44:46";"System";"2025-03-21 02:44:46";"System"
"150301";"Batang Asai";"Batang Asai";"56618";"1815";"102";"2025-03-21 02:44:46";"System";"2025-03-21 02:44:46";"System"
"150302";"Limun";"Limun";"56618";"1815";"102";"2025-03-21 02:44:46";"System";"2025-03-21 02:44:46";"System"
"150303";"Sarolangun";"Sarolangun";"56618";"1815";"102";"2025-03-21 02:44:46";"System";"2025-03-21 02:44:46";"System"
"150304";"Pauh";"Pauh";"56618";"1815";"102";"2025-03-21 02:44:46";"System";"2025-03-21 02:44:46";"System"
"150305";"Pelawan";"Pelawan";"56618";"1815";"102";"2025-03-21 02:44:46";"System";"2025-03-21 02:44:46";"System"
"150306";"Mandiangin";"Mandiangin";"56618";"1815";"102";"2025-03-21 02:44:46";"System";"2025-03-21 02:44:46";"System"
"150307";"Air Hitam";"Air Hitam";"56618";"1815";"102";"2025-03-21 02:44:46";"System";"2025-03-21 02:44:46";"System"
"150308";"Bathin VIII";"Bathin VIII";"56618";"1815";"102";"2025-03-21 02:44:46";"System";"2025-03-21 02:44:46";"System"
"150309";"Singkut";"Singkut";"56618";"1815";"102";"2025-03-21 02:44:46";"System";"2025-03-21 02:44:46";"System"
"150310";"Cermin Nan Gedang";"Cermin Nan Gedang";"56618";"1815";"102";"2025-03-21 02:44:46";"System";"2025-03-21 02:44:46";"System"
"150401";"Mersam";"Mersam";"0";"0";"102";"2025-03-21 02:44:46";"System";"2025-03-21 02:44:46";"System"
"150402";"Muara Tembesi";"Muara Tembesi";"0";"0";"102";"2025-03-21 02:44:46";"System";"2025-03-21 02:44:46";"System"
"150403";"Muara Bulian";"Muara Bulian";"0";"0";"102";"2025-03-21 02:44:46";"System";"2025-03-21 02:44:46";"System"
"150404";"Batin XXIV";"Batin XXIV";"0";"0";"102";"2025-03-21 02:44:46";"System";"2025-03-21 02:44:46";"System"
"150405";"Pemayung";"Pemayung";"0";"0";"102";"2025-03-21 02:44:46";"System";"2025-03-21 02:44:46";"System"
"150406";"Maro Sebo Ulu";"Maro Sebo Ulu";"0";"0";"102";"2025-03-21 02:44:46";"System";"2025-03-21 02:44:46";"System"
"150407";"Bajubang";"Bajubang";"0";"0";"102";"2025-03-21 02:44:46";"System";"2025-03-21 02:44:46";"System"
"150408";"Maro Sebo Ilir";"Maro Sebo Ilir";"0";"0";"102";"2025-03-21 02:44:46";"System";"2025-03-21 02:44:46";"System"
"150501";"Jambi Luar Kota";"Jambi Luar Kota";"56543";"1815";"102";"2025-03-21 02:44:46";"System";"2025-03-21 02:44:46";"System"
"150502";"Sekernan";"Sekernan";"56543";"1815";"102";"2025-03-21 02:44:46";"System";"2025-03-21 02:44:46";"System"
"150503";"Kumpeh";"Kumpeh";"56543";"1815";"102";"2025-03-21 02:44:46";"System";"2025-03-21 02:44:46";"System"
"150504";"Maro Sebo";"Maro Sebo";"56543";"1815";"102";"2025-03-21 02:44:46";"System";"2025-03-21 02:44:46";"System"
"150505";"Mestong";"Mestong";"56543";"1815";"102";"2025-03-21 02:44:46";"System";"2025-03-21 02:44:46";"System"
"150506";"Kumpeh Ulu";"Kumpeh Ulu";"56543";"1815";"102";"2025-03-21 02:44:46";"System";"2025-03-21 02:44:46";"System"
"150507";"Sungai Bahar";"Sungai Bahar";"56543";"1815";"102";"2025-03-21 02:44:46";"System";"2025-03-21 02:44:46";"System"
"150508";"Sungai Gelam";"Sungai Gelam";"56543";"1815";"102";"2025-03-21 02:44:46";"System";"2025-03-21 02:44:46";"System"
"150509";"Bahar Utara";"Bahar Utara";"56543";"1815";"102";"2025-03-21 02:44:46";"System";"2025-03-21 02:44:46";"System"
"150510";"Bahar Selatan";"Bahar Selatan";"56543";"1815";"102";"2025-03-21 02:44:46";"System";"2025-03-21 02:44:46";"System"
"150511";"Taman Rajo";"Taman Rajo";"56543";"1815";"102";"2025-03-21 02:44:46";"System";"2025-03-21 02:44:46";"System"
"150601";"Tungkal Ulu";"Tungkal Ulu";"56668";"1815";"102";"2025-03-21 02:44:46";"System";"2025-03-21 02:44:46";"System"
"150602";"Tungkal Ilir";"Tungkal Ilir";"56668";"1815";"102";"2025-03-21 02:44:46";"System";"2025-03-21 02:44:46";"System"
"150603";"Pengabuan";"Pengabuan";"56668";"1815";"102";"2025-03-21 02:44:46";"System";"2025-03-21 02:44:46";"System"
"150604";"Betara";"Betara";"56668";"1815";"102";"2025-03-21 02:44:46";"System";"2025-03-21 02:44:46";"System"
"150605";"Merlung";"Merlung";"56668";"1815";"102";"2025-03-21 02:44:46";"System";"2025-03-21 02:44:46";"System"
"150606";"Tebing Tinggi";"Tebing Tinggi";"56668";"1815";"102";"2025-03-21 02:44:46";"System";"2025-03-21 02:44:46";"System"
"150607";"Batang Asam";"Batang Asam";"56668";"1815";"102";"2025-03-21 02:44:46";"System";"2025-03-21 02:44:46";"System"
"150608";"Renah Mendaluh";"Renah Mendaluh";"56668";"1815";"102";"2025-03-21 02:44:46";"System";"2025-03-21 02:44:46";"System"
"150609";"Muara Papalik";"Muara Papalik";"56668";"1815";"102";"2025-03-21 02:44:46";"System";"2025-03-21 02:44:46";"System"
"150610";"Seberang Kota";"Seberang Kota";"56668";"1815";"102";"2025-03-21 02:44:46";"System";"2025-03-21 02:44:46";"System"
"150611";"Bram Itam";"Bram Itam";"56668";"1815";"102";"2025-03-21 02:44:46";"System";"2025-03-21 02:44:46";"System"
"150612";"Kuala Betara";"Kuala Betara";"56668";"1815";"102";"2025-03-21 02:44:46";"System";"2025-03-21 02:44:46";"System"
"150613";"Senyerang";"Senyerang";"56668";"1815";"102";"2025-03-21 02:44:46";"System";"2025-03-21 02:44:46";"System"
"150701";"Muara Sabak Timur";"Muara Sabak Timur";"56669";"1815";"102";"2025-03-21 02:44:46";"System";"2025-03-21 02:44:46";"System"
"150702";"Nipah Panjang";"Nipah Panjang";"56669";"1815";"102";"2025-03-21 02:44:46";"System";"2025-03-21 02:44:46";"System"
"150703";"Mendahara";"Mendahara";"56669";"1815";"102";"2025-03-21 02:44:46";"System";"2025-03-21 02:44:46";"System"
"150704";"Rantau Rasau";"Rantau Rasau";"56669";"1815";"102";"2025-03-21 02:44:46";"System";"2025-03-21 02:44:46";"System"
"150705";"S a d u";"S a d u";"56669";"1815";"102";"2025-03-21 02:44:46";"System";"2025-03-21 02:44:46";"System"
"150706";"Dendang";"Dendang";"56669";"1815";"102";"2025-03-21 02:44:46";"System";"2025-03-21 02:44:46";"System"
"150707";"Muara Sabak Barat";"Muara Sabak Barat";"56669";"1815";"102";"2025-03-21 02:44:46";"System";"2025-03-21 02:44:46";"System"
"150708";"Kuala Jambi";"Kuala Jambi";"56669";"1815";"102";"2025-03-21 02:44:46";"System";"2025-03-21 02:44:46";"System"
"150709";"Mendahara Ulu";"Mendahara Ulu";"56669";"1815";"102";"2025-03-21 02:44:46";"System";"2025-03-21 02:44:46";"System"
"150710";"Geragai";"Geragai";"56669";"1815";"102";"2025-03-21 02:44:46";"System";"2025-03-21 02:44:46";"System"
"150711";"Berbak";"Berbak";"56669";"1815";"102";"2025-03-21 02:44:46";"System";"2025-03-21 02:44:46";"System"
"150801";"Tanah Tumbuh";"Tanah Tumbuh";"56382";"1815";"102";"2025-03-21 02:44:46";"System";"2025-03-21 02:44:46";"System"
"150802";"Rantau Pandan";"Rantau Pandan";"56382";"1815";"102";"2025-03-21 02:44:46";"System";"2025-03-21 02:44:46";"System"
"150803";"Pasar Muaro Bungo";"Pasar Muaro Bungo";"56382";"1815";"102";"2025-03-21 02:44:46";"System";"2025-03-21 02:44:46";"System"
"150804";"Jujuhan";"Jujuhan";"56382";"1815";"102";"2025-03-21 02:44:46";"System";"2025-03-21 02:44:46";"System"
"150805";"Tanah Sepenggal";"Tanah Sepenggal";"56382";"1815";"102";"2025-03-21 02:44:46";"System";"2025-03-21 02:44:46";"System"
"150806";"Pelepat";"Pelepat";"56382";"1815";"102";"2025-03-21 02:44:46";"System";"2025-03-21 02:44:46";"System"
"150807";"Limbur Lubuk Mengkuang";"Limbur Lubuk Mengkuang";"56382";"1815";"102";"2025-03-21 02:44:46";"System";"2025-03-21 02:44:46";"System"
"150808";"Muko-muko Bathin VII";"Muko-muko Bathin VII";"56382";"1815";"102";"2025-03-21 02:44:46";"System";"2025-03-21 02:44:46";"System"
"150809";"Pelepat Ilir";"Pelepat Ilir";"56382";"1815";"102";"2025-03-21 02:44:46";"System";"2025-03-21 02:44:46";"System"
"150810";"Batin II Babeko";"Batin II Babeko";"56382";"1815";"102";"2025-03-21 02:44:46";"System";"2025-03-21 02:44:46";"System"
"150811";"Bathin III";"Bathin III";"56382";"1815";"102";"2025-03-21 02:44:46";"System";"2025-03-21 02:44:46";"System"
"150812";"Bungo Dani";"Bungo Dani";"56382";"1815";"102";"2025-03-21 02:44:46";"System";"2025-03-21 02:44:46";"System"
"150813";"Rimbo Tengah";"Rimbo Tengah";"56382";"1815";"102";"2025-03-21 02:44:46";"System";"2025-03-21 02:44:46";"System"
"150814";"Bathin III Ulu";"Bathin III Ulu";"56382";"1815";"102";"2025-03-21 02:44:46";"System";"2025-03-21 02:44:46";"System"
"150815";"Bathin II Pelayang";"Bathin II Pelayang";"56382";"1815";"102";"2025-03-21 02:44:46";"System";"2025-03-21 02:44:46";"System"
"150816";"Jujuhan Ilir";"Jujuhan Ilir";"56382";"1815";"102";"2025-03-21 02:44:46";"System";"2025-03-21 02:44:46";"System"
"150817";"Tanah Sepenggal Lintas";"Tanah Sepenggal Lintas";"56382";"1815";"102";"2025-03-21 02:44:46";"System";"2025-03-21 02:44:46";"System"
"150901";"Tebo Tengah";"Tebo Tengah";"56675";"1815";"102";"2025-03-21 02:44:46";"System";"2025-03-21 02:44:46";"System"
"150902";"Tebo Ilir";"Tebo Ilir";"56675";"1815";"102";"2025-03-21 02:44:46";"System";"2025-03-21 02:44:46";"System"
"150903";"Tebo Ulu";"Tebo Ulu";"56675";"1815";"102";"2025-03-21 02:44:46";"System";"2025-03-21 02:44:46";"System"
"150904";"Rimbo Bujang";"Rimbo Bujang";"56675";"1815";"102";"2025-03-21 02:44:46";"System";"2025-03-21 02:44:46";"System"
"150905";"Sumay";"Sumay";"56675";"1815";"102";"2025-03-21 02:44:46";"System";"2025-03-21 02:44:46";"System"
"150906";"VII Koto";"VII Koto";"56675";"1815";"102";"2025-03-21 02:44:46";"System";"2025-03-21 02:44:46";"System"
"150907";"Rimbo Ulu";"Rimbo Ulu";"56675";"1815";"102";"2025-03-21 02:44:46";"System";"2025-03-21 02:44:46";"System"
"150908";"Rimbo Ilir";"Rimbo Ilir";"56675";"1815";"102";"2025-03-21 02:44:46";"System";"2025-03-21 02:44:46";"System"
"150909";"Tengah Ilir";"Tengah Ilir";"56675";"1815";"102";"2025-03-21 02:44:46";"System";"2025-03-21 02:44:46";"System"
"150910";"Serai Serumpun";"Serai Serumpun";"56675";"1815";"102";"2025-03-21 02:44:46";"System";"2025-03-21 02:44:46";"System"
"150911";"VII Koto Ilir";"VII Koto Ilir";"56675";"1815";"102";"2025-03-21 02:44:46";"System";"2025-03-21 02:44:46";"System"
"150912";"Muara Tabir";"Muara Tabir";"56675";"1815";"102";"2025-03-21 02:44:46";"System";"2025-03-21 02:44:46";"System"
"157101";"Telanaipura";"Telanaipura";"56755";"1815";"102";"2025-03-21 02:44:46";"System";"2025-03-21 02:44:46";"System"
"157102";"Jambi Selatan";"Jambi Selatan";"56755";"1815";"102";"2025-03-21 02:44:46";"System";"2025-03-21 02:44:46";"System"
"157103";"Jambi Timur";"Jambi Timur";"56755";"1815";"102";"2025-03-21 02:44:46";"System";"2025-03-21 02:44:46";"System"
"157104";"Pasar Jambi";"Pasar Jambi";"56755";"1815";"102";"2025-03-21 02:44:46";"System";"2025-03-21 02:44:46";"System"
"157105";"Pelayangan";"Pelayangan";"56755";"1815";"102";"2025-03-21 02:44:46";"System";"2025-03-21 02:44:46";"System"
"157106";"Danau Teluk";"Danau Teluk";"56755";"1815";"102";"2025-03-21 02:44:46";"System";"2025-03-21 02:44:46";"System"
"157107";"Kota Baru";"Kota Baru";"56755";"1815";"102";"2025-03-21 02:44:46";"System";"2025-03-21 02:44:46";"System"
"157108";"Jelutung";"Jelutung";"56755";"1815";"102";"2025-03-21 02:44:46";"System";"2025-03-21 02:44:46";"System"
"157109";"Alam Barajo";"Alam Barajo";"56755";"1815";"102";"2025-03-21 02:44:46";"System";"2025-03-21 02:44:46";"System"
"157110";"Danau Sipin";"Danau Sipin";"56755";"1815";"102";"2025-03-21 02:44:46";"System";"2025-03-21 02:44:46";"System"
"157111";"Paal Merah";"Paal Merah";"56755";"1815";"102";"2025-03-21 02:44:46";"System";"2025-03-21 02:44:46";"System"
"157201";"Sungai Penuh";"Sungai Penuh";"56802";"1815";"102";"2025-03-21 02:44:46";"System";"2025-03-21 02:44:46";"System"
"157202";"Pesisir Bukit";"Pesisir Bukit";"56802";"1815";"102";"2025-03-21 02:44:46";"System";"2025-03-21 02:44:46";"System"
"157203";"Hamparan Rawang";"Hamparan Rawang";"56802";"1815";"102";"2025-03-21 02:44:46";"System";"2025-03-21 02:44:46";"System"
"157204";"Tanah Kampung";"Tanah Kampung";"56802";"1815";"102";"2025-03-21 02:44:46";"System";"2025-03-21 02:44:46";"System"
"157205";"Kumun Debai";"Kumun Debai";"56802";"1815";"102";"2025-03-21 02:44:46";"System";"2025-03-21 02:44:46";"System"
"157206";"Pondok Tinggi";"Pondok Tinggi";"56802";"1815";"102";"2025-03-21 02:44:46";"System";"2025-03-21 02:44:46";"System"
"157207";"Koto Baru";"Koto Baru";"56802";"1815";"102";"2025-03-21 02:44:46";"System";"2025-03-21 02:44:46";"System"
"157208";"Sungai Bungkal";"Sungai Bungkal";"56802";"1815";"102";"2025-03-21 02:44:46";"System";"2025-03-21 02:44:46";"System"
"160107";"Sosoh Buay Rayap";"Sosoh Buay Rayap";"56565";"1816";"102";"2025-03-21 02:44:46";"System";"2025-03-21 02:44:46";"System"
"160108";"Pengandonan";"Pengandonan";"56565";"1816";"102";"2025-03-21 02:44:46";"System";"2025-03-21 02:44:46";"System"
"160109";"Peninjauan";"Peninjauan";"56565";"1816";"102";"2025-03-21 02:44:46";"System";"2025-03-21 02:44:46";"System"
"160113";"Baturaja Barat";"Baturaja Barat";"56565";"1816";"102";"2025-03-21 02:44:46";"System";"2025-03-21 02:44:46";"System"
"160114";"Baturaja Timur";"Baturaja Timur";"56565";"1816";"102";"2025-03-21 02:44:46";"System";"2025-03-21 02:44:46";"System"
"160120";"Ulu Ogan";"Ulu Ogan";"56565";"1816";"102";"2025-03-21 02:44:46";"System";"2025-03-21 02:44:46";"System"
"160121";"Semidang Aji";"Semidang Aji";"56565";"1816";"102";"2025-03-21 02:44:46";"System";"2025-03-21 02:44:46";"System"
"160122";"Lubuk Batang";"Lubuk Batang";"56565";"1816";"102";"2025-03-21 02:44:46";"System";"2025-03-21 02:44:46";"System"
"160128";"Lengkiti";"Lengkiti";"56565";"1816";"102";"2025-03-21 02:44:46";"System";"2025-03-21 02:44:46";"System"
"160129";"Sinar Peninjauan";"Sinar Peninjauan";"56565";"1816";"102";"2025-03-21 02:44:46";"System";"2025-03-21 02:44:46";"System"
"160130";"Lubuk Raja";"Lubuk Raja";"56565";"1816";"102";"2025-03-21 02:44:46";"System";"2025-03-21 02:44:46";"System"
"160131";"Muara Jaya";"Muara Jaya";"56565";"1816";"102";"2025-03-21 02:44:46";"System";"2025-03-21 02:44:46";"System"
"160202";"Tanjung Lubuk";"Tanjung Lubuk";"56564";"1816";"102";"2025-03-21 02:44:46";"System";"2025-03-21 02:44:46";"System"
"160203";"Pedamaran";"Pedamaran";"56564";"1816";"102";"2025-03-21 02:44:46";"System";"2025-03-21 02:44:46";"System"
"160204";"Mesuji";"Mesuji";"56564";"1816";"102";"2025-03-21 02:44:46";"System";"2025-03-21 02:44:46";"System"
"160205";"Kayu Agung";"Kayu Agung";"56564";"1816";"102";"2025-03-21 02:44:46";"System";"2025-03-21 02:44:46";"System"
"160208";"Sirah Pulau Padang";"Sirah Pulau Padang";"56564";"1816";"102";"2025-03-21 02:44:46";"System";"2025-03-21 02:44:46";"System"
"160211";"Tulung Selapan";"Tulung Selapan";"56564";"1816";"102";"2025-03-21 02:44:46";"System";"2025-03-21 02:44:46";"System"
"160212";"Pampangan";"Pampangan";"56564";"1816";"102";"2025-03-21 02:44:46";"System";"2025-03-21 02:44:46";"System"
"160213";"Lempuing";"Lempuing";"56564";"1816";"102";"2025-03-21 02:44:46";"System";"2025-03-21 02:44:46";"System"
"160214";"Air Sugihan";"Air Sugihan";"56564";"1816";"102";"2025-03-21 02:44:46";"System";"2025-03-21 02:44:46";"System"
"160215";"Sungai Menang";"Sungai Menang";"56564";"1816";"102";"2025-03-21 02:44:46";"System";"2025-03-21 02:44:46";"System"
"160217";"Jejawi";"Jejawi";"56564";"1816";"102";"2025-03-21 02:44:46";"System";"2025-03-21 02:44:46";"System"
"160218";"Cengal";"Cengal";"56564";"1816";"102";"2025-03-21 02:44:46";"System";"2025-03-21 02:44:46";"System"
"160219";"Pangkalan Lampam";"Pangkalan Lampam";"56564";"1816";"102";"2025-03-21 02:44:46";"System";"2025-03-21 02:44:46";"System"
"160220";"Mesuji Makmur";"Mesuji Makmur";"56564";"1816";"102";"2025-03-21 02:44:46";"System";"2025-03-21 02:44:46";"System"
"160221";"Mesuji Raya";"Mesuji Raya";"56564";"1816";"102";"2025-03-21 02:44:46";"System";"2025-03-21 02:44:46";"System"
"160222";"Lempuing Jaya";"Lempuing Jaya";"56564";"1816";"102";"2025-03-21 02:44:46";"System";"2025-03-21 02:44:46";"System"
"160223";"Teluk Gelam";"Teluk Gelam";"56564";"1816";"102";"2025-03-21 02:44:46";"System";"2025-03-21 02:44:46";"System"
"160224";"Pedamaran Timur";"Pedamaran Timur";"56564";"1816";"102";"2025-03-21 02:44:46";"System";"2025-03-21 02:44:46";"System"
"160301";"Tanjung Agung";"Tanjung Agung";"56542";"1816";"102";"2025-03-21 02:44:46";"System";"2025-03-21 02:44:46";"System"
"160302";"Muara Enim";"Muara Enim";"56542";"1816";"102";"2025-03-21 02:44:46";"System";"2025-03-21 02:44:46";"System"
"160303";"Rambang Dangku";"Rambang Dangku";"56542";"1816";"102";"2025-03-21 02:44:46";"System";"2025-03-21 02:44:46";"System"
"160304";"Gunung Megang";"Gunung Megang";"56542";"1816";"102";"2025-03-21 02:44:46";"System";"2025-03-21 02:44:46";"System"
"160306";"Gelumbang";"Gelumbang";"56542";"1816";"102";"2025-03-21 02:44:46";"System";"2025-03-21 02:44:46";"System"
"160307";"Lawang Kidul";"Lawang Kidul";"56542";"1816";"102";"2025-03-21 02:44:46";"System";"2025-03-21 02:44:46";"System"
"160308";"Semende Darat Laut";"Semende Darat Laut";"56542";"1816";"102";"2025-03-21 02:44:46";"System";"2025-03-21 02:44:46";"System"
"160309";"Semende Darat Tengah";"Semende Darat Tengah";"56542";"1816";"102";"2025-03-21 02:44:46";"System";"2025-03-21 02:44:46";"System"
"160310";"Semende Darat Ulu";"Semende Darat Ulu";"56542";"1816";"102";"2025-03-21 02:44:46";"System";"2025-03-21 02:44:46";"System"
"160311";"Ujan Mas";"Ujan Mas";"56542";"1816";"102";"2025-03-21 02:44:46";"System";"2025-03-21 02:44:46";"System"
"160314";"Lubai";"Lubai";"56542";"1816";"102";"2025-03-21 02:44:46";"System";"2025-03-21 02:44:46";"System"
"160315";"Rambang";"Rambang";"56542";"1816";"102";"2025-03-21 02:44:46";"System";"2025-03-21 02:44:46";"System"
"160316";"Sungai Rotan";"Sungai Rotan";"56542";"1816";"102";"2025-03-21 02:44:46";"System";"2025-03-21 02:44:46";"System"
"160317";"Lembak";"Lembak";"56542";"1816";"102";"2025-03-21 02:44:46";"System";"2025-03-21 02:44:46";"System"
"160319";"Benakat";"Benakat";"56542";"1816";"102";"2025-03-21 02:44:46";"System";"2025-03-21 02:44:46";"System"
"160321";"Kelekar";"Kelekar";"56542";"1816";"102";"2025-03-21 02:44:46";"System";"2025-03-21 02:44:46";"System"
"160322";"Muara Belida";"Muara Belida";"56542";"1816";"102";"2025-03-21 02:44:46";"System";"2025-03-21 02:44:46";"System"
"160323";"Belimbing";"Belimbing";"56542";"1816";"102";"2025-03-21 02:44:46";"System";"2025-03-21 02:44:46";"System"
"160324";"Belida Darat";"Belida Darat";"56542";"1816";"102";"2025-03-21 02:44:46";"System";"2025-03-21 02:44:46";"System"
"160325";"Lubai Ulu";"Lubai Ulu";"56542";"1816";"102";"2025-03-21 02:44:46";"System";"2025-03-21 02:44:46";"System"
"160401";"Tanjungsakti Pumu";"Tanjungsakti Pumu";"148782";"1816";"102";"2025-03-21 02:44:46";"System";"2025-03-21 02:44:46";"System"
"160406";"Jarai";"Jarai";"148782";"1816";"102";"2025-03-21 02:44:46";"System";"2025-03-21 02:44:46";"System"
"160407";"Kota Agung";"Kota Agung";"148782";"1816";"102";"2025-03-21 02:44:46";"System";"2025-03-21 02:44:46";"System"
"160408";"Pulaupinang";"Pulaupinang";"148782";"1816";"102";"2025-03-21 02:44:46";"System";"2025-03-21 02:44:46";"System"
"160409";"Merapi Barat";"Merapi Barat";"148782";"1816";"102";"2025-03-21 02:44:46";"System";"2025-03-21 02:44:46";"System"
"160410";"Lahat";"Lahat";"148782";"1816";"102";"2025-03-21 02:44:46";"System";"2025-03-21 02:44:46";"System"
"160412";"Pajar Bulan";"Pajar Bulan";"148782";"1816";"102";"2025-03-21 02:44:46";"System";"2025-03-21 02:44:46";"System"
"160415";"Mulak Ulu";"Mulak Ulu";"148782";"1816";"102";"2025-03-21 02:44:46";"System";"2025-03-21 02:44:46";"System"
"160416";"Kikim Selatan";"Kikim Selatan";"148782";"1816";"102";"2025-03-21 02:44:46";"System";"2025-03-21 02:44:46";"System"
"160417";"Kikim Timur";"Kikim Timur";"148782";"1816";"102";"2025-03-21 02:44:46";"System";"2025-03-21 02:44:46";"System"
"160418";"Kikim Tengah";"Kikim Tengah";"148782";"1816";"102";"2025-03-21 02:44:46";"System";"2025-03-21 02:44:46";"System"
"160419";"Kikim Barat";"Kikim Barat";"148782";"1816";"102";"2025-03-21 02:44:46";"System";"2025-03-21 02:44:46";"System"
"160420";"Pseksu";"Pseksu";"148782";"1816";"102";"2025-03-21 02:44:46";"System";"2025-03-21 02:44:46";"System"
"160421";"Gumay Talang";"Gumay Talang";"148782";"1816";"102";"2025-03-21 02:44:46";"System";"2025-03-21 02:44:46";"System"
"160422";"Pagar Gunung";"Pagar Gunung";"148782";"1816";"102";"2025-03-21 02:44:46";"System";"2025-03-21 02:44:46";"System"
"160423";"Merapi Timur";"Merapi Timur";"148782";"1816";"102";"2025-03-21 02:44:46";"System";"2025-03-21 02:44:46";"System"
"160424";"Tanjung Sakti Pumi";"Tanjung Sakti Pumi";"148782";"1816";"102";"2025-03-21 02:44:46";"System";"2025-03-21 02:44:46";"System"
"160425";"Gumay Ulu";"Gumay Ulu";"148782";"1816";"102";"2025-03-21 02:44:46";"System";"2025-03-21 02:44:46";"System"
"160426";"Merapi Selatan";"Merapi Selatan";"148782";"1816";"102";"2025-03-21 02:44:46";"System";"2025-03-21 02:44:46";"System"
"160427";"Tanjungtebat";"Tanjungtebat";"148782";"1816";"102";"2025-03-21 02:44:46";"System";"2025-03-21 02:44:46";"System"
"160428";"Muarapayang";"Muarapayang";"148782";"1816";"102";"2025-03-21 02:44:46";"System";"2025-03-21 02:44:46";"System"
"160429";"Sukamerindu";"Sukamerindu";"148782";"1816";"102";"2025-03-21 02:44:46";"System";"2025-03-21 02:44:46";"System"
"160501";"Tugumulyo";"Tugumulyo";"56549";"1816";"102";"2025-03-21 02:44:46";"System";"2025-03-21 02:44:46";"System"
"160502";"Muara Lakitan";"Muara Lakitan";"56549";"1816";"102";"2025-03-21 02:44:46";"System";"2025-03-21 02:44:46";"System"
"160503";"Muara Kelingi";"Muara Kelingi";"56549";"1816";"102";"2025-03-21 02:44:46";"System";"2025-03-21 02:44:46";"System"
"160508";"Jayaloka";"Jayaloka";"56549";"1816";"102";"2025-03-21 02:44:46";"System";"2025-03-21 02:44:46";"System"
"160509";"Muara Beliti";"Muara Beliti";"56549";"1816";"102";"2025-03-21 02:44:46";"System";"2025-03-21 02:44:46";"System"
"160510";"STL Ulu Terawas";"STL Ulu Terawas";"56549";"1816";"102";"2025-03-21 02:44:46";"System";"2025-03-21 02:44:46";"System"
"160511";"Selangit";"Selangit";"56549";"1816";"102";"2025-03-21 02:44:46";"System";"2025-03-21 02:44:46";"System"
"160512";"Megang Sakti";"Megang Sakti";"56549";"1816";"102";"2025-03-21 02:44:46";"System";"2025-03-21 02:44:46";"System"
"160513";"Purwodadi";"Purwodadi";"56549";"1816";"102";"2025-03-21 02:44:46";"System";"2025-03-21 02:44:46";"System"
"160514";"BTS. Ulu";"BTS. Ulu";"56549";"1816";"102";"2025-03-21 02:44:46";"System";"2025-03-21 02:44:46";"System"
"160518";"Tiang Pumpung Kepungut";"Tiang Pumpung Kepungut";"56549";"1816";"102";"2025-03-21 02:44:46";"System";"2025-03-21 02:44:46";"System"
"160519";"Sumber Harta";"Sumber Harta";"56549";"1816";"102";"2025-03-21 02:44:46";"System";"2025-03-21 02:44:46";"System"
"160520";"Tuah Negeri";"Tuah Negeri";"56549";"1816";"102";"2025-03-21 02:44:46";"System";"2025-03-21 02:44:46";"System"
"160521";"Suka Karya";"Suka Karya";"56549";"1816";"102";"2025-03-21 02:44:46";"System";"2025-03-21 02:44:46";"System"
"160601";"Sekayu";"Sekayu";"56548";"1816";"102";"2025-03-21 02:44:46";"System";"2025-03-21 02:44:46";"System"
"160602";"Lais";"Lais";"56548";"1816";"102";"2025-03-21 02:44:46";"System";"2025-03-21 02:44:46";"System"
"160603";"Sungai Keruh";"Sungai Keruh";"56548";"1816";"102";"2025-03-21 02:44:46";"System";"2025-03-21 02:44:46";"System"
"160604";"Batang Hari Leko";"Batang Hari Leko";"56548";"1816";"102";"2025-03-21 02:44:46";"System";"2025-03-21 02:44:46";"System"
"160605";"Sanga Desa";"Sanga Desa";"56548";"1816";"102";"2025-03-21 02:44:46";"System";"2025-03-21 02:44:46";"System"
"160606";"Babat Toman";"Babat Toman";"56548";"1816";"102";"2025-03-21 02:44:46";"System";"2025-03-21 02:44:46";"System"
"160607";"Sungai Lilin";"Sungai Lilin";"56548";"1816";"102";"2025-03-21 02:44:46";"System";"2025-03-21 02:44:46";"System"
"160608";"Keluang";"Keluang";"56548";"1816";"102";"2025-03-21 02:44:46";"System";"2025-03-21 02:44:46";"System"
"160609";"Bayung Lencir";"Bayung Lencir";"56548";"1816";"102";"2025-03-21 02:44:46";"System";"2025-03-21 02:44:46";"System"
"160610";"Plakat Tinggi";"Plakat Tinggi";"56548";"1816";"102";"2025-03-21 02:44:46";"System";"2025-03-21 02:44:46";"System"
"160611";"Lalan";"Lalan";"56548";"1816";"102";"2025-03-21 02:44:46";"System";"2025-03-21 02:44:46";"System"
"160612";"Tungkal Jaya";"Tungkal Jaya";"56548";"1816";"102";"2025-03-21 02:44:46";"System";"2025-03-21 02:44:46";"System"
"160613";"Lawang Wetan";"Lawang Wetan";"56548";"1816";"102";"2025-03-21 02:44:46";"System";"2025-03-21 02:44:46";"System"
"160614";"Babat Supat";"Babat Supat";"56548";"1816";"102";"2025-03-21 02:44:46";"System";"2025-03-21 02:44:46";"System"
"160701";"Banyuasin I";"Banyuasin I";"148789";"1816";"102";"2025-03-21 02:44:46";"System";"2025-03-21 02:44:46";"System"
"160702";"Banyuasin II";"Banyuasin II";"148789";"1816";"102";"2025-03-21 02:44:46";"System";"2025-03-21 02:44:46";"System"
"160703";"Banyuasin III";"Banyuasin III";"148789";"1816";"102";"2025-03-21 02:44:46";"System";"2025-03-21 02:44:46";"System"
"160704";"Pulau Rimau";"Pulau Rimau";"148789";"1816";"102";"2025-03-21 02:44:46";"System";"2025-03-21 02:44:46";"System"
"160705";"Betung";"Betung";"148789";"1816";"102";"2025-03-21 02:44:46";"System";"2025-03-21 02:44:46";"System"
"160706";"Rambutan";"Rambutan";"148789";"1816";"102";"2025-03-21 02:44:46";"System";"2025-03-21 02:44:46";"System"
"160707";"Muara Padang";"Muara Padang";"148789";"1816";"102";"2025-03-21 02:44:46";"System";"2025-03-21 02:44:46";"System"
"160708";"Muara Telang";"Muara Telang";"148789";"1816";"102";"2025-03-21 02:44:46";"System";"2025-03-21 02:44:46";"System"
"160709";"Makarti Jaya";"Makarti Jaya";"148789";"1816";"102";"2025-03-21 02:44:46";"System";"2025-03-21 02:44:46";"System"
"160710";"Talang Kelapa";"Talang Kelapa";"148789";"1816";"102";"2025-03-21 02:44:46";"System";"2025-03-21 02:44:46";"System"
"160711";"Rantau Bayur";"Rantau Bayur";"148789";"1816";"102";"2025-03-21 02:44:46";"System";"2025-03-21 02:44:46";"System"
"160712";"Tanjung Lago";"Tanjung Lago";"148789";"1816";"102";"2025-03-21 02:44:46";"System";"2025-03-21 02:44:46";"System"
"160713";"Muara Sugihan";"Muara Sugihan";"148789";"1816";"102";"2025-03-21 02:44:46";"System";"2025-03-21 02:44:46";"System"
"160714";"Air Salek";"Air Salek";"148789";"1816";"102";"2025-03-21 02:44:46";"System";"2025-03-21 02:44:46";"System"
"160715";"Tungkal Ilir";"Tungkal Ilir";"148789";"1816";"102";"2025-03-21 02:44:46";"System";"2025-03-21 02:44:46";"System"
"160716";"Suak Tapeh";"Suak Tapeh";"148789";"1816";"102";"2025-03-21 02:44:46";"System";"2025-03-21 02:44:46";"System"
"160717";"Sembawa";"Sembawa";"148789";"1816";"102";"2025-03-21 02:44:46";"System";"2025-03-21 02:44:46";"System"
"160718";"Sumber Marga Telang";"Sumber Marga Telang";"148789";"1816";"102";"2025-03-21 02:44:46";"System";"2025-03-21 02:44:46";"System"
"160719";"Air Kumbang";"Air Kumbang";"148789";"1816";"102";"2025-03-21 02:44:46";"System";"2025-03-21 02:44:46";"System"
"160801";"Martapura";"Martapura";"56567";"1816";"102";"2025-03-21 02:44:46";"System";"2025-03-21 02:44:46";"System"
"160802";"Buay Madang";"Buay Madang";"56567";"1816";"102";"2025-03-21 02:44:46";"System";"2025-03-21 02:44:46";"System"
"160803";"Belitang";"Belitang";"56567";"1816";"102";"2025-03-21 02:44:46";"System";"2025-03-21 02:44:46";"System"
"160804";"Cempaka";"Cempaka";"56567";"1816";"102";"2025-03-21 02:44:46";"System";"2025-03-21 02:44:46";"System"
"160805";"Buay Pemuka Peliung";"Buay Pemuka Peliung";"56567";"1816";"102";"2025-03-21 02:44:46";"System";"2025-03-21 02:44:46";"System"
"160806";"Madang Suku II";"Madang Suku II";"56567";"1816";"102";"2025-03-21 02:44:46";"System";"2025-03-21 02:44:46";"System"
"160807";"Madang Suku I";"Madang Suku I";"56567";"1816";"102";"2025-03-21 02:44:46";"System";"2025-03-21 02:44:46";"System"
"160808";"Semendawai Suku III";"Semendawai Suku III";"56567";"1816";"102";"2025-03-21 02:44:46";"System";"2025-03-21 02:44:46";"System"
"160809";"Belitang II";"Belitang II";"56567";"1816";"102";"2025-03-21 02:44:46";"System";"2025-03-21 02:44:46";"System"
"160810";"Belitang III";"Belitang III";"56567";"1816";"102";"2025-03-21 02:44:46";"System";"2025-03-21 02:44:46";"System"
"160811";"Bunga Mayang";"Bunga Mayang";"56567";"1816";"102";"2025-03-21 02:44:46";"System";"2025-03-21 02:44:46";"System"
"160812";"Buay Madang Timur";"Buay Madang Timur";"56567";"1816";"102";"2025-03-21 02:44:46";"System";"2025-03-21 02:44:46";"System"
"160813";"Madang Suku III";"Madang Suku III";"56567";"1816";"102";"2025-03-21 02:44:46";"System";"2025-03-21 02:44:46";"System"
"160814";"Semendawai Barat";"Semendawai Barat";"56567";"1816";"102";"2025-03-21 02:44:46";"System";"2025-03-21 02:44:46";"System"
"160815";"Semendawai Timur";"Semendawai Timur";"56567";"1816";"102";"2025-03-21 02:44:46";"System";"2025-03-21 02:44:46";"System"
"160816";"Jayapura";"Jayapura";"56567";"1816";"102";"2025-03-21 02:44:46";"System";"2025-03-21 02:44:46";"System"
"160817";"Belitang Jaya";"Belitang Jaya";"56567";"1816";"102";"2025-03-21 02:44:46";"System";"2025-03-21 02:44:46";"System"
"160818";"Belitang Madang Raya";"Belitang Madang Raya";"56567";"1816";"102";"2025-03-21 02:44:46";"System";"2025-03-21 02:44:46";"System"
"160819";"Belitang Mulya";"Belitang Mulya";"56567";"1816";"102";"2025-03-21 02:44:46";"System";"2025-03-21 02:44:46";"System"
"160820";"Buay Pemuka Bangsa Raja";"Buay Pemuka Bangsa Raja";"56567";"1816";"102";"2025-03-21 02:44:46";"System";"2025-03-21 02:44:46";"System"
"160901";"Muara Dua";"Muara Dua";"56566";"1816";"102";"2025-03-21 02:44:46";"System";"2025-03-21 02:44:46";"System"
"160902";"Pulau Beringin";"Pulau Beringin";"56566";"1816";"102";"2025-03-21 02:44:46";"System";"2025-03-21 02:44:46";"System"
"160903";"Banding Agung";"Banding Agung";"56566";"1816";"102";"2025-03-21 02:44:46";"System";"2025-03-21 02:44:46";"System"
"160904";"Muara Dua Kisam";"Muara Dua Kisam";"56566";"1816";"102";"2025-03-21 02:44:46";"System";"2025-03-21 02:44:46";"System"
"160905";"Simpang";"Simpang";"56566";"1816";"102";"2025-03-21 02:44:46";"System";"2025-03-21 02:44:46";"System"
"160906";"Buay Sandang Aji";"Buay Sandang Aji";"56566";"1816";"102";"2025-03-21 02:44:46";"System";"2025-03-21 02:44:46";"System"
"160907";"Buay Runjung";"Buay Runjung";"56566";"1816";"102";"2025-03-21 02:44:46";"System";"2025-03-21 02:44:46";"System"
"160908";"Mekakau Ilir";"Mekakau Ilir";"56566";"1816";"102";"2025-03-21 02:44:46";"System";"2025-03-21 02:44:46";"System"
"160909";"Buay Pemaca";"Buay Pemaca";"56566";"1816";"102";"2025-03-21 02:44:46";"System";"2025-03-21 02:44:46";"System"
"160910";"Kisam Tinggi";"Kisam Tinggi";"56566";"1816";"102";"2025-03-21 02:44:46";"System";"2025-03-21 02:44:46";"System"
"160911";"Kisam Ilir";"Kisam Ilir";"56566";"1816";"102";"2025-03-21 02:44:46";"System";"2025-03-21 02:44:46";"System"
"160912";"Buay Pematang Ribu Ranau Tengah";"Buay Pematang Ribu Ranau Tengah";"56566";"1816";"102";"2025-03-21 02:44:46";"System";"2025-03-21 02:44:46";"System"
"160913";"Warkuk Ranau Selatan";"Warkuk Ranau Selatan";"56566";"1816";"102";"2025-03-21 02:44:46";"System";"2025-03-21 02:44:46";"System"
"160914";"Runjung Agung";"Runjung Agung";"56566";"1816";"102";"2025-03-21 02:44:46";"System";"2025-03-21 02:44:46";"System"
"160915";"Sungai Are";"Sungai Are";"56566";"1816";"102";"2025-03-21 02:44:46";"System";"2025-03-21 02:44:46";"System"
"160916";"Sindang Danau";"Sindang Danau";"56566";"1816";"102";"2025-03-21 02:44:46";"System";"2025-03-21 02:44:46";"System"
"160917";"Buana Pemaca";"Buana Pemaca";"56566";"1816";"102";"2025-03-21 02:44:46";"System";"2025-03-21 02:44:46";"System"
"160918";"Tiga Dihaji";"Tiga Dihaji";"56566";"1816";"102";"2025-03-21 02:44:46";"System";"2025-03-21 02:44:46";"System"
"160919";"Buay Rawan";"Buay Rawan";"56566";"1816";"102";"2025-03-21 02:44:46";"System";"2025-03-21 02:44:46";"System"
"161001";"Muara Kuang";"Muara Kuang";"56563";"1816";"102";"2025-03-21 02:44:46";"System";"2025-03-21 02:44:46";"System"
"161002";"Tanjung Batu";"Tanjung Batu";"56563";"1816";"102";"2025-03-21 02:44:46";"System";"2025-03-21 02:44:46";"System"
"161003";"Tanjung Raja";"Tanjung Raja";"56563";"1816";"102";"2025-03-21 02:44:46";"System";"2025-03-21 02:44:46";"System"
"161004";"Indralaya";"Indralaya";"56563";"1816";"102";"2025-03-21 02:44:46";"System";"2025-03-21 02:44:46";"System"
"161005";"Pemulutan";"Pemulutan";"56563";"1816";"102";"2025-03-21 02:44:46";"System";"2025-03-21 02:44:46";"System"
"161006";"Rantau Alai";"Rantau Alai";"56563";"1816";"102";"2025-03-21 02:44:46";"System";"2025-03-21 02:44:46";"System"
"161007";"Indralaya Utara";"Indralaya Utara";"56563";"1816";"102";"2025-03-21 02:44:46";"System";"2025-03-21 02:44:46";"System"
"161008";"Indralaya Selatan";"Indralaya Selatan";"56563";"1816";"102";"2025-03-21 02:44:46";"System";"2025-03-21 02:44:46";"System"
"161009";"Pemulutan Selatan";"Pemulutan Selatan";"56563";"1816";"102";"2025-03-21 02:44:46";"System";"2025-03-21 02:44:46";"System"
"161010";"Pemulutan Barat";"Pemulutan Barat";"56563";"1816";"102";"2025-03-21 02:44:46";"System";"2025-03-21 02:44:46";"System"
"161011";"Rantau Panjang";"Rantau Panjang";"56563";"1816";"102";"2025-03-21 02:44:46";"System";"2025-03-21 02:44:46";"System"
"161012";"Sungai Pinang";"Sungai Pinang";"56563";"1816";"102";"2025-03-21 02:44:46";"System";"2025-03-21 02:44:46";"System"
"161013";"Kandis";"Kandis";"56563";"1816";"102";"2025-03-21 02:44:46";"System";"2025-03-21 02:44:46";"System"
"161014";"Rambang Kuang";"Rambang Kuang";"56563";"1816";"102";"2025-03-21 02:44:46";"System";"2025-03-21 02:44:46";"System"
"161015";"Lubuk Keliat";"Lubuk Keliat";"56563";"1816";"102";"2025-03-21 02:44:46";"System";"2025-03-21 02:44:46";"System"
"161016";"Payaraman";"Payaraman";"56563";"1816";"102";"2025-03-21 02:44:46";"System";"2025-03-21 02:44:46";"System"
"161101";"Muara Pinang";"Muara Pinang";"56402";"1816";"102";"2025-03-21 02:44:46";"System";"2025-03-21 02:44:46";"System"
"161102";"Pendopo";"Pendopo";"56402";"1816";"102";"2025-03-21 02:44:46";"System";"2025-03-21 02:44:46";"System"
"161103";"Ulu Musi";"Ulu Musi";"56402";"1816";"102";"2025-03-21 02:44:46";"System";"2025-03-21 02:44:46";"System"
"161104";"Tebing Tinggi";"Tebing Tinggi";"56402";"1816";"102";"2025-03-21 02:44:46";"System";"2025-03-21 02:44:46";"System"
"161105";"Lintang Kanan";"Lintang Kanan";"56402";"1816";"102";"2025-03-21 02:44:46";"System";"2025-03-21 02:44:46";"System"
"161106";"Talang Padang";"Talang Padang";"56402";"1816";"102";"2025-03-21 02:44:46";"System";"2025-03-21 02:44:46";"System"
"161107";"Pasemah Air Keruh";"Pasemah Air Keruh";"56402";"1816";"102";"2025-03-21 02:44:46";"System";"2025-03-21 02:44:46";"System"
"161108";"Sikap Dalam";"Sikap Dalam";"56402";"1816";"102";"2025-03-21 02:44:46";"System";"2025-03-21 02:44:46";"System"
"161109";"Saling";"Saling";"56402";"1816";"102";"2025-03-21 02:44:46";"System";"2025-03-21 02:44:46";"System"
"161110";"Pendopo Barat";"Pendopo Barat";"56402";"1816";"102";"2025-03-21 02:44:46";"System";"2025-03-21 02:44:46";"System"
"161201";"Talang Ubi";"Talang Ubi";"56589";"1816";"102";"2025-03-21 02:44:46";"System";"2025-03-21 02:44:46";"System"
"161202";"Penukal Utara";"Penukal Utara";"56589";"1816";"102";"2025-03-21 02:44:46";"System";"2025-03-21 02:44:46";"System"
"161203";"Penukal";"Penukal";"56589";"1816";"102";"2025-03-21 02:44:46";"System";"2025-03-21 02:44:46";"System"
"161204";"Abab";"Abab";"56589";"1816";"102";"2025-03-21 02:44:46";"System";"2025-03-21 02:44:46";"System"
"161205";"Tanah Abang";"Tanah Abang";"56589";"1816";"102";"2025-03-21 02:44:46";"System";"2025-03-21 02:44:46";"System"
"161301";"Rupit";"Rupit";"56550";"1816";"102";"2025-03-21 02:44:46";"System";"2025-03-21 02:44:46";"System"
"161302";"Rawas Ulu";"Rawas Ulu";"56550";"1816";"102";"2025-03-21 02:44:46";"System";"2025-03-21 02:44:46";"System"
"161303";"Nibung";"Nibung";"56550";"1816";"102";"2025-03-21 02:44:46";"System";"2025-03-21 02:44:46";"System"
"161304";"Rawas Ilir";"Rawas Ilir";"56550";"1816";"102";"2025-03-21 02:44:46";"System";"2025-03-21 02:44:46";"System"
"161305";"Karang Dapo";"Karang Dapo";"56550";"1816";"102";"2025-03-21 02:44:46";"System";"2025-03-21 02:44:46";"System"
"161306";"Karang Jaya";"Karang Jaya";"56550";"1816";"102";"2025-03-21 02:44:46";"System";"2025-03-21 02:44:46";"System"
"161307";"Ulu Rawas";"Ulu Rawas";"56550";"1816";"102";"2025-03-21 02:44:46";"System";"2025-03-21 02:44:46";"System"
"167101";"Ilir Barat II";"Ilir Barat II";"56778";"1816";"102";"2025-03-21 02:44:46";"System";"2025-03-21 02:44:46";"System"
"167102";"Seberang Ulu I";"Seberang Ulu I";"56778";"1816";"102";"2025-03-21 02:44:46";"System";"2025-03-21 02:44:46";"System"
"167103";"Seberang Ulu II";"Seberang Ulu II";"56778";"1816";"102";"2025-03-21 02:44:46";"System";"2025-03-21 02:44:46";"System"
"167104";"Ilir Barat I";"Ilir Barat I";"56778";"1816";"102";"2025-03-21 02:44:46";"System";"2025-03-21 02:44:46";"System"
"167105";"Ilir Timur I";"Ilir Timur I";"56778";"1816";"102";"2025-03-21 02:44:46";"System";"2025-03-21 02:44:46";"System"
"167106";"Ilir Timur II";"Ilir Timur II";"56778";"1816";"102";"2025-03-21 02:44:46";"System";"2025-03-21 02:44:46";"System"
"167107";"Sukarami";"Sukarami";"56778";"1816";"102";"2025-03-21 02:44:46";"System";"2025-03-21 02:44:46";"System"
"167108";"Sako";"Sako";"56778";"1816";"102";"2025-03-21 02:44:46";"System";"2025-03-21 02:44:46";"System"
"167109";"Kemuning";"Kemuning";"56778";"1816";"102";"2025-03-21 02:44:46";"System";"2025-03-21 02:44:46";"System"
"167110";"Kalidoni";"Kalidoni";"56778";"1816";"102";"2025-03-21 02:44:46";"System";"2025-03-21 02:44:46";"System"
"167111";"Bukit Kecil";"Bukit Kecil";"56778";"1816";"102";"2025-03-21 02:44:46";"System";"2025-03-21 02:44:46";"System"
"167112";"Gandus";"Gandus";"56778";"1816";"102";"2025-03-21 02:44:46";"System";"2025-03-21 02:44:46";"System"
"167113";"Kertapati";"Kertapati";"56778";"1816";"102";"2025-03-21 02:44:46";"System";"2025-03-21 02:44:46";"System"
"167114";"Plaju";"Plaju";"56778";"1816";"102";"2025-03-21 02:44:46";"System";"2025-03-21 02:44:46";"System"
"167115";"Alang-alang Lebar";"Alang-alang Lebar";"56778";"1816";"102";"2025-03-21 02:44:46";"System";"2025-03-21 02:44:46";"System"
"167116";"Sematang Borang";"Sematang Borang";"56778";"1816";"102";"2025-03-21 02:44:46";"System";"2025-03-21 02:44:46";"System"
"167201";"Pagar Alam Utara";"Pagar Alam Utara";"56776";"1816";"102";"2025-03-21 02:44:46";"System";"2025-03-21 02:44:46";"System"
"167202";"Pagar Alam Selatan";"Pagar Alam Selatan";"56776";"1816";"102";"2025-03-21 02:44:46";"System";"2025-03-21 02:44:46";"System"
"167203";"Dempo Utara";"Dempo Utara";"56776";"1816";"102";"2025-03-21 02:44:46";"System";"2025-03-21 02:44:46";"System"
"167204";"Dempo Selatan";"Dempo Selatan";"56776";"1816";"102";"2025-03-21 02:44:46";"System";"2025-03-21 02:44:46";"System"
"167205";"Dempo Tengah";"Dempo Tengah";"56776";"1816";"102";"2025-03-21 02:44:46";"System";"2025-03-21 02:44:46";"System"
"167301";"Lubuk Linggau Timur I";"Lubuk Linggau Timur I";"0";"0";"102";"2025-03-21 02:44:46";"System";"2025-03-21 02:44:46";"System"
"167302";"Lubuk Linggau Barat I";"Lubuk Linggau Barat I";"0";"0";"102";"2025-03-21 02:44:46";"System";"2025-03-21 02:44:46";"System"
"167303";"Lubuk Linggau Selatan I";"Lubuk Linggau Selatan I";"0";"0";"102";"2025-03-21 02:44:46";"System";"2025-03-21 02:44:46";"System"
"167304";"Lubuk Linggau Utara I";"Lubuk Linggau Utara I";"0";"0";"102";"2025-03-21 02:44:46";"System";"2025-03-21 02:44:46";"System"
"167305";"Lubuk Linggau Timur II";"Lubuk Linggau Timur II";"0";"0";"102";"2025-03-21 02:44:46";"System";"2025-03-21 02:44:46";"System"
"167306";"Lubuk Linggau Barat II";"Lubuk Linggau Barat II";"0";"0";"102";"2025-03-21 02:44:46";"System";"2025-03-21 02:44:46";"System"
"167307";"Lubuk Linggau Selatan II";"Lubuk Linggau Selatan II";"0";"0";"102";"2025-03-21 02:44:46";"System";"2025-03-21 02:44:46";"System"
"167308";"Lubuk Linggau Utara II";"Lubuk Linggau Utara II";"0";"0";"102";"2025-03-21 02:44:46";"System";"2025-03-21 02:44:46";"System"
"167401";"Prabumulih Barat";"Prabumulih Barat";"56789";"1816";"102";"2025-03-21 02:44:46";"System";"2025-03-21 02:44:46";"System"
"167402";"Prabumulih Timur";"Prabumulih Timur";"56789";"1816";"102";"2025-03-21 02:44:46";"System";"2025-03-21 02:44:46";"System"
"167403";"Cambai";"Cambai";"56789";"1816";"102";"2025-03-21 02:44:46";"System";"2025-03-21 02:44:46";"System"
"167404";"Rambang Kpk Tengah";"Rambang Kpk Tengah";"56789";"1816";"102";"2025-03-21 02:44:46";"System";"2025-03-21 02:44:46";"System"
"167405";"Prabumulih Utara";"Prabumulih Utara";"56789";"1816";"102";"2025-03-21 02:44:46";"System";"2025-03-21 02:44:46";"System"
"167406";"Prabumulih Selatan";"Prabumulih Selatan";"56789";"1816";"102";"2025-03-21 02:44:46";"System";"2025-03-21 02:44:46";"System"
"170101";"Kedurang";"Kedurang";"56355";"1793";"102";"2025-03-21 02:44:46";"System";"2025-03-21 02:44:46";"System"
"170102";"Seginim";"Seginim";"56355";"1793";"102";"2025-03-21 02:44:46";"System";"2025-03-21 02:44:46";"System"
"170103";"Pino";"Pino";"56355";"1793";"102";"2025-03-21 02:44:46";"System";"2025-03-21 02:44:46";"System"
"170104";"Manna";"Manna";"56355";"1793";"102";"2025-03-21 02:44:46";"System";"2025-03-21 02:44:46";"System"
"170105";"Kota Manna";"Kota Manna";"56355";"1793";"102";"2025-03-21 02:44:46";"System";"2025-03-21 02:44:46";"System"
"170106";"Pino Raya";"Pino Raya";"56355";"1793";"102";"2025-03-21 02:44:46";"System";"2025-03-21 02:44:46";"System"
"170107";"Kedurang Ilir";"Kedurang Ilir";"56355";"1793";"102";"2025-03-21 02:44:46";"System";"2025-03-21 02:44:46";"System"
"170108";"Air Nipis";"Air Nipis";"56355";"1793";"102";"2025-03-21 02:44:46";"System";"2025-03-21 02:44:46";"System"
"170109";"Ulu Manna";"Ulu Manna";"56355";"1793";"102";"2025-03-21 02:44:46";"System";"2025-03-21 02:44:46";"System"
"170110";"Bunga Mas";"Bunga Mas";"56355";"1793";"102";"2025-03-21 02:44:46";"System";"2025-03-21 02:44:46";"System"
"170111";"Pasar Manna";"Pasar Manna";"56355";"1793";"102";"2025-03-21 02:44:46";"System";"2025-03-21 02:44:46";"System"
"170206";"Kota Padang";"Kota Padang";"56609";"1793";"102";"2025-03-21 02:44:46";"System";"2025-03-21 02:44:46";"System"
"170207";"Padang Ulak Tanding";"Padang Ulak Tanding";"56609";"1793";"102";"2025-03-21 02:44:46";"System";"2025-03-21 02:44:46";"System"
"170208";"Sindang Kelingi";"Sindang Kelingi";"56609";"1793";"102";"2025-03-21 02:44:46";"System";"2025-03-21 02:44:46";"System"
"170209";"Curup";"Curup";"56609";"1793";"102";"2025-03-21 02:44:46";"System";"2025-03-21 02:44:46";"System"
"170210";"Bermani Ulu";"Bermani Ulu";"56609";"1793";"102";"2025-03-21 02:44:46";"System";"2025-03-21 02:44:46";"System"
"170211";"Selupu Rejang";"Selupu Rejang";"56609";"1793";"102";"2025-03-21 02:44:46";"System";"2025-03-21 02:44:46";"System"
"170216";"Curup Utara";"Curup Utara";"56609";"1793";"102";"2025-03-21 02:44:46";"System";"2025-03-21 02:44:46";"System"
"170217";"Curup Timur";"Curup Timur";"56609";"1793";"102";"2025-03-21 02:44:46";"System";"2025-03-21 02:44:46";"System"
"170218";"Curup Selatan";"Curup Selatan";"56609";"1793";"102";"2025-03-21 02:44:46";"System";"2025-03-21 02:44:46";"System"
"170219";"Curup Tengah";"Curup Tengah";"56609";"1793";"102";"2025-03-21 02:44:46";"System";"2025-03-21 02:44:46";"System"
"170220";"Binduriang";"Binduriang";"56609";"1793";"102";"2025-03-21 02:44:46";"System";"2025-03-21 02:44:46";"System"
"170221";"Sindang Beliti Ulu";"Sindang Beliti Ulu";"56609";"1793";"102";"2025-03-21 02:44:46";"System";"2025-03-21 02:44:46";"System"
"170222";"Sindang Dataran";"Sindang Dataran";"56609";"1793";"102";"2025-03-21 02:44:46";"System";"2025-03-21 02:44:46";"System"
"170223";"Sindang Beliti Ilir";"Sindang Beliti Ilir";"56609";"1793";"102";"2025-03-21 02:44:46";"System";"2025-03-21 02:44:46";"System"
"170224";"Bermani Ulu Raya";"Bermani Ulu Raya";"56609";"1793";"102";"2025-03-21 02:44:46";"System";"2025-03-21 02:44:46";"System"
"170301";"Enggano";"Enggano";"56357";"1793";"102";"2025-03-21 02:44:46";"System";"2025-03-21 02:44:46";"System"
"170306";"Kerkap";"Kerkap";"56357";"1793";"102";"2025-03-21 02:44:46";"System";"2025-03-21 02:44:46";"System"
"170307";"Kota Arga Makmur";"Kota Arga Makmur";"56357";"1793";"102";"2025-03-21 02:44:46";"System";"2025-03-21 02:44:46";"System"
"170308";"Giri Mulya";"Giri Mulya";"56357";"1793";"102";"2025-03-21 02:44:46";"System";"2025-03-21 02:44:46";"System"
"170309";"Padang Jaya";"Padang Jaya";"56357";"1793";"102";"2025-03-21 02:44:46";"System";"2025-03-21 02:44:46";"System"
"170310";"Lais";"Lais";"56357";"1793";"102";"2025-03-21 02:44:46";"System";"2025-03-21 02:44:46";"System"
"170311";"Batik Nau";"Batik Nau";"56357";"1793";"102";"2025-03-21 02:44:46";"System";"2025-03-21 02:44:46";"System"
"170312";"Ketahun";"Ketahun";"56357";"1793";"102";"2025-03-21 02:44:46";"System";"2025-03-21 02:44:46";"System"
"170313";"Napal Putih";"Napal Putih";"56357";"1793";"102";"2025-03-21 02:44:46";"System";"2025-03-21 02:44:46";"System"
"170314";"Putri Hijau";"Putri Hijau";"56357";"1793";"102";"2025-03-21 02:44:46";"System";"2025-03-21 02:44:46";"System"
"170315";"Air Besi";"Air Besi";"56357";"1793";"102";"2025-03-21 02:44:46";"System";"2025-03-21 02:44:46";"System"
"170316";"Air Napal";"Air Napal";"56357";"1793";"102";"2025-03-21 02:44:46";"System";"2025-03-21 02:44:46";"System"
"170319";"Hulu Palik";"Hulu Palik";"56357";"1793";"102";"2025-03-21 02:44:46";"System";"2025-03-21 02:44:46";"System"
"170320";"Air Padang";"Air Padang";"56357";"1793";"102";"2025-03-21 02:44:46";"System";"2025-03-21 02:44:46";"System"
"170321";"Arma Jaya";"Arma Jaya";"56357";"1793";"102";"2025-03-21 02:44:46";"System";"2025-03-21 02:44:46";"System"
"170322";"Tanjung Agung Palik";"Tanjung Agung Palik";"56357";"1793";"102";"2025-03-21 02:44:46";"System";"2025-03-21 02:44:46";"System"
"170323";"Ulok Kupai";"Ulok Kupai";"56357";"1793";"102";"2025-03-21 02:44:46";"System";"2025-03-21 02:44:46";"System"
"170324";"Pinang Raya";"Pinang Raya";"56357";"1793";"102";"2025-03-21 02:44:46";"System";"2025-03-21 02:44:46";"System"
"170325";"Marga Sakti Sebelat";"Marga Sakti Sebelat";"56357";"1793";"102";"2025-03-21 02:44:46";"System";"2025-03-21 02:44:46";"System"
"170401";"Kinal";"Kinal";"56444";"1793";"102";"2025-03-21 02:44:46";"System";"2025-03-21 02:44:46";"System"
"170402";"Tanjung Kemuning";"Tanjung Kemuning";"56444";"1793";"102";"2025-03-21 02:44:46";"System";"2025-03-21 02:44:46";"System"
"170403";"Kaur Utara";"Kaur Utara";"56444";"1793";"102";"2025-03-21 02:44:46";"System";"2025-03-21 02:44:46";"System"
"170404";"Kaur Tengah";"Kaur Tengah";"56444";"1793";"102";"2025-03-21 02:44:46";"System";"2025-03-21 02:44:46";"System"
"170405";"Kaur Selatan";"Kaur Selatan";"56444";"1793";"102";"2025-03-21 02:44:46";"System";"2025-03-21 02:44:46";"System"
"170406";"Maje";"Maje";"56444";"1793";"102";"2025-03-21 02:44:46";"System";"2025-03-21 02:44:46";"System"
"170407";"Nasal";"Nasal";"56444";"1793";"102";"2025-03-21 02:44:46";"System";"2025-03-21 02:44:46";"System"
"170408";"Semidang Gumay";"Semidang Gumay";"56444";"1793";"102";"2025-03-21 02:44:46";"System";"2025-03-21 02:44:46";"System"
"170409";"Kelam Tengah";"Kelam Tengah";"56444";"1793";"102";"2025-03-21 02:44:46";"System";"2025-03-21 02:44:46";"System"
"170410";"Luas";"Luas";"56444";"1793";"102";"2025-03-21 02:44:46";"System";"2025-03-21 02:44:46";"System"
"170411";"Muara Sahung";"Muara Sahung";"56444";"1793";"102";"2025-03-21 02:44:46";"System";"2025-03-21 02:44:46";"System"
"170412";"Tetap";"Tetap";"56444";"1793";"102";"2025-03-21 02:44:46";"System";"2025-03-21 02:44:46";"System"
"170413";"Lungkang Kule";"Lungkang Kule";"56444";"1793";"102";"2025-03-21 02:44:46";"System";"2025-03-21 02:44:46";"System"
"170414";"Padang Guci Hilir";"Padang Guci Hilir";"56444";"1793";"102";"2025-03-21 02:44:46";"System";"2025-03-21 02:44:46";"System"
"170415";"Padang Guci Hulu";"Padang Guci Hulu";"56444";"1793";"102";"2025-03-21 02:44:46";"System";"2025-03-21 02:44:46";"System"
"170501";"Sukaraja";"Sukaraja";"56619";"1793";"102";"2025-03-21 02:44:46";"System";"2025-03-21 02:44:46";"System"
"170502";"Seluma";"Seluma";"56619";"1793";"102";"2025-03-21 02:44:46";"System";"2025-03-21 02:44:46";"System"
"170503";"Talo";"Talo";"56619";"1793";"102";"2025-03-21 02:44:46";"System";"2025-03-21 02:44:46";"System"
"170504";"Semidang Alas";"Semidang Alas";"56619";"1793";"102";"2025-03-21 02:44:46";"System";"2025-03-21 02:44:46";"System"
"170505";"Semidang Alas Maras";"Semidang Alas Maras";"56619";"1793";"102";"2025-03-21 02:44:46";"System";"2025-03-21 02:44:46";"System"
"170506";"Air Periukan";"Air Periukan";"56619";"1793";"102";"2025-03-21 02:44:46";"System";"2025-03-21 02:44:46";"System"
"170507";"Lubuk Sandi";"Lubuk Sandi";"56619";"1793";"102";"2025-03-21 02:44:46";"System";"2025-03-21 02:44:46";"System"
"170508";"Seluma Barat";"Seluma Barat";"56619";"1793";"102";"2025-03-21 02:44:46";"System";"2025-03-21 02:44:46";"System"
"170509";"Seluma Timur";"Seluma Timur";"56619";"1793";"102";"2025-03-21 02:44:46";"System";"2025-03-21 02:44:46";"System"
"170510";"Seluma Utara";"Seluma Utara";"56619";"1793";"102";"2025-03-21 02:44:46";"System";"2025-03-21 02:44:46";"System"
"170511";"Seluma Selatan";"Seluma Selatan";"56619";"1793";"102";"2025-03-21 02:44:46";"System";"2025-03-21 02:44:46";"System"
"170512";"Talo Kecil";"Talo Kecil";"56619";"1793";"102";"2025-03-21 02:44:46";"System";"2025-03-21 02:44:46";"System"
"170513";"Ulu Talo";"Ulu Talo";"56619";"1793";"102";"2025-03-21 02:44:46";"System";"2025-03-21 02:44:46";"System"
"170514";"Ilir Talo";"Ilir Talo";"56619";"1793";"102";"2025-03-21 02:44:46";"System";"2025-03-21 02:44:46";"System"
"170601";"Lubuk Pinang";"Lubuk Pinang";"0";"0";"102";"2025-03-21 02:44:46";"System";"2025-03-21 02:44:46";"System"
"170602";"Kota Mukomuko";"Kota Mukomuko";"0";"0";"102";"2025-03-21 02:44:46";"System";"2025-03-21 02:44:46";"System"
"170603";"Teras Terunjam";"Teras Terunjam";"0";"0";"102";"2025-03-21 02:44:46";"System";"2025-03-21 02:44:46";"System"
"170604";"Pondok Suguh";"Pondok Suguh";"0";"0";"102";"2025-03-21 02:44:46";"System";"2025-03-21 02:44:46";"System"
"170605";"Ipuh";"Ipuh";"0";"0";"102";"2025-03-21 02:44:46";"System";"2025-03-21 02:44:46";"System"
"170606";"Malin Deman";"Malin Deman";"0";"0";"102";"2025-03-21 02:44:46";"System";"2025-03-21 02:44:46";"System"
"170607";"Air Rami";"Air Rami";"0";"0";"102";"2025-03-21 02:44:46";"System";"2025-03-21 02:44:46";"System"
"170608";"Teramang Jaya";"Teramang Jaya";"0";"0";"102";"2025-03-21 02:44:46";"System";"2025-03-21 02:44:46";"System"
"170609";"Selagan Raya";"Selagan Raya";"0";"0";"102";"2025-03-21 02:44:46";"System";"2025-03-21 02:44:46";"System"
"170610";"Penarik";"Penarik";"0";"0";"102";"2025-03-21 02:44:46";"System";"2025-03-21 02:44:46";"System"
"170611";"XIV Koto";"XIV Koto";"0";"0";"102";"2025-03-21 02:44:46";"System";"2025-03-21 02:44:46";"System"
"170612";"V Koto";"V Koto";"0";"0";"102";"2025-03-21 02:44:46";"System";"2025-03-21 02:44:46";"System"
"170613";"Air Majunto";"Air Majunto";"0";"0";"102";"2025-03-21 02:44:46";"System";"2025-03-21 02:44:46";"System"
"170614";"Air Dikit";"Air Dikit";"0";"0";"102";"2025-03-21 02:44:46";"System";"2025-03-21 02:44:46";"System"
"170615";"Sungai Rumbai";"Sungai Rumbai";"0";"0";"102";"2025-03-21 02:44:46";"System";"2025-03-21 02:44:46";"System"
"170701";"Lebong Utara";"Lebong Utara";"56492";"1793";"102";"2025-03-21 02:44:46";"System";"2025-03-21 02:44:46";"System"
"170702";"Lebong Atas";"Lebong Atas";"56492";"1793";"102";"2025-03-21 02:44:46";"System";"2025-03-21 02:44:46";"System"
"170703";"Lebong Tengah";"Lebong Tengah";"56492";"1793";"102";"2025-03-21 02:44:46";"System";"2025-03-21 02:44:46";"System"
"170704";"Lebong Selatan";"Lebong Selatan";"56492";"1793";"102";"2025-03-21 02:44:46";"System";"2025-03-21 02:44:46";"System"
"170705";"Rimbo Pengadang";"Rimbo Pengadang";"56492";"1793";"102";"2025-03-21 02:44:46";"System";"2025-03-21 02:44:46";"System"
"170706";"Topos";"Topos";"56492";"1793";"102";"2025-03-21 02:44:46";"System";"2025-03-21 02:44:46";"System"
"170707";"Bingin Kuning";"Bingin Kuning";"56492";"1793";"102";"2025-03-21 02:44:46";"System";"2025-03-21 02:44:46";"System"
"170708";"Lebong Sakti";"Lebong Sakti";"56492";"1793";"102";"2025-03-21 02:44:46";"System";"2025-03-21 02:44:46";"System"
"170709";"Pelabai";"Pelabai";"56492";"1793";"102";"2025-03-21 02:44:46";"System";"2025-03-21 02:44:46";"System"
"170710";"Amen";"Amen";"56492";"1793";"102";"2025-03-21 02:44:46";"System";"2025-03-21 02:44:46";"System"
"170711";"Uram Jaya";"Uram Jaya";"56492";"1793";"102";"2025-03-21 02:44:46";"System";"2025-03-21 02:44:46";"System"
"170712";"Pinang Belapis";"Pinang Belapis";"56492";"1793";"102";"2025-03-21 02:44:46";"System";"2025-03-21 02:44:46";"System"
"170801";"Bermani Ilir";"Bermani Ilir";"56449";"1793";"102";"2025-03-21 02:44:46";"System";"2025-03-21 02:44:46";"System"
"170802";"Ujan Mas";"Ujan Mas";"56449";"1793";"102";"2025-03-21 02:44:46";"System";"2025-03-21 02:44:46";"System"
"170803";"Tebat Karai";"Tebat Karai";"56449";"1793";"102";"2025-03-21 02:44:46";"System";"2025-03-21 02:44:46";"System"
"170804";"Kepahiang";"Kepahiang";"56449";"1793";"102";"2025-03-21 02:44:46";"System";"2025-03-21 02:44:46";"System"
"170805";"Merigi";"Merigi";"56449";"1793";"102";"2025-03-21 02:44:46";"System";"2025-03-21 02:44:46";"System"
"170806";"Kebawetan";"Kebawetan";"56449";"1793";"102";"2025-03-21 02:44:46";"System";"2025-03-21 02:44:46";"System"
"170807";"Seberang Musi";"Seberang Musi";"56449";"1793";"102";"2025-03-21 02:44:46";"System";"2025-03-21 02:44:46";"System"
"170808";"Muara Kemumu";"Muara Kemumu";"56449";"1793";"102";"2025-03-21 02:44:46";"System";"2025-03-21 02:44:46";"System"
"170901";"Karang Tinggi";"Karang Tinggi";"56356";"1793";"102";"2025-03-21 02:44:46";"System";"2025-03-21 02:44:46";"System"
"170902";"Talang Empat";"Talang Empat";"56356";"1793";"102";"2025-03-21 02:44:46";"System";"2025-03-21 02:44:46";"System"
"170903";"Pondok Kelapa";"Pondok Kelapa";"56356";"1793";"102";"2025-03-21 02:44:46";"System";"2025-03-21 02:44:46";"System"
"170904";"Pematang Tiga";"Pematang Tiga";"56356";"1793";"102";"2025-03-21 02:44:46";"System";"2025-03-21 02:44:46";"System"
"170905";"Pagar Jati";"Pagar Jati";"56356";"1793";"102";"2025-03-21 02:44:46";"System";"2025-03-21 02:44:46";"System"
"170906";"Taba Penanjung";"Taba Penanjung";"56356";"1793";"102";"2025-03-21 02:44:46";"System";"2025-03-21 02:44:46";"System"
"170907";"Merigi Kelindang";"Merigi Kelindang";"56356";"1793";"102";"2025-03-21 02:44:46";"System";"2025-03-21 02:44:46";"System"
"170908";"Merigi Sakti";"Merigi Sakti";"56356";"1793";"102";"2025-03-21 02:44:46";"System";"2025-03-21 02:44:46";"System"
"170909";"Pondok Kubang";"Pondok Kubang";"56356";"1793";"102";"2025-03-21 02:44:46";"System";"2025-03-21 02:44:46";"System"
"170910";"Bang Haji";"Bang Haji";"56356";"1793";"102";"2025-03-21 02:44:46";"System";"2025-03-21 02:44:46";"System"
"177101";"Selebar";"Selebar";"56739";"1793";"102";"2025-03-21 02:44:46";"System";"2025-03-21 02:44:46";"System"
"177102";"Gading Cempaka";"Gading Cempaka";"56739";"1793";"102";"2025-03-21 02:44:46";"System";"2025-03-21 02:44:46";"System"
"177103";"Teluk Segara";"Teluk Segara";"56739";"1793";"102";"2025-03-21 02:44:46";"System";"2025-03-21 02:44:46";"System"
"177104";"Muara Bangka Hulu";"Muara Bangka Hulu";"56739";"1793";"102";"2025-03-21 02:44:46";"System";"2025-03-21 02:44:46";"System"
"177105";"Kampung Melayu";"Kampung Melayu";"56739";"1793";"102";"2025-03-21 02:44:46";"System";"2025-03-21 02:44:46";"System"
"177106";"Ratu Agung";"Ratu Agung";"56739";"1793";"102";"2025-03-21 02:44:46";"System";"2025-03-21 02:44:46";"System"
"177107";"Ratu Samban";"Ratu Samban";"56739";"1793";"102";"2025-03-21 02:44:46";"System";"2025-03-21 02:44:46";"System"
"177108";"Sungai Serut";"Sungai Serut";"56739";"1793";"102";"2025-03-21 02:44:46";"System";"2025-03-21 02:44:46";"System"
"177109";"Singaran Pati";"Singaran Pati";"56739";"1793";"102";"2025-03-21 02:44:46";"System";"2025-03-21 02:44:46";"System"
"180104";"Natar";"Natar";"56485";"1811";"102";"2025-03-21 02:44:46";"System";"2025-03-21 02:44:46";"System"
"180105";"Tanjung Bintang";"Tanjung Bintang";"56485";"1811";"102";"2025-03-21 02:44:46";"System";"2025-03-21 02:44:46";"System"
"180106";"Kalianda";"Kalianda";"56485";"1811";"102";"2025-03-21 02:44:46";"System";"2025-03-21 02:44:46";"System"
"180107";"Sidomulyo";"Sidomulyo";"56485";"1811";"102";"2025-03-21 02:44:46";"System";"2025-03-21 02:44:46";"System"
"180108";"Katibung";"Katibung";"56485";"1811";"102";"2025-03-21 02:44:46";"System";"2025-03-21 02:44:46";"System"
"180109";"Penengahan";"Penengahan";"56485";"1811";"102";"2025-03-21 02:44:46";"System";"2025-03-21 02:44:46";"System"
"180110";"Palas";"Palas";"56485";"1811";"102";"2025-03-21 02:44:46";"System";"2025-03-21 02:44:46";"System"
"180113";"Jati Agung";"Jati Agung";"56485";"1811";"102";"2025-03-21 02:44:46";"System";"2025-03-21 02:44:46";"System"
"180114";"Ketapang";"Ketapang";"56485";"1811";"102";"2025-03-21 02:44:46";"System";"2025-03-21 02:44:46";"System"
"180115";"Sragi";"Sragi";"56485";"1811";"102";"2025-03-21 02:44:46";"System";"2025-03-21 02:44:46";"System"
"180116";"Raja Basa";"Raja Basa";"56485";"1811";"102";"2025-03-21 02:44:46";"System";"2025-03-21 02:44:46";"System"
"180117";"Candipuro";"Candipuro";"56485";"1811";"102";"2025-03-21 02:44:46";"System";"2025-03-21 02:44:46";"System"
"180118";"Merbau Mataram";"Merbau Mataram";"56485";"1811";"102";"2025-03-21 02:44:46";"System";"2025-03-21 02:44:46";"System"
"180121";"Bakauheni";"Bakauheni";"56485";"1811";"102";"2025-03-21 02:44:46";"System";"2025-03-21 02:44:46";"System"
"180122";"Tanjung Sari";"Tanjung Sari";"56485";"1811";"102";"2025-03-21 02:44:46";"System";"2025-03-21 02:44:46";"System"
"180123";"Way Sulan";"Way Sulan";"56485";"1811";"102";"2025-03-21 02:44:46";"System";"2025-03-21 02:44:46";"System"
"180124";"Way Panji";"Way Panji";"56485";"1811";"102";"2025-03-21 02:44:46";"System";"2025-03-21 02:44:46";"System"
"180201";"Kalirejo";"Kalirejo";"56486";"1811";"102";"2025-03-21 02:44:46";"System";"2025-03-21 02:44:46";"System"
"180202";"Bangun Rejo";"Bangun Rejo";"56486";"1811";"102";"2025-03-21 02:44:46";"System";"2025-03-21 02:44:46";"System"
"180203";"Padang Ratu";"Padang Ratu";"56486";"1811";"102";"2025-03-21 02:44:46";"System";"2025-03-21 02:44:46";"System"
"180204";"Gunung Sugih";"Gunung Sugih";"56486";"1811";"102";"2025-03-21 02:44:46";"System";"2025-03-21 02:44:46";"System"
"180205";"Trimurjo";"Trimurjo";"56486";"1811";"102";"2025-03-21 02:44:46";"System";"2025-03-21 02:44:46";"System"
"180206";"Punggur";"Punggur";"56486";"1811";"102";"2025-03-21 02:44:46";"System";"2025-03-21 02:44:46";"System"
"180207";"Terbanggi Besar";"Terbanggi Besar";"56486";"1811";"102";"2025-03-21 02:44:46";"System";"2025-03-21 02:44:46";"System"
"180208";"Seputih Raman";"Seputih Raman";"56486";"1811";"102";"2025-03-21 02:44:46";"System";"2025-03-21 02:44:46";"System"
"180209";"Rumbia";"Rumbia";"56486";"1811";"102";"2025-03-21 02:44:46";"System";"2025-03-21 02:44:46";"System"
"180210";"Seputih Banyak";"Seputih Banyak";"56486";"1811";"102";"2025-03-21 02:44:46";"System";"2025-03-21 02:44:46";"System"
"180211";"Seputih Mataram";"Seputih Mataram";"56486";"1811";"102";"2025-03-21 02:44:46";"System";"2025-03-21 02:44:46";"System"
"180212";"Seputih Surabaya";"Seputih Surabaya";"56486";"1811";"102";"2025-03-21 02:44:46";"System";"2025-03-21 02:44:46";"System"
"180213";"Terusan Nunyai";"Terusan Nunyai";"56486";"1811";"102";"2025-03-21 02:44:46";"System";"2025-03-21 02:44:46";"System"
"180214";"Bumi Ratu Nuban";"Bumi Ratu Nuban";"56486";"1811";"102";"2025-03-21 02:44:46";"System";"2025-03-21 02:44:46";"System"
"180215";"Bekri";"Bekri";"56486";"1811";"102";"2025-03-21 02:44:46";"System";"2025-03-21 02:44:46";"System"
"180216";"Seputih Agung";"Seputih Agung";"56486";"1811";"102";"2025-03-21 02:44:46";"System";"2025-03-21 02:44:46";"System"
"180217";"Way Pangubuan";"Way Pangubuan";"56486";"1811";"102";"2025-03-21 02:44:46";"System";"2025-03-21 02:44:46";"System"
"180218";"Bandar Mataram";"Bandar Mataram";"56486";"1811";"102";"2025-03-21 02:44:46";"System";"2025-03-21 02:44:46";"System"
"180219";"Pubian";"Pubian";"56486";"1811";"102";"2025-03-21 02:44:46";"System";"2025-03-21 02:44:46";"System"
"180220";"Selagai Lingga";"Selagai Lingga";"56486";"1811";"102";"2025-03-21 02:44:46";"System";"2025-03-21 02:44:46";"System"
"180221";"Anak Tuha";"Anak Tuha";"56486";"1811";"102";"2025-03-21 02:44:46";"System";"2025-03-21 02:44:46";"System"
"180222";"Sendang Agung";"Sendang Agung";"56486";"1811";"102";"2025-03-21 02:44:46";"System";"2025-03-21 02:44:46";"System"
"180223";"Kota Gajah";"Kota Gajah";"56486";"1811";"102";"2025-03-21 02:44:46";"System";"2025-03-21 02:44:46";"System"
"180224";"Bumi Nabung";"Bumi Nabung";"56486";"1811";"102";"2025-03-21 02:44:46";"System";"2025-03-21 02:44:46";"System"
"180225";"Way Seputih";"Way Seputih";"56486";"1811";"102";"2025-03-21 02:44:46";"System";"2025-03-21 02:44:46";"System"
"180226";"Bandar Surabaya";"Bandar Surabaya";"56486";"1811";"102";"2025-03-21 02:44:46";"System";"2025-03-21 02:44:46";"System"
"180227";"Anak Ratu Aji";"Anak Ratu Aji";"56486";"1811";"102";"2025-03-21 02:44:46";"System";"2025-03-21 02:44:46";"System"
"180228";"Putra Rumbia";"Putra Rumbia";"56486";"1811";"102";"2025-03-21 02:44:46";"System";"2025-03-21 02:44:46";"System"
"180301";"Bukit Kemuning";"Bukit Kemuning";"56488";"1811";"102";"2025-03-21 02:44:46";"System";"2025-03-21 02:44:46";"System"
"180302";"Kotabumi";"Kotabumi";"56488";"1811";"102";"2025-03-21 02:44:46";"System";"2025-03-21 02:44:46";"System"
"180303";"Sungkai Selatan";"Sungkai Selatan";"56488";"1811";"102";"2025-03-21 02:44:46";"System";"2025-03-21 02:44:46";"System"
"180304";"Tanjung Raja";"Tanjung Raja";"56488";"1811";"102";"2025-03-21 02:44:46";"System";"2025-03-21 02:44:46";"System"
"180305";"Abung Timur";"Abung Timur";"56488";"1811";"102";"2025-03-21 02:44:46";"System";"2025-03-21 02:44:46";"System"
"180306";"Abung Barat";"Abung Barat";"56488";"1811";"102";"2025-03-21 02:44:46";"System";"2025-03-21 02:44:46";"System"
"180307";"Abung Selatan";"Abung Selatan";"56488";"1811";"102";"2025-03-21 02:44:46";"System";"2025-03-21 02:44:46";"System"
"180308";"Sungkai Utara";"Sungkai Utara";"56488";"1811";"102";"2025-03-21 02:44:46";"System";"2025-03-21 02:44:46";"System"
"180309";"Kotabumi Utara";"Kotabumi Utara";"56488";"1811";"102";"2025-03-21 02:44:46";"System";"2025-03-21 02:44:46";"System"
"180310";"Kotabumi Selatan";"Kotabumi Selatan";"56488";"1811";"102";"2025-03-21 02:44:46";"System";"2025-03-21 02:44:46";"System"
"180311";"Abung Tengah";"Abung Tengah";"56488";"1811";"102";"2025-03-21 02:44:46";"System";"2025-03-21 02:44:46";"System"
"180312";"Abung Tinggi";"Abung Tinggi";"56488";"1811";"102";"2025-03-21 02:44:46";"System";"2025-03-21 02:44:46";"System"
"180313";"Abung Semuli";"Abung Semuli";"56488";"1811";"102";"2025-03-21 02:44:46";"System";"2025-03-21 02:44:46";"System"
"180314";"Abung Surakarta";"Abung Surakarta";"56488";"1811";"102";"2025-03-21 02:44:46";"System";"2025-03-21 02:44:46";"System"
"180315";"Muara Sungkai";"Muara Sungkai";"56488";"1811";"102";"2025-03-21 02:44:46";"System";"2025-03-21 02:44:46";"System"
"180316";"Bunga Mayang";"Bunga Mayang";"56488";"1811";"102";"2025-03-21 02:44:46";"System";"2025-03-21 02:44:46";"System"
"180317";"Hulu Sungkai";"Hulu Sungkai";"56488";"1811";"102";"2025-03-21 02:44:46";"System";"2025-03-21 02:44:46";"System"
"180318";"Sungkai Tengah";"Sungkai Tengah";"56488";"1811";"102";"2025-03-21 02:44:46";"System";"2025-03-21 02:44:46";"System"
"180319";"Abung Pekurun";"Abung Pekurun";"56488";"1811";"102";"2025-03-21 02:44:46";"System";"2025-03-21 02:44:46";"System"
"180320";"Sungkai Jaya";"Sungkai Jaya";"56488";"1811";"102";"2025-03-21 02:44:46";"System";"2025-03-21 02:44:46";"System"
"180321";"Sungkai Barat";"Sungkai Barat";"56488";"1811";"102";"2025-03-21 02:44:46";"System";"2025-03-21 02:44:46";"System"
"180322";"Abung Kunang";"Abung Kunang";"56488";"1811";"102";"2025-03-21 02:44:46";"System";"2025-03-21 02:44:46";"System"
"180323";"Blambangan Pagar";"Blambangan Pagar";"56488";"1811";"102";"2025-03-21 02:44:46";"System";"2025-03-21 02:44:46";"System"
"180404";"Balik Bukit";"Balik Bukit";"56484";"1811";"102";"2025-03-21 02:44:46";"System";"2025-03-21 02:44:46";"System"
"180405";"Sumber Jaya";"Sumber Jaya";"56484";"1811";"102";"2025-03-21 02:44:46";"System";"2025-03-21 02:44:46";"System"
"180406";"Belalau";"Belalau";"56484";"1811";"102";"2025-03-21 02:44:46";"System";"2025-03-21 02:44:46";"System"
"180407";"Way Tenong";"Way Tenong";"56484";"1811";"102";"2025-03-21 02:44:46";"System";"2025-03-21 02:44:46";"System"
"180408";"Sekincau";"Sekincau";"56484";"1811";"102";"2025-03-21 02:44:46";"System";"2025-03-21 02:44:46";"System"
"180409";"Suoh";"Suoh";"56484";"1811";"102";"2025-03-21 02:44:46";"System";"2025-03-21 02:44:46";"System"
"180410";"Batu Brak";"Batu Brak";"56484";"1811";"102";"2025-03-21 02:44:46";"System";"2025-03-21 02:44:46";"System"
"180411";"Sukau";"Sukau";"56484";"1811";"102";"2025-03-21 02:44:46";"System";"2025-03-21 02:44:46";"System"
"180415";"Gedung Surian";"Gedung Surian";"56484";"1811";"102";"2025-03-21 02:44:46";"System";"2025-03-21 02:44:46";"System"
"180418";"Kebun Tebu";"Kebun Tebu";"56484";"1811";"102";"2025-03-21 02:44:46";"System";"2025-03-21 02:44:46";"System"
"180419";"Air Hitam";"Air Hitam";"56484";"1811";"102";"2025-03-21 02:44:46";"System";"2025-03-21 02:44:46";"System"
"180420";"Pagar Dewa";"Pagar Dewa";"56484";"1811";"102";"2025-03-21 02:44:46";"System";"2025-03-21 02:44:46";"System"
"180421";"Batu Ketulis";"Batu Ketulis";"56484";"1811";"102";"2025-03-21 02:44:46";"System";"2025-03-21 02:44:46";"System"
"180422";"Lumbok Seminung";"Lumbok Seminung";"56484";"1811";"102";"2025-03-21 02:44:46";"System";"2025-03-21 02:44:46";"System"
"180423";"Bandar Negeri Suoh";"Bandar Negeri Suoh";"56484";"1811";"102";"2025-03-21 02:44:46";"System";"2025-03-21 02:44:46";"System"
"180502";"Menggala";"Menggala";"0";"0";"102";"2025-03-21 02:44:46";"System";"2025-03-21 02:44:46";"System"
"180506";"Gedung Aji";"Gedung Aji";"0";"0";"102";"2025-03-21 02:44:46";"System";"2025-03-21 02:44:46";"System"
"180508";"Banjar Agung";"Banjar Agung";"0";"0";"102";"2025-03-21 02:44:46";"System";"2025-03-21 02:44:46";"System"
"180511";"Gedung Meneng";"Gedung Meneng";"0";"0";"102";"2025-03-21 02:44:46";"System";"2025-03-21 02:44:46";"System"
"180512";"Rawa Jitu Selatan";"Rawa Jitu Selatan";"0";"0";"102";"2025-03-21 02:44:46";"System";"2025-03-21 02:44:46";"System"
"180513";"Penawar Tama";"Penawar Tama";"0";"0";"102";"2025-03-21 02:44:46";"System";"2025-03-21 02:44:46";"System"
"180518";"Rawa Jitu Timur";"Rawa Jitu Timur";"0";"0";"102";"2025-03-21 02:44:46";"System";"2025-03-21 02:44:46";"System"
"180520";"Banjar Margo";"Banjar Margo";"0";"0";"102";"2025-03-21 02:44:46";"System";"2025-03-21 02:44:46";"System"
"180522";"Rawa Pitu";"Rawa Pitu";"0";"0";"102";"2025-03-21 02:44:46";"System";"2025-03-21 02:44:46";"System"
"180523";"Penawar Aji";"Penawar Aji";"0";"0";"102";"2025-03-21 02:44:46";"System";"2025-03-21 02:44:46";"System"
"180525";"Dente Teladas";"Dente Teladas";"0";"0";"102";"2025-03-21 02:44:46";"System";"2025-03-21 02:44:46";"System"
"180526";"Meraksa Aji";"Meraksa Aji";"0";"0";"102";"2025-03-21 02:44:46";"System";"2025-03-21 02:44:46";"System"
"180527";"Gedung Aji Baru";"Gedung Aji Baru";"0";"0";"102";"2025-03-21 02:44:46";"System";"2025-03-21 02:44:46";"System"
"180529";"Banjar Baru";"Banjar Baru";"0";"0";"102";"2025-03-21 02:44:46";"System";"2025-03-21 02:44:46";"System"
"180530";"Menggala Timur";"Menggala Timur";"0";"0";"102";"2025-03-21 02:44:46";"System";"2025-03-21 02:44:46";"System"
"180601";"Kota Agung";"Kota Agung";"56667";"1811";"102";"2025-03-21 02:44:46";"System";"2025-03-21 02:44:46";"System"
"180602";"Talang Padang";"Talang Padang";"56667";"1811";"102";"2025-03-21 02:44:46";"System";"2025-03-21 02:44:46";"System"
"180603";"Wonosobo";"Wonosobo";"56667";"1811";"102";"2025-03-21 02:44:46";"System";"2025-03-21 02:44:46";"System"
"180604";"Pulau Panggung";"Pulau Panggung";"56667";"1811";"102";"2025-03-21 02:44:46";"System";"2025-03-21 02:44:46";"System"
"180609";"Cukuh Balak";"Cukuh Balak";"56667";"1811";"102";"2025-03-21 02:44:46";"System";"2025-03-21 02:44:46";"System"
"180611";"Pugung";"Pugung";"56667";"1811";"102";"2025-03-21 02:44:46";"System";"2025-03-21 02:44:46";"System"
"180612";"Semaka";"Semaka";"56667";"1811";"102";"2025-03-21 02:44:46";"System";"2025-03-21 02:44:46";"System"
"180613";"Sumber Rejo";"Sumber Rejo";"56667";"1811";"102";"2025-03-21 02:44:46";"System";"2025-03-21 02:44:46";"System"
"180615";"Ulu Belu";"Ulu Belu";"56667";"1811";"102";"2025-03-21 02:44:46";"System";"2025-03-21 02:44:46";"System"
"180616";"Pematang Sawa";"Pematang Sawa";"56667";"1811";"102";"2025-03-21 02:44:46";"System";"2025-03-21 02:44:46";"System"
"180617";"Klumbayan";"Klumbayan";"56667";"1811";"102";"2025-03-21 02:44:46";"System";"2025-03-21 02:44:46";"System"
"180618";"Kota Agung Barat";"Kota Agung Barat";"56667";"1811";"102";"2025-03-21 02:44:46";"System";"2025-03-21 02:44:46";"System"
"180619";"Kota Agung Timur";"Kota Agung Timur";"56667";"1811";"102";"2025-03-21 02:44:46";"System";"2025-03-21 02:44:46";"System"
"180620";"Gisting";"Gisting";"56667";"1811";"102";"2025-03-21 02:44:46";"System";"2025-03-21 02:44:46";"System"
"180621";"Gunung Alip";"Gunung Alip";"56667";"1811";"102";"2025-03-21 02:44:46";"System";"2025-03-21 02:44:46";"System"
"180624";"Limau";"Limau";"56667";"1811";"102";"2025-03-21 02:44:46";"System";"2025-03-21 02:44:46";"System"
"180625";"Bandar Negeri Semuong";"Bandar Negeri Semuong";"56667";"1811";"102";"2025-03-21 02:44:46";"System";"2025-03-21 02:44:46";"System"
"180626";"Air Naningan";"Air Naningan";"56667";"1811";"102";"2025-03-21 02:44:46";"System";"2025-03-21 02:44:46";"System"
"180627";"Bulok";"Bulok";"56667";"1811";"102";"2025-03-21 02:44:46";"System";"2025-03-21 02:44:46";"System"
"180628";"Klumbayan Barat";"Klumbayan Barat";"56667";"1811";"102";"2025-03-21 02:44:46";"System";"2025-03-21 02:44:46";"System"
"180701";"Sukadana";"Sukadana";"56487";"1811";"102";"2025-03-21 02:44:46";"System";"2025-03-21 02:44:46";"System"
"180702";"Labuhan Maringgai";"Labuhan Maringgai";"56487";"1811";"102";"2025-03-21 02:44:46";"System";"2025-03-21 02:44:46";"System"
"180703";"Jabung";"Jabung";"56487";"1811";"102";"2025-03-21 02:44:46";"System";"2025-03-21 02:44:46";"System"
"180704";"Pekalongan";"Pekalongan";"56487";"1811";"102";"2025-03-21 02:44:46";"System";"2025-03-21 02:44:46";"System"
"180705";"Sekampung";"Sekampung";"56487";"1811";"102";"2025-03-21 02:44:46";"System";"2025-03-21 02:44:46";"System"
"180706";"Batanghari";"Batanghari";"56487";"1811";"102";"2025-03-21 02:44:46";"System";"2025-03-21 02:44:46";"System"
"180707";"Way Jepara";"Way Jepara";"56487";"1811";"102";"2025-03-21 02:44:46";"System";"2025-03-21 02:44:46";"System"
"180708";"Purbolinggo";"Purbolinggo";"56487";"1811";"102";"2025-03-21 02:44:46";"System";"2025-03-21 02:44:46";"System"
"180709";"Raman Utara";"Raman Utara";"56487";"1811";"102";"2025-03-21 02:44:46";"System";"2025-03-21 02:44:46";"System"
"180710";"Metro Kibang";"Metro Kibang";"56487";"1811";"102";"2025-03-21 02:44:46";"System";"2025-03-21 02:44:46";"System"
"180711";"Marga Tiga";"Marga Tiga";"56487";"1811";"102";"2025-03-21 02:44:46";"System";"2025-03-21 02:44:46";"System"
"180712";"Sekampung Udik";"Sekampung Udik";"56487";"1811";"102";"2025-03-21 02:44:46";"System";"2025-03-21 02:44:46";"System"
"180713";"Batanghari Nuban";"Batanghari Nuban";"56487";"1811";"102";"2025-03-21 02:44:46";"System";"2025-03-21 02:44:46";"System"
"180714";"Bumi Agung";"Bumi Agung";"56487";"1811";"102";"2025-03-21 02:44:46";"System";"2025-03-21 02:44:46";"System"
"180715";"Bandar Sribhawono";"Bandar Sribhawono";"56487";"1811";"102";"2025-03-21 02:44:46";"System";"2025-03-21 02:44:46";"System"
"180716";"Mataram Baru";"Mataram Baru";"56487";"1811";"102";"2025-03-21 02:44:46";"System";"2025-03-21 02:44:46";"System"
"180717";"Melinting";"Melinting";"56487";"1811";"102";"2025-03-21 02:44:46";"System";"2025-03-21 02:44:46";"System"
"180718";"Gunung Pelindung";"Gunung Pelindung";"56487";"1811";"102";"2025-03-21 02:44:46";"System";"2025-03-21 02:44:46";"System"
"180719";"Pasir Sakti";"Pasir Sakti";"56487";"1811";"102";"2025-03-21 02:44:46";"System";"2025-03-21 02:44:46";"System"
"180720";"Waway Karya";"Waway Karya";"56487";"1811";"102";"2025-03-21 02:44:46";"System";"2025-03-21 02:44:46";"System"
"180721";"Labuhan Ratu";"Labuhan Ratu";"56487";"1811";"102";"2025-03-21 02:44:46";"System";"2025-03-21 02:44:46";"System"
"180722";"Braja Selebah";"Braja Selebah";"56487";"1811";"102";"2025-03-21 02:44:46";"System";"2025-03-21 02:44:46";"System"
"180723";"Way Bungur";"Way Bungur";"56487";"1811";"102";"2025-03-21 02:44:46";"System";"2025-03-21 02:44:46";"System"
"180724";"Marga Sekampung";"Marga Sekampung";"56487";"1811";"102";"2025-03-21 02:44:46";"System";"2025-03-21 02:44:46";"System"
"180801";"Blambangan Umpu";"Blambangan Umpu";"56691";"1811";"102";"2025-03-21 02:44:46";"System";"2025-03-21 02:44:46";"System"
"180802";"Kasui";"Kasui";"56691";"1811";"102";"2025-03-21 02:44:46";"System";"2025-03-21 02:44:46";"System"
"180803";"Banjit";"Banjit";"56691";"1811";"102";"2025-03-21 02:44:46";"System";"2025-03-21 02:44:46";"System"
"180804";"Baradatu";"Baradatu";"56691";"1811";"102";"2025-03-21 02:44:46";"System";"2025-03-21 02:44:46";"System"
"180805";"Bahuga";"Bahuga";"56691";"1811";"102";"2025-03-21 02:44:46";"System";"2025-03-21 02:44:46";"System"
"180806";"Pakuan Ratu";"Pakuan Ratu";"56691";"1811";"102";"2025-03-21 02:44:46";"System";"2025-03-21 02:44:46";"System"
"180807";"Negeri Agung";"Negeri Agung";"56691";"1811";"102";"2025-03-21 02:44:46";"System";"2025-03-21 02:44:46";"System"
"180808";"Way Tuba";"Way Tuba";"56691";"1811";"102";"2025-03-21 02:44:46";"System";"2025-03-21 02:44:46";"System"
"180809";"Rebang Tangkas";"Rebang Tangkas";"56691";"1811";"102";"2025-03-21 02:44:46";"System";"2025-03-21 02:44:46";"System"
"180810";"Gunung Labuhan";"Gunung Labuhan";"56691";"1811";"102";"2025-03-21 02:44:46";"System";"2025-03-21 02:44:46";"System"
"180811";"Negara Batin";"Negara Batin";"56691";"1811";"102";"2025-03-21 02:44:46";"System";"2025-03-21 02:44:46";"System"
"180812";"Negeri Besar";"Negeri Besar";"56691";"1811";"102";"2025-03-21 02:44:46";"System";"2025-03-21 02:44:46";"System"
"180813";"Buay Bahuga";"Buay Bahuga";"56691";"1811";"102";"2025-03-21 02:44:46";"System";"2025-03-21 02:44:46";"System"
"180814";"Bumi Agung";"Bumi Agung";"56691";"1811";"102";"2025-03-21 02:44:46";"System";"2025-03-21 02:44:46";"System"
"180901";"Gedong Tataan";"Gedong Tataan";"56590";"1811";"102";"2025-03-21 02:44:46";"System";"2025-03-21 02:44:46";"System"
"180902";"Negeri Katon";"Negeri Katon";"56590";"1811";"102";"2025-03-21 02:44:46";"System";"2025-03-21 02:44:46";"System"
"180903";"Tegineneng";"Tegineneng";"56590";"1811";"102";"2025-03-21 02:44:46";"System";"2025-03-21 02:44:46";"System"
"180904";"Way Lima";"Way Lima";"56590";"1811";"102";"2025-03-21 02:44:46";"System";"2025-03-21 02:44:46";"System"
"180905";"Padang Cermin";"Padang Cermin";"56590";"1811";"102";"2025-03-21 02:44:46";"System";"2025-03-21 02:44:46";"System"
"180906";"Punduh Pidada";"Punduh Pidada";"56590";"1811";"102";"2025-03-21 02:44:46";"System";"2025-03-21 02:44:46";"System"
"180907";"Kedondong";"Kedondong";"56590";"1811";"102";"2025-03-21 02:44:46";"System";"2025-03-21 02:44:46";"System"
"180908";"Marga Punduh";"Marga Punduh";"56590";"1811";"102";"2025-03-21 02:44:46";"System";"2025-03-21 02:44:46";"System"
"180909";"Way Khilau";"Way Khilau";"56590";"1811";"102";"2025-03-21 02:44:46";"System";"2025-03-21 02:44:46";"System"
"180910";"Teluk Pandan";"Teluk Pandan";"56590";"1811";"102";"2025-03-21 02:44:46";"System";"2025-03-21 02:44:46";"System"
"180911";"Way Ratai";"Way Ratai";"56590";"1811";"102";"2025-03-21 02:44:46";"System";"2025-03-21 02:44:46";"System"
"181001";"Pringsewu";"Pringsewu";"56599";"1811";"102";"2025-03-21 02:44:46";"System";"2025-03-21 02:44:46";"System"
"181002";"Gading Rejo";"Gading Rejo";"56599";"1811";"102";"2025-03-21 02:44:46";"System";"2025-03-21 02:44:46";"System"
"181003";"Ambarawa";"Ambarawa";"56599";"1811";"102";"2025-03-21 02:44:46";"System";"2025-03-21 02:44:46";"System"
"181004";"Pardasuka";"Pardasuka";"56599";"1811";"102";"2025-03-21 02:44:46";"System";"2025-03-21 02:44:46";"System"
"181005";"Pagelaran";"Pagelaran";"56599";"1811";"102";"2025-03-21 02:44:46";"System";"2025-03-21 02:44:46";"System"
"181006";"Banyumas";"Banyumas";"56599";"1811";"102";"2025-03-21 02:44:46";"System";"2025-03-21 02:44:46";"System"
"181007";"Adiluwih";"Adiluwih";"56599";"1811";"102";"2025-03-21 02:44:46";"System";"2025-03-21 02:44:46";"System"
"181008";"Sukoharjo";"Sukoharjo";"56599";"1811";"102";"2025-03-21 02:44:46";"System";"2025-03-21 02:44:46";"System"
"181009";"Pagelaran Utara";"Pagelaran Utara";"56599";"1811";"102";"2025-03-21 02:44:46";"System";"2025-03-21 02:44:46";"System"
"181101";"Mesuji";"Mesuji";"56534";"1811";"102";"2025-03-21 02:44:46";"System";"2025-03-21 02:44:46";"System"
"181102";"Mesuji Timur";"Mesuji Timur";"56534";"1811";"102";"2025-03-21 02:44:46";"System";"2025-03-21 02:44:46";"System"
"181103";"Rawa Jitu Utara";"Rawa Jitu Utara";"56534";"1811";"102";"2025-03-21 02:44:46";"System";"2025-03-21 02:44:46";"System"
"181104";"Way Serdang";"Way Serdang";"56534";"1811";"102";"2025-03-21 02:44:46";"System";"2025-03-21 02:44:46";"System"
"181105";"Simpang Pematang";"Simpang Pematang";"56534";"1811";"102";"2025-03-21 02:44:46";"System";"2025-03-21 02:44:46";"System"
"181106";"Panca Jaya";"Panca Jaya";"56534";"1811";"102";"2025-03-21 02:44:46";"System";"2025-03-21 02:44:46";"System"
"181107";"Tanjung Raya";"Tanjung Raya";"56534";"1811";"102";"2025-03-21 02:44:46";"System";"2025-03-21 02:44:46";"System"
"181201";"Tulang Bawang Tengah";"Tulang Bawang Tengah";"0";"0";"102";"2025-03-21 02:44:46";"System";"2025-03-21 02:44:46";"System"
"181202";"Tumijajar";"Tumijajar";"0";"0";"102";"2025-03-21 02:44:46";"System";"2025-03-21 02:44:46";"System"
"181203";"Tulang Bawang Udik";"Tulang Bawang Udik";"0";"0";"102";"2025-03-21 02:44:46";"System";"2025-03-21 02:44:46";"System"
"181204";"Gunung Terang";"Gunung Terang";"0";"0";"102";"2025-03-21 02:44:46";"System";"2025-03-21 02:44:46";"System"
"181205";"Gunung Agung";"Gunung Agung";"0";"0";"102";"2025-03-21 02:44:46";"System";"2025-03-21 02:44:46";"System"
"181206";"Way Kenanga";"Way Kenanga";"0";"0";"102";"2025-03-21 02:44:46";"System";"2025-03-21 02:44:46";"System"
"181207";"Lambu Kibang";"Lambu Kibang";"0";"0";"102";"2025-03-21 02:44:46";"System";"2025-03-21 02:44:46";"System"
"181208";"Pagar Dewa";"Pagar Dewa";"0";"0";"102";"2025-03-21 02:44:46";"System";"2025-03-21 02:44:46";"System"
"181301";"Pesisir Tengah";"Pesisir Tengah";"56591";"1811";"102";"2025-03-21 02:44:46";"System";"2025-03-21 02:44:46";"System"
"181302";"Pesisir Selatan";"Pesisir Selatan";"56591";"1811";"102";"2025-03-21 02:44:46";"System";"2025-03-21 02:44:46";"System"
"181303";"Lemong";"Lemong";"56591";"1811";"102";"2025-03-21 02:44:46";"System";"2025-03-21 02:44:46";"System"
"181304";"Pesisir Utara";"Pesisir Utara";"56591";"1811";"102";"2025-03-21 02:44:46";"System";"2025-03-21 02:44:46";"System"
"181305";"Karya Penggawa";"Karya Penggawa";"56591";"1811";"102";"2025-03-21 02:44:46";"System";"2025-03-21 02:44:46";"System"
"181306";"Pulaupisang";"Pulaupisang";"56591";"1811";"102";"2025-03-21 02:44:46";"System";"2025-03-21 02:44:46";"System"
"181307";"Way Krui";"Way Krui";"56591";"1811";"102";"2025-03-21 02:44:46";"System";"2025-03-21 02:44:46";"System"
"181308";"Krui Selatan";"Krui Selatan";"56591";"1811";"102";"2025-03-21 02:44:46";"System";"2025-03-21 02:44:46";"System"
"181309";"Ngambur";"Ngambur";"56591";"1811";"102";"2025-03-21 02:44:46";"System";"2025-03-21 02:44:46";"System"
"181310";"Bengkunat";"Bengkunat";"56591";"1811";"102";"2025-03-21 02:44:46";"System";"2025-03-21 02:44:46";"System"
"181311";"Bengkunat Belimbing";"Bengkunat Belimbing";"56591";"1811";"102";"2025-03-21 02:44:46";"System";"2025-03-21 02:44:46";"System"
"187101";"Kedaton";"Kedaton";"56730";"1811";"102";"2025-03-21 02:44:46";"System";"2025-03-21 02:44:46";"System"
"187102";"Sukarame";"Sukarame";"56730";"1811";"102";"2025-03-21 02:44:46";"System";"2025-03-21 02:44:46";"System"
"187103";"Tanjungkarang Barat";"Tanjungkarang Barat";"56730";"1811";"102";"2025-03-21 02:44:46";"System";"2025-03-21 02:44:46";"System"
"187104";"Panjang";"Panjang";"56730";"1811";"102";"2025-03-21 02:44:46";"System";"2025-03-21 02:44:46";"System"
"187105";"Tanjungkarang Timur";"Tanjungkarang Timur";"56730";"1811";"102";"2025-03-21 02:44:46";"System";"2025-03-21 02:44:46";"System"
"187106";"Tanjungkarang Pusat";"Tanjungkarang Pusat";"56730";"1811";"102";"2025-03-21 02:44:46";"System";"2025-03-21 02:44:46";"System"
"187107";"Telukbetung Selatan";"Telukbetung Selatan";"56730";"1811";"102";"2025-03-21 02:44:46";"System";"2025-03-21 02:44:46";"System"
"187108";"Telukbetung Barat";"Telukbetung Barat";"56730";"1811";"102";"2025-03-21 02:44:46";"System";"2025-03-21 02:44:46";"System"
"187109";"Telukbetung Utara";"Telukbetung Utara";"56730";"1811";"102";"2025-03-21 02:44:46";"System";"2025-03-21 02:44:46";"System"
"187110";"Rajabasa";"Rajabasa";"56730";"1811";"102";"2025-03-21 02:44:46";"System";"2025-03-21 02:44:46";"System"
"187111";"Tanjung Senang";"Tanjung Senang";"56730";"1811";"102";"2025-03-21 02:44:46";"System";"2025-03-21 02:44:46";"System"
"187112";"Sukabumi";"Sukabumi";"56730";"1811";"102";"2025-03-21 02:44:46";"System";"2025-03-21 02:44:46";"System"
"187113";"Kemiling";"Kemiling";"56730";"1811";"102";"2025-03-21 02:44:46";"System";"2025-03-21 02:44:46";"System"
"187114";"Labuhan Ratu";"Labuhan Ratu";"56730";"1811";"102";"2025-03-21 02:44:46";"System";"2025-03-21 02:44:46";"System"
"187115";"Way Halim";"Way Halim";"56730";"1811";"102";"2025-03-21 02:44:46";"System";"2025-03-21 02:44:46";"System"
"187116";"Langkapura";"Langkapura";"56730";"1811";"102";"2025-03-21 02:44:46";"System";"2025-03-21 02:44:46";"System"
"187117";"Enggal";"Enggal";"56730";"1811";"102";"2025-03-21 02:44:46";"System";"2025-03-21 02:44:46";"System"
"187118";"Kedamaian";"Kedamaian";"56730";"1811";"102";"2025-03-21 02:44:46";"System";"2025-03-21 02:44:46";"System"
"187119";"Telukbetung Timur";"Telukbetung Timur";"56730";"1811";"102";"2025-03-21 02:44:46";"System";"2025-03-21 02:44:46";"System"
"187120";"Bumi Waras";"Bumi Waras";"56730";"1811";"102";"2025-03-21 02:44:46";"System";"2025-03-21 02:44:46";"System"
"187201";"Metro Pusat";"Metro Pusat";"56771";"1811";"102";"2025-03-21 02:44:46";"System";"2025-03-21 02:44:46";"System"
"187202";"Metro Utara";"Metro Utara";"56771";"1811";"102";"2025-03-21 02:44:46";"System";"2025-03-21 02:44:46";"System"
"187203";"Metro Barat";"Metro Barat";"56771";"1811";"102";"2025-03-21 02:44:46";"System";"2025-03-21 02:44:46";"System"
"187204";"Metro Timur";"Metro Timur";"56771";"1811";"102";"2025-03-21 02:44:46";"System";"2025-03-21 02:44:46";"System"
"187205";"Metro Selatan";"Metro Selatan";"56771";"1811";"102";"2025-03-21 02:44:46";"System";"2025-03-21 02:44:46";"System"
"190101";"Sungailiat";"Sungailiat";"56329";"1820";"102";"2025-03-21 02:44:46";"System";"2025-03-21 02:44:46";"System"
"190102";"Belinyu";"Belinyu";"56329";"1820";"102";"2025-03-21 02:44:46";"System";"2025-03-21 02:44:46";"System"
"190103";"Merawang";"Merawang";"56329";"1820";"102";"2025-03-21 02:44:46";"System";"2025-03-21 02:44:46";"System"
"190104";"Mendo Barat";"Mendo Barat";"56329";"1820";"102";"2025-03-21 02:44:46";"System";"2025-03-21 02:44:46";"System"
"190105";"Pemali";"Pemali";"56329";"1820";"102";"2025-03-21 02:44:46";"System";"2025-03-21 02:44:46";"System"
"190106";"Bakam";"Bakam";"56329";"1820";"102";"2025-03-21 02:44:46";"System";"2025-03-21 02:44:46";"System"
"190107";"Riau Silip";"Riau Silip";"56329";"1820";"102";"2025-03-21 02:44:46";"System";"2025-03-21 02:44:46";"System"
"190108";"Puding Besar";"Puding Besar";"56329";"1820";"102";"2025-03-21 02:44:46";"System";"2025-03-21 02:44:46";"System"
"190201";"Tanjung Pandan";"Tanjung Pandan";"56350";"1820";"102";"2025-03-21 02:44:46";"System";"2025-03-21 02:44:46";"System"
"190202";"Membalong";"Membalong";"56350";"1820";"102";"2025-03-21 02:44:46";"System";"2025-03-21 02:44:46";"System"
"190203";"Selat Nasik";"Selat Nasik";"56350";"1820";"102";"2025-03-21 02:44:46";"System";"2025-03-21 02:44:46";"System"
"190204";"Sijuk";"Sijuk";"56350";"1820";"102";"2025-03-21 02:44:46";"System";"2025-03-21 02:44:46";"System"
"190205";"Badau";"Badau";"56350";"1820";"102";"2025-03-21 02:44:46";"System";"2025-03-21 02:44:46";"System"
"190301";"Toboali";"Toboali";"56331";"1820";"102";"2025-03-21 02:44:46";"System";"2025-03-21 02:44:46";"System"
"190302";"Lepar Pongok";"Lepar Pongok";"56331";"1820";"102";"2025-03-21 02:44:46";"System";"2025-03-21 02:44:46";"System"
"190303";"Air Gegas";"Air Gegas";"56331";"1820";"102";"2025-03-21 02:44:46";"System";"2025-03-21 02:44:46";"System"
"190304";"Simpang Rimba";"Simpang Rimba";"56331";"1820";"102";"2025-03-21 02:44:46";"System";"2025-03-21 02:44:46";"System"
"190305";"Payung";"Payung";"56331";"1820";"102";"2025-03-21 02:44:46";"System";"2025-03-21 02:44:46";"System"
"190306";"Tukak Sadai";"Tukak Sadai";"56331";"1820";"102";"2025-03-21 02:44:46";"System";"2025-03-21 02:44:46";"System"
"190307";"Pulaubesar";"Pulaubesar";"56331";"1820";"102";"2025-03-21 02:44:46";"System";"2025-03-21 02:44:46";"System"
"190308";"Kepulauan Pongok";"Kepulauan Pongok";"56331";"1820";"102";"2025-03-21 02:44:46";"System";"2025-03-21 02:44:46";"System"
"190401";"Koba";"Koba";"56332";"1820";"102";"2025-03-21 02:44:46";"System";"2025-03-21 02:44:46";"System"
"190402";"Pangkalan Baru";"Pangkalan Baru";"56332";"1820";"102";"2025-03-21 02:44:46";"System";"2025-03-21 02:44:46";"System"
"190403";"Sungai Selan";"Sungai Selan";"56332";"1820";"102";"2025-03-21 02:44:46";"System";"2025-03-21 02:44:46";"System"
"190404";"Simpang Katis";"Simpang Katis";"56332";"1820";"102";"2025-03-21 02:44:46";"System";"2025-03-21 02:44:46";"System"
"190405";"Namang";"Namang";"56332";"1820";"102";"2025-03-21 02:44:46";"System";"2025-03-21 02:44:46";"System"
"190406";"Lubuk Besar";"Lubuk Besar";"56332";"1820";"102";"2025-03-21 02:44:46";"System";"2025-03-21 02:44:46";"System"
"190501";"Mentok";"Mentok";"56330";"1820";"102";"2025-03-21 02:44:46";"System";"2025-03-21 02:44:46";"System"
"190502";"Simpang Teritip";"Simpang Teritip";"56330";"1820";"102";"2025-03-21 02:44:46";"System";"2025-03-21 02:44:46";"System"
"190503";"Jebus";"Jebus";"56330";"1820";"102";"2025-03-21 02:44:46";"System";"2025-03-21 02:44:46";"System"
"190504";"Kelapa";"Kelapa";"56330";"1820";"102";"2025-03-21 02:44:46";"System";"2025-03-21 02:44:46";"System"
"190505";"Tempilang";"Tempilang";"56330";"1820";"102";"2025-03-21 02:44:46";"System";"2025-03-21 02:44:46";"System"
"190506";"Parittiga";"Parittiga";"56330";"1820";"102";"2025-03-21 02:44:46";"System";"2025-03-21 02:44:46";"System"
"190601";"Manggar";"Manggar";"56351";"1820";"102";"2025-03-21 02:44:46";"System";"2025-03-21 02:44:46";"System"
"190602";"Gantung";"Gantung";"56351";"1820";"102";"2025-03-21 02:44:46";"System";"2025-03-21 02:44:46";"System"
"190603";"Dendang";"Dendang";"56351";"1820";"102";"2025-03-21 02:44:46";"System";"2025-03-21 02:44:46";"System"
"190604";"Kelapa Kampit";"Kelapa Kampit";"56351";"1820";"102";"2025-03-21 02:44:46";"System";"2025-03-21 02:44:46";"System"
"190605";"Damar";"Damar";"56351";"1820";"102";"2025-03-21 02:44:46";"System";"2025-03-21 02:44:46";"System"
"190606";"Simpang Renggiang";"Simpang Renggiang";"56351";"1820";"102";"2025-03-21 02:44:46";"System";"2025-03-21 02:44:46";"System"
"190607";"Simpang Pesak";"Simpang Pesak";"56351";"1820";"102";"2025-03-21 02:44:46";"System";"2025-03-21 02:44:46";"System"
"197101";"Bukitintan";"Bukitintan";"56781";"1820";"102";"2025-03-21 02:44:46";"System";"2025-03-21 02:44:46";"System"
"197102";"Taman Sari";"Taman Sari";"56781";"1820";"102";"2025-03-21 02:44:46";"System";"2025-03-21 02:44:46";"System"
"197103";"Pangkal Balam";"Pangkal Balam";"56781";"1820";"102";"2025-03-21 02:44:46";"System";"2025-03-21 02:44:46";"System"
"197104";"Rangkui";"Rangkui";"56781";"1820";"102";"2025-03-21 02:44:46";"System";"2025-03-21 02:44:46";"System"
"197105";"Gerunggang";"Gerunggang";"56781";"1820";"102";"2025-03-21 02:44:46";"System";"2025-03-21 02:44:46";"System"
"197106";"Gabek";"Gabek";"56781";"1820";"102";"2025-03-21 02:44:46";"System";"2025-03-21 02:44:46";"System"
"197107";"Girimaya";"Girimaya";"56781";"1820";"102";"2025-03-21 02:44:46";"System";"2025-03-21 02:44:46";"System"
"210104";"Gunung Kijang";"Gunung Kijang";"56361";"1807";"102";"2025-03-21 02:44:46";"System";"2025-03-21 02:44:46";"System"
"210106";"Bintan Timur";"Bintan Timur";"56361";"1807";"102";"2025-03-21 02:44:46";"System";"2025-03-21 02:44:46";"System"
"210107";"Bintan Utara";"Bintan Utara";"56361";"1807";"102";"2025-03-21 02:44:46";"System";"2025-03-21 02:44:46";"System"
"210108";"Teluk Bintan";"Teluk Bintan";"56361";"1807";"102";"2025-03-21 02:44:46";"System";"2025-03-21 02:44:46";"System"
"210109";"Tambelan";"Tambelan";"56361";"1807";"102";"2025-03-21 02:44:46";"System";"2025-03-21 02:44:46";"System"
"210110";"Telok Sebong";"Telok Sebong";"56361";"1807";"102";"2025-03-21 02:44:46";"System";"2025-03-21 02:44:46";"System"
"210112";"Toapaya";"Toapaya";"56361";"1807";"102";"2025-03-21 02:44:46";"System";"2025-03-21 02:44:46";"System"
"210113";"Mantang";"Mantang";"56361";"1807";"102";"2025-03-21 02:44:46";"System";"2025-03-21 02:44:46";"System"
"210114";"Bintan Pesisir";"Bintan Pesisir";"56361";"1807";"102";"2025-03-21 02:44:46";"System";"2025-03-21 02:44:46";"System"
"210115";"Seri Kuala Lobam";"Seri Kuala Lobam";"56361";"1807";"102";"2025-03-21 02:44:46";"System";"2025-03-21 02:44:46";"System"
"210201";"Moro";"Moro";"56441";"1807";"102";"2025-03-21 02:44:46";"System";"2025-03-21 02:44:46";"System"
"210202";"Kundur";"Kundur";"56441";"1807";"102";"2025-03-21 02:44:46";"System";"2025-03-21 02:44:46";"System"
"210203";"Karimun";"Karimun";"56441";"1807";"102";"2025-03-21 02:44:46";"System";"2025-03-21 02:44:46";"System"
"210204";"Meral";"Meral";"56441";"1807";"102";"2025-03-21 02:44:46";"System";"2025-03-21 02:44:46";"System"
"210205";"Tebing";"Tebing";"56441";"1807";"102";"2025-03-21 02:44:46";"System";"2025-03-21 02:44:46";"System"
"210206";"Buru";"Buru";"56441";"1807";"102";"2025-03-21 02:44:46";"System";"2025-03-21 02:44:46";"System"
"210207";"Kundur Utara";"Kundur Utara";"56441";"1807";"102";"2025-03-21 02:44:46";"System";"2025-03-21 02:44:46";"System"
"210208";"Kundur Barat";"Kundur Barat";"56441";"1807";"102";"2025-03-21 02:44:46";"System";"2025-03-21 02:44:46";"System"
"210209";"Durai";"Durai";"56441";"1807";"102";"2025-03-21 02:44:46";"System";"2025-03-21 02:44:46";"System"
"210210";"Meral Barat";"Meral Barat";"56441";"1807";"102";"2025-03-21 02:44:46";"System";"2025-03-21 02:44:46";"System"
"210211";"Ungar";"Ungar";"56441";"1807";"102";"2025-03-21 02:44:46";"System";"2025-03-21 02:44:46";"System"
"210212";"Belat";"Belat";"56441";"1807";"102";"2025-03-21 02:44:46";"System";"2025-03-21 02:44:46";"System"
"210304";"Midai";"Midai";"56554";"1807";"102";"2025-03-21 02:44:46";"System";"2025-03-21 02:44:46";"System"
"210305";"Bunguran Barat";"Bunguran Barat";"56554";"1807";"102";"2025-03-21 02:44:46";"System";"2025-03-21 02:44:46";"System"
"210306";"Serasan";"Serasan";"56554";"1807";"102";"2025-03-21 02:44:46";"System";"2025-03-21 02:44:46";"System"
"210307";"Bunguran Timur";"Bunguran Timur";"56554";"1807";"102";"2025-03-21 02:44:46";"System";"2025-03-21 02:44:46";"System"
"210308";"Bunguran Utara";"Bunguran Utara";"56554";"1807";"102";"2025-03-21 02:44:46";"System";"2025-03-21 02:44:46";"System"
"210309";"Subi";"Subi";"56554";"1807";"102";"2025-03-21 02:44:46";"System";"2025-03-21 02:44:46";"System"
"210310";"Pulau Laut";"Pulau Laut";"56554";"1807";"102";"2025-03-21 02:44:46";"System";"2025-03-21 02:44:46";"System"
"210311";"Pulau Tiga";"Pulau Tiga";"56554";"1807";"102";"2025-03-21 02:44:46";"System";"2025-03-21 02:44:46";"System"
"210315";"Bunguran Timur Laut";"Bunguran Timur Laut";"56554";"1807";"102";"2025-03-21 02:44:46";"System";"2025-03-21 02:44:46";"System"
"210316";"Bunguran Tengah";"Bunguran Tengah";"56554";"1807";"102";"2025-03-21 02:44:46";"System";"2025-03-21 02:44:46";"System"
"210318";"Bunguran Selatan";"Bunguran Selatan";"56554";"1807";"102";"2025-03-21 02:44:46";"System";"2025-03-21 02:44:46";"System"
"210319";"Serasan Timur";"Serasan Timur";"56554";"1807";"102";"2025-03-21 02:44:46";"System";"2025-03-21 02:44:46";"System"
"210320";"Bunguran Batubi";"Bunguran Batubi";"56554";"1807";"102";"2025-03-21 02:44:46";"System";"2025-03-21 02:44:46";"System"
"210321";"Pulau Tiga Barat";"Pulau Tiga Barat";"56554";"1807";"102";"2025-03-21 02:44:46";"System";"2025-03-21 02:44:46";"System"
"210322";"Suak Midai";"Suak Midai";"56554";"1807";"102";"2025-03-21 02:44:46";"System";"2025-03-21 02:44:46";"System"
"210401";"Singkep";"Singkep";"56495";"1807";"102";"2025-03-21 02:44:46";"System";"2025-03-21 02:44:46";"System"
"210402";"Lingga";"Lingga";"56495";"1807";"102";"2025-03-21 02:44:46";"System";"2025-03-21 02:44:46";"System"
"210403";"Senayang";"Senayang";"56495";"1807";"102";"2025-03-21 02:44:46";"System";"2025-03-21 02:44:46";"System"
"210404";"Singkep Barat";"Singkep Barat";"56495";"1807";"102";"2025-03-21 02:44:46";"System";"2025-03-21 02:44:46";"System"
"210405";"Lingga Utara";"Lingga Utara";"56495";"1807";"102";"2025-03-21 02:44:46";"System";"2025-03-21 02:44:46";"System"
"210406";"Singkep Pesisir";"Singkep Pesisir";"56495";"1807";"102";"2025-03-21 02:44:46";"System";"2025-03-21 02:44:46";"System"
"210407";"Lingga Timur";"Lingga Timur";"56495";"1807";"102";"2025-03-21 02:44:46";"System";"2025-03-21 02:44:46";"System"
"210408";"Selayar";"Selayar";"56495";"1807";"102";"2025-03-21 02:44:46";"System";"2025-03-21 02:44:46";"System"
"210409";"Singkep Selatan";"Singkep Selatan";"56495";"1807";"102";"2025-03-21 02:44:46";"System";"2025-03-21 02:44:46";"System"
"210410";"Kepulauan Posek";"Kepulauan Posek";"56495";"1807";"102";"2025-03-21 02:44:46";"System";"2025-03-21 02:44:46";"System"
"210501";"Siantan";"Siantan";"56450";"1807";"102";"2025-03-21 02:44:46";"System";"2025-03-21 02:44:46";"System"
"210502";"Palmatak";"Palmatak";"56450";"1807";"102";"2025-03-21 02:44:46";"System";"2025-03-21 02:44:46";"System"
"210503";"Siantan Timur";"Siantan Timur";"56450";"1807";"102";"2025-03-21 02:44:46";"System";"2025-03-21 02:44:46";"System"
"210504";"Siantan Selatan";"Siantan Selatan";"56450";"1807";"102";"2025-03-21 02:44:46";"System";"2025-03-21 02:44:46";"System"
"210505";"Jemaja Timur";"Jemaja Timur";"56450";"1807";"102";"2025-03-21 02:44:46";"System";"2025-03-21 02:44:46";"System"
"210506";"Jemaja";"Jemaja";"56450";"1807";"102";"2025-03-21 02:44:46";"System";"2025-03-21 02:44:46";"System"
"210507";"Siantan Tengah";"Siantan Tengah";"56450";"1807";"102";"2025-03-21 02:44:46";"System";"2025-03-21 02:44:46";"System"
"217101";"Belakang Padang";"Belakang Padang";"56735";"1807";"102";"2025-03-21 02:44:46";"System";"2025-03-21 02:44:46";"System"
"217102";"Batu Ampar";"Batu Ampar";"56735";"1807";"102";"2025-03-21 02:44:46";"System";"2025-03-21 02:44:46";"System"
"217103";"Sekupang";"Sekupang";"56735";"1807";"102";"2025-03-21 02:44:46";"System";"2025-03-21 02:44:46";"System"
"217104";"Nongsa";"Nongsa";"56735";"1807";"102";"2025-03-21 02:44:46";"System";"2025-03-21 02:44:46";"System"
"217105";"Bulang";"Bulang";"56735";"1807";"102";"2025-03-21 02:44:46";"System";"2025-03-21 02:44:46";"System"
"217106";"Lubuk Baja";"Lubuk Baja";"56735";"1807";"102";"2025-03-21 02:44:46";"System";"2025-03-21 02:44:46";"System"
"217107";"Sei Beduk";"Sei Beduk";"56735";"1807";"102";"2025-03-21 02:44:46";"System";"2025-03-21 02:44:46";"System"
"217108";"Galang";"Galang";"56735";"1807";"102";"2025-03-21 02:44:46";"System";"2025-03-21 02:44:46";"System"
"217109";"Bengkong";"Bengkong";"56735";"1807";"102";"2025-03-21 02:44:46";"System";"2025-03-21 02:44:46";"System"
"217110";"Batam Kota";"Batam Kota";"56735";"1807";"102";"2025-03-21 02:44:46";"System";"2025-03-21 02:44:46";"System"
"217111";"Sagulung";"Sagulung";"56735";"1807";"102";"2025-03-21 02:44:46";"System";"2025-03-21 02:44:46";"System"
"217112";"Batu Aji";"Batu Aji";"56735";"1807";"102";"2025-03-21 02:44:46";"System";"2025-03-21 02:44:46";"System"
"217201";"Tanjung Pinang Barat";"Tanjung Pinang Barat";"56808";"1807";"102";"2025-03-21 02:44:46";"System";"2025-03-21 02:44:46";"System"
"217202";"Tanjung Pinang Timur";"Tanjung Pinang Timur";"56808";"1807";"102";"2025-03-21 02:44:46";"System";"2025-03-21 02:44:46";"System"
"217203";"Tanjung Pinang Kota";"Tanjung Pinang Kota";"56808";"1807";"102";"2025-03-21 02:44:46";"System";"2025-03-21 02:44:46";"System"
"217204";"Bukit Bestari";"Bukit Bestari";"56808";"1807";"102";"2025-03-21 02:44:46";"System";"2025-03-21 02:44:46";"System"
"310101";"Kepulauan Seribu Utara";"Kepulauan Seribu Utara";"0";"0";"102";"2025-03-21 02:44:46";"System";"2025-03-21 02:44:46";"System"
"310102";"Kepulauan Seribu Selatan.";"Kepulauan Seribu Selatan.";"0";"0";"102";"2025-03-21 02:44:46";"System";"2025-03-21 02:44:46";"System"
"317101";"Gambir";"Gambir";"0";"0";"102";"2025-03-21 02:44:46";"System";"2025-03-21 02:44:46";"System"
"317102";"Sawah Besar";"Sawah Besar";"0";"0";"102";"2025-03-21 02:44:46";"System";"2025-03-21 02:44:46";"System"
"317103";"Kemayoran";"Kemayoran";"0";"0";"102";"2025-03-21 02:44:46";"System";"2025-03-21 02:44:46";"System"
"317104";"Senen";"Senen";"0";"0";"102";"2025-03-21 02:44:46";"System";"2025-03-21 02:44:46";"System"
"317105";"Cempaka Putih";"Cempaka Putih";"0";"0";"102";"2025-03-21 02:44:46";"System";"2025-03-21 02:44:46";"System"
"317106";"Menteng";"Menteng";"0";"0";"102";"2025-03-21 02:44:46";"System";"2025-03-21 02:44:46";"System"
"317107";"Tanah Abang";"Tanah Abang";"0";"0";"102";"2025-03-21 02:44:46";"System";"2025-03-21 02:44:46";"System"
"317108";"Johar Baru";"Johar Baru";"0";"0";"102";"2025-03-21 02:44:46";"System";"2025-03-21 02:44:46";"System"
"317201";"Penjaringan";"Penjaringan";"0";"0";"102";"2025-03-21 02:44:46";"System";"2025-03-21 02:44:46";"System"
"317202";"Tanjung Priok";"Tanjung Priok";"0";"0";"102";"2025-03-21 02:44:46";"System";"2025-03-21 02:44:46";"System"
"317203";"Koja";"Koja";"0";"0";"102";"2025-03-21 02:44:46";"System";"2025-03-21 02:44:46";"System"
"317204";"Cilincing";"Cilincing";"0";"0";"102";"2025-03-21 02:44:46";"System";"2025-03-21 02:44:46";"System"
"317205";"Pademangan";"Pademangan";"0";"0";"102";"2025-03-21 02:44:46";"System";"2025-03-21 02:44:46";"System"
"317206";"Kelapa Gading";"Kelapa Gading";"0";"0";"102";"2025-03-21 02:44:46";"System";"2025-03-21 02:44:46";"System"
"317301";"Cengkareng";"Cengkareng";"0";"0";"102";"2025-03-21 02:44:46";"System";"2025-03-21 02:44:46";"System"
"317302";"Grogol Petamburan";"Grogol Petamburan";"0";"0";"102";"2025-03-21 02:44:46";"System";"2025-03-21 02:44:46";"System"
"317303";"Taman Sari";"Taman Sari";"0";"0";"102";"2025-03-21 02:44:46";"System";"2025-03-21 02:44:46";"System"
"317304";"Tambora";"Tambora";"0";"0";"102";"2025-03-21 02:44:46";"System";"2025-03-21 02:44:46";"System"
"317305";"Kebon Jeruk";"Kebon Jeruk";"0";"0";"102";"2025-03-21 02:44:46";"System";"2025-03-21 02:44:46";"System"
"317306";"Kalideres";"Kalideres";"0";"0";"102";"2025-03-21 02:44:46";"System";"2025-03-21 02:44:46";"System"
"317307";"Pal Merah";"Pal Merah";"0";"0";"102";"2025-03-21 02:44:46";"System";"2025-03-21 02:44:46";"System"
"317308";"Kembangan";"Kembangan";"0";"0";"102";"2025-03-21 02:44:46";"System";"2025-03-21 02:44:46";"System"
"317401";"Tebet";"Tebet";"0";"0";"102";"2025-03-21 02:44:46";"System";"2025-03-21 02:44:46";"System"
"317402";"Setiabudi";"Setiabudi";"0";"0";"102";"2025-03-21 02:44:46";"System";"2025-03-21 02:44:46";"System"
"317403";"Mampang Prapatan";"Mampang Prapatan";"0";"0";"102";"2025-03-21 02:44:46";"System";"2025-03-21 02:44:46";"System"
"317404";"Pasar Minggu";"Pasar Minggu";"0";"0";"102";"2025-03-21 02:44:46";"System";"2025-03-21 02:44:46";"System"
"317405";"Kebayoran Lama";"Kebayoran Lama";"0";"0";"102";"2025-03-21 02:44:46";"System";"2025-03-21 02:44:46";"System"
"317406";"Cilandak";"Cilandak";"0";"0";"102";"2025-03-21 02:44:46";"System";"2025-03-21 02:44:46";"System"
"317407";"Kebayoran Baru";"Kebayoran Baru";"0";"0";"102";"2025-03-21 02:44:46";"System";"2025-03-21 02:44:46";"System"
"317408";"Pancoran";"Pancoran";"0";"0";"102";"2025-03-21 02:44:46";"System";"2025-03-21 02:44:46";"System"
"317409";"Jagakarsa";"Jagakarsa";"0";"0";"102";"2025-03-21 02:44:46";"System";"2025-03-21 02:44:46";"System"
"317410";"Pesanggrahan";"Pesanggrahan";"0";"0";"102";"2025-03-21 02:44:46";"System";"2025-03-21 02:44:46";"System"
"317501";"Matraman";"Matraman";"0";"0";"102";"2025-03-21 02:44:46";"System";"2025-03-21 02:44:46";"System"
"317502";"Pulogadung";"Pulogadung";"0";"0";"102";"2025-03-21 02:44:46";"System";"2025-03-21 02:44:46";"System"
"317503";"Jatinegara";"Jatinegara";"0";"0";"102";"2025-03-21 02:44:46";"System";"2025-03-21 02:44:46";"System"
"317504";"Kramatjati";"Kramatjati";"0";"0";"102";"2025-03-21 02:44:46";"System";"2025-03-21 02:44:46";"System"
"317505";"Pasar Rebo";"Pasar Rebo";"0";"0";"102";"2025-03-21 02:44:46";"System";"2025-03-21 02:44:46";"System"
"317506";"Cakung";"Cakung";"0";"0";"102";"2025-03-21 02:44:46";"System";"2025-03-21 02:44:46";"System"
"317507";"Duren Sawit";"Duren Sawit";"0";"0";"102";"2025-03-21 02:44:46";"System";"2025-03-21 02:44:46";"System"
"317508";"Makasar";"Makasar";"0";"0";"102";"2025-03-21 02:44:46";"System";"2025-03-21 02:44:46";"System"
"317509";"Ciracas";"Ciracas";"0";"0";"102";"2025-03-21 02:44:46";"System";"2025-03-21 02:44:46";"System"
"317510";"Cipayung";"Cipayung";"0";"0";"102";"2025-03-21 02:44:46";"System";"2025-03-21 02:44:46";"System"
"320101";"Cibinong";"Cibinong";"56366";"1825";"102";"2025-03-21 02:44:46";"System";"2025-03-21 02:44:46";"System"
"320102";"Gunung Putri";"Gunung Putri";"56366";"1825";"102";"2025-03-21 02:44:46";"System";"2025-03-21 02:44:46";"System"
"320103";"Citeureup";"Citeureup";"56366";"1825";"102";"2025-03-21 02:44:46";"System";"2025-03-21 02:44:46";"System"
"320104";"Sukaraja";"Sukaraja";"56366";"1825";"102";"2025-03-21 02:44:46";"System";"2025-03-21 02:44:46";"System"
"320105";"Babakan Madang";"Babakan Madang";"56366";"1825";"102";"2025-03-21 02:44:46";"System";"2025-03-21 02:44:46";"System"
"320106";"Jonggol";"Jonggol";"56366";"1825";"102";"2025-03-21 02:44:46";"System";"2025-03-21 02:44:46";"System"
"320107";"Cileungsi";"Cileungsi";"56366";"1825";"102";"2025-03-21 02:44:46";"System";"2025-03-21 02:44:46";"System"
"320108";"Cariu";"Cariu";"56366";"1825";"102";"2025-03-21 02:44:46";"System";"2025-03-21 02:44:46";"System"
"320109";"Sukamakmur";"Sukamakmur";"56366";"1825";"102";"2025-03-21 02:44:46";"System";"2025-03-21 02:44:46";"System"
"320110";"Parung";"Parung";"56366";"1825";"102";"2025-03-21 02:44:46";"System";"2025-03-21 02:44:46";"System"
"320111";"Gunung Sindur";"Gunung Sindur";"56366";"1825";"102";"2025-03-21 02:44:46";"System";"2025-03-21 02:44:46";"System"
"320112";"Kemang";"Kemang";"56366";"1825";"102";"2025-03-21 02:44:46";"System";"2025-03-21 02:44:46";"System"
"320113";"Bojong Gede";"Bojong Gede";"56366";"1825";"102";"2025-03-21 02:44:46";"System";"2025-03-21 02:44:46";"System"
"320114";"Leuwiliang";"Leuwiliang";"56366";"1825";"102";"2025-03-21 02:44:46";"System";"2025-03-21 02:44:46";"System"
"320115";"Ciampea";"Ciampea";"56366";"1825";"102";"2025-03-21 02:44:46";"System";"2025-03-21 02:44:46";"System"
"320116";"Cibungbulang";"Cibungbulang";"56366";"1825";"102";"2025-03-21 02:44:46";"System";"2025-03-21 02:44:46";"System"
"320117";"Pamijahan";"Pamijahan";"56366";"1825";"102";"2025-03-21 02:44:46";"System";"2025-03-21 02:44:46";"System"
"320118";"Rumpin";"Rumpin";"56366";"1825";"102";"2025-03-21 02:44:46";"System";"2025-03-21 02:44:46";"System"
"320119";"Jasinga";"Jasinga";"56366";"1825";"102";"2025-03-21 02:44:46";"System";"2025-03-21 02:44:46";"System"
"320120";"Parung Panjang";"Parung Panjang";"56366";"1825";"102";"2025-03-21 02:44:46";"System";"2025-03-21 02:44:46";"System"
"320121";"Nanggung";"Nanggung";"56366";"1825";"102";"2025-03-21 02:44:46";"System";"2025-03-21 02:44:46";"System"
"320122";"Cigudeg";"Cigudeg";"56366";"1825";"102";"2025-03-21 02:44:46";"System";"2025-03-21 02:44:46";"System"
"320123";"Tenjo";"Tenjo";"56366";"1825";"102";"2025-03-21 02:44:46";"System";"2025-03-21 02:44:46";"System"
"320124";"Ciawi";"Ciawi";"56366";"1825";"102";"2025-03-21 02:44:46";"System";"2025-03-21 02:44:46";"System"
"320125";"Cisarua";"Cisarua";"56366";"1825";"102";"2025-03-21 02:44:46";"System";"2025-03-21 02:44:46";"System"
"320126";"Megamendung";"Megamendung";"56366";"1825";"102";"2025-03-21 02:44:46";"System";"2025-03-21 02:44:46";"System"
"320127";"Caringin";"Caringin";"56366";"1825";"102";"2025-03-21 02:44:46";"System";"2025-03-21 02:44:46";"System"
"320128";"Cijeruk";"Cijeruk";"56366";"1825";"102";"2025-03-21 02:44:46";"System";"2025-03-21 02:44:46";"System"
"320129";"Ciomas";"Ciomas";"56366";"1825";"102";"2025-03-21 02:44:46";"System";"2025-03-21 02:44:46";"System"
"320130";"Dramaga";"Dramaga";"56366";"1825";"102";"2025-03-21 02:44:46";"System";"2025-03-21 02:44:46";"System"
"320131";"Tamansari";"Tamansari";"56366";"1825";"102";"2025-03-21 02:44:46";"System";"2025-03-21 02:44:46";"System"
"320132";"Klapanunggal";"Klapanunggal";"56366";"1825";"102";"2025-03-21 02:44:46";"System";"2025-03-21 02:44:46";"System"
"320133";"Ciseeng";"Ciseeng";"56366";"1825";"102";"2025-03-21 02:44:46";"System";"2025-03-21 02:44:46";"System"
"320134";"Ranca Bungur";"Ranca Bungur";"56366";"1825";"102";"2025-03-21 02:44:46";"System";"2025-03-21 02:44:46";"System"
"320135";"Sukajaya";"Sukajaya";"56366";"1825";"102";"2025-03-21 02:44:46";"System";"2025-03-21 02:44:46";"System"
"320136";"Tanjungsari";"Tanjungsari";"56366";"1825";"102";"2025-03-21 02:44:46";"System";"2025-03-21 02:44:46";"System"
"320137";"Tajurhalang";"Tajurhalang";"56366";"1825";"102";"2025-03-21 02:44:46";"System";"2025-03-21 02:44:46";"System"
"320138";"Cigombong";"Cigombong";"56366";"1825";"102";"2025-03-21 02:44:46";"System";"2025-03-21 02:44:46";"System"
"320139";"Leuwisadeng";"Leuwisadeng";"56366";"1825";"102";"2025-03-21 02:44:46";"System";"2025-03-21 02:44:46";"System"
"320140";"Tenjolaya";"Tenjolaya";"56366";"1825";"102";"2025-03-21 02:44:46";"System";"2025-03-21 02:44:46";"System"
"320201";"Pelabuhanratu";"Pelabuhanratu";"56645";"1825";"102";"2025-03-21 02:44:46";"System";"2025-03-21 02:44:46";"System"
"320202";"Simpenan";"Simpenan";"56645";"1825";"102";"2025-03-21 02:44:46";"System";"2025-03-21 02:44:46";"System"
"320203";"Cikakak";"Cikakak";"56645";"1825";"102";"2025-03-21 02:44:47";"System";"2025-03-21 02:44:47";"System"
"320204";"Bantargadung";"Bantargadung";"56645";"1825";"102";"2025-03-21 02:44:47";"System";"2025-03-21 02:44:47";"System"
"320205";"Cisolok";"Cisolok";"56645";"1825";"102";"2025-03-21 02:44:47";"System";"2025-03-21 02:44:47";"System"
"320206";"Cikidang";"Cikidang";"56645";"1825";"102";"2025-03-21 02:44:47";"System";"2025-03-21 02:44:47";"System"
"320207";"Lengkong";"Lengkong";"56645";"1825";"102";"2025-03-21 02:44:47";"System";"2025-03-21 02:44:47";"System"
"320208";"Jampang Tengah";"Jampang Tengah";"56645";"1825";"102";"2025-03-21 02:44:47";"System";"2025-03-21 02:44:47";"System"
"320209";"Warungkiara";"Warungkiara";"56645";"1825";"102";"2025-03-21 02:44:47";"System";"2025-03-21 02:44:47";"System"
"320210";"Cikembar";"Cikembar";"56645";"1825";"102";"2025-03-21 02:44:47";"System";"2025-03-21 02:44:47";"System"
"320211";"Cibadak";"Cibadak";"56645";"1825";"102";"2025-03-21 02:44:47";"System";"2025-03-21 02:44:47";"System"
"320212";"Nagrak";"Nagrak";"56645";"1825";"102";"2025-03-21 02:44:47";"System";"2025-03-21 02:44:47";"System"
"320213";"Parungkuda";"Parungkuda";"56645";"1825";"102";"2025-03-21 02:44:47";"System";"2025-03-21 02:44:47";"System"
"320214";"Bojonggenteng";"Bojonggenteng";"56645";"1825";"102";"2025-03-21 02:44:47";"System";"2025-03-21 02:44:47";"System"
"320215";"Parakansalak";"Parakansalak";"56645";"1825";"102";"2025-03-21 02:44:47";"System";"2025-03-21 02:44:47";"System"
"320216";"Cicurug";"Cicurug";"56645";"1825";"102";"2025-03-21 02:44:47";"System";"2025-03-21 02:44:47";"System"
"320217";"Cidahu";"Cidahu";"56645";"1825";"102";"2025-03-21 02:44:47";"System";"2025-03-21 02:44:47";"System"
"320218";"Kalapanunggal";"Kalapanunggal";"56645";"1825";"102";"2025-03-21 02:44:47";"System";"2025-03-21 02:44:47";"System"
"320219";"Kabandungan";"Kabandungan";"56645";"1825";"102";"2025-03-21 02:44:47";"System";"2025-03-21 02:44:47";"System"
"320220";"Waluran";"Waluran";"56645";"1825";"102";"2025-03-21 02:44:47";"System";"2025-03-21 02:44:47";"System"
"320221";"Jampang Kulon";"Jampang Kulon";"56645";"1825";"102";"2025-03-21 02:44:47";"System";"2025-03-21 02:44:47";"System"
"320222";"Ciemas";"Ciemas";"56645";"1825";"102";"2025-03-21 02:44:47";"System";"2025-03-21 02:44:47";"System"
"320223";"Kalibunder";"Kalibunder";"56645";"1825";"102";"2025-03-21 02:44:47";"System";"2025-03-21 02:44:47";"System"
"320224";"Surade";"Surade";"56645";"1825";"102";"2025-03-21 02:44:47";"System";"2025-03-21 02:44:47";"System"
"320225";"Cibitung";"Cibitung";"56645";"1825";"102";"2025-03-21 02:44:47";"System";"2025-03-21 02:44:47";"System"
"320226";"Ciracap";"Ciracap";"56645";"1825";"102";"2025-03-21 02:44:47";"System";"2025-03-21 02:44:47";"System"
"320227";"Gunungguruh";"Gunungguruh";"56645";"1825";"102";"2025-03-21 02:44:47";"System";"2025-03-21 02:44:47";"System"
"320228";"Cicantayan";"Cicantayan";"56645";"1825";"102";"2025-03-21 02:44:47";"System";"2025-03-21 02:44:47";"System"
"320229";"Cisaat";"Cisaat";"56645";"1825";"102";"2025-03-21 02:44:47";"System";"2025-03-21 02:44:47";"System"
"320230";"Kadudampit";"Kadudampit";"56645";"1825";"102";"2025-03-21 02:44:47";"System";"2025-03-21 02:44:47";"System"
"320231";"Caringin";"Caringin";"56645";"1825";"102";"2025-03-21 02:44:47";"System";"2025-03-21 02:44:47";"System"
"320232";"Sukabumi";"Sukabumi";"56645";"1825";"102";"2025-03-21 02:44:47";"System";"2025-03-21 02:44:47";"System"
"320233";"Sukaraja";"Sukaraja";"56645";"1825";"102";"2025-03-21 02:44:47";"System";"2025-03-21 02:44:47";"System"
"320234";"Kebonpedes";"Kebonpedes";"56645";"1825";"102";"2025-03-21 02:44:47";"System";"2025-03-21 02:44:47";"System"
"320235";"Cireunghas";"Cireunghas";"56645";"1825";"102";"2025-03-21 02:44:47";"System";"2025-03-21 02:44:47";"System"
"320236";"Sukalarang";"Sukalarang";"56645";"1825";"102";"2025-03-21 02:44:47";"System";"2025-03-21 02:44:47";"System"
"320237";"Pabuaran";"Pabuaran";"56645";"1825";"102";"2025-03-21 02:44:47";"System";"2025-03-21 02:44:47";"System"
"320238";"Purabaya";"Purabaya";"56645";"1825";"102";"2025-03-21 02:44:47";"System";"2025-03-21 02:44:47";"System"
"320239";"Nyalindung";"Nyalindung";"56645";"1825";"102";"2025-03-21 02:44:47";"System";"2025-03-21 02:44:47";"System"
"320240";"Gegerbitung";"Gegerbitung";"56645";"1825";"102";"2025-03-21 02:44:47";"System";"2025-03-21 02:44:47";"System"
"320241";"Sagaranten";"Sagaranten";"56645";"1825";"102";"2025-03-21 02:44:47";"System";"2025-03-21 02:44:47";"System"
"320242";"Curugkembar";"Curugkembar";"56645";"1825";"102";"2025-03-21 02:44:47";"System";"2025-03-21 02:44:47";"System"
"320243";"Cidolog";"Cidolog";"56645";"1825";"102";"2025-03-21 02:44:47";"System";"2025-03-21 02:44:47";"System"
"320244";"Cidadap";"Cidadap";"56645";"1825";"102";"2025-03-21 02:44:47";"System";"2025-03-21 02:44:47";"System"
"320245";"Tegalbuleud";"Tegalbuleud";"56645";"1825";"102";"2025-03-21 02:44:47";"System";"2025-03-21 02:44:47";"System"
"320246";"Cimanggu";"Cimanggu";"56645";"1825";"102";"2025-03-21 02:44:47";"System";"2025-03-21 02:44:47";"System"
"320247";"Ciambar";"Ciambar";"56645";"1825";"102";"2025-03-21 02:44:47";"System";"2025-03-21 02:44:47";"System"
"320301";"Cianjur";"Cianjur";"56391";"1825";"102";"2025-03-21 02:44:47";"System";"2025-03-21 02:44:47";"System"
"320302";"Warungkondang";"Warungkondang";"56391";"1825";"102";"2025-03-21 02:44:47";"System";"2025-03-21 02:44:47";"System"
"320303";"Cibeber";"Cibeber";"56391";"1825";"102";"2025-03-21 02:44:47";"System";"2025-03-21 02:44:47";"System"
"320304";"Cilaku";"Cilaku";"56391";"1825";"102";"2025-03-21 02:44:47";"System";"2025-03-21 02:44:47";"System"
"320305";"Ciranjang";"Ciranjang";"56391";"1825";"102";"2025-03-21 02:44:47";"System";"2025-03-21 02:44:47";"System"
"320306";"Bojongpicung";"Bojongpicung";"56391";"1825";"102";"2025-03-21 02:44:47";"System";"2025-03-21 02:44:47";"System"
"320307";"Karangtengah";"Karangtengah";"56391";"1825";"102";"2025-03-21 02:44:47";"System";"2025-03-21 02:44:47";"System"
"320308";"Mande";"Mande";"56391";"1825";"102";"2025-03-21 02:44:47";"System";"2025-03-21 02:44:47";"System"
"320309";"Sukaluyu";"Sukaluyu";"56391";"1825";"102";"2025-03-21 02:44:47";"System";"2025-03-21 02:44:47";"System"
"320310";"Pacet";"Pacet";"56391";"1825";"102";"2025-03-21 02:44:47";"System";"2025-03-21 02:44:47";"System"
"320311";"Cugenang";"Cugenang";"56391";"1825";"102";"2025-03-21 02:44:47";"System";"2025-03-21 02:44:47";"System"
"320312";"Cikalongkulon";"Cikalongkulon";"56391";"1825";"102";"2025-03-21 02:44:47";"System";"2025-03-21 02:44:47";"System"
"320313";"Sukaresmi";"Sukaresmi";"56391";"1825";"102";"2025-03-21 02:44:47";"System";"2025-03-21 02:44:47";"System"
"320314";"Sukanagara";"Sukanagara";"56391";"1825";"102";"2025-03-21 02:44:47";"System";"2025-03-21 02:44:47";"System"
"320315";"Campaka";"Campaka";"56391";"1825";"102";"2025-03-21 02:44:47";"System";"2025-03-21 02:44:47";"System"
"320316";"Takokak";"Takokak";"56391";"1825";"102";"2025-03-21 02:44:47";"System";"2025-03-21 02:44:47";"System"
"320317";"Kadupandak";"Kadupandak";"56391";"1825";"102";"2025-03-21 02:44:47";"System";"2025-03-21 02:44:47";"System"
"320318";"Pagelaran";"Pagelaran";"56391";"1825";"102";"2025-03-21 02:44:47";"System";"2025-03-21 02:44:47";"System"
"320319";"Tanggeung";"Tanggeung";"56391";"1825";"102";"2025-03-21 02:44:47";"System";"2025-03-21 02:44:47";"System"
"320320";"Cibinong";"Cibinong";"56391";"1825";"102";"2025-03-21 02:44:47";"System";"2025-03-21 02:44:47";"System"
"320321";"Sindangbarang";"Sindangbarang";"56391";"1825";"102";"2025-03-21 02:44:47";"System";"2025-03-21 02:44:47";"System"
"320322";"Agrabinta";"Agrabinta";"56391";"1825";"102";"2025-03-21 02:44:47";"System";"2025-03-21 02:44:47";"System"
"320323";"Cidaun";"Cidaun";"56391";"1825";"102";"2025-03-21 02:44:47";"System";"2025-03-21 02:44:47";"System"
"320324";"Naringgul";"Naringgul";"56391";"1825";"102";"2025-03-21 02:44:47";"System";"2025-03-21 02:44:47";"System"
"320325";"Campakamulya";"Campakamulya";"56391";"1825";"102";"2025-03-21 02:44:47";"System";"2025-03-21 02:44:47";"System"
"320326";"Cikadu";"Cikadu";"56391";"1825";"102";"2025-03-21 02:44:47";"System";"2025-03-21 02:44:47";"System"
"320327";"Gekbrong";"Gekbrong";"56391";"1825";"102";"2025-03-21 02:44:47";"System";"2025-03-21 02:44:47";"System"
"320328";"Cipanas";"Cipanas";"56391";"1825";"102";"2025-03-21 02:44:47";"System";"2025-03-21 02:44:47";"System"
"320329";"Cijati";"Cijati";"56391";"1825";"102";"2025-03-21 02:44:47";"System";"2025-03-21 02:44:47";"System"
"320330";"Leles";"Leles";"56391";"1825";"102";"2025-03-21 02:44:47";"System";"2025-03-21 02:44:47";"System"
"320331";"Haurwangi";"Haurwangi";"56391";"1825";"102";"2025-03-21 02:44:47";"System";"2025-03-21 02:44:47";"System"
"320332";"Pasirkuda";"Pasirkuda";"56391";"1825";"102";"2025-03-21 02:44:47";"System";"2025-03-21 02:44:47";"System"
"320405";"Cileunyi";"Cileunyi";"56324";"1825";"102";"2025-03-21 02:44:47";"System";"2025-03-21 02:44:47";"System"
"320406";"Cimenyan";"Cimenyan";"56324";"1825";"102";"2025-03-21 02:44:47";"System";"2025-03-21 02:44:47";"System"
"320407";"Cilengkrang";"Cilengkrang";"56324";"1825";"102";"2025-03-21 02:44:47";"System";"2025-03-21 02:44:47";"System"
"320408";"Bojongsoang";"Bojongsoang";"56324";"1825";"102";"2025-03-21 02:44:47";"System";"2025-03-21 02:44:47";"System"
"320409";"Margahayu";"Margahayu";"56324";"1825";"102";"2025-03-21 02:44:47";"System";"2025-03-21 02:44:47";"System"
"320410";"Margaasih";"Margaasih";"56324";"1825";"102";"2025-03-21 02:44:47";"System";"2025-03-21 02:44:47";"System"
"320411";"Katapang";"Katapang";"56324";"1825";"102";"2025-03-21 02:44:47";"System";"2025-03-21 02:44:47";"System"
"320412";"Dayeuhkolot";"Dayeuhkolot";"56324";"1825";"102";"2025-03-21 02:44:47";"System";"2025-03-21 02:44:47";"System"
"320413";"Banjaran";"Banjaran";"56324";"1825";"102";"2025-03-21 02:44:47";"System";"2025-03-21 02:44:47";"System"
"320414";"Pameungpeuk";"Pameungpeuk";"56324";"1825";"102";"2025-03-21 02:44:47";"System";"2025-03-21 02:44:47";"System"
"320415";"Pangalengan";"Pangalengan";"56324";"1825";"102";"2025-03-21 02:44:47";"System";"2025-03-21 02:44:47";"System"
"320416";"Arjasari";"Arjasari";"56324";"1825";"102";"2025-03-21 02:44:47";"System";"2025-03-21 02:44:47";"System"
"320417";"Cimaung";"Cimaung";"56324";"1825";"102";"2025-03-21 02:44:47";"System";"2025-03-21 02:44:47";"System"
"320425";"Cicalengka";"Cicalengka";"56324";"1825";"102";"2025-03-21 02:44:47";"System";"2025-03-21 02:44:47";"System"
"320426";"Nagreg";"Nagreg";"56324";"1825";"102";"2025-03-21 02:44:47";"System";"2025-03-21 02:44:47";"System"
"320427";"Cikancung";"Cikancung";"56324";"1825";"102";"2025-03-21 02:44:47";"System";"2025-03-21 02:44:47";"System"
"320428";"Rancaekek";"Rancaekek";"56324";"1825";"102";"2025-03-21 02:44:47";"System";"2025-03-21 02:44:47";"System"
"320429";"Ciparay";"Ciparay";"56324";"1825";"102";"2025-03-21 02:44:47";"System";"2025-03-21 02:44:47";"System"
"320430";"Pacet";"Pacet";"56324";"1825";"102";"2025-03-21 02:44:47";"System";"2025-03-21 02:44:47";"System"
"320431";"Kertasari";"Kertasari";"56324";"1825";"102";"2025-03-21 02:44:47";"System";"2025-03-21 02:44:47";"System"
"320432";"Baleendah";"Baleendah";"56324";"1825";"102";"2025-03-21 02:44:47";"System";"2025-03-21 02:44:47";"System"
"320433";"Majalaya";"Majalaya";"56324";"1825";"102";"2025-03-21 02:44:47";"System";"2025-03-21 02:44:47";"System"
"320434";"Solokanjeruk";"Solokanjeruk";"56324";"1825";"102";"2025-03-21 02:44:47";"System";"2025-03-21 02:44:47";"System"
"320435";"Paseh";"Paseh";"56324";"1825";"102";"2025-03-21 02:44:47";"System";"2025-03-21 02:44:47";"System"
"320436";"Ibun";"Ibun";"56324";"1825";"102";"2025-03-21 02:44:47";"System";"2025-03-21 02:44:47";"System"
"320437";"Soreang";"Soreang";"56324";"1825";"102";"2025-03-21 02:44:47";"System";"2025-03-21 02:44:47";"System"
"320438";"Pasirjambu";"Pasirjambu";"56324";"1825";"102";"2025-03-21 02:44:47";"System";"2025-03-21 02:44:47";"System"
"320439";"Ciwidey";"Ciwidey";"56324";"1825";"102";"2025-03-21 02:44:47";"System";"2025-03-21 02:44:47";"System"
"320440";"Rancabali";"Rancabali";"56324";"1825";"102";"2025-03-21 02:44:47";"System";"2025-03-21 02:44:47";"System"
"320444";"Cangkuang";"Cangkuang";"56324";"1825";"102";"2025-03-21 02:44:47";"System";"2025-03-21 02:44:47";"System"
"320446";"Kutawaringin";"Kutawaringin";"56324";"1825";"102";"2025-03-21 02:44:47";"System";"2025-03-21 02:44:47";"System"
"320501";"Garut Kota";"Garut Kota";"56407";"1825";"102";"2025-03-21 02:44:47";"System";"2025-03-21 02:44:47";"System"
"320502";"Karangpawitan";"Karangpawitan";"56407";"1825";"102";"2025-03-21 02:44:47";"System";"2025-03-21 02:44:47";"System"
"320503";"Wanaraja";"Wanaraja";"56407";"1825";"102";"2025-03-21 02:44:47";"System";"2025-03-21 02:44:47";"System"
"320504";"Tarogong Kaler";"Tarogong Kaler";"56407";"1825";"102";"2025-03-21 02:44:47";"System";"2025-03-21 02:44:47";"System"
"320505";"Tarogong Kidul";"Tarogong Kidul";"56407";"1825";"102";"2025-03-21 02:44:47";"System";"2025-03-21 02:44:47";"System"
"320506";"Banyuresmi";"Banyuresmi";"56407";"1825";"102";"2025-03-21 02:44:47";"System";"2025-03-21 02:44:47";"System"
"320507";"Samarang";"Samarang";"56407";"1825";"102";"2025-03-21 02:44:47";"System";"2025-03-21 02:44:47";"System"
"320508";"Pasirwangi";"Pasirwangi";"56407";"1825";"102";"2025-03-21 02:44:47";"System";"2025-03-21 02:44:47";"System"
"320509";"Leles";"Leles";"56407";"1825";"102";"2025-03-21 02:44:47";"System";"2025-03-21 02:44:47";"System"
"320510";"Kadungora";"Kadungora";"56407";"1825";"102";"2025-03-21 02:44:47";"System";"2025-03-21 02:44:47";"System"
"320511";"Leuwigoong";"Leuwigoong";"56407";"1825";"102";"2025-03-21 02:44:47";"System";"2025-03-21 02:44:47";"System"
"320512";"Cibatu";"Cibatu";"56407";"1825";"102";"2025-03-21 02:44:47";"System";"2025-03-21 02:44:47";"System"
"320513";"Kersamanah";"Kersamanah";"56407";"1825";"102";"2025-03-21 02:44:47";"System";"2025-03-21 02:44:47";"System"
"320514";"Malangbong";"Malangbong";"56407";"1825";"102";"2025-03-21 02:44:47";"System";"2025-03-21 02:44:47";"System"
"320515";"Sukawening";"Sukawening";"56407";"1825";"102";"2025-03-21 02:44:47";"System";"2025-03-21 02:44:47";"System"
"320516";"Karangtengah";"Karangtengah";"56407";"1825";"102";"2025-03-21 02:44:47";"System";"2025-03-21 02:44:47";"System"
"320517";"Bayongbong";"Bayongbong";"56407";"1825";"102";"2025-03-21 02:44:47";"System";"2025-03-21 02:44:47";"System"
"320518";"Cigedug";"Cigedug";"56407";"1825";"102";"2025-03-21 02:44:47";"System";"2025-03-21 02:44:47";"System"
"320519";"Cilawu";"Cilawu";"56407";"1825";"102";"2025-03-21 02:44:47";"System";"2025-03-21 02:44:47";"System"
"320520";"Cisurupan";"Cisurupan";"56407";"1825";"102";"2025-03-21 02:44:47";"System";"2025-03-21 02:44:47";"System"
"320521";"Sukaresmi";"Sukaresmi";"56407";"1825";"102";"2025-03-21 02:44:47";"System";"2025-03-21 02:44:47";"System"
"320522";"Cikajang";"Cikajang";"56407";"1825";"102";"2025-03-21 02:44:47";"System";"2025-03-21 02:44:47";"System"
"320523";"Banjarwangi";"Banjarwangi";"56407";"1825";"102";"2025-03-21 02:44:47";"System";"2025-03-21 02:44:47";"System"
"320524";"Singajaya";"Singajaya";"56407";"1825";"102";"2025-03-21 02:44:47";"System";"2025-03-21 02:44:47";"System"
"320525";"Cihurip";"Cihurip";"56407";"1825";"102";"2025-03-21 02:44:47";"System";"2025-03-21 02:44:47";"System"
"320526";"Peundeuy";"Peundeuy";"56407";"1825";"102";"2025-03-21 02:44:47";"System";"2025-03-21 02:44:47";"System"
"320527";"Pameungpeuk";"Pameungpeuk";"56407";"1825";"102";"2025-03-21 02:44:47";"System";"2025-03-21 02:44:47";"System"
"320528";"Cisompet";"Cisompet";"56407";"1825";"102";"2025-03-21 02:44:47";"System";"2025-03-21 02:44:47";"System"
"320529";"Cibalong";"Cibalong";"56407";"1825";"102";"2025-03-21 02:44:47";"System";"2025-03-21 02:44:47";"System"
"320530";"Cikelet";"Cikelet";"56407";"1825";"102";"2025-03-21 02:44:47";"System";"2025-03-21 02:44:47";"System"
"320531";"Bungbulang";"Bungbulang";"56407";"1825";"102";"2025-03-21 02:44:47";"System";"2025-03-21 02:44:47";"System"
"320532";"Mekarmukti";"Mekarmukti";"56407";"1825";"102";"2025-03-21 02:44:47";"System";"2025-03-21 02:44:47";"System"
"320533";"Pakenjeng";"Pakenjeng";"56407";"1825";"102";"2025-03-21 02:44:47";"System";"2025-03-21 02:44:47";"System"
"320534";"Pamulihan";"Pamulihan";"56407";"1825";"102";"2025-03-21 02:44:47";"System";"2025-03-21 02:44:47";"System"
"320535";"Cisewu";"Cisewu";"56407";"1825";"102";"2025-03-21 02:44:47";"System";"2025-03-21 02:44:47";"System"
"320536";"Caringin";"Caringin";"56407";"1825";"102";"2025-03-21 02:44:47";"System";"2025-03-21 02:44:47";"System"
"320537";"Talegong";"Talegong";"56407";"1825";"102";"2025-03-21 02:44:47";"System";"2025-03-21 02:44:47";"System"
"320538";"Bl. Limbangan";"Bl. Limbangan";"56407";"1825";"102";"2025-03-21 02:44:47";"System";"2025-03-21 02:44:47";"System"
"320539";"Selaawi";"Selaawi";"56407";"1825";"102";"2025-03-21 02:44:47";"System";"2025-03-21 02:44:47";"System"
"320540";"Cibiuk";"Cibiuk";"56407";"1825";"102";"2025-03-21 02:44:47";"System";"2025-03-21 02:44:47";"System"
"320541";"Pangatikan";"Pangatikan";"56407";"1825";"102";"2025-03-21 02:44:47";"System";"2025-03-21 02:44:47";"System"
"320542";"Sucinaraja";"Sucinaraja";"56407";"1825";"102";"2025-03-21 02:44:47";"System";"2025-03-21 02:44:47";"System"
"320601";"Cipatujah";"Cipatujah";"56674";"1825";"102";"2025-03-21 02:44:47";"System";"2025-03-21 02:44:47";"System"
"320602";"Karangnunggal";"Karangnunggal";"56674";"1825";"102";"2025-03-21 02:44:47";"System";"2025-03-21 02:44:47";"System"
"320603";"Cikalong";"Cikalong";"56674";"1825";"102";"2025-03-21 02:44:47";"System";"2025-03-21 02:44:47";"System"
"320604";"Pancatengah";"Pancatengah";"56674";"1825";"102";"2025-03-21 02:44:47";"System";"2025-03-21 02:44:47";"System"
"320605";"Cikatomas";"Cikatomas";"56674";"1825";"102";"2025-03-21 02:44:47";"System";"2025-03-21 02:44:47";"System"
"320606";"Cibalong";"Cibalong";"56674";"1825";"102";"2025-03-21 02:44:47";"System";"2025-03-21 02:44:47";"System"
"320607";"Parungponteng";"Parungponteng";"56674";"1825";"102";"2025-03-21 02:44:47";"System";"2025-03-21 02:44:47";"System"
"320608";"Bantarkalong";"Bantarkalong";"56674";"1825";"102";"2025-03-21 02:44:47";"System";"2025-03-21 02:44:47";"System"
"320609";"Bojongasih";"Bojongasih";"56674";"1825";"102";"2025-03-21 02:44:47";"System";"2025-03-21 02:44:47";"System"
"320610";"Culamega";"Culamega";"56674";"1825";"102";"2025-03-21 02:44:47";"System";"2025-03-21 02:44:47";"System"
"320611";"Bojonggambir";"Bojonggambir";"56674";"1825";"102";"2025-03-21 02:44:47";"System";"2025-03-21 02:44:47";"System"
"320612";"Sodonghilir";"Sodonghilir";"56674";"1825";"102";"2025-03-21 02:44:47";"System";"2025-03-21 02:44:47";"System"
"320613";"Taraju";"Taraju";"56674";"1825";"102";"2025-03-21 02:44:47";"System";"2025-03-21 02:44:47";"System"
"320614";"Salawu";"Salawu";"56674";"1825";"102";"2025-03-21 02:44:47";"System";"2025-03-21 02:44:47";"System"
"320615";"Puspahiang";"Puspahiang";"56674";"1825";"102";"2025-03-21 02:44:47";"System";"2025-03-21 02:44:47";"System"
"320616";"Tanjungjaya";"Tanjungjaya";"56674";"1825";"102";"2025-03-21 02:44:47";"System";"2025-03-21 02:44:47";"System"
"320617";"Sukaraja";"Sukaraja";"56674";"1825";"102";"2025-03-21 02:44:47";"System";"2025-03-21 02:44:47";"System"
"320618";"Salopa";"Salopa";"56674";"1825";"102";"2025-03-21 02:44:47";"System";"2025-03-21 02:44:47";"System"
"320619";"Jatiwaras";"Jatiwaras";"56674";"1825";"102";"2025-03-21 02:44:47";"System";"2025-03-21 02:44:47";"System"
"320620";"Cineam";"Cineam";"56674";"1825";"102";"2025-03-21 02:44:47";"System";"2025-03-21 02:44:47";"System"
"320621";"Karang Jaya";"Karang Jaya";"56674";"1825";"102";"2025-03-21 02:44:47";"System";"2025-03-21 02:44:47";"System"
"320622";"Manonjaya";"Manonjaya";"56674";"1825";"102";"2025-03-21 02:44:47";"System";"2025-03-21 02:44:47";"System"
"320623";"Gunung Tanjung";"Gunung Tanjung";"56674";"1825";"102";"2025-03-21 02:44:47";"System";"2025-03-21 02:44:47";"System"
"320624";"Singaparna";"Singaparna";"56674";"1825";"102";"2025-03-21 02:44:47";"System";"2025-03-21 02:44:47";"System"
"320625";"Mangunreja";"Mangunreja";"56674";"1825";"102";"2025-03-21 02:44:47";"System";"2025-03-21 02:44:47";"System"
"320626";"Sukarame";"Sukarame";"56674";"1825";"102";"2025-03-21 02:44:47";"System";"2025-03-21 02:44:47";"System"
"320627";"Cigalontang";"Cigalontang";"56674";"1825";"102";"2025-03-21 02:44:47";"System";"2025-03-21 02:44:47";"System"
"320628";"Leuwisari";"Leuwisari";"56674";"1825";"102";"2025-03-21 02:44:47";"System";"2025-03-21 02:44:47";"System"
"320629";"Padakembang";"Padakembang";"56674";"1825";"102";"2025-03-21 02:44:47";"System";"2025-03-21 02:44:47";"System"
"320630";"Sariwangi";"Sariwangi";"56674";"1825";"102";"2025-03-21 02:44:47";"System";"2025-03-21 02:44:47";"System"
"320631";"Sukaratu";"Sukaratu";"56674";"1825";"102";"2025-03-21 02:44:47";"System";"2025-03-21 02:44:47";"System"
"320632";"Cisayong";"Cisayong";"56674";"1825";"102";"2025-03-21 02:44:47";"System";"2025-03-21 02:44:47";"System"
"320633";"Sukahening";"Sukahening";"56674";"1825";"102";"2025-03-21 02:44:47";"System";"2025-03-21 02:44:47";"System"
"320634";"Rajapolah";"Rajapolah";"56674";"1825";"102";"2025-03-21 02:44:47";"System";"2025-03-21 02:44:47";"System"
"320635";"Jamanis";"Jamanis";"56674";"1825";"102";"2025-03-21 02:44:47";"System";"2025-03-21 02:44:47";"System"
"320636";"Ciawi";"Ciawi";"56674";"1825";"102";"2025-03-21 02:44:47";"System";"2025-03-21 02:44:47";"System"
"320637";"Kadipaten";"Kadipaten";"56674";"1825";"102";"2025-03-21 02:44:47";"System";"2025-03-21 02:44:47";"System"
"320638";"Pagerageung";"Pagerageung";"56674";"1825";"102";"2025-03-21 02:44:47";"System";"2025-03-21 02:44:47";"System"
"320639";"Sukaresik";"Sukaresik";"56674";"1825";"102";"2025-03-21 02:44:47";"System";"2025-03-21 02:44:47";"System"
"320701";"Ciamis";"Ciamis";"56390";"1825";"102";"2025-03-21 02:44:47";"System";"2025-03-21 02:44:47";"System"
"320702";"Cikoneng";"Cikoneng";"56390";"1825";"102";"2025-03-21 02:44:47";"System";"2025-03-21 02:44:47";"System"
"320703";"Cijeungjing";"Cijeungjing";"56390";"1825";"102";"2025-03-21 02:44:47";"System";"2025-03-21 02:44:47";"System"
"320704";"Sadananya";"Sadananya";"56390";"1825";"102";"2025-03-21 02:44:47";"System";"2025-03-21 02:44:47";"System"
"320705";"Cidolog";"Cidolog";"56390";"1825";"102";"2025-03-21 02:44:47";"System";"2025-03-21 02:44:47";"System"
"320706";"Cihaurbeuti";"Cihaurbeuti";"56390";"1825";"102";"2025-03-21 02:44:47";"System";"2025-03-21 02:44:47";"System"
"320707";"Panumbangan";"Panumbangan";"56390";"1825";"102";"2025-03-21 02:44:47";"System";"2025-03-21 02:44:47";"System"
"320708";"Panjalu";"Panjalu";"56390";"1825";"102";"2025-03-21 02:44:47";"System";"2025-03-21 02:44:47";"System"
"320709";"Kawali";"Kawali";"56390";"1825";"102";"2025-03-21 02:44:47";"System";"2025-03-21 02:44:47";"System"
"320710";"Panawangan";"Panawangan";"56390";"1825";"102";"2025-03-21 02:44:47";"System";"2025-03-21 02:44:47";"System"
"320711";"Cipaku";"Cipaku";"56390";"1825";"102";"2025-03-21 02:44:47";"System";"2025-03-21 02:44:47";"System"
"320712";"Jatinagara";"Jatinagara";"56390";"1825";"102";"2025-03-21 02:44:47";"System";"2025-03-21 02:44:47";"System"
"320713";"Rajadesa";"Rajadesa";"56390";"1825";"102";"2025-03-21 02:44:47";"System";"2025-03-21 02:44:47";"System"
"320714";"Sukadana";"Sukadana";"56390";"1825";"102";"2025-03-21 02:44:47";"System";"2025-03-21 02:44:47";"System"
"320715";"Rancah";"Rancah";"56390";"1825";"102";"2025-03-21 02:44:47";"System";"2025-03-21 02:44:47";"System"
"320716";"Tambaksari";"Tambaksari";"56390";"1825";"102";"2025-03-21 02:44:47";"System";"2025-03-21 02:44:47";"System"
"320717";"Lakbok";"Lakbok";"56390";"1825";"102";"2025-03-21 02:44:47";"System";"2025-03-21 02:44:47";"System"
"320718";"Banjarsari";"Banjarsari";"56390";"1825";"102";"2025-03-21 02:44:47";"System";"2025-03-21 02:44:47";"System"
"320719";"Pamarican";"Pamarican";"56390";"1825";"102";"2025-03-21 02:44:47";"System";"2025-03-21 02:44:47";"System"
"320729";"Cimaragas";"Cimaragas";"56390";"1825";"102";"2025-03-21 02:44:47";"System";"2025-03-21 02:44:47";"System"
"320730";"Cisaga";"Cisaga";"56390";"1825";"102";"2025-03-21 02:44:47";"System";"2025-03-21 02:44:47";"System"
"320731";"Sindangkasih";"Sindangkasih";"56390";"1825";"102";"2025-03-21 02:44:47";"System";"2025-03-21 02:44:47";"System"
"320732";"Baregbeg";"Baregbeg";"56390";"1825";"102";"2025-03-21 02:44:47";"System";"2025-03-21 02:44:47";"System"
"320733";"Sukamantri";"Sukamantri";"56390";"1825";"102";"2025-03-21 02:44:47";"System";"2025-03-21 02:44:47";"System"
"320734";"Lumbung";"Lumbung";"56390";"1825";"102";"2025-03-21 02:44:47";"System";"2025-03-21 02:44:47";"System"
"320735";"Purwadadi";"Purwadadi";"56390";"1825";"102";"2025-03-21 02:44:47";"System";"2025-03-21 02:44:47";"System"
"320737";"Banjaranyar";"Banjaranyar";"56390";"1825";"102";"2025-03-21 02:44:47";"System";"2025-03-21 02:44:47";"System"
"320801";"Kadugede";"Kadugede";"56474";"1825";"102";"2025-03-21 02:44:47";"System";"2025-03-21 02:44:47";"System"
"320802";"Ciniru";"Ciniru";"56474";"1825";"102";"2025-03-21 02:44:47";"System";"2025-03-21 02:44:47";"System"
"320803";"Subang";"Subang";"56474";"1825";"102";"2025-03-21 02:44:47";"System";"2025-03-21 02:44:47";"System"
"320804";"Ciwaru";"Ciwaru";"56474";"1825";"102";"2025-03-21 02:44:47";"System";"2025-03-21 02:44:47";"System"
"320805";"Cibingbin";"Cibingbin";"56474";"1825";"102";"2025-03-21 02:44:47";"System";"2025-03-21 02:44:47";"System"
"320806";"Luragung";"Luragung";"56474";"1825";"102";"2025-03-21 02:44:47";"System";"2025-03-21 02:44:47";"System"
"320807";"Lebakwangi";"Lebakwangi";"56474";"1825";"102";"2025-03-21 02:44:47";"System";"2025-03-21 02:44:47";"System"
"320808";"Garawangi";"Garawangi";"56474";"1825";"102";"2025-03-21 02:44:47";"System";"2025-03-21 02:44:47";"System"
"320809";"Kuningan";"Kuningan";"56474";"1825";"102";"2025-03-21 02:44:47";"System";"2025-03-21 02:44:47";"System"
"320810";"Ciawigebang";"Ciawigebang";"56474";"1825";"102";"2025-03-21 02:44:47";"System";"2025-03-21 02:44:47";"System"
"320811";"Cidahu";"Cidahu";"56474";"1825";"102";"2025-03-21 02:44:47";"System";"2025-03-21 02:44:47";"System"
"320812";"Jalaksana";"Jalaksana";"56474";"1825";"102";"2025-03-21 02:44:47";"System";"2025-03-21 02:44:47";"System"
"320813";"Cilimus";"Cilimus";"56474";"1825";"102";"2025-03-21 02:44:47";"System";"2025-03-21 02:44:47";"System"
"320814";"Mandirancan";"Mandirancan";"56474";"1825";"102";"2025-03-21 02:44:47";"System";"2025-03-21 02:44:47";"System"
"320815";"Selajambe";"Selajambe";"56474";"1825";"102";"2025-03-21 02:44:47";"System";"2025-03-21 02:44:47";"System"
"320816";"Kramatmulya";"Kramatmulya";"56474";"1825";"102";"2025-03-21 02:44:47";"System";"2025-03-21 02:44:47";"System"
"320817";"Darma";"Darma";"56474";"1825";"102";"2025-03-21 02:44:47";"System";"2025-03-21 02:44:47";"System"
"320818";"Cigugur";"Cigugur";"56474";"1825";"102";"2025-03-21 02:44:47";"System";"2025-03-21 02:44:47";"System"
"320819";"Pasawahan";"Pasawahan";"56474";"1825";"102";"2025-03-21 02:44:47";"System";"2025-03-21 02:44:47";"System"
"320820";"Nusaherang";"Nusaherang";"56474";"1825";"102";"2025-03-21 02:44:47";"System";"2025-03-21 02:44:47";"System"
"320821";"Cipicung";"Cipicung";"56474";"1825";"102";"2025-03-21 02:44:47";"System";"2025-03-21 02:44:47";"System"
"320822";"Pancalang";"Pancalang";"56474";"1825";"102";"2025-03-21 02:44:47";"System";"2025-03-21 02:44:47";"System"
"320823";"Japara";"Japara";"56474";"1825";"102";"2025-03-21 02:44:47";"System";"2025-03-21 02:44:47";"System"
"320824";"Cimahi";"Cimahi";"56474";"1825";"102";"2025-03-21 02:44:47";"System";"2025-03-21 02:44:47";"System"
"320825";"Cilebak";"Cilebak";"56474";"1825";"102";"2025-03-21 02:44:47";"System";"2025-03-21 02:44:47";"System"
"320826";"Hantara";"Hantara";"56474";"1825";"102";"2025-03-21 02:44:47";"System";"2025-03-21 02:44:47";"System"
"320827";"Kalimanggis";"Kalimanggis";"56474";"1825";"102";"2025-03-21 02:44:47";"System";"2025-03-21 02:44:47";"System"
"320828";"Cibeureum";"Cibeureum";"56474";"1825";"102";"2025-03-21 02:44:47";"System";"2025-03-21 02:44:47";"System"
"320829";"Karang Kancana";"Karang Kancana";"56474";"1825";"102";"2025-03-21 02:44:47";"System";"2025-03-21 02:44:47";"System"
"320830";"Maleber";"Maleber";"56474";"1825";"102";"2025-03-21 02:44:47";"System";"2025-03-21 02:44:47";"System"
"320831";"Sindang Agung";"Sindang Agung";"56474";"1825";"102";"2025-03-21 02:44:47";"System";"2025-03-21 02:44:47";"System"
"320832";"Cigandamekar";"Cigandamekar";"56474";"1825";"102";"2025-03-21 02:44:47";"System";"2025-03-21 02:44:47";"System"
"320901";"Waled";"Waled";"56393";"1825";"102";"2025-03-21 02:44:47";"System";"2025-03-21 02:44:47";"System"
"320902";"Ciledug";"Ciledug";"56393";"1825";"102";"2025-03-21 02:44:47";"System";"2025-03-21 02:44:47";"System"
"320903";"Losari";"Losari";"56393";"1825";"102";"2025-03-21 02:44:47";"System";"2025-03-21 02:44:47";"System"
"320904";"Pabedilan";"Pabedilan";"56393";"1825";"102";"2025-03-21 02:44:47";"System";"2025-03-21 02:44:47";"System"
"320905";"Babakan";"Babakan";"56393";"1825";"102";"2025-03-21 02:44:47";"System";"2025-03-21 02:44:47";"System"
"320906";"Karangsembung";"Karangsembung";"56393";"1825";"102";"2025-03-21 02:44:47";"System";"2025-03-21 02:44:47";"System"
"320907";"Lemahabang";"Lemahabang";"56393";"1825";"102";"2025-03-21 02:44:47";"System";"2025-03-21 02:44:47";"System"
"320908";"Susukan Lebak";"Susukan Lebak";"56393";"1825";"102";"2025-03-21 02:44:47";"System";"2025-03-21 02:44:47";"System"
"320909";"Sedong";"Sedong";"56393";"1825";"102";"2025-03-21 02:44:47";"System";"2025-03-21 02:44:47";"System"
"320910";"Astanajapura";"Astanajapura";"56393";"1825";"102";"2025-03-21 02:44:47";"System";"2025-03-21 02:44:47";"System"
"320911";"Pangenan";"Pangenan";"56393";"1825";"102";"2025-03-21 02:44:47";"System";"2025-03-21 02:44:47";"System"
"320912";"Mundu";"Mundu";"56393";"1825";"102";"2025-03-21 02:44:47";"System";"2025-03-21 02:44:47";"System"
"320913";"Beber";"Beber";"56393";"1825";"102";"2025-03-21 02:44:47";"System";"2025-03-21 02:44:47";"System"
"320914";"Talun";"Talun";"56393";"1825";"102";"2025-03-21 02:44:47";"System";"2025-03-21 02:44:47";"System"
"320915";"Sumber";"Sumber";"56393";"1825";"102";"2025-03-21 02:44:47";"System";"2025-03-21 02:44:47";"System"
"320916";"Dukupuntang";"Dukupuntang";"56393";"1825";"102";"2025-03-21 02:44:47";"System";"2025-03-21 02:44:47";"System"
"320917";"Palimanan";"Palimanan";"56393";"1825";"102";"2025-03-21 02:44:47";"System";"2025-03-21 02:44:47";"System"
"320918";"Plumbon";"Plumbon";"56393";"1825";"102";"2025-03-21 02:44:47";"System";"2025-03-21 02:44:47";"System"
"320919";"Weru";"Weru";"56393";"1825";"102";"2025-03-21 02:44:47";"System";"2025-03-21 02:44:47";"System"
"320920";"Kedawung";"Kedawung";"56393";"1825";"102";"2025-03-21 02:44:47";"System";"2025-03-21 02:44:47";"System"
"320921";"Gunung Jati";"Gunung Jati";"56393";"1825";"102";"2025-03-21 02:44:47";"System";"2025-03-21 02:44:47";"System"
"320922";"Kapetakan";"Kapetakan";"56393";"1825";"102";"2025-03-21 02:44:47";"System";"2025-03-21 02:44:47";"System"
"320923";"Klangenan";"Klangenan";"56393";"1825";"102";"2025-03-21 02:44:47";"System";"2025-03-21 02:44:47";"System"
"320924";"Arjawinangun";"Arjawinangun";"56393";"1825";"102";"2025-03-21 02:44:47";"System";"2025-03-21 02:44:47";"System"
"320925";"Panguragan";"Panguragan";"56393";"1825";"102";"2025-03-21 02:44:47";"System";"2025-03-21 02:44:47";"System"
"320926";"Ciwaringin";"Ciwaringin";"56393";"1825";"102";"2025-03-21 02:44:47";"System";"2025-03-21 02:44:47";"System"
"320927";"Susukan";"Susukan";"56393";"1825";"102";"2025-03-21 02:44:47";"System";"2025-03-21 02:44:47";"System"
"320928";"Gegesik";"Gegesik";"56393";"1825";"102";"2025-03-21 02:44:47";"System";"2025-03-21 02:44:47";"System"
"320929";"Kaliwedi";"Kaliwedi";"56393";"1825";"102";"2025-03-21 02:44:47";"System";"2025-03-21 02:44:47";"System"
"320930";"Gebang";"Gebang";"56393";"1825";"102";"2025-03-21 02:44:47";"System";"2025-03-21 02:44:47";"System"
"320931";"Depok";"Depok";"56393";"1825";"102";"2025-03-21 02:44:47";"System";"2025-03-21 02:44:47";"System"
"320932";"Pasaleman";"Pasaleman";"56393";"1825";"102";"2025-03-21 02:44:47";"System";"2025-03-21 02:44:47";"System"
"320933";"Pabuaran";"Pabuaran";"56393";"1825";"102";"2025-03-21 02:44:47";"System";"2025-03-21 02:44:47";"System"
"320934";"Karangwareng";"Karangwareng";"56393";"1825";"102";"2025-03-21 02:44:47";"System";"2025-03-21 02:44:47";"System"
"320935";"Tengah Tani";"Tengah Tani";"56393";"1825";"102";"2025-03-21 02:44:47";"System";"2025-03-21 02:44:47";"System"
"320936";"Plered";"Plered";"56393";"1825";"102";"2025-03-21 02:44:47";"System";"2025-03-21 02:44:47";"System"
"320937";"Gempol";"Gempol";"56393";"1825";"102";"2025-03-21 02:44:47";"System";"2025-03-21 02:44:47";"System"
"320938";"Greged";"Greged";"56393";"1825";"102";"2025-03-21 02:44:47";"System";"2025-03-21 02:44:47";"System"
"320939";"Suranenggala";"Suranenggala";"56393";"1825";"102";"2025-03-21 02:44:47";"System";"2025-03-21 02:44:47";"System"
"320940";"Jamblang";"Jamblang";"56393";"1825";"102";"2025-03-21 02:44:47";"System";"2025-03-21 02:44:47";"System"
"321001";"Lemahsugih";"Lemahsugih";"56508";"1825";"102";"2025-03-21 02:44:47";"System";"2025-03-21 02:44:47";"System"
"321002";"Bantarujeg";"Bantarujeg";"56508";"1825";"102";"2025-03-21 02:44:47";"System";"2025-03-21 02:44:47";"System"
"321003";"Cikijing";"Cikijing";"56508";"1825";"102";"2025-03-21 02:44:47";"System";"2025-03-21 02:44:47";"System"
"321004";"Talaga";"Talaga";"56508";"1825";"102";"2025-03-21 02:44:47";"System";"2025-03-21 02:44:47";"System"
"321005";"Argapura";"Argapura";"56508";"1825";"102";"2025-03-21 02:44:47";"System";"2025-03-21 02:44:47";"System"
"321006";"Maja";"Maja";"56508";"1825";"102";"2025-03-21 02:44:47";"System";"2025-03-21 02:44:47";"System"
"321007";"Majalengka";"Majalengka";"56508";"1825";"102";"2025-03-21 02:44:47";"System";"2025-03-21 02:44:47";"System"
"321008";"Sukahaji";"Sukahaji";"56508";"1825";"102";"2025-03-21 02:44:47";"System";"2025-03-21 02:44:47";"System"
"321009";"Rajagaluh";"Rajagaluh";"56508";"1825";"102";"2025-03-21 02:44:47";"System";"2025-03-21 02:44:47";"System"
"321010";"Leuwimunding";"Leuwimunding";"56508";"1825";"102";"2025-03-21 02:44:47";"System";"2025-03-21 02:44:47";"System"
"321011";"Jatiwangi";"Jatiwangi";"56508";"1825";"102";"2025-03-21 02:44:47";"System";"2025-03-21 02:44:47";"System"
"321012";"Dawuan";"Dawuan";"56508";"1825";"102";"2025-03-21 02:44:47";"System";"2025-03-21 02:44:47";"System"
"321013";"Kadipaten";"Kadipaten";"56508";"1825";"102";"2025-03-21 02:44:47";"System";"2025-03-21 02:44:47";"System"
"321014";"Kertajati";"Kertajati";"56508";"1825";"102";"2025-03-21 02:44:47";"System";"2025-03-21 02:44:47";"System"
"321015";"Jatitujuh";"Jatitujuh";"56508";"1825";"102";"2025-03-21 02:44:47";"System";"2025-03-21 02:44:47";"System"
"321016";"Ligung";"Ligung";"56508";"1825";"102";"2025-03-21 02:44:47";"System";"2025-03-21 02:44:47";"System"
"321017";"Sumberjaya";"Sumberjaya";"56508";"1825";"102";"2025-03-21 02:44:47";"System";"2025-03-21 02:44:47";"System"
"321018";"Panyingkiran";"Panyingkiran";"56508";"1825";"102";"2025-03-21 02:44:47";"System";"2025-03-21 02:44:47";"System"
"321019";"Palasah";"Palasah";"56508";"1825";"102";"2025-03-21 02:44:47";"System";"2025-03-21 02:44:47";"System"
"321020";"Cigasong";"Cigasong";"56508";"1825";"102";"2025-03-21 02:44:47";"System";"2025-03-21 02:44:47";"System"
"321021";"Sindangwangi";"Sindangwangi";"56508";"1825";"102";"2025-03-21 02:44:47";"System";"2025-03-21 02:44:47";"System"
"321022";"Banjaran";"Banjaran";"56508";"1825";"102";"2025-03-21 02:44:47";"System";"2025-03-21 02:44:47";"System"
"321023";"Cingambul";"Cingambul";"56508";"1825";"102";"2025-03-21 02:44:47";"System";"2025-03-21 02:44:47";"System"
"321024";"Kasokandel";"Kasokandel";"56508";"1825";"102";"2025-03-21 02:44:47";"System";"2025-03-21 02:44:47";"System"
"321025";"Sindang";"Sindang";"56508";"1825";"102";"2025-03-21 02:44:47";"System";"2025-03-21 02:44:47";"System"
"321026";"Malausma";"Malausma";"56508";"1825";"102";"2025-03-21 02:44:47";"System";"2025-03-21 02:44:47";"System"
"321101";"Wado";"Wado";"56654";"1825";"102";"2025-03-21 02:44:47";"System";"2025-03-21 02:44:47";"System"
"321102";"Jatinunggal";"Jatinunggal";"56654";"1825";"102";"2025-03-21 02:44:47";"System";"2025-03-21 02:44:47";"System"
"321103";"Darmaraja";"Darmaraja";"56654";"1825";"102";"2025-03-21 02:44:47";"System";"2025-03-21 02:44:47";"System"
"321104";"Cibugel";"Cibugel";"56654";"1825";"102";"2025-03-21 02:44:47";"System";"2025-03-21 02:44:47";"System"
"321105";"Cisitu";"Cisitu";"56654";"1825";"102";"2025-03-21 02:44:47";"System";"2025-03-21 02:44:47";"System"
"321106";"Situraja";"Situraja";"56654";"1825";"102";"2025-03-21 02:44:47";"System";"2025-03-21 02:44:47";"System"
"321107";"Conggeang";"Conggeang";"56654";"1825";"102";"2025-03-21 02:44:47";"System";"2025-03-21 02:44:47";"System"
"321108";"Paseh";"Paseh";"56654";"1825";"102";"2025-03-21 02:44:47";"System";"2025-03-21 02:44:47";"System"
"321109";"Surian";"Surian";"56654";"1825";"102";"2025-03-21 02:44:47";"System";"2025-03-21 02:44:47";"System"
"321110";"Buahdua";"Buahdua";"56654";"1825";"102";"2025-03-21 02:44:47";"System";"2025-03-21 02:44:47";"System"
"321111";"Tanjungsari";"Tanjungsari";"56654";"1825";"102";"2025-03-21 02:44:47";"System";"2025-03-21 02:44:47";"System"
"321112";"Sukasari";"Sukasari";"56654";"1825";"102";"2025-03-21 02:44:47";"System";"2025-03-21 02:44:47";"System"
"321113";"Pamulihan";"Pamulihan";"56654";"1825";"102";"2025-03-21 02:44:47";"System";"2025-03-21 02:44:47";"System"
"321114";"Cimanggung";"Cimanggung";"56654";"1825";"102";"2025-03-21 02:44:47";"System";"2025-03-21 02:44:47";"System"
"321115";"Jatinangor";"Jatinangor";"56654";"1825";"102";"2025-03-21 02:44:47";"System";"2025-03-21 02:44:47";"System"
"321116";"Rancakalong";"Rancakalong";"56654";"1825";"102";"2025-03-21 02:44:47";"System";"2025-03-21 02:44:47";"System"
"321117";"Sumedang Selatan";"Sumedang Selatan";"56654";"1825";"102";"2025-03-21 02:44:47";"System";"2025-03-21 02:44:47";"System"
"321118";"Sumedang Utara";"Sumedang Utara";"56654";"1825";"102";"2025-03-21 02:44:47";"System";"2025-03-21 02:44:47";"System"
"321119";"Ganeas";"Ganeas";"56654";"1825";"102";"2025-03-21 02:44:47";"System";"2025-03-21 02:44:47";"System"
"321120";"Tanjungkerta";"Tanjungkerta";"56654";"1825";"102";"2025-03-21 02:44:47";"System";"2025-03-21 02:44:47";"System"
"321121";"Tanjungmedar";"Tanjungmedar";"56654";"1825";"102";"2025-03-21 02:44:47";"System";"2025-03-21 02:44:47";"System"
"321122";"Cimalaka";"Cimalaka";"56654";"1825";"102";"2025-03-21 02:44:47";"System";"2025-03-21 02:44:47";"System"
"321123";"Cisarua";"Cisarua";"56654";"1825";"102";"2025-03-21 02:44:47";"System";"2025-03-21 02:44:47";"System"
"321124";"Tomo";"Tomo";"56654";"1825";"102";"2025-03-21 02:44:47";"System";"2025-03-21 02:44:47";"System"
"321125";"Ujungjaya";"Ujungjaya";"56654";"1825";"102";"2025-03-21 02:44:47";"System";"2025-03-21 02:44:47";"System"
"321126";"Jatigede";"Jatigede";"56654";"1825";"102";"2025-03-21 02:44:47";"System";"2025-03-21 02:44:47";"System"
"321201";"Haurgeulis";"Haurgeulis";"56426";"1825";"102";"2025-03-21 02:44:47";"System";"2025-03-21 02:44:47";"System"
"321202";"Kroya";"Kroya";"56426";"1825";"102";"2025-03-21 02:44:47";"System";"2025-03-21 02:44:47";"System"
"321203";"Gabuswetan";"Gabuswetan";"56426";"1825";"102";"2025-03-21 02:44:47";"System";"2025-03-21 02:44:47";"System"
"321204";"Cikedung";"Cikedung";"56426";"1825";"102";"2025-03-21 02:44:47";"System";"2025-03-21 02:44:47";"System"
"321205";"Lelea";"Lelea";"56426";"1825";"102";"2025-03-21 02:44:47";"System";"2025-03-21 02:44:47";"System"
"321206";"Bangodua";"Bangodua";"56426";"1825";"102";"2025-03-21 02:44:47";"System";"2025-03-21 02:44:47";"System"
"321207";"Widasari";"Widasari";"56426";"1825";"102";"2025-03-21 02:44:47";"System";"2025-03-21 02:44:47";"System"
"321208";"Kertasemaya";"Kertasemaya";"56426";"1825";"102";"2025-03-21 02:44:47";"System";"2025-03-21 02:44:47";"System"
"321209";"Krangkeng";"Krangkeng";"56426";"1825";"102";"2025-03-21 02:44:47";"System";"2025-03-21 02:44:47";"System"
"321210";"Karangampel";"Karangampel";"56426";"1825";"102";"2025-03-21 02:44:47";"System";"2025-03-21 02:44:47";"System"
"321211";"Juntinyuat";"Juntinyuat";"56426";"1825";"102";"2025-03-21 02:44:47";"System";"2025-03-21 02:44:47";"System"
"321212";"Sliyeg";"Sliyeg";"56426";"1825";"102";"2025-03-21 02:44:47";"System";"2025-03-21 02:44:47";"System"
"321213";"Jatibarang";"Jatibarang";"56426";"1825";"102";"2025-03-21 02:44:47";"System";"2025-03-21 02:44:47";"System"
"321214";"Balongan";"Balongan";"56426";"1825";"102";"2025-03-21 02:44:47";"System";"2025-03-21 02:44:47";"System"
"321215";"Indramayu";"Indramayu";"56426";"1825";"102";"2025-03-21 02:44:47";"System";"2025-03-21 02:44:47";"System"
"321216";"Sindang";"Sindang";"56426";"1825";"102";"2025-03-21 02:44:47";"System";"2025-03-21 02:44:47";"System"
"321217";"Cantigi";"Cantigi";"56426";"1825";"102";"2025-03-21 02:44:47";"System";"2025-03-21 02:44:47";"System"
"321218";"Lohbener";"Lohbener";"56426";"1825";"102";"2025-03-21 02:44:47";"System";"2025-03-21 02:44:47";"System"
"321219";"Arahan";"Arahan";"56426";"1825";"102";"2025-03-21 02:44:47";"System";"2025-03-21 02:44:47";"System"
"321220";"Losarang";"Losarang";"56426";"1825";"102";"2025-03-21 02:44:47";"System";"2025-03-21 02:44:47";"System"
"321221";"Kandanghaur";"Kandanghaur";"56426";"1825";"102";"2025-03-21 02:44:47";"System";"2025-03-21 02:44:47";"System"
"321222";"Bongas";"Bongas";"56426";"1825";"102";"2025-03-21 02:44:47";"System";"2025-03-21 02:44:47";"System"
"321223";"Anjatan";"Anjatan";"56426";"1825";"102";"2025-03-21 02:44:47";"System";"2025-03-21 02:44:47";"System"
"321224";"Sukra";"Sukra";"56426";"1825";"102";"2025-03-21 02:44:47";"System";"2025-03-21 02:44:47";"System"
"321225";"Gantar";"Gantar";"56426";"1825";"102";"2025-03-21 02:44:47";"System";"2025-03-21 02:44:47";"System"
"321226";"Trisi";"Trisi";"56426";"1825";"102";"2025-03-21 02:44:47";"System";"2025-03-21 02:44:47";"System"
"321227";"Sukagumiwang";"Sukagumiwang";"56426";"1825";"102";"2025-03-21 02:44:47";"System";"2025-03-21 02:44:47";"System"
"321228";"Kedokan Bunder";"Kedokan Bunder";"56426";"1825";"102";"2025-03-21 02:44:47";"System";"2025-03-21 02:44:47";"System"
"321229";"Pasekan";"Pasekan";"56426";"1825";"102";"2025-03-21 02:44:47";"System";"2025-03-21 02:44:47";"System"
"321230";"Tukdana";"Tukdana";"56426";"1825";"102";"2025-03-21 02:44:47";"System";"2025-03-21 02:44:47";"System"
"321231";"Patrol";"Patrol";"56426";"1825";"102";"2025-03-21 02:44:47";"System";"2025-03-21 02:44:47";"System"
"321301";"Sagalaherang";"Sagalaherang";"56644";"1825";"102";"2025-03-21 02:44:47";"System";"2025-03-21 02:44:47";"System"
"321302";"Cisalak";"Cisalak";"56644";"1825";"102";"2025-03-21 02:44:47";"System";"2025-03-21 02:44:47";"System"
"321303";"Subang";"Subang";"56644";"1825";"102";"2025-03-21 02:44:47";"System";"2025-03-21 02:44:47";"System"
"321304";"Kalijati";"Kalijati";"56644";"1825";"102";"2025-03-21 02:44:47";"System";"2025-03-21 02:44:47";"System"
"321305";"Pabuaran";"Pabuaran";"56644";"1825";"102";"2025-03-21 02:44:47";"System";"2025-03-21 02:44:47";"System"
"321306";"Purwadadi";"Purwadadi";"56644";"1825";"102";"2025-03-21 02:44:47";"System";"2025-03-21 02:44:47";"System"
"321307";"Pagaden";"Pagaden";"56644";"1825";"102";"2025-03-21 02:44:47";"System";"2025-03-21 02:44:47";"System"
"321308";"Binong";"Binong";"56644";"1825";"102";"2025-03-21 02:44:47";"System";"2025-03-21 02:44:47";"System"
"321309";"Ciasem";"Ciasem";"56644";"1825";"102";"2025-03-21 02:44:47";"System";"2025-03-21 02:44:47";"System"
"321310";"Pusakanagara";"Pusakanagara";"56644";"1825";"102";"2025-03-21 02:44:47";"System";"2025-03-21 02:44:47";"System"
"321311";"Pamanukan";"Pamanukan";"56644";"1825";"102";"2025-03-21 02:44:47";"System";"2025-03-21 02:44:47";"System"
"321312";"Jalancagak";"Jalancagak";"56644";"1825";"102";"2025-03-21 02:44:47";"System";"2025-03-21 02:44:47";"System"
"321313";"Blanakan";"Blanakan";"56644";"1825";"102";"2025-03-21 02:44:47";"System";"2025-03-21 02:44:47";"System"
"321314";"Tanjungsiang";"Tanjungsiang";"56644";"1825";"102";"2025-03-21 02:44:47";"System";"2025-03-21 02:44:47";"System"
"321315";"Compreng";"Compreng";"56644";"1825";"102";"2025-03-21 02:44:47";"System";"2025-03-21 02:44:47";"System"
"321316";"Patokbeusi";"Patokbeusi";"56644";"1825";"102";"2025-03-21 02:44:47";"System";"2025-03-21 02:44:47";"System"
"321317";"Cibogo";"Cibogo";"56644";"1825";"102";"2025-03-21 02:44:47";"System";"2025-03-21 02:44:47";"System"
"321318";"Cipunagara";"Cipunagara";"56644";"1825";"102";"2025-03-21 02:44:47";"System";"2025-03-21 02:44:47";"System"
"321319";"Cijambe";"Cijambe";"56644";"1825";"102";"2025-03-21 02:44:47";"System";"2025-03-21 02:44:47";"System"
"321320";"Cipeunduey";"Cipeunduey";"56644";"1825";"102";"2025-03-21 02:44:47";"System";"2025-03-21 02:44:47";"System"
"321321";"Legonkulon";"Legonkulon";"56644";"1825";"102";"2025-03-21 02:44:47";"System";"2025-03-21 02:44:47";"System"
"321322";"Cikaum";"Cikaum";"56644";"1825";"102";"2025-03-21 02:44:47";"System";"2025-03-21 02:44:47";"System"
"321323";"Serangpanjang";"Serangpanjang";"56644";"1825";"102";"2025-03-21 02:44:47";"System";"2025-03-21 02:44:47";"System"
"321324";"Sukasari";"Sukasari";"56644";"1825";"102";"2025-03-21 02:44:47";"System";"2025-03-21 02:44:47";"System"
"321325";"Tambakdahan";"Tambakdahan";"56644";"1825";"102";"2025-03-21 02:44:47";"System";"2025-03-21 02:44:47";"System"
"321326";"Kasomalang";"Kasomalang";"56644";"1825";"102";"2025-03-21 02:44:47";"System";"2025-03-21 02:44:47";"System"
"321327";"Dawuan";"Dawuan";"56644";"1825";"102";"2025-03-21 02:44:47";"System";"2025-03-21 02:44:47";"System"
"321328";"Pagaden Barat";"Pagaden Barat";"56644";"1825";"102";"2025-03-21 02:44:47";"System";"2025-03-21 02:44:47";"System"
"321329";"Ciater";"Ciater";"56644";"1825";"102";"2025-03-21 02:44:47";"System";"2025-03-21 02:44:47";"System"
"321330";"Pusakajaya";"Pusakajaya";"56644";"1825";"102";"2025-03-21 02:44:47";"System";"2025-03-21 02:44:47";"System"
"321401";"Purwakarta";"Purwakarta";"56606";"1825";"102";"2025-03-21 02:44:47";"System";"2025-03-21 02:44:47";"System"
"321402";"Campaka";"Campaka";"56606";"1825";"102";"2025-03-21 02:44:47";"System";"2025-03-21 02:44:47";"System"
"321403";"Jatiluhur";"Jatiluhur";"56606";"1825";"102";"2025-03-21 02:44:47";"System";"2025-03-21 02:44:47";"System"
"321404";"Plered";"Plered";"56606";"1825";"102";"2025-03-21 02:44:47";"System";"2025-03-21 02:44:47";"System"
"321405";"Sukatani";"Sukatani";"56606";"1825";"102";"2025-03-21 02:44:47";"System";"2025-03-21 02:44:47";"System"
"321406";"Darangdan";"Darangdan";"56606";"1825";"102";"2025-03-21 02:44:47";"System";"2025-03-21 02:44:47";"System"
"321407";"Maniis";"Maniis";"56606";"1825";"102";"2025-03-21 02:44:47";"System";"2025-03-21 02:44:47";"System"
"321408";"Tegalwaru";"Tegalwaru";"56606";"1825";"102";"2025-03-21 02:44:47";"System";"2025-03-21 02:44:47";"System"
"321409";"Wanayasa";"Wanayasa";"56606";"1825";"102";"2025-03-21 02:44:47";"System";"2025-03-21 02:44:47";"System"
"321410";"Pasawahan";"Pasawahan";"56606";"1825";"102";"2025-03-21 02:44:47";"System";"2025-03-21 02:44:47";"System"
"321411";"Bojong";"Bojong";"56606";"1825";"102";"2025-03-21 02:44:47";"System";"2025-03-21 02:44:47";"System"
"321412";"Babakancikao";"Babakancikao";"56606";"1825";"102";"2025-03-21 02:44:47";"System";"2025-03-21 02:44:47";"System"
"321413";"Bungursari";"Bungursari";"56606";"1825";"102";"2025-03-21 02:44:47";"System";"2025-03-21 02:44:47";"System"
"321414";"Cibatu";"Cibatu";"56606";"1825";"102";"2025-03-21 02:44:47";"System";"2025-03-21 02:44:47";"System"
"321415";"Sukasari";"Sukasari";"56606";"1825";"102";"2025-03-21 02:44:47";"System";"2025-03-21 02:44:47";"System"
"321416";"Pondoksalam";"Pondoksalam";"56606";"1825";"102";"2025-03-21 02:44:47";"System";"2025-03-21 02:44:47";"System"
"321417";"Kiarapedes";"Kiarapedes";"56606";"1825";"102";"2025-03-21 02:44:47";"System";"2025-03-21 02:44:47";"System"
"321501";"Karawang Barat";"Karawang Barat";"56440";"1825";"102";"2025-03-21 02:44:47";"System";"2025-03-21 02:44:47";"System"
"321502";"Pangkalan";"Pangkalan";"56440";"1825";"102";"2025-03-21 02:44:47";"System";"2025-03-21 02:44:47";"System"
"321503";"Telukjambe Timur";"Telukjambe Timur";"56440";"1825";"102";"2025-03-21 02:44:47";"System";"2025-03-21 02:44:47";"System"
"321504";"Ciampel";"Ciampel";"56440";"1825";"102";"2025-03-21 02:44:47";"System";"2025-03-21 02:44:47";"System"
"321505";"Klari";"Klari";"56440";"1825";"102";"2025-03-21 02:44:47";"System";"2025-03-21 02:44:47";"System"
"321506";"Rengasdengklok";"Rengasdengklok";"56440";"1825";"102";"2025-03-21 02:44:47";"System";"2025-03-21 02:44:47";"System"
"321507";"Kutawaluya";"Kutawaluya";"56440";"1825";"102";"2025-03-21 02:44:47";"System";"2025-03-21 02:44:47";"System"
"321508";"Batujaya";"Batujaya";"56440";"1825";"102";"2025-03-21 02:44:47";"System";"2025-03-21 02:44:47";"System"
"321509";"Tirtajaya";"Tirtajaya";"56440";"1825";"102";"2025-03-21 02:44:47";"System";"2025-03-21 02:44:47";"System"
"321510";"Pedes";"Pedes";"56440";"1825";"102";"2025-03-21 02:44:47";"System";"2025-03-21 02:44:47";"System"
"321511";"Cibuaya";"Cibuaya";"56440";"1825";"102";"2025-03-21 02:44:47";"System";"2025-03-21 02:44:47";"System"
"321512";"Pakisjaya";"Pakisjaya";"56440";"1825";"102";"2025-03-21 02:44:47";"System";"2025-03-21 02:44:47";"System"
"321513";"Cikampek";"Cikampek";"56440";"1825";"102";"2025-03-21 02:44:47";"System";"2025-03-21 02:44:47";"System"
"321514";"Jatisari";"Jatisari";"56440";"1825";"102";"2025-03-21 02:44:47";"System";"2025-03-21 02:44:47";"System"
"321515";"Cilamaya Wetan";"Cilamaya Wetan";"56440";"1825";"102";"2025-03-21 02:44:47";"System";"2025-03-21 02:44:47";"System"
"321516";"Tirtamulya";"Tirtamulya";"56440";"1825";"102";"2025-03-21 02:44:47";"System";"2025-03-21 02:44:47";"System"
"321517";"Telagasari";"Telagasari";"56440";"1825";"102";"2025-03-21 02:44:47";"System";"2025-03-21 02:44:47";"System"
"321518";"Rawamerta";"Rawamerta";"56440";"1825";"102";"2025-03-21 02:44:47";"System";"2025-03-21 02:44:47";"System"
"321519";"Lemahabang";"Lemahabang";"56440";"1825";"102";"2025-03-21 02:44:47";"System";"2025-03-21 02:44:47";"System"
"321520";"Tempuran";"Tempuran";"56440";"1825";"102";"2025-03-21 02:44:47";"System";"2025-03-21 02:44:47";"System"
"321521";"Majalaya";"Majalaya";"56440";"1825";"102";"2025-03-21 02:44:47";"System";"2025-03-21 02:44:47";"System"
"321522";"Jayakerta";"Jayakerta";"56440";"1825";"102";"2025-03-21 02:44:47";"System";"2025-03-21 02:44:47";"System"
"321523";"Cilamaya Kulon";"Cilamaya Kulon";"56440";"1825";"102";"2025-03-21 02:44:47";"System";"2025-03-21 02:44:47";"System"
"321524";"Banyusari";"Banyusari";"56440";"1825";"102";"2025-03-21 02:44:47";"System";"2025-03-21 02:44:47";"System"
"321525";"Kota Baru";"Kota Baru";"56440";"1825";"102";"2025-03-21 02:44:47";"System";"2025-03-21 02:44:47";"System"
"321526";"Karawang Timur";"Karawang Timur";"56440";"1825";"102";"2025-03-21 02:44:47";"System";"2025-03-21 02:44:47";"System"
"321527";"Telukjambe Barat";"Telukjambe Barat";"56440";"1825";"102";"2025-03-21 02:44:47";"System";"2025-03-21 02:44:47";"System"
"321528";"Tegalwaru";"Tegalwaru";"56440";"1825";"102";"2025-03-21 02:44:47";"System";"2025-03-21 02:44:47";"System"
"321529";"Purwasari";"Purwasari";"56440";"1825";"102";"2025-03-21 02:44:47";"System";"2025-03-21 02:44:47";"System"
"321530";"Cilebar";"Cilebar";"56440";"1825";"102";"2025-03-21 02:44:47";"System";"2025-03-21 02:44:47";"System"
"321601";"Tarumajaya";"Tarumajaya";"56349";"1825";"102";"2025-03-21 02:44:47";"System";"2025-03-21 02:44:47";"System"
"321602";"Babelan";"Babelan";"56349";"1825";"102";"2025-03-21 02:44:47";"System";"2025-03-21 02:44:47";"System"
"321603";"Sukawangi";"Sukawangi";"56349";"1825";"102";"2025-03-21 02:44:47";"System";"2025-03-21 02:44:47";"System"
"321604";"Tambelang";"Tambelang";"56349";"1825";"102";"2025-03-21 02:44:47";"System";"2025-03-21 02:44:47";"System"
"321605";"Tambun Utara";"Tambun Utara";"56349";"1825";"102";"2025-03-21 02:44:47";"System";"2025-03-21 02:44:47";"System"
"321606";"Tambun Selatan";"Tambun Selatan";"56349";"1825";"102";"2025-03-21 02:44:47";"System";"2025-03-21 02:44:47";"System"
"321607";"Cibitung";"Cibitung";"56349";"1825";"102";"2025-03-21 02:44:47";"System";"2025-03-21 02:44:47";"System"
"321608";"Cikarang Barat";"Cikarang Barat";"56349";"1825";"102";"2025-03-21 02:44:47";"System";"2025-03-21 02:44:47";"System"
"321609";"Cikarang Utara";"Cikarang Utara";"56349";"1825";"102";"2025-03-21 02:44:47";"System";"2025-03-21 02:44:47";"System"
"321610";"Karang Bahagia";"Karang Bahagia";"56349";"1825";"102";"2025-03-21 02:44:47";"System";"2025-03-21 02:44:47";"System"
"321611";"Cikarang Timur";"Cikarang Timur";"56349";"1825";"102";"2025-03-21 02:44:47";"System";"2025-03-21 02:44:47";"System"
"321612";"Kedung Waringin";"Kedung Waringin";"56349";"1825";"102";"2025-03-21 02:44:47";"System";"2025-03-21 02:44:47";"System"
"321613";"Pebayuran";"Pebayuran";"56349";"1825";"102";"2025-03-21 02:44:47";"System";"2025-03-21 02:44:47";"System"
"321614";"Sukakarya";"Sukakarya";"56349";"1825";"102";"2025-03-21 02:44:47";"System";"2025-03-21 02:44:47";"System"
"321615";"Sukatani";"Sukatani";"56349";"1825";"102";"2025-03-21 02:44:47";"System";"2025-03-21 02:44:47";"System"
"321616";"Cabangbungin";"Cabangbungin";"56349";"1825";"102";"2025-03-21 02:44:47";"System";"2025-03-21 02:44:47";"System"
"321617";"Muaragembong";"Muaragembong";"56349";"1825";"102";"2025-03-21 02:44:47";"System";"2025-03-21 02:44:47";"System"
"321618";"Setu";"Setu";"56349";"1825";"102";"2025-03-21 02:44:47";"System";"2025-03-21 02:44:47";"System"
"321619";"Cikarang Selatan";"Cikarang Selatan";"56349";"1825";"102";"2025-03-21 02:44:47";"System";"2025-03-21 02:44:47";"System"
"321620";"Cikarang Pusat";"Cikarang Pusat";"56349";"1825";"102";"2025-03-21 02:44:47";"System";"2025-03-21 02:44:47";"System"
"321621";"Serang Baru";"Serang Baru";"56349";"1825";"102";"2025-03-21 02:44:47";"System";"2025-03-21 02:44:47";"System"
"321622";"Cibarusah";"Cibarusah";"56349";"1825";"102";"2025-03-21 02:44:47";"System";"2025-03-21 02:44:47";"System"
"321623";"Bojongmangu";"Bojongmangu";"56349";"1825";"102";"2025-03-21 02:44:47";"System";"2025-03-21 02:44:47";"System"
"321701";"Lembang";"Lembang";"56325";"1825";"102";"2025-03-21 02:44:47";"System";"2025-03-21 02:44:47";"System"
"321702";"Parongpong";"Parongpong";"56325";"1825";"102";"2025-03-21 02:44:47";"System";"2025-03-21 02:44:47";"System"
"321703";"Cisarua";"Cisarua";"56325";"1825";"102";"2025-03-21 02:44:47";"System";"2025-03-21 02:44:47";"System"
"321704";"Cikalongwetan";"Cikalongwetan";"56325";"1825";"102";"2025-03-21 02:44:47";"System";"2025-03-21 02:44:47";"System"
"321705";"Cipeundeuy";"Cipeundeuy";"56325";"1825";"102";"2025-03-21 02:44:47";"System";"2025-03-21 02:44:47";"System"
"321706";"Ngamprah";"Ngamprah";"56325";"1825";"102";"2025-03-21 02:44:47";"System";"2025-03-21 02:44:47";"System"
"321707";"Cipatat";"Cipatat";"56325";"1825";"102";"2025-03-21 02:44:47";"System";"2025-03-21 02:44:47";"System"
"321708";"Padalarang";"Padalarang";"56325";"1825";"102";"2025-03-21 02:44:47";"System";"2025-03-21 02:44:47";"System"
"321709";"Batujajar";"Batujajar";"56325";"1825";"102";"2025-03-21 02:44:47";"System";"2025-03-21 02:44:47";"System"
"321710";"Cihampelas";"Cihampelas";"56325";"1825";"102";"2025-03-21 02:44:47";"System";"2025-03-21 02:44:47";"System"
"321711";"Cililin";"Cililin";"56325";"1825";"102";"2025-03-21 02:44:47";"System";"2025-03-21 02:44:47";"System"
"321712";"Cipongkor";"Cipongkor";"56325";"1825";"102";"2025-03-21 02:44:47";"System";"2025-03-21 02:44:47";"System"
"321713";"Rongga";"Rongga";"56325";"1825";"102";"2025-03-21 02:44:47";"System";"2025-03-21 02:44:47";"System"
"321714";"Sindangkerta";"Sindangkerta";"56325";"1825";"102";"2025-03-21 02:44:47";"System";"2025-03-21 02:44:47";"System"
"321715";"Gununghalu";"Gununghalu";"56325";"1825";"102";"2025-03-21 02:44:47";"System";"2025-03-21 02:44:47";"System"
"321716";"Saguling";"Saguling";"56325";"1825";"102";"2025-03-21 02:44:47";"System";"2025-03-21 02:44:47";"System"
"321801";"Parigi";"Parigi";"56575";"1825";"102";"2025-03-21 02:44:47";"System";"2025-03-21 02:44:47";"System"
"321802";"Cijulang";"Cijulang";"56575";"1825";"102";"2025-03-21 02:44:47";"System";"2025-03-21 02:44:47";"System"
"321803";"Cimerak";"Cimerak";"56575";"1825";"102";"2025-03-21 02:44:47";"System";"2025-03-21 02:44:47";"System"
"321804";"Cigugur";"Cigugur";"56575";"1825";"102";"2025-03-21 02:44:47";"System";"2025-03-21 02:44:47";"System"
"321805";"Langkaplancar";"Langkaplancar";"56575";"1825";"102";"2025-03-21 02:44:47";"System";"2025-03-21 02:44:47";"System"
"321806";"Mangunjaya";"Mangunjaya";"56575";"1825";"102";"2025-03-21 02:44:47";"System";"2025-03-21 02:44:47";"System"
"321807";"Padaherang";"Padaherang";"56575";"1825";"102";"2025-03-21 02:44:47";"System";"2025-03-21 02:44:47";"System"
"321808";"Kalipucang";"Kalipucang";"56575";"1825";"102";"2025-03-21 02:44:47";"System";"2025-03-21 02:44:47";"System"
"321809";"Pangandaran";"Pangandaran";"56575";"1825";"102";"2025-03-21 02:44:47";"System";"2025-03-21 02:44:47";"System"
"321810";"Sidamulih";"Sidamulih";"56575";"1825";"102";"2025-03-21 02:44:47";"System";"2025-03-21 02:44:47";"System"
"327101";"Bogor Selatan";"Bogor Selatan";"56744";"1825";"102";"2025-03-21 02:44:47";"System";"2025-03-21 02:44:47";"System"
"327102";"Bogor Timur";"Bogor Timur";"56744";"1825";"102";"2025-03-21 02:44:47";"System";"2025-03-21 02:44:47";"System"
"327103";"Bogor Tengah";"Bogor Tengah";"56744";"1825";"102";"2025-03-21 02:44:47";"System";"2025-03-21 02:44:47";"System"
"327104";"Bogor Barat";"Bogor Barat";"56744";"1825";"102";"2025-03-21 02:44:47";"System";"2025-03-21 02:44:47";"System"
"327105";"Bogor Utara";"Bogor Utara";"56744";"1825";"102";"2025-03-21 02:44:47";"System";"2025-03-21 02:44:47";"System"
"327106";"Tanah Sareal";"Tanah Sareal";"56744";"1825";"102";"2025-03-21 02:44:47";"System";"2025-03-21 02:44:47";"System"
"327201";"Gunung Puyuh";"Gunung Puyuh";"56801";"1825";"102";"2025-03-21 02:44:47";"System";"2025-03-21 02:44:47";"System"
"327202";"Cikole";"Cikole";"56801";"1825";"102";"2025-03-21 02:44:47";"System";"2025-03-21 02:44:47";"System"
"327203";"Citamiang";"Citamiang";"56801";"1825";"102";"2025-03-21 02:44:47";"System";"2025-03-21 02:44:47";"System"
"327204";"Warudoyong";"Warudoyong";"56801";"1825";"102";"2025-03-21 02:44:47";"System";"2025-03-21 02:44:47";"System"
"327205";"Baros";"Baros";"56801";"1825";"102";"2025-03-21 02:44:47";"System";"2025-03-21 02:44:47";"System"
"327206";"Lembursitu";"Lembursitu";"56801";"1825";"102";"2025-03-21 02:44:47";"System";"2025-03-21 02:44:47";"System"
"327207";"Cibeureum";"Cibeureum";"56801";"1825";"102";"2025-03-21 02:44:47";"System";"2025-03-21 02:44:47";"System"
"327301";"Sukasari";"Sukasari";"56731";"1825";"102";"2025-03-21 02:44:47";"System";"2025-03-21 02:44:47";"System"
"327302";"Coblong";"Coblong";"56731";"1825";"102";"2025-03-21 02:44:47";"System";"2025-03-21 02:44:47";"System"
"327303";"Babakan Ciparay";"Babakan Ciparay";"56731";"1825";"102";"2025-03-21 02:44:47";"System";"2025-03-21 02:44:47";"System"
"327304";"Bojongloa Kaler";"Bojongloa Kaler";"56731";"1825";"102";"2025-03-21 02:44:47";"System";"2025-03-21 02:44:47";"System"
"327305";"Andir";"Andir";"56731";"1825";"102";"2025-03-21 02:44:47";"System";"2025-03-21 02:44:47";"System"
"327306";"Cicendo";"Cicendo";"56731";"1825";"102";"2025-03-21 02:44:47";"System";"2025-03-21 02:44:47";"System"
"327307";"Sukajadi";"Sukajadi";"56731";"1825";"102";"2025-03-21 02:44:47";"System";"2025-03-21 02:44:47";"System"
"327308";"Cidadap";"Cidadap";"56731";"1825";"102";"2025-03-21 02:44:47";"System";"2025-03-21 02:44:47";"System"
"327309";"Bandung Wetan";"Bandung Wetan";"56731";"1825";"102";"2025-03-21 02:44:47";"System";"2025-03-21 02:44:47";"System"
"327310";"Astana Anyar";"Astana Anyar";"56731";"1825";"102";"2025-03-21 02:44:47";"System";"2025-03-21 02:44:47";"System"
"327311";"Regol";"Regol";"56731";"1825";"102";"2025-03-21 02:44:47";"System";"2025-03-21 02:44:47";"System"
"327312";"Batununggal";"Batununggal";"56731";"1825";"102";"2025-03-21 02:44:47";"System";"2025-03-21 02:44:47";"System"
"327313";"Lengkong";"Lengkong";"56731";"1825";"102";"2025-03-21 02:44:47";"System";"2025-03-21 02:44:47";"System"
"327314";"Cibeunying Kidul";"Cibeunying Kidul";"56731";"1825";"102";"2025-03-21 02:44:47";"System";"2025-03-21 02:44:47";"System"
"327315";"Bandung Kulon";"Bandung Kulon";"56731";"1825";"102";"2025-03-21 02:44:47";"System";"2025-03-21 02:44:47";"System"
"327316";"Kiaracondong";"Kiaracondong";"56731";"1825";"102";"2025-03-21 02:44:47";"System";"2025-03-21 02:44:47";"System"
"327317";"Bojongloa Kidul";"Bojongloa Kidul";"56731";"1825";"102";"2025-03-21 02:44:47";"System";"2025-03-21 02:44:47";"System"
"327318";"Cibeunying Kaler";"Cibeunying Kaler";"56731";"1825";"102";"2025-03-21 02:44:47";"System";"2025-03-21 02:44:47";"System"
"327319";"Sumur Bandung";"Sumur Bandung";"56731";"1825";"102";"2025-03-21 02:44:47";"System";"2025-03-21 02:44:47";"System"
"327320";"Antapani";"Antapani";"56731";"1825";"102";"2025-03-21 02:44:47";"System";"2025-03-21 02:44:47";"System"
"327321";"Bandung Kidul";"Bandung Kidul";"56731";"1825";"102";"2025-03-21 02:44:47";"System";"2025-03-21 02:44:47";"System"
"327322";"Buahbatu";"Buahbatu";"56731";"1825";"102";"2025-03-21 02:44:47";"System";"2025-03-21 02:44:47";"System"
"327323";"Rancasari";"Rancasari";"56731";"1825";"102";"2025-03-21 02:44:47";"System";"2025-03-21 02:44:47";"System"
"327324";"Arcamanik";"Arcamanik";"56731";"1825";"102";"2025-03-21 02:44:47";"System";"2025-03-21 02:44:47";"System"
"327325";"Cibiru";"Cibiru";"56731";"1825";"102";"2025-03-21 02:44:47";"System";"2025-03-21 02:44:47";"System"
"327326";"Ujung Berung";"Ujung Berung";"56731";"1825";"102";"2025-03-21 02:44:47";"System";"2025-03-21 02:44:47";"System"
"327327";"Gedebage";"Gedebage";"56731";"1825";"102";"2025-03-21 02:44:47";"System";"2025-03-21 02:44:47";"System"
"327328";"Panyileukan";"Panyileukan";"56731";"1825";"102";"2025-03-21 02:44:47";"System";"2025-03-21 02:44:47";"System"
"327329";"Cinambo";"Cinambo";"56731";"1825";"102";"2025-03-21 02:44:47";"System";"2025-03-21 02:44:47";"System"
"327330";"Mandalajati";"Mandalajati";"56731";"1825";"102";"2025-03-21 02:44:47";"System";"2025-03-21 02:44:47";"System"
"327401";"Kejaksan";"Kejaksan";"56749";"1825";"102";"2025-03-21 02:44:47";"System";"2025-03-21 02:44:47";"System"
"327402";"Lemah Wungkuk";"Lemah Wungkuk";"56749";"1825";"102";"2025-03-21 02:44:47";"System";"2025-03-21 02:44:47";"System"
"327403";"Harjamukti";"Harjamukti";"56749";"1825";"102";"2025-03-21 02:44:47";"System";"2025-03-21 02:44:47";"System"
"327404";"Pekalipan";"Pekalipan";"56749";"1825";"102";"2025-03-21 02:44:47";"System";"2025-03-21 02:44:47";"System"
"327405";"Kesambi";"Kesambi";"56749";"1825";"102";"2025-03-21 02:44:47";"System";"2025-03-21 02:44:47";"System"
"327501";"Bekasi Timur";"Bekasi Timur";"56738";"1825";"102";"2025-03-21 02:44:47";"System";"2025-03-21 02:44:47";"System"
"327502";"Bekasi Barat";"Bekasi Barat";"56738";"1825";"102";"2025-03-21 02:44:47";"System";"2025-03-21 02:44:47";"System"
"327503";"Bekasi Utara";"Bekasi Utara";"56738";"1825";"102";"2025-03-21 02:44:47";"System";"2025-03-21 02:44:47";"System"
"327504";"Bekasi Selatan";"Bekasi Selatan";"56738";"1825";"102";"2025-03-21 02:44:47";"System";"2025-03-21 02:44:47";"System"
"327505";"Rawa Lumbu";"Rawa Lumbu";"56738";"1825";"102";"2025-03-21 02:44:47";"System";"2025-03-21 02:44:47";"System"
"327506";"Medan Satria";"Medan Satria";"56738";"1825";"102";"2025-03-21 02:44:47";"System";"2025-03-21 02:44:47";"System"
"327507";"Bantar Gebang";"Bantar Gebang";"56738";"1825";"102";"2025-03-21 02:44:47";"System";"2025-03-21 02:44:47";"System"
"327508";"Pondok Gede";"Pondok Gede";"56738";"1825";"102";"2025-03-21 02:44:47";"System";"2025-03-21 02:44:47";"System"
"327509";"Jatiasih";"Jatiasih";"56738";"1825";"102";"2025-03-21 02:44:47";"System";"2025-03-21 02:44:47";"System"
"327510";"Jati Sempurna";"Jati Sempurna";"56738";"1825";"102";"2025-03-21 02:44:47";"System";"2025-03-21 02:44:47";"System"
"327511";"Mustika Jaya";"Mustika Jaya";"56738";"1825";"102";"2025-03-21 02:44:47";"System";"2025-03-21 02:44:47";"System"
"327512";"Pondok Melati";"Pondok Melati";"56738";"1825";"102";"2025-03-21 02:44:47";"System";"2025-03-21 02:44:47";"System"
"327601";"Pancoran Mas";"Pancoran Mas";"56751";"1825";"102";"2025-03-21 02:44:47";"System";"2025-03-21 02:44:47";"System"
"327602";"Cimanggis";"Cimanggis";"56751";"1825";"102";"2025-03-21 02:44:47";"System";"2025-03-21 02:44:47";"System"
"327603";"Sawangan";"Sawangan";"56751";"1825";"102";"2025-03-21 02:44:47";"System";"2025-03-21 02:44:47";"System"
"327604";"Limo";"Limo";"56751";"1825";"102";"2025-03-21 02:44:47";"System";"2025-03-21 02:44:47";"System"
"327605";"Sukmajaya";"Sukmajaya";"56751";"1825";"102";"2025-03-21 02:44:47";"System";"2025-03-21 02:44:47";"System"
"327606";"Beji";"Beji";"56751";"1825";"102";"2025-03-21 02:44:47";"System";"2025-03-21 02:44:47";"System"
"327607";"Cipayung";"Cipayung";"56751";"1825";"102";"2025-03-21 02:44:47";"System";"2025-03-21 02:44:47";"System"
"327608";"Cilodong";"Cilodong";"56751";"1825";"102";"2025-03-21 02:44:47";"System";"2025-03-21 02:44:47";"System"
"327609";"Cinere";"Cinere";"56751";"1825";"102";"2025-03-21 02:44:47";"System";"2025-03-21 02:44:47";"System"
"327610";"Tapos";"Tapos";"56751";"1825";"102";"2025-03-21 02:44:47";"System";"2025-03-21 02:44:47";"System"
"327611";"Bojongsari";"Bojongsari";"56751";"1825";"102";"2025-03-21 02:44:47";"System";"2025-03-21 02:44:47";"System"
"327701";"Cimahi Selatan";"Cimahi Selatan";"56748";"1825";"102";"2025-03-21 02:44:47";"System";"2025-03-21 02:44:47";"System"
"327702";"Cimahi Tengah";"Cimahi Tengah";"56748";"1825";"102";"2025-03-21 02:44:47";"System";"2025-03-21 02:44:47";"System"
"327703";"Cimahi Utara";"Cimahi Utara";"56748";"1825";"102";"2025-03-21 02:44:47";"System";"2025-03-21 02:44:47";"System"
"327801";"Cihideung";"Cihideung";"56809";"1825";"102";"2025-03-21 02:44:47";"System";"2025-03-21 02:44:47";"System"
"327802";"Cipedes";"Cipedes";"56809";"1825";"102";"2025-03-21 02:44:47";"System";"2025-03-21 02:44:47";"System"
"327803";"Tawang";"Tawang";"56809";"1825";"102";"2025-03-21 02:44:47";"System";"2025-03-21 02:44:47";"System"
"327804";"Indihiang";"Indihiang";"56809";"1825";"102";"2025-03-21 02:44:47";"System";"2025-03-21 02:44:47";"System"
"327805";"Kawalu";"Kawalu";"56809";"1825";"102";"2025-03-21 02:44:47";"System";"2025-03-21 02:44:47";"System"
"327806";"Cibeureum";"Cibeureum";"56809";"1825";"102";"2025-03-21 02:44:47";"System";"2025-03-21 02:44:47";"System"
"327807";"Tamansari";"Tamansari";"56809";"1825";"102";"2025-03-21 02:44:47";"System";"2025-03-21 02:44:47";"System"
"327808";"Mangkubumi";"Mangkubumi";"56809";"1825";"102";"2025-03-21 02:44:47";"System";"2025-03-21 02:44:47";"System"
"327809";"Bungursari";"Bungursari";"56809";"1825";"102";"2025-03-21 02:44:47";"System";"2025-03-21 02:44:47";"System"
"327810";"Purbaratu";"Purbaratu";"56809";"1825";"102";"2025-03-21 02:44:47";"System";"2025-03-21 02:44:47";"System"
"327901";"Banjar";"Banjar";"56732";"1825";"102";"2025-03-21 02:44:47";"System";"2025-03-21 02:44:47";"System"
"327902";"Pataruman";"Pataruman";"56732";"1825";"102";"2025-03-21 02:44:47";"System";"2025-03-21 02:44:47";"System"
"327903";"Purwaharja";"Purwaharja";"56732";"1825";"102";"2025-03-21 02:44:47";"System";"2025-03-21 02:44:47";"System"
"327904";"Langensari";"Langensari";"56732";"1825";"102";"2025-03-21 02:44:47";"System";"2025-03-21 02:44:47";"System"
"330101";"Kedungreja";"Kedungreja";"56392";"1802";"102";"2025-03-21 02:44:47";"System";"2025-03-21 02:44:47";"System"
"330102";"Kesugihan";"Kesugihan";"56392";"1802";"102";"2025-03-21 02:44:47";"System";"2025-03-21 02:44:47";"System"
"330103";"Adipala";"Adipala";"56392";"1802";"102";"2025-03-21 02:44:47";"System";"2025-03-21 02:44:47";"System"
"330104";"Binangun";"Binangun";"56392";"1802";"102";"2025-03-21 02:44:47";"System";"2025-03-21 02:44:47";"System"
"330105";"Nusawungu";"Nusawungu";"56392";"1802";"102";"2025-03-21 02:44:47";"System";"2025-03-21 02:44:47";"System"
"330106";"Kroya";"Kroya";"56392";"1802";"102";"2025-03-21 02:44:47";"System";"2025-03-21 02:44:47";"System"
"330107";"Maos";"Maos";"56392";"1802";"102";"2025-03-21 02:44:47";"System";"2025-03-21 02:44:47";"System"
"330108";"Jeruklegi";"Jeruklegi";"56392";"1802";"102";"2025-03-21 02:44:47";"System";"2025-03-21 02:44:47";"System"
"330109";"Kawunganten";"Kawunganten";"56392";"1802";"102";"2025-03-21 02:44:47";"System";"2025-03-21 02:44:47";"System"
"330110";"Gandrungmangu";"Gandrungmangu";"56392";"1802";"102";"2025-03-21 02:44:47";"System";"2025-03-21 02:44:47";"System"
"330111";"Sidareja";"Sidareja";"56392";"1802";"102";"2025-03-21 02:44:47";"System";"2025-03-21 02:44:47";"System"
"330112";"Karangpucung";"Karangpucung";"56392";"1802";"102";"2025-03-21 02:44:47";"System";"2025-03-21 02:44:47";"System"
"330113";"Cimanggu";"Cimanggu";"56392";"1802";"102";"2025-03-21 02:44:47";"System";"2025-03-21 02:44:47";"System"
"330114";"Majenang";"Majenang";"56392";"1802";"102";"2025-03-21 02:44:47";"System";"2025-03-21 02:44:47";"System"
"330115";"Wanareja";"Wanareja";"56392";"1802";"102";"2025-03-21 02:44:47";"System";"2025-03-21 02:44:47";"System"
"330116";"Dayeuhluhur";"Dayeuhluhur";"56392";"1802";"102";"2025-03-21 02:44:47";"System";"2025-03-21 02:44:47";"System"
"330117";"Sampang";"Sampang";"56392";"1802";"102";"2025-03-21 02:44:47";"System";"2025-03-21 02:44:47";"System"
"330118";"Cipari";"Cipari";"56392";"1802";"102";"2025-03-21 02:44:47";"System";"2025-03-21 02:44:47";"System"
"330119";"Patimuan";"Patimuan";"56392";"1802";"102";"2025-03-21 02:44:47";"System";"2025-03-21 02:44:47";"System"
"330120";"Bantarsari";"Bantarsari";"56392";"1802";"102";"2025-03-21 02:44:47";"System";"2025-03-21 02:44:47";"System"
"330121";"Cilacap Selatan";"Cilacap Selatan";"56392";"1802";"102";"2025-03-21 02:44:47";"System";"2025-03-21 02:44:47";"System"
"330122";"Cilacap Tengah";"Cilacap Tengah";"56392";"1802";"102";"2025-03-21 02:44:47";"System";"2025-03-21 02:44:47";"System"
"330123";"Cilacap Utara";"Cilacap Utara";"56392";"1802";"102";"2025-03-21 02:44:47";"System";"2025-03-21 02:44:47";"System"
"330124";"Kampung Laut";"Kampung Laut";"56392";"1802";"102";"2025-03-21 02:44:47";"System";"2025-03-21 02:44:47";"System"
"330201";"Lumbir";"Lumbir";"56339";"1802";"102";"2025-03-21 02:44:47";"System";"2025-03-21 02:44:47";"System"
"330202";"Wangon";"Wangon";"56339";"1802";"102";"2025-03-21 02:44:47";"System";"2025-03-21 02:44:47";"System"
"330203";"Jatilawang";"Jatilawang";"56339";"1802";"102";"2025-03-21 02:44:47";"System";"2025-03-21 02:44:47";"System"
"330204";"Rawalo";"Rawalo";"56339";"1802";"102";"2025-03-21 02:44:47";"System";"2025-03-21 02:44:47";"System"
"330205";"Kebasen";"Kebasen";"56339";"1802";"102";"2025-03-21 02:44:47";"System";"2025-03-21 02:44:47";"System"
"330206";"Kemranjen";"Kemranjen";"56339";"1802";"102";"2025-03-21 02:44:47";"System";"2025-03-21 02:44:47";"System"
"330207";"Sumpiuh";"Sumpiuh";"56339";"1802";"102";"2025-03-21 02:44:47";"System";"2025-03-21 02:44:47";"System"
"330208";"Tambak";"Tambak";"56339";"1802";"102";"2025-03-21 02:44:47";"System";"2025-03-21 02:44:47";"System"
"330209";"Somagede";"Somagede";"56339";"1802";"102";"2025-03-21 02:44:47";"System";"2025-03-21 02:44:47";"System"
"330210";"Kalibagor";"Kalibagor";"56339";"1802";"102";"2025-03-21 02:44:47";"System";"2025-03-21 02:44:47";"System"
"330211";"Banyumas";"Banyumas";"56339";"1802";"102";"2025-03-21 02:44:47";"System";"2025-03-21 02:44:47";"System"
"330212";"Patikraja";"Patikraja";"56339";"1802";"102";"2025-03-21 02:44:47";"System";"2025-03-21 02:44:47";"System"
"330213";"Purwojati";"Purwojati";"56339";"1802";"102";"2025-03-21 02:44:47";"System";"2025-03-21 02:44:47";"System"
"330214";"Ajibarang";"Ajibarang";"56339";"1802";"102";"2025-03-21 02:44:47";"System";"2025-03-21 02:44:47";"System"
"330215";"Gumelar";"Gumelar";"56339";"1802";"102";"2025-03-21 02:44:47";"System";"2025-03-21 02:44:47";"System"
"330216";"Pekuncen";"Pekuncen";"56339";"1802";"102";"2025-03-21 02:44:47";"System";"2025-03-21 02:44:47";"System"
"330217";"Cilongok";"Cilongok";"56339";"1802";"102";"2025-03-21 02:44:47";"System";"2025-03-21 02:44:47";"System"
"330218";"Karanglewas";"Karanglewas";"56339";"1802";"102";"2025-03-21 02:44:47";"System";"2025-03-21 02:44:47";"System"
"330219";"Sokaraja";"Sokaraja";"56339";"1802";"102";"2025-03-21 02:44:47";"System";"2025-03-21 02:44:47";"System"
"330220";"Kembaran";"Kembaran";"56339";"1802";"102";"2025-03-21 02:44:47";"System";"2025-03-21 02:44:47";"System"
"330221";"Sumbang";"Sumbang";"56339";"1802";"102";"2025-03-21 02:44:47";"System";"2025-03-21 02:44:47";"System"
"330222";"Baturraden";"Baturraden";"56339";"1802";"102";"2025-03-21 02:44:47";"System";"2025-03-21 02:44:47";"System"
"330223";"Kedungbanteng";"Kedungbanteng";"56339";"1802";"102";"2025-03-21 02:44:47";"System";"2025-03-21 02:44:47";"System"
"330224";"Purwokerto Selatan";"Purwokerto Selatan";"56339";"1802";"102";"2025-03-21 02:44:47";"System";"2025-03-21 02:44:47";"System"
"330225";"Purwokerto Barat";"Purwokerto Barat";"56339";"1802";"102";"2025-03-21 02:44:47";"System";"2025-03-21 02:44:47";"System"
"330226";"Purwokerto Timur";"Purwokerto Timur";"56339";"1802";"102";"2025-03-21 02:44:47";"System";"2025-03-21 02:44:47";"System"
"330227";"Purwokerto Utara";"Purwokerto Utara";"56339";"1802";"102";"2025-03-21 02:44:47";"System";"2025-03-21 02:44:47";"System"
"330301";"Kemangkon";"Kemangkon";"56605";"1802";"102";"2025-03-21 02:44:47";"System";"2025-03-21 02:44:47";"System"
"330302";"Bukateja";"Bukateja";"56605";"1802";"102";"2025-03-21 02:44:47";"System";"2025-03-21 02:44:47";"System"
"330303";"Kejobong";"Kejobong";"56605";"1802";"102";"2025-03-21 02:44:47";"System";"2025-03-21 02:44:47";"System"
"330304";"Kaligondang";"Kaligondang";"56605";"1802";"102";"2025-03-21 02:44:47";"System";"2025-03-21 02:44:47";"System"
"330305";"Purbalingga";"Purbalingga";"56605";"1802";"102";"2025-03-21 02:44:47";"System";"2025-03-21 02:44:47";"System"
"330306";"Kalimanah";"Kalimanah";"56605";"1802";"102";"2025-03-21 02:44:47";"System";"2025-03-21 02:44:47";"System"
"330307";"Kutasari";"Kutasari";"56605";"1802";"102";"2025-03-21 02:44:47";"System";"2025-03-21 02:44:47";"System"
"330308";"Mrebet";"Mrebet";"56605";"1802";"102";"2025-03-21 02:44:47";"System";"2025-03-21 02:44:47";"System"
"330309";"Bobotsari";"Bobotsari";"56605";"1802";"102";"2025-03-21 02:44:47";"System";"2025-03-21 02:44:47";"System"
"330310";"Karangreja";"Karangreja";"56605";"1802";"102";"2025-03-21 02:44:47";"System";"2025-03-21 02:44:47";"System"
"330311";"Karanganyar";"Karanganyar";"56605";"1802";"102";"2025-03-21 02:44:47";"System";"2025-03-21 02:44:47";"System"
"330312";"Karangmoncol";"Karangmoncol";"56605";"1802";"102";"2025-03-21 02:44:47";"System";"2025-03-21 02:44:47";"System"
"330313";"Rembang";"Rembang";"56605";"1802";"102";"2025-03-21 02:44:47";"System";"2025-03-21 02:44:47";"System"
"330314";"Bojongsari";"Bojongsari";"56605";"1802";"102";"2025-03-21 02:44:47";"System";"2025-03-21 02:44:47";"System"
"330315";"Padamara";"Padamara";"56605";"1802";"102";"2025-03-21 02:44:47";"System";"2025-03-21 02:44:47";"System"
"330316";"Pengadegan";"Pengadegan";"56605";"1802";"102";"2025-03-21 02:44:47";"System";"2025-03-21 02:44:47";"System"
"330317";"Karangjambu";"Karangjambu";"56605";"1802";"102";"2025-03-21 02:44:47";"System";"2025-03-21 02:44:47";"System"
"330318";"Kertanegara";"Kertanegara";"56605";"1802";"102";"2025-03-21 02:44:47";"System";"2025-03-21 02:44:47";"System"
"330401";"Susukan";"Susukan";"56336";"1802";"102";"2025-03-21 02:44:47";"System";"2025-03-21 02:44:47";"System"
"330402";"Purworeja Klampok";"Purworeja Klampok";"56336";"1802";"102";"2025-03-21 02:44:47";"System";"2025-03-21 02:44:47";"System"
"330403";"Mandiraja";"Mandiraja";"56336";"1802";"102";"2025-03-21 02:44:47";"System";"2025-03-21 02:44:47";"System"
"330404";"Purwanegara";"Purwanegara";"56336";"1802";"102";"2025-03-21 02:44:47";"System";"2025-03-21 02:44:47";"System"
"330405";"Bawang";"Bawang";"56336";"1802";"102";"2025-03-21 02:44:47";"System";"2025-03-21 02:44:47";"System"
"330406";"Banjarnegara";"Banjarnegara";"56336";"1802";"102";"2025-03-21 02:44:47";"System";"2025-03-21 02:44:47";"System"
"330407";"Sigaluh";"Sigaluh";"56336";"1802";"102";"2025-03-21 02:44:47";"System";"2025-03-21 02:44:47";"System"
"330408";"Madukara";"Madukara";"56336";"1802";"102";"2025-03-21 02:44:47";"System";"2025-03-21 02:44:47";"System"
"330409";"Banjarmangu";"Banjarmangu";"56336";"1802";"102";"2025-03-21 02:44:47";"System";"2025-03-21 02:44:47";"System"
"330410";"Wanadadi";"Wanadadi";"56336";"1802";"102";"2025-03-21 02:44:47";"System";"2025-03-21 02:44:47";"System"
"330411";"Rakit";"Rakit";"56336";"1802";"102";"2025-03-21 02:44:47";"System";"2025-03-21 02:44:47";"System"
"330412";"Punggelan";"Punggelan";"56336";"1802";"102";"2025-03-21 02:44:47";"System";"2025-03-21 02:44:47";"System"
"330413";"Karangkobar";"Karangkobar";"56336";"1802";"102";"2025-03-21 02:44:47";"System";"2025-03-21 02:44:47";"System"
"330414";"Pagentan";"Pagentan";"56336";"1802";"102";"2025-03-21 02:44:47";"System";"2025-03-21 02:44:47";"System"
"330415";"Pejawaran";"Pejawaran";"56336";"1802";"102";"2025-03-21 02:44:47";"System";"2025-03-21 02:44:47";"System"
"330416";"Batur";"Batur";"56336";"1802";"102";"2025-03-21 02:44:47";"System";"2025-03-21 02:44:47";"System"
"330417";"Wanayasa";"Wanayasa";"56336";"1802";"102";"2025-03-21 02:44:47";"System";"2025-03-21 02:44:47";"System"
"330418";"Kalibening";"Kalibening";"56336";"1802";"102";"2025-03-21 02:44:47";"System";"2025-03-21 02:44:47";"System"
"330419";"Pandanarum";"Pandanarum";"56336";"1802";"102";"2025-03-21 02:44:47";"System";"2025-03-21 02:44:47";"System"
"330420";"Pagedongan";"Pagedongan";"56336";"1802";"102";"2025-03-21 02:44:47";"System";"2025-03-21 02:44:47";"System"
"330501";"Ayah";"Ayah";"56445";"1802";"102";"2025-03-21 02:44:47";"System";"2025-03-21 02:44:47";"System"
"330502";"Buayan";"Buayan";"56445";"1802";"102";"2025-03-21 02:44:47";"System";"2025-03-21 02:44:47";"System"
"330503";"Puring";"Puring";"56445";"1802";"102";"2025-03-21 02:44:47";"System";"2025-03-21 02:44:47";"System"
"330504";"Petanahan";"Petanahan";"56445";"1802";"102";"2025-03-21 02:44:47";"System";"2025-03-21 02:44:47";"System"
"330505";"Klirong";"Klirong";"56445";"1802";"102";"2025-03-21 02:44:47";"System";"2025-03-21 02:44:47";"System"
"330506";"Buluspesantren";"Buluspesantren";"56445";"1802";"102";"2025-03-21 02:44:47";"System";"2025-03-21 02:44:47";"System"
"330507";"Ambal";"Ambal";"56445";"1802";"102";"2025-03-21 02:44:47";"System";"2025-03-21 02:44:47";"System"
"330508";"Mirit";"Mirit";"56445";"1802";"102";"2025-03-21 02:44:47";"System";"2025-03-21 02:44:47";"System"
"330509";"Prembun";"Prembun";"56445";"1802";"102";"2025-03-21 02:44:47";"System";"2025-03-21 02:44:47";"System"
"330510";"Kutowinangun";"Kutowinangun";"56445";"1802";"102";"2025-03-21 02:44:47";"System";"2025-03-21 02:44:47";"System"
"330511";"Alian";"Alian";"56445";"1802";"102";"2025-03-21 02:44:47";"System";"2025-03-21 02:44:47";"System"
"330512";"Kebumen";"Kebumen";"56445";"1802";"102";"2025-03-21 02:44:47";"System";"2025-03-21 02:44:47";"System"
"330513";"Pejagoan";"Pejagoan";"56445";"1802";"102";"2025-03-21 02:44:47";"System";"2025-03-21 02:44:47";"System"
"330514";"Sruweng";"Sruweng";"56445";"1802";"102";"2025-03-21 02:44:47";"System";"2025-03-21 02:44:47";"System"
"330515";"Adimulyo";"Adimulyo";"56445";"1802";"102";"2025-03-21 02:44:47";"System";"2025-03-21 02:44:47";"System"
"330516";"Kuwarasan";"Kuwarasan";"56445";"1802";"102";"2025-03-21 02:44:47";"System";"2025-03-21 02:44:47";"System"
"330517";"Rowokele";"Rowokele";"56445";"1802";"102";"2025-03-21 02:44:47";"System";"2025-03-21 02:44:47";"System"
"330518";"Sempor";"Sempor";"56445";"1802";"102";"2025-03-21 02:44:47";"System";"2025-03-21 02:44:47";"System"
"330519";"Gombong";"Gombong";"56445";"1802";"102";"2025-03-21 02:44:47";"System";"2025-03-21 02:44:47";"System"
"330520";"Karanganyar";"Karanganyar";"56445";"1802";"102";"2025-03-21 02:44:47";"System";"2025-03-21 02:44:47";"System"
"330521";"Karanggayam";"Karanggayam";"56445";"1802";"102";"2025-03-21 02:44:47";"System";"2025-03-21 02:44:47";"System"
"330522";"Sadang";"Sadang";"56445";"1802";"102";"2025-03-21 02:44:47";"System";"2025-03-21 02:44:47";"System"
"330523";"Bonorowo";"Bonorowo";"56445";"1802";"102";"2025-03-21 02:44:47";"System";"2025-03-21 02:44:47";"System"
"330524";"Padureso";"Padureso";"56445";"1802";"102";"2025-03-21 02:44:47";"System";"2025-03-21 02:44:47";"System"
"330525";"Poncowarno";"Poncowarno";"56445";"1802";"102";"2025-03-21 02:44:47";"System";"2025-03-21 02:44:47";"System"
"330526";"Karangsambung";"Karangsambung";"56445";"1802";"102";"2025-03-21 02:44:47";"System";"2025-03-21 02:44:47";"System"
"330601";"Grabag";"Grabag";"56607";"1802";"102";"2025-03-21 02:44:47";"System";"2025-03-21 02:44:47";"System"
"330602";"Ngombol";"Ngombol";"56607";"1802";"102";"2025-03-21 02:44:47";"System";"2025-03-21 02:44:47";"System"
"330603";"Purwodadi";"Purwodadi";"56607";"1802";"102";"2025-03-21 02:44:47";"System";"2025-03-21 02:44:47";"System"
"330604";"Bagelen";"Bagelen";"56607";"1802";"102";"2025-03-21 02:44:47";"System";"2025-03-21 02:44:47";"System"
"330605";"Kaligesing";"Kaligesing";"56607";"1802";"102";"2025-03-21 02:44:47";"System";"2025-03-21 02:44:47";"System"
"330606";"Purworejo";"Purworejo";"56607";"1802";"102";"2025-03-21 02:44:47";"System";"2025-03-21 02:44:47";"System"
"330607";"Banyuurip";"Banyuurip";"56607";"1802";"102";"2025-03-21 02:44:47";"System";"2025-03-21 02:44:47";"System"
"330608";"Bayan";"Bayan";"56607";"1802";"102";"2025-03-21 02:44:47";"System";"2025-03-21 02:44:47";"System"
"330609";"Kutoarjo";"Kutoarjo";"56607";"1802";"102";"2025-03-21 02:44:47";"System";"2025-03-21 02:44:47";"System"
"330610";"Butuh";"Butuh";"56607";"1802";"102";"2025-03-21 02:44:47";"System";"2025-03-21 02:44:47";"System"
"330611";"Pituruh";"Pituruh";"56607";"1802";"102";"2025-03-21 02:44:47";"System";"2025-03-21 02:44:47";"System"
"330612";"Kemiri";"Kemiri";"56607";"1802";"102";"2025-03-21 02:44:47";"System";"2025-03-21 02:44:47";"System"
"330613";"Bruno";"Bruno";"56607";"1802";"102";"2025-03-21 02:44:47";"System";"2025-03-21 02:44:47";"System"
"330614";"Gebang";"Gebang";"56607";"1802";"102";"2025-03-21 02:44:47";"System";"2025-03-21 02:44:47";"System"
"330615";"Loano";"Loano";"56607";"1802";"102";"2025-03-21 02:44:47";"System";"2025-03-21 02:44:47";"System"
"330616";"Bener";"Bener";"56607";"1802";"102";"2025-03-21 02:44:47";"System";"2025-03-21 02:44:47";"System"
"330701";"Wadaslintang";"Wadaslintang";"56693";"1802";"102";"2025-03-21 02:44:47";"System";"2025-03-21 02:44:47";"System"
"330702";"Kepil";"Kepil";"56693";"1802";"102";"2025-03-21 02:44:47";"System";"2025-03-21 02:44:47";"System"
"330703";"Sapuran";"Sapuran";"56693";"1802";"102";"2025-03-21 02:44:47";"System";"2025-03-21 02:44:47";"System"
"330704";"Kaliwiro";"Kaliwiro";"56693";"1802";"102";"2025-03-21 02:44:47";"System";"2025-03-21 02:44:47";"System"
"330705";"Leksono";"Leksono";"56693";"1802";"102";"2025-03-21 02:44:47";"System";"2025-03-21 02:44:47";"System"
"330706";"Selomerto";"Selomerto";"56693";"1802";"102";"2025-03-21 02:44:47";"System";"2025-03-21 02:44:47";"System"
"330707";"Kalikajar";"Kalikajar";"56693";"1802";"102";"2025-03-21 02:44:47";"System";"2025-03-21 02:44:47";"System"
"330708";"Kertek";"Kertek";"56693";"1802";"102";"2025-03-21 02:44:47";"System";"2025-03-21 02:44:47";"System"
"330709";"Wonosobo";"Wonosobo";"56693";"1802";"102";"2025-03-21 02:44:47";"System";"2025-03-21 02:44:47";"System"
"330710";"Watumalang";"Watumalang";"56693";"1802";"102";"2025-03-21 02:44:47";"System";"2025-03-21 02:44:47";"System"
"330711";"Mojotengah";"Mojotengah";"56693";"1802";"102";"2025-03-21 02:44:47";"System";"2025-03-21 02:44:47";"System"
"330712";"Garung";"Garung";"56693";"1802";"102";"2025-03-21 02:44:47";"System";"2025-03-21 02:44:47";"System"
"330713";"Kejajar";"Kejajar";"56693";"1802";"102";"2025-03-21 02:44:47";"System";"2025-03-21 02:44:47";"System"
"330714";"Sukoharjo";"Sukoharjo";"56693";"1802";"102";"2025-03-21 02:44:47";"System";"2025-03-21 02:44:47";"System"
"330715";"Kalibawang";"Kalibawang";"56693";"1802";"102";"2025-03-21 02:44:47";"System";"2025-03-21 02:44:47";"System"
"330801";"Salaman";"Salaman";"56505";"1802";"102";"2025-03-21 02:44:47";"System";"2025-03-21 02:44:47";"System"
"330802";"Borobudur";"Borobudur";"56505";"1802";"102";"2025-03-21 02:44:47";"System";"2025-03-21 02:44:47";"System"
"330803";"Ngluwar";"Ngluwar";"56505";"1802";"102";"2025-03-21 02:44:47";"System";"2025-03-21 02:44:47";"System"
"330804";"Salam";"Salam";"56505";"1802";"102";"2025-03-21 02:44:47";"System";"2025-03-21 02:44:47";"System"
"330805";"Srumbung";"Srumbung";"56505";"1802";"102";"2025-03-21 02:44:47";"System";"2025-03-21 02:44:47";"System"
"330806";"Dukun";"Dukun";"56505";"1802";"102";"2025-03-21 02:44:47";"System";"2025-03-21 02:44:47";"System"
"330807";"Sawangan";"Sawangan";"56505";"1802";"102";"2025-03-21 02:44:47";"System";"2025-03-21 02:44:47";"System"
"330808";"Muntilan";"Muntilan";"56505";"1802";"102";"2025-03-21 02:44:47";"System";"2025-03-21 02:44:47";"System"
"330809";"Mungkid";"Mungkid";"56505";"1802";"102";"2025-03-21 02:44:47";"System";"2025-03-21 02:44:47";"System"
"330810";"Mertoyudan";"Mertoyudan";"56505";"1802";"102";"2025-03-21 02:44:47";"System";"2025-03-21 02:44:47";"System"
"330811";"Tempuran";"Tempuran";"56505";"1802";"102";"2025-03-21 02:44:47";"System";"2025-03-21 02:44:47";"System"
"330812";"Kajoran";"Kajoran";"56505";"1802";"102";"2025-03-21 02:44:47";"System";"2025-03-21 02:44:47";"System"
"330813";"Kaliangkrik";"Kaliangkrik";"56505";"1802";"102";"2025-03-21 02:44:47";"System";"2025-03-21 02:44:47";"System"
"330814";"Bandongan";"Bandongan";"56505";"1802";"102";"2025-03-21 02:44:47";"System";"2025-03-21 02:44:47";"System"
"330815";"Candimulyo";"Candimulyo";"56505";"1802";"102";"2025-03-21 02:44:47";"System";"2025-03-21 02:44:47";"System"
"330816";"Pakis";"Pakis";"56505";"1802";"102";"2025-03-21 02:44:47";"System";"2025-03-21 02:44:47";"System"
"330817";"Ngablak";"Ngablak";"56505";"1802";"102";"2025-03-21 02:44:47";"System";"2025-03-21 02:44:47";"System"
"330818";"Grabag";"Grabag";"56505";"1802";"102";"2025-03-21 02:44:47";"System";"2025-03-21 02:44:47";"System"
"330819";"Tegalrejo";"Tegalrejo";"56505";"1802";"102";"2025-03-21 02:44:47";"System";"2025-03-21 02:44:47";"System"
"330820";"Secang";"Secang";"56505";"1802";"102";"2025-03-21 02:44:47";"System";"2025-03-21 02:44:47";"System"
"330821";"Windusari";"Windusari";"56505";"1802";"102";"2025-03-21 02:44:47";"System";"2025-03-21 02:44:47";"System"
"330901";"Selo";"Selo";"56377";"1802";"102";"2025-03-21 02:44:47";"System";"2025-03-21 02:44:47";"System"
"330902";"Ampel";"Ampel";"56377";"1802";"102";"2025-03-21 02:44:47";"System";"2025-03-21 02:44:47";"System"
"330903";"Cepogo";"Cepogo";"56377";"1802";"102";"2025-03-21 02:44:47";"System";"2025-03-21 02:44:47";"System"
"330904";"Musuk";"Musuk";"56377";"1802";"102";"2025-03-21 02:44:47";"System";"2025-03-21 02:44:47";"System"
"330905";"Boyolali";"Boyolali";"56377";"1802";"102";"2025-03-21 02:44:47";"System";"2025-03-21 02:44:47";"System"
"330906";"Mojosongo";"Mojosongo";"56377";"1802";"102";"2025-03-21 02:44:47";"System";"2025-03-21 02:44:47";"System"
"330907";"Teras";"Teras";"56377";"1802";"102";"2025-03-21 02:44:47";"System";"2025-03-21 02:44:47";"System"
"330908";"Sawit";"Sawit";"56377";"1802";"102";"2025-03-21 02:44:47";"System";"2025-03-21 02:44:47";"System"
"330909";"Banyudono";"Banyudono";"56377";"1802";"102";"2025-03-21 02:44:47";"System";"2025-03-21 02:44:47";"System"
"330910";"Sambi";"Sambi";"56377";"1802";"102";"2025-03-21 02:44:47";"System";"2025-03-21 02:44:47";"System"
"330911";"Ngemplak";"Ngemplak";"56377";"1802";"102";"2025-03-21 02:44:47";"System";"2025-03-21 02:44:47";"System"
"330912";"Nogosari";"Nogosari";"56377";"1802";"102";"2025-03-21 02:44:47";"System";"2025-03-21 02:44:47";"System"
"330913";"Simo";"Simo";"56377";"1802";"102";"2025-03-21 02:44:47";"System";"2025-03-21 02:44:47";"System"
"330914";"Karanggede";"Karanggede";"56377";"1802";"102";"2025-03-21 02:44:47";"System";"2025-03-21 02:44:47";"System"
"330915";"Klego";"Klego";"56377";"1802";"102";"2025-03-21 02:44:47";"System";"2025-03-21 02:44:47";"System"
"330916";"Andong";"Andong";"56377";"1802";"102";"2025-03-21 02:44:47";"System";"2025-03-21 02:44:47";"System"
"330917";"Kemusu";"Kemusu";"56377";"1802";"102";"2025-03-21 02:44:47";"System";"2025-03-21 02:44:47";"System"
"330918";"Wonosegoro";"Wonosegoro";"56377";"1802";"102";"2025-03-21 02:44:47";"System";"2025-03-21 02:44:47";"System"
"330919";"Juwangi";"Juwangi";"56377";"1802";"102";"2025-03-21 02:44:47";"System";"2025-03-21 02:44:47";"System"
"330921";"Tamansari";"Tamansari";"56377";"1802";"102";"2025-03-21 02:44:47";"System";"2025-03-21 02:44:47";"System"
"330922";"Wonosamodro";"Wonosamodro";"56377";"1802";"102";"2025-03-21 02:44:47";"System";"2025-03-21 02:44:47";"System"
"331001";"Prambanan";"Prambanan";"56459";"1802";"102";"2025-03-21 02:44:47";"System";"2025-03-21 02:44:47";"System"
"331002";"Gantiwarno";"Gantiwarno";"56459";"1802";"102";"2025-03-21 02:44:47";"System";"2025-03-21 02:44:47";"System"
"331003";"Wedi";"Wedi";"56459";"1802";"102";"2025-03-21 02:44:47";"System";"2025-03-21 02:44:47";"System"
"331004";"Bayat";"Bayat";"56459";"1802";"102";"2025-03-21 02:44:47";"System";"2025-03-21 02:44:47";"System"
"331005";"Cawas";"Cawas";"56459";"1802";"102";"2025-03-21 02:44:47";"System";"2025-03-21 02:44:47";"System"
"331006";"Trucuk";"Trucuk";"56459";"1802";"102";"2025-03-21 02:44:47";"System";"2025-03-21 02:44:47";"System"
"331007";"Kebonarum";"Kebonarum";"56459";"1802";"102";"2025-03-21 02:44:47";"System";"2025-03-21 02:44:47";"System"
"331008";"Jogonalan";"Jogonalan";"56459";"1802";"102";"2025-03-21 02:44:47";"System";"2025-03-21 02:44:47";"System"
"331009";"Manisrenggo";"Manisrenggo";"56459";"1802";"102";"2025-03-21 02:44:47";"System";"2025-03-21 02:44:47";"System"
"331010";"Karangnongko";"Karangnongko";"56459";"1802";"102";"2025-03-21 02:44:47";"System";"2025-03-21 02:44:47";"System"
"331011";"Ceper";"Ceper";"56459";"1802";"102";"2025-03-21 02:44:47";"System";"2025-03-21 02:44:47";"System"
"331012";"Pedan";"Pedan";"56459";"1802";"102";"2025-03-21 02:44:47";"System";"2025-03-21 02:44:47";"System"
"331013";"Karangdowo";"Karangdowo";"56459";"1802";"102";"2025-03-21 02:44:47";"System";"2025-03-21 02:44:47";"System"
"331014";"Juwiring";"Juwiring";"56459";"1802";"102";"2025-03-21 02:44:47";"System";"2025-03-21 02:44:47";"System"
"331015";"Wonosari";"Wonosari";"56459";"1802";"102";"2025-03-21 02:44:47";"System";"2025-03-21 02:44:47";"System"
"331016";"Delanggu";"Delanggu";"56459";"1802";"102";"2025-03-21 02:44:47";"System";"2025-03-21 02:44:47";"System"
"331017";"Polanharjo";"Polanharjo";"56459";"1802";"102";"2025-03-21 02:44:47";"System";"2025-03-21 02:44:47";"System"
"331018";"Karanganom";"Karanganom";"56459";"1802";"102";"2025-03-21 02:44:47";"System";"2025-03-21 02:44:47";"System"
"331019";"Tulung";"Tulung";"56459";"1802";"102";"2025-03-21 02:44:47";"System";"2025-03-21 02:44:47";"System"
"331020";"Jatinom";"Jatinom";"56459";"1802";"102";"2025-03-21 02:44:47";"System";"2025-03-21 02:44:47";"System"
"331021";"Kemalang";"Kemalang";"56459";"1802";"102";"2025-03-21 02:44:47";"System";"2025-03-21 02:44:47";"System"
"331022";"Ngawen";"Ngawen";"56459";"1802";"102";"2025-03-21 02:44:47";"System";"2025-03-21 02:44:47";"System"
"331023";"Kalikotes";"Kalikotes";"56459";"1802";"102";"2025-03-21 02:44:47";"System";"2025-03-21 02:44:47";"System"
"331024";"Klaten Utara";"Klaten Utara";"56459";"1802";"102";"2025-03-21 02:44:47";"System";"2025-03-21 02:44:47";"System"
"331025";"Klaten Tengah";"Klaten Tengah";"56459";"1802";"102";"2025-03-21 02:44:47";"System";"2025-03-21 02:44:47";"System"
"331026";"Klaten Selatan";"Klaten Selatan";"56459";"1802";"102";"2025-03-21 02:44:47";"System";"2025-03-21 02:44:47";"System"
"331101";"Weru";"Weru";"56647";"1802";"102";"2025-03-21 02:44:47";"System";"2025-03-21 02:44:47";"System"
"331102";"Bulu";"Bulu";"56647";"1802";"102";"2025-03-21 02:44:47";"System";"2025-03-21 02:44:47";"System"
"331103";"Tawangsari";"Tawangsari";"56647";"1802";"102";"2025-03-21 02:44:47";"System";"2025-03-21 02:44:47";"System"
"331104";"Sukoharjo";"Sukoharjo";"56647";"1802";"102";"2025-03-21 02:44:47";"System";"2025-03-21 02:44:47";"System"
"331105";"Nguter";"Nguter";"56647";"1802";"102";"2025-03-21 02:44:47";"System";"2025-03-21 02:44:47";"System"
"331106";"Bendosari";"Bendosari";"56647";"1802";"102";"2025-03-21 02:44:47";"System";"2025-03-21 02:44:47";"System"
"331107";"Polokarto";"Polokarto";"56647";"1802";"102";"2025-03-21 02:44:47";"System";"2025-03-21 02:44:47";"System"
"331108";"Mojolaban";"Mojolaban";"56647";"1802";"102";"2025-03-21 02:44:47";"System";"2025-03-21 02:44:47";"System"
"331109";"Grogol";"Grogol";"56647";"1802";"102";"2025-03-21 02:44:47";"System";"2025-03-21 02:44:47";"System"
"331110";"Baki";"Baki";"56647";"1802";"102";"2025-03-21 02:44:47";"System";"2025-03-21 02:44:47";"System"
"331111";"Gatak";"Gatak";"56647";"1802";"102";"2025-03-21 02:44:47";"System";"2025-03-21 02:44:47";"System"
"331112";"Kartasura";"Kartasura";"56647";"1802";"102";"2025-03-21 02:44:47";"System";"2025-03-21 02:44:47";"System"
"331201";"Pracimantoro";"Pracimantoro";"56692";"1802";"102";"2025-03-21 02:44:47";"System";"2025-03-21 02:44:47";"System"
"331202";"Giritontro";"Giritontro";"56692";"1802";"102";"2025-03-21 02:44:47";"System";"2025-03-21 02:44:47";"System"
"331203";"Giriwoyo";"Giriwoyo";"56692";"1802";"102";"2025-03-21 02:44:47";"System";"2025-03-21 02:44:47";"System"
"331204";"Batuwarno";"Batuwarno";"56692";"1802";"102";"2025-03-21 02:44:47";"System";"2025-03-21 02:44:47";"System"
"331205";"Tirtomoyo";"Tirtomoyo";"56692";"1802";"102";"2025-03-21 02:44:47";"System";"2025-03-21 02:44:47";"System"
"331206";"Nguntoronadi";"Nguntoronadi";"56692";"1802";"102";"2025-03-21 02:44:47";"System";"2025-03-21 02:44:47";"System"
"331207";"Baturetno";"Baturetno";"56692";"1802";"102";"2025-03-21 02:44:47";"System";"2025-03-21 02:44:47";"System"
"331208";"Eromoko";"Eromoko";"56692";"1802";"102";"2025-03-21 02:44:47";"System";"2025-03-21 02:44:47";"System"
"331209";"Wuryantoro";"Wuryantoro";"56692";"1802";"102";"2025-03-21 02:44:47";"System";"2025-03-21 02:44:47";"System"
"331210";"Manyaran";"Manyaran";"56692";"1802";"102";"2025-03-21 02:44:47";"System";"2025-03-21 02:44:47";"System"
"331211";"Selogiri";"Selogiri";"56692";"1802";"102";"2025-03-21 02:44:47";"System";"2025-03-21 02:44:47";"System"
"331212";"Wonogiri";"Wonogiri";"56692";"1802";"102";"2025-03-21 02:44:47";"System";"2025-03-21 02:44:47";"System"
"331213";"Ngadirojo";"Ngadirojo";"56692";"1802";"102";"2025-03-21 02:44:47";"System";"2025-03-21 02:44:47";"System"
"331214";"Sidoharjo";"Sidoharjo";"56692";"1802";"102";"2025-03-21 02:44:47";"System";"2025-03-21 02:44:47";"System"
"331215";"Jatiroto";"Jatiroto";"56692";"1802";"102";"2025-03-21 02:44:47";"System";"2025-03-21 02:44:47";"System"
"331216";"Kismantoro";"Kismantoro";"56692";"1802";"102";"2025-03-21 02:44:47";"System";"2025-03-21 02:44:47";"System"
"331217";"Purwantoro";"Purwantoro";"56692";"1802";"102";"2025-03-21 02:44:47";"System";"2025-03-21 02:44:47";"System"
"331218";"Bulukerto";"Bulukerto";"56692";"1802";"102";"2025-03-21 02:44:47";"System";"2025-03-21 02:44:47";"System"
"331219";"Slogohimo";"Slogohimo";"56692";"1802";"102";"2025-03-21 02:44:47";"System";"2025-03-21 02:44:47";"System"
"331220";"Jatisrono";"Jatisrono";"56692";"1802";"102";"2025-03-21 02:44:47";"System";"2025-03-21 02:44:47";"System"
"331221";"Jatipurno";"Jatipurno";"56692";"1802";"102";"2025-03-21 02:44:47";"System";"2025-03-21 02:44:47";"System"
"331222";"Girimarto";"Girimarto";"56692";"1802";"102";"2025-03-21 02:44:47";"System";"2025-03-21 02:44:47";"System"
"331223";"Karangtengah";"Karangtengah";"56692";"1802";"102";"2025-03-21 02:44:47";"System";"2025-03-21 02:44:47";"System"
"331224";"Paranggupito";"Paranggupito";"56692";"1802";"102";"2025-03-21 02:44:47";"System";"2025-03-21 02:44:47";"System"
"331225";"Puhpelem";"Puhpelem";"56692";"1802";"102";"2025-03-21 02:44:47";"System";"2025-03-21 02:44:47";"System"
"331301";"Jatipuro";"Jatipuro";"56439";"1802";"102";"2025-03-21 02:44:47";"System";"2025-03-21 02:44:47";"System"
"331302";"Jatiyoso";"Jatiyoso";"56439";"1802";"102";"2025-03-21 02:44:47";"System";"2025-03-21 02:44:47";"System"
"331303";"Jumapolo";"Jumapolo";"56439";"1802";"102";"2025-03-21 02:44:47";"System";"2025-03-21 02:44:47";"System"
"331304";"Jumantono";"Jumantono";"56439";"1802";"102";"2025-03-21 02:44:47";"System";"2025-03-21 02:44:47";"System"
"331305";"Matesih";"Matesih";"56439";"1802";"102";"2025-03-21 02:44:47";"System";"2025-03-21 02:44:47";"System"
"331306";"Tawangmangu";"Tawangmangu";"56439";"1802";"102";"2025-03-21 02:44:47";"System";"2025-03-21 02:44:47";"System"
"331307";"Ngargoyoso";"Ngargoyoso";"56439";"1802";"102";"2025-03-21 02:44:47";"System";"2025-03-21 02:44:47";"System"
"331308";"Karangpandan";"Karangpandan";"56439";"1802";"102";"2025-03-21 02:44:47";"System";"2025-03-21 02:44:47";"System"
"331309";"Karanganyar";"Karanganyar";"56439";"1802";"102";"2025-03-21 02:44:47";"System";"2025-03-21 02:44:47";"System"
"331310";"Tasikmadu";"Tasikmadu";"56439";"1802";"102";"2025-03-21 02:44:47";"System";"2025-03-21 02:44:47";"System"
"331311";"Jaten";"Jaten";"56439";"1802";"102";"2025-03-21 02:44:47";"System";"2025-03-21 02:44:47";"System"
"331312";"Colomadu";"Colomadu";"56439";"1802";"102";"2025-03-21 02:44:47";"System";"2025-03-21 02:44:47";"System"
"331313";"Gondangrejo";"Gondangrejo";"56439";"1802";"102";"2025-03-21 02:44:47";"System";"2025-03-21 02:44:47";"System"
"331314";"Kebakkramat";"Kebakkramat";"56439";"1802";"102";"2025-03-21 02:44:47";"System";"2025-03-21 02:44:47";"System"
"331315";"Mojogedang";"Mojogedang";"56439";"1802";"102";"2025-03-21 02:44:47";"System";"2025-03-21 02:44:47";"System"
"331316";"Kerjo";"Kerjo";"56439";"1802";"102";"2025-03-21 02:44:47";"System";"2025-03-21 02:44:47";"System"
"331317";"Jenawi";"Jenawi";"56439";"1802";"102";"2025-03-21 02:44:47";"System";"2025-03-21 02:44:47";"System"
"331401";"Kalijambe";"Kalijambe";"56643";"1802";"102";"2025-03-21 02:44:47";"System";"2025-03-21 02:44:47";"System"
"331402";"Plupuh";"Plupuh";"56643";"1802";"102";"2025-03-21 02:44:47";"System";"2025-03-21 02:44:47";"System"
"331403";"Masaran";"Masaran";"56643";"1802";"102";"2025-03-21 02:44:47";"System";"2025-03-21 02:44:47";"System"
"331404";"Kedawung";"Kedawung";"56643";"1802";"102";"2025-03-21 02:44:47";"System";"2025-03-21 02:44:47";"System"
"331405";"Sambirejo";"Sambirejo";"56643";"1802";"102";"2025-03-21 02:44:47";"System";"2025-03-21 02:44:47";"System"
"331406";"Gondang";"Gondang";"56643";"1802";"102";"2025-03-21 02:44:47";"System";"2025-03-21 02:44:47";"System"
"331407";"Sambungmacan";"Sambungmacan";"56643";"1802";"102";"2025-03-21 02:44:47";"System";"2025-03-21 02:44:47";"System"
"331408";"Ngrampal";"Ngrampal";"56643";"1802";"102";"2025-03-21 02:44:47";"System";"2025-03-21 02:44:47";"System"
"331409";"Karangmalang";"Karangmalang";"56643";"1802";"102";"2025-03-21 02:44:47";"System";"2025-03-21 02:44:47";"System"
"331410";"Sragen";"Sragen";"56643";"1802";"102";"2025-03-21 02:44:47";"System";"2025-03-21 02:44:47";"System"
"331411";"Sidoharjo";"Sidoharjo";"56643";"1802";"102";"2025-03-21 02:44:47";"System";"2025-03-21 02:44:47";"System"
"331412";"Tanon";"Tanon";"56643";"1802";"102";"2025-03-21 02:44:47";"System";"2025-03-21 02:44:47";"System"
"331413";"Gemolong";"Gemolong";"56643";"1802";"102";"2025-03-21 02:44:47";"System";"2025-03-21 02:44:47";"System"
"331414";"Miri";"Miri";"56643";"1802";"102";"2025-03-21 02:44:47";"System";"2025-03-21 02:44:47";"System"
"331415";"Sumberlawang";"Sumberlawang";"56643";"1802";"102";"2025-03-21 02:44:47";"System";"2025-03-21 02:44:47";"System"
"331416";"Mondokan";"Mondokan";"56643";"1802";"102";"2025-03-21 02:44:47";"System";"2025-03-21 02:44:47";"System"
"331417";"Sukodono";"Sukodono";"56643";"1802";"102";"2025-03-21 02:44:47";"System";"2025-03-21 02:44:47";"System"
"331418";"Gesi";"Gesi";"56643";"1802";"102";"2025-03-21 02:44:47";"System";"2025-03-21 02:44:47";"System"
"331419";"Tangen";"Tangen";"56643";"1802";"102";"2025-03-21 02:44:47";"System";"2025-03-21 02:44:47";"System"
"331420";"Jenar";"Jenar";"56643";"1802";"102";"2025-03-21 02:44:47";"System";"2025-03-21 02:44:47";"System"
"331501";"Kedungjati";"Kedungjati";"56413";"1802";"102";"2025-03-21 02:44:47";"System";"2025-03-21 02:44:47";"System"
"331502";"Karangrayung";"Karangrayung";"56413";"1802";"102";"2025-03-21 02:44:47";"System";"2025-03-21 02:44:47";"System"
"331503";"Penawangan";"Penawangan";"56413";"1802";"102";"2025-03-21 02:44:47";"System";"2025-03-21 02:44:47";"System"
"331504";"Toroh";"Toroh";"56413";"1802";"102";"2025-03-21 02:44:47";"System";"2025-03-21 02:44:47";"System"
"331505";"Geyer";"Geyer";"56413";"1802";"102";"2025-03-21 02:44:47";"System";"2025-03-21 02:44:47";"System"
"331506";"Pulokulon";"Pulokulon";"56413";"1802";"102";"2025-03-21 02:44:47";"System";"2025-03-21 02:44:47";"System"
"331507";"Kradenan";"Kradenan";"56413";"1802";"102";"2025-03-21 02:44:47";"System";"2025-03-21 02:44:47";"System"
"331508";"Gabus";"Gabus";"56413";"1802";"102";"2025-03-21 02:44:47";"System";"2025-03-21 02:44:47";"System"
"331509";"Ngaringan";"Ngaringan";"56413";"1802";"102";"2025-03-21 02:44:47";"System";"2025-03-21 02:44:47";"System"
"331510";"Wirosari";"Wirosari";"56413";"1802";"102";"2025-03-21 02:44:47";"System";"2025-03-21 02:44:47";"System"
"331511";"Tawangharjo";"Tawangharjo";"56413";"1802";"102";"2025-03-21 02:44:47";"System";"2025-03-21 02:44:47";"System"
"331512";"Grobogan";"Grobogan";"56413";"1802";"102";"2025-03-21 02:44:47";"System";"2025-03-21 02:44:47";"System"
"331513";"Purwodadi";"Purwodadi";"56413";"1802";"102";"2025-03-21 02:44:47";"System";"2025-03-21 02:44:47";"System"
"331514";"Brati";"Brati";"56413";"1802";"102";"2025-03-21 02:44:47";"System";"2025-03-21 02:44:47";"System"
"331515";"Klambu";"Klambu";"56413";"1802";"102";"2025-03-21 02:44:47";"System";"2025-03-21 02:44:47";"System"
"331516";"Godong";"Godong";"56413";"1802";"102";"2025-03-21 02:44:47";"System";"2025-03-21 02:44:47";"System"
"331517";"Gubug";"Gubug";"56413";"1802";"102";"2025-03-21 02:44:47";"System";"2025-03-21 02:44:47";"System"
"331518";"Tegowanu";"Tegowanu";"56413";"1802";"102";"2025-03-21 02:44:47";"System";"2025-03-21 02:44:47";"System"
"331519";"Tanggungharjo";"Tanggungharjo";"56413";"1802";"102";"2025-03-21 02:44:47";"System";"2025-03-21 02:44:47";"System"
"331601";"Jati";"Jati";"56364";"1802";"102";"2025-03-21 02:44:47";"System";"2025-03-21 02:44:47";"System"
"331602";"Randublatung";"Randublatung";"56364";"1802";"102";"2025-03-21 02:44:47";"System";"2025-03-21 02:44:47";"System"
"331603";"Kradenan";"Kradenan";"56364";"1802";"102";"2025-03-21 02:44:47";"System";"2025-03-21 02:44:47";"System"
"331604";"Kedungtuban";"Kedungtuban";"56364";"1802";"102";"2025-03-21 02:44:47";"System";"2025-03-21 02:44:47";"System"
"331605";"Cepu";"Cepu";"56364";"1802";"102";"2025-03-21 02:44:47";"System";"2025-03-21 02:44:47";"System"
"331606";"Sambong";"Sambong";"56364";"1802";"102";"2025-03-21 02:44:47";"System";"2025-03-21 02:44:47";"System"
"331607";"Jiken";"Jiken";"56364";"1802";"102";"2025-03-21 02:44:47";"System";"2025-03-21 02:44:47";"System"
"331608";"Jepon";"Jepon";"56364";"1802";"102";"2025-03-21 02:44:47";"System";"2025-03-21 02:44:47";"System"
"331609";"Blora";"Blora";"56364";"1802";"102";"2025-03-21 02:44:47";"System";"2025-03-21 02:44:47";"System"
"331610";"Tunjungan";"Tunjungan";"56364";"1802";"102";"2025-03-21 02:44:47";"System";"2025-03-21 02:44:47";"System"
"331611";"Banjarejo";"Banjarejo";"56364";"1802";"102";"2025-03-21 02:44:47";"System";"2025-03-21 02:44:47";"System"
"331612";"Ngawen";"Ngawen";"56364";"1802";"102";"2025-03-21 02:44:47";"System";"2025-03-21 02:44:47";"System"
"331613";"Kunduran";"Kunduran";"56364";"1802";"102";"2025-03-21 02:44:47";"System";"2025-03-21 02:44:47";"System"
"331614";"Todanan";"Todanan";"56364";"1802";"102";"2025-03-21 02:44:47";"System";"2025-03-21 02:44:47";"System"
"331615";"Bogorejo";"Bogorejo";"56364";"1802";"102";"2025-03-21 02:44:47";"System";"2025-03-21 02:44:47";"System"
"331616";"Japah";"Japah";"56364";"1802";"102";"2025-03-21 02:44:47";"System";"2025-03-21 02:44:47";"System"
"331701";"Sumber";"Sumber";"56610";"1802";"102";"2025-03-21 02:44:47";"System";"2025-03-21 02:44:47";"System"
"331702";"Bulu";"Bulu";"56610";"1802";"102";"2025-03-21 02:44:47";"System";"2025-03-21 02:44:47";"System"
"331703";"Gunem";"Gunem";"56610";"1802";"102";"2025-03-21 02:44:47";"System";"2025-03-21 02:44:47";"System"
"331704";"Sale";"Sale";"56610";"1802";"102";"2025-03-21 02:44:47";"System";"2025-03-21 02:44:47";"System"
"331705";"Sarang";"Sarang";"56610";"1802";"102";"2025-03-21 02:44:47";"System";"2025-03-21 02:44:47";"System"
"331706";"Sedan";"Sedan";"56610";"1802";"102";"2025-03-21 02:44:47";"System";"2025-03-21 02:44:47";"System"
"331707";"Pamotan";"Pamotan";"56610";"1802";"102";"2025-03-21 02:44:47";"System";"2025-03-21 02:44:47";"System"
"331708";"Sulang";"Sulang";"56610";"1802";"102";"2025-03-21 02:44:47";"System";"2025-03-21 02:44:47";"System"
"331709";"Kaliori";"Kaliori";"56610";"1802";"102";"2025-03-21 02:44:47";"System";"2025-03-21 02:44:47";"System"
"331710";"Rembang";"Rembang";"56610";"1802";"102";"2025-03-21 02:44:47";"System";"2025-03-21 02:44:47";"System"
"331711";"Pancur";"Pancur";"56610";"1802";"102";"2025-03-21 02:44:47";"System";"2025-03-21 02:44:47";"System"
"331712";"Kragan";"Kragan";"56610";"1802";"102";"2025-03-21 02:44:47";"System";"2025-03-21 02:44:47";"System"
"331713";"Sluke";"Sluke";"56610";"1802";"102";"2025-03-21 02:44:47";"System";"2025-03-21 02:44:47";"System"
"331714";"Lasem";"Lasem";"56610";"1802";"102";"2025-03-21 02:44:47";"System";"2025-03-21 02:44:47";"System"
"331801";"Sukolilo";"Sukolilo";"56583";"1802";"102";"2025-03-21 02:44:47";"System";"2025-03-21 02:44:47";"System"
"331802";"Kayen";"Kayen";"56583";"1802";"102";"2025-03-21 02:44:47";"System";"2025-03-21 02:44:47";"System"
"331803";"Tambakromo";"Tambakromo";"56583";"1802";"102";"2025-03-21 02:44:47";"System";"2025-03-21 02:44:47";"System"
"331804";"Winong";"Winong";"56583";"1802";"102";"2025-03-21 02:44:47";"System";"2025-03-21 02:44:47";"System"
"331805";"Pucakwangi";"Pucakwangi";"56583";"1802";"102";"2025-03-21 02:44:47";"System";"2025-03-21 02:44:47";"System"
"331806";"Jaken";"Jaken";"56583";"1802";"102";"2025-03-21 02:44:47";"System";"2025-03-21 02:44:47";"System"
"331807";"Batangan";"Batangan";"56583";"1802";"102";"2025-03-21 02:44:47";"System";"2025-03-21 02:44:47";"System"
"331808";"Juwana";"Juwana";"56583";"1802";"102";"2025-03-21 02:44:47";"System";"2025-03-21 02:44:47";"System"
"331809";"Jakenan";"Jakenan";"56583";"1802";"102";"2025-03-21 02:44:47";"System";"2025-03-21 02:44:47";"System"
"331810";"Pati";"Pati";"56583";"1802";"102";"2025-03-21 02:44:47";"System";"2025-03-21 02:44:47";"System"
"331811";"Gabus";"Gabus";"56583";"1802";"102";"2025-03-21 02:44:47";"System";"2025-03-21 02:44:47";"System"
"331812";"Margorejo";"Margorejo";"56583";"1802";"102";"2025-03-21 02:44:47";"System";"2025-03-21 02:44:47";"System"
"331813";"Gembong";"Gembong";"56583";"1802";"102";"2025-03-21 02:44:47";"System";"2025-03-21 02:44:47";"System"
"331814";"Tlogowungu";"Tlogowungu";"56583";"1802";"102";"2025-03-21 02:44:47";"System";"2025-03-21 02:44:47";"System"
"331815";"Wedarijaksa";"Wedarijaksa";"56583";"1802";"102";"2025-03-21 02:44:47";"System";"2025-03-21 02:44:47";"System"
"331816";"Margoyoso";"Margoyoso";"56583";"1802";"102";"2025-03-21 02:44:47";"System";"2025-03-21 02:44:47";"System"
"331817";"Gunungwungkal";"Gunungwungkal";"56583";"1802";"102";"2025-03-21 02:44:47";"System";"2025-03-21 02:44:47";"System"
"331818";"Cluwak";"Cluwak";"56583";"1802";"102";"2025-03-21 02:44:47";"System";"2025-03-21 02:44:47";"System"
"331819";"Tayu";"Tayu";"56583";"1802";"102";"2025-03-21 02:44:47";"System";"2025-03-21 02:44:47";"System"
"331820";"Dukuhseti";"Dukuhseti";"56583";"1802";"102";"2025-03-21 02:44:47";"System";"2025-03-21 02:44:47";"System"
"331821";"Trangkil";"Trangkil";"56583";"1802";"102";"2025-03-21 02:44:47";"System";"2025-03-21 02:44:47";"System"
"331901";"Kaliwungu";"Kaliwungu";"56472";"1802";"102";"2025-03-21 02:44:47";"System";"2025-03-21 02:44:47";"System"
"331902";"Kota Kudus";"Kota Kudus";"56472";"1802";"102";"2025-03-21 02:44:47";"System";"2025-03-21 02:44:47";"System"
"331903";"Jati";"Jati";"56472";"1802";"102";"2025-03-21 02:44:47";"System";"2025-03-21 02:44:47";"System"
"331904";"Undaan";"Undaan";"56472";"1802";"102";"2025-03-21 02:44:47";"System";"2025-03-21 02:44:47";"System"
"331905";"Mejobo";"Mejobo";"56472";"1802";"102";"2025-03-21 02:44:47";"System";"2025-03-21 02:44:47";"System"
"331906";"Jekulo";"Jekulo";"56472";"1802";"102";"2025-03-21 02:44:47";"System";"2025-03-21 02:44:47";"System"
"331907";"Bae";"Bae";"56472";"1802";"102";"2025-03-21 02:44:47";"System";"2025-03-21 02:44:47";"System"
"331908";"Gebog";"Gebog";"56472";"1802";"102";"2025-03-21 02:44:47";"System";"2025-03-21 02:44:47";"System"
"331909";"Dawe";"Dawe";"56472";"1802";"102";"2025-03-21 02:44:47";"System";"2025-03-21 02:44:47";"System"
"332001";"Kedung";"Kedung";"56433";"1802";"102";"2025-03-21 02:44:47";"System";"2025-03-21 02:44:47";"System"
"332002";"Pecangaan";"Pecangaan";"56433";"1802";"102";"2025-03-21 02:44:47";"System";"2025-03-21 02:44:47";"System"
"332003";"Welahan";"Welahan";"56433";"1802";"102";"2025-03-21 02:44:47";"System";"2025-03-21 02:44:47";"System"
"332004";"Mayong";"Mayong";"56433";"1802";"102";"2025-03-21 02:44:47";"System";"2025-03-21 02:44:47";"System"
"332005";"Batealit";"Batealit";"56433";"1802";"102";"2025-03-21 02:44:47";"System";"2025-03-21 02:44:47";"System"
"332006";"Jepara";"Jepara";"56433";"1802";"102";"2025-03-21 02:44:47";"System";"2025-03-21 02:44:47";"System"
"332007";"Mlonggo";"Mlonggo";"56433";"1802";"102";"2025-03-21 02:44:47";"System";"2025-03-21 02:44:47";"System"
"332008";"Bangsri";"Bangsri";"56433";"1802";"102";"2025-03-21 02:44:47";"System";"2025-03-21 02:44:47";"System"
"332009";"Keling";"Keling";"56433";"1802";"102";"2025-03-21 02:44:47";"System";"2025-03-21 02:44:47";"System"
"332010";"Karimun Jawa";"Karimun Jawa";"56433";"1802";"102";"2025-03-21 02:44:47";"System";"2025-03-21 02:44:47";"System"
"332011";"Tahunan";"Tahunan";"56433";"1802";"102";"2025-03-21 02:44:47";"System";"2025-03-21 02:44:47";"System"
"332012";"Nalumsari";"Nalumsari";"56433";"1802";"102";"2025-03-21 02:44:47";"System";"2025-03-21 02:44:47";"System"
"332013";"Kalinyamatan";"Kalinyamatan";"56433";"1802";"102";"2025-03-21 02:44:47";"System";"2025-03-21 02:44:47";"System"
"332014";"Kembang";"Kembang";"56433";"1802";"102";"2025-03-21 02:44:47";"System";"2025-03-21 02:44:47";"System"
"332015";"Pakis Aji";"Pakis Aji";"56433";"1802";"102";"2025-03-21 02:44:47";"System";"2025-03-21 02:44:47";"System"
"332016";"Donorojo";"Donorojo";"56433";"1802";"102";"2025-03-21 02:44:47";"System";"2025-03-21 02:44:47";"System"
"332101";"Mranggen";"Mranggen";"56397";"1802";"102";"2025-03-21 02:44:47";"System";"2025-03-21 02:44:47";"System"
"332102";"Karangawen";"Karangawen";"56397";"1802";"102";"2025-03-21 02:44:47";"System";"2025-03-21 02:44:47";"System"
"332103";"Guntur";"Guntur";"56397";"1802";"102";"2025-03-21 02:44:47";"System";"2025-03-21 02:44:47";"System"
"332104";"Sayung";"Sayung";"56397";"1802";"102";"2025-03-21 02:44:47";"System";"2025-03-21 02:44:47";"System"
"332105";"Karangtengah";"Karangtengah";"56397";"1802";"102";"2025-03-21 02:44:47";"System";"2025-03-21 02:44:47";"System"
"332106";"Wonosalam";"Wonosalam";"56397";"1802";"102";"2025-03-21 02:44:47";"System";"2025-03-21 02:44:47";"System"
"332107";"Dempet";"Dempet";"56397";"1802";"102";"2025-03-21 02:44:47";"System";"2025-03-21 02:44:47";"System"
"332108";"Gajah";"Gajah";"56397";"1802";"102";"2025-03-21 02:44:47";"System";"2025-03-21 02:44:47";"System"
"332109";"Karanganyar";"Karanganyar";"56397";"1802";"102";"2025-03-21 02:44:47";"System";"2025-03-21 02:44:47";"System"
"332110";"Mijen";"Mijen";"56397";"1802";"102";"2025-03-21 02:44:47";"System";"2025-03-21 02:44:47";"System"
"332111";"Demak";"Demak";"56397";"1802";"102";"2025-03-21 02:44:47";"System";"2025-03-21 02:44:47";"System"
"332112";"Bonang";"Bonang";"56397";"1802";"102";"2025-03-21 02:44:47";"System";"2025-03-21 02:44:47";"System"
"332113";"Wedung";"Wedung";"56397";"1802";"102";"2025-03-21 02:44:47";"System";"2025-03-21 02:44:47";"System"
"332114";"Kebonagung";"Kebonagung";"56397";"1802";"102";"2025-03-21 02:44:47";"System";"2025-03-21 02:44:47";"System"
"332201";"Getasan";"Getasan";"56620";"1802";"102";"2025-03-21 02:44:47";"System";"2025-03-21 02:44:47";"System"
"332202";"Tengaran";"Tengaran";"56620";"1802";"102";"2025-03-21 02:44:47";"System";"2025-03-21 02:44:47";"System"
"332203";"Susukan";"Susukan";"56620";"1802";"102";"2025-03-21 02:44:47";"System";"2025-03-21 02:44:47";"System"
"332204";"Suruh";"Suruh";"56620";"1802";"102";"2025-03-21 02:44:47";"System";"2025-03-21 02:44:47";"System"
"332205";"Pabelan";"Pabelan";"56620";"1802";"102";"2025-03-21 02:44:47";"System";"2025-03-21 02:44:47";"System"
"332206";"Tuntang";"Tuntang";"56620";"1802";"102";"2025-03-21 02:44:47";"System";"2025-03-21 02:44:47";"System"
"332207";"Banyubiru";"Banyubiru";"56620";"1802";"102";"2025-03-21 02:44:47";"System";"2025-03-21 02:44:47";"System"
"332208";"Jambu";"Jambu";"56620";"1802";"102";"2025-03-21 02:44:47";"System";"2025-03-21 02:44:47";"System"
"332209";"Sumowono";"Sumowono";"56620";"1802";"102";"2025-03-21 02:44:47";"System";"2025-03-21 02:44:47";"System"
"332210";"Ambarawa";"Ambarawa";"56620";"1802";"102";"2025-03-21 02:44:47";"System";"2025-03-21 02:44:47";"System"
"332211";"Bawen";"Bawen";"56620";"1802";"102";"2025-03-21 02:44:47";"System";"2025-03-21 02:44:47";"System"
"332212";"Bringin";"Bringin";"56620";"1802";"102";"2025-03-21 02:44:47";"System";"2025-03-21 02:44:47";"System"
"332213";"Bergas";"Bergas";"56620";"1802";"102";"2025-03-21 02:44:47";"System";"2025-03-21 02:44:47";"System"
"332215";"Pringapus";"Pringapus";"56620";"1802";"102";"2025-03-21 02:44:47";"System";"2025-03-21 02:44:47";"System"
"332216";"Bancak";"Bancak";"56620";"1802";"102";"2025-03-21 02:44:47";"System";"2025-03-21 02:44:47";"System"
"332217";"Kaliwungu";"Kaliwungu";"56620";"1802";"102";"2025-03-21 02:44:47";"System";"2025-03-21 02:44:47";"System"
"332218";"Ungaran Barat";"Ungaran Barat";"56620";"1802";"102";"2025-03-21 02:44:47";"System";"2025-03-21 02:44:47";"System"
"332219";"Ungaran Timur";"Ungaran Timur";"56620";"1802";"102";"2025-03-21 02:44:47";"System";"2025-03-21 02:44:47";"System"
"332220";"Bandungan";"Bandungan";"56620";"1802";"102";"2025-03-21 02:44:47";"System";"2025-03-21 02:44:47";"System"
"332301";"Bulu";"Bulu";"56679";"1802";"102";"2025-03-21 02:44:47";"System";"2025-03-21 02:44:47";"System"
"332302";"Tembarak";"Tembarak";"56679";"1802";"102";"2025-03-21 02:44:47";"System";"2025-03-21 02:44:47";"System"
"332303";"Temanggung";"Temanggung";"56679";"1802";"102";"2025-03-21 02:44:47";"System";"2025-03-21 02:44:47";"System"
"332304";"Pringsurat";"Pringsurat";"56679";"1802";"102";"2025-03-21 02:44:47";"System";"2025-03-21 02:44:47";"System"
"332305";"Kaloran";"Kaloran";"56679";"1802";"102";"2025-03-21 02:44:47";"System";"2025-03-21 02:44:47";"System"
"332306";"Kandangan";"Kandangan";"56679";"1802";"102";"2025-03-21 02:44:47";"System";"2025-03-21 02:44:47";"System"
"332307";"Kedu";"Kedu";"56679";"1802";"102";"2025-03-21 02:44:47";"System";"2025-03-21 02:44:47";"System"
"332308";"Parakan";"Parakan";"56679";"1802";"102";"2025-03-21 02:44:47";"System";"2025-03-21 02:44:47";"System"
"332309";"Ngadirejo";"Ngadirejo";"56679";"1802";"102";"2025-03-21 02:44:47";"System";"2025-03-21 02:44:47";"System"
"332310";"Jumo";"Jumo";"56679";"1802";"102";"2025-03-21 02:44:47";"System";"2025-03-21 02:44:47";"System"
"332311";"Tretep";"Tretep";"56679";"1802";"102";"2025-03-21 02:44:47";"System";"2025-03-21 02:44:47";"System"
"332312";"Candiroto";"Candiroto";"56679";"1802";"102";"2025-03-21 02:44:47";"System";"2025-03-21 02:44:47";"System"
"332313";"Kranggan";"Kranggan";"56679";"1802";"102";"2025-03-21 02:44:47";"System";"2025-03-21 02:44:47";"System"
"332314";"Tlogomulyo";"Tlogomulyo";"56679";"1802";"102";"2025-03-21 02:44:47";"System";"2025-03-21 02:44:47";"System"
"332315";"Selopampang";"Selopampang";"56679";"1802";"102";"2025-03-21 02:44:47";"System";"2025-03-21 02:44:47";"System"
"332316";"Bansari";"Bansari";"56679";"1802";"102";"2025-03-21 02:44:47";"System";"2025-03-21 02:44:47";"System"
"332317";"Kledung";"Kledung";"56679";"1802";"102";"2025-03-21 02:44:47";"System";"2025-03-21 02:44:47";"System"
"332318";"Bejen";"Bejen";"56679";"1802";"102";"2025-03-21 02:44:47";"System";"2025-03-21 02:44:47";"System"
"332319";"Wonoboyo";"Wonoboyo";"56679";"1802";"102";"2025-03-21 02:44:47";"System";"2025-03-21 02:44:47";"System"
"332320";"Gemawang";"Gemawang";"56679";"1802";"102";"2025-03-21 02:44:47";"System";"2025-03-21 02:44:47";"System"
"332401";"Plantungan";"Plantungan";"56448";"1802";"102";"2025-03-21 02:44:47";"System";"2025-03-21 02:44:47";"System"
"332402";"Pageruyung";"Pageruyung";"56448";"1802";"102";"2025-03-21 02:44:47";"System";"2025-03-21 02:44:47";"System"
"332403";"Sukorejo";"Sukorejo";"56448";"1802";"102";"2025-03-21 02:44:47";"System";"2025-03-21 02:44:47";"System"
"332404";"Patean";"Patean";"56448";"1802";"102";"2025-03-21 02:44:47";"System";"2025-03-21 02:44:47";"System"
"332405";"Singorojo";"Singorojo";"56448";"1802";"102";"2025-03-21 02:44:47";"System";"2025-03-21 02:44:47";"System"
"332406";"Limbangan";"Limbangan";"56448";"1802";"102";"2025-03-21 02:44:47";"System";"2025-03-21 02:44:47";"System"
"332407";"Boja";"Boja";"56448";"1802";"102";"2025-03-21 02:44:47";"System";"2025-03-21 02:44:47";"System"
"332408";"Kaliwungu";"Kaliwungu";"56448";"1802";"102";"2025-03-21 02:44:47";"System";"2025-03-21 02:44:47";"System"
"332409";"Brangsong";"Brangsong";"56448";"1802";"102";"2025-03-21 02:44:47";"System";"2025-03-21 02:44:47";"System"
"332410";"Pegandon";"Pegandon";"56448";"1802";"102";"2025-03-21 02:44:47";"System";"2025-03-21 02:44:47";"System"
"332411";"Gemuh";"Gemuh";"56448";"1802";"102";"2025-03-21 02:44:47";"System";"2025-03-21 02:44:47";"System"
"332412";"Weleri";"Weleri";"56448";"1802";"102";"2025-03-21 02:44:47";"System";"2025-03-21 02:44:47";"System"
"332413";"Cepiring";"Cepiring";"56448";"1802";"102";"2025-03-21 02:44:47";"System";"2025-03-21 02:44:47";"System"
"332414";"Patebon";"Patebon";"56448";"1802";"102";"2025-03-21 02:44:47";"System";"2025-03-21 02:44:47";"System"
"332415";"Kendal";"Kendal";"56448";"1802";"102";"2025-03-21 02:44:47";"System";"2025-03-21 02:44:47";"System"
"332416";"Rowosari";"Rowosari";"56448";"1802";"102";"2025-03-21 02:44:47";"System";"2025-03-21 02:44:47";"System"
"332417";"Kangkung";"Kangkung";"56448";"1802";"102";"2025-03-21 02:44:47";"System";"2025-03-21 02:44:47";"System"
"332418";"Ringinarum";"Ringinarum";"56448";"1802";"102";"2025-03-21 02:44:47";"System";"2025-03-21 02:44:47";"System"
"332419";"Ngampel";"Ngampel";"56448";"1802";"102";"2025-03-21 02:44:47";"System";"2025-03-21 02:44:47";"System"
"332420";"Kaliwungu Selatan";"Kaliwungu Selatan";"56448";"1802";"102";"2025-03-21 02:44:47";"System";"2025-03-21 02:44:47";"System"
"332501";"Wonotunggal";"Wonotunggal";"56346";"1802";"102";"2025-03-21 02:44:47";"System";"2025-03-21 02:44:47";"System"
"332502";"Bandar";"Bandar";"56346";"1802";"102";"2025-03-21 02:44:47";"System";"2025-03-21 02:44:47";"System"
"332503";"Blado";"Blado";"56346";"1802";"102";"2025-03-21 02:44:47";"System";"2025-03-21 02:44:47";"System"
"332504";"Reban";"Reban";"56346";"1802";"102";"2025-03-21 02:44:47";"System";"2025-03-21 02:44:47";"System"
"332505";"Bawang";"Bawang";"56346";"1802";"102";"2025-03-21 02:44:47";"System";"2025-03-21 02:44:47";"System"
"332506";"Tersono";"Tersono";"56346";"1802";"102";"2025-03-21 02:44:47";"System";"2025-03-21 02:44:47";"System"
"332507";"Gringsing";"Gringsing";"56346";"1802";"102";"2025-03-21 02:44:47";"System";"2025-03-21 02:44:47";"System"
"332508";"Limpung";"Limpung";"56346";"1802";"102";"2025-03-21 02:44:47";"System";"2025-03-21 02:44:47";"System"
"332509";"Subah";"Subah";"56346";"1802";"102";"2025-03-21 02:44:47";"System";"2025-03-21 02:44:47";"System"
"332510";"Tulis";"Tulis";"56346";"1802";"102";"2025-03-21 02:44:47";"System";"2025-03-21 02:44:47";"System"
"332511";"Batang";"Batang";"56346";"1802";"102";"2025-03-21 02:44:47";"System";"2025-03-21 02:44:47";"System"
"332512";"Warungasem";"Warungasem";"56346";"1802";"102";"2025-03-21 02:44:47";"System";"2025-03-21 02:44:47";"System"
"332513";"Kandeman";"Kandeman";"56346";"1802";"102";"2025-03-21 02:44:47";"System";"2025-03-21 02:44:47";"System"
"332514";"Pecalungan";"Pecalungan";"56346";"1802";"102";"2025-03-21 02:44:47";"System";"2025-03-21 02:44:47";"System"
"332515";"Banyuputih";"Banyuputih";"56346";"1802";"102";"2025-03-21 02:44:47";"System";"2025-03-21 02:44:47";"System"
"332601";"Kandangserang";"Kandangserang";"56585";"1802";"102";"2025-03-21 02:44:47";"System";"2025-03-21 02:44:47";"System"
"332602";"Paninggaran";"Paninggaran";"56585";"1802";"102";"2025-03-21 02:44:47";"System";"2025-03-21 02:44:47";"System"
"332603";"Lebakbarang";"Lebakbarang";"56585";"1802";"102";"2025-03-21 02:44:47";"System";"2025-03-21 02:44:47";"System"
"332604";"Petungkriyono";"Petungkriyono";"56585";"1802";"102";"2025-03-21 02:44:47";"System";"2025-03-21 02:44:47";"System"
"332605";"Talun";"Talun";"56585";"1802";"102";"2025-03-21 02:44:47";"System";"2025-03-21 02:44:47";"System"
"332606";"Doro";"Doro";"56585";"1802";"102";"2025-03-21 02:44:47";"System";"2025-03-21 02:44:47";"System"
"332607";"Karanganyar";"Karanganyar";"56585";"1802";"102";"2025-03-21 02:44:47";"System";"2025-03-21 02:44:47";"System"
"332608";"Kajen";"Kajen";"56585";"1802";"102";"2025-03-21 02:44:47";"System";"2025-03-21 02:44:47";"System"
"332609";"Kesesi";"Kesesi";"56585";"1802";"102";"2025-03-21 02:44:47";"System";"2025-03-21 02:44:47";"System"
"332610";"Sragi";"Sragi";"56585";"1802";"102";"2025-03-21 02:44:47";"System";"2025-03-21 02:44:47";"System"
"332611";"Bojong";"Bojong";"56585";"1802";"102";"2025-03-21 02:44:47";"System";"2025-03-21 02:44:47";"System"
"332612";"Wonopringgo";"Wonopringgo";"56585";"1802";"102";"2025-03-21 02:44:47";"System";"2025-03-21 02:44:47";"System"
"332613";"Kedungwuni";"Kedungwuni";"56585";"1802";"102";"2025-03-21 02:44:47";"System";"2025-03-21 02:44:47";"System"
"332614";"Buaran";"Buaran";"56585";"1802";"102";"2025-03-21 02:44:47";"System";"2025-03-21 02:44:47";"System"
"332615";"Tirto";"Tirto";"56585";"1802";"102";"2025-03-21 02:44:47";"System";"2025-03-21 02:44:47";"System"
"332616";"Wiradesa";"Wiradesa";"56585";"1802";"102";"2025-03-21 02:44:47";"System";"2025-03-21 02:44:47";"System"
"332617";"Siwalan";"Siwalan";"56585";"1802";"102";"2025-03-21 02:44:47";"System";"2025-03-21 02:44:47";"System"
"332618";"Karangdadap";"Karangdadap";"56585";"1802";"102";"2025-03-21 02:44:47";"System";"2025-03-21 02:44:47";"System"
"332619";"Wonokerto";"Wonokerto";"56585";"1802";"102";"2025-03-21 02:44:47";"System";"2025-03-21 02:44:47";"System"
"332701";"Moga";"Moga";"56587";"1802";"102";"2025-03-21 02:44:47";"System";"2025-03-21 02:44:47";"System"
"332702";"Pulosari";"Pulosari";"56587";"1802";"102";"2025-03-21 02:44:47";"System";"2025-03-21 02:44:47";"System"
"332703";"Belik";"Belik";"56587";"1802";"102";"2025-03-21 02:44:47";"System";"2025-03-21 02:44:47";"System"
"332704";"Watukumpul";"Watukumpul";"56587";"1802";"102";"2025-03-21 02:44:47";"System";"2025-03-21 02:44:47";"System"
"332705";"Bodeh";"Bodeh";"56587";"1802";"102";"2025-03-21 02:44:47";"System";"2025-03-21 02:44:47";"System"
"332706";"Bantarbolang";"Bantarbolang";"56587";"1802";"102";"2025-03-21 02:44:47";"System";"2025-03-21 02:44:47";"System"
"332707";"Randudongkal";"Randudongkal";"56587";"1802";"102";"2025-03-21 02:44:47";"System";"2025-03-21 02:44:47";"System"
"332708";"Pemalang";"Pemalang";"56587";"1802";"102";"2025-03-21 02:44:47";"System";"2025-03-21 02:44:47";"System"
"332709";"Taman";"Taman";"56587";"1802";"102";"2025-03-21 02:44:47";"System";"2025-03-21 02:44:47";"System"
"332710";"Petarukan";"Petarukan";"56587";"1802";"102";"2025-03-21 02:44:47";"System";"2025-03-21 02:44:47";"System"
"332711";"Ampelgading";"Ampelgading";"56587";"1802";"102";"2025-03-21 02:44:47";"System";"2025-03-21 02:44:47";"System"
"332712";"Comal";"Comal";"56587";"1802";"102";"2025-03-21 02:44:47";"System";"2025-03-21 02:44:47";"System"
"332713";"Ulujami";"Ulujami";"56587";"1802";"102";"2025-03-21 02:44:47";"System";"2025-03-21 02:44:47";"System"
"332714";"Warungpring";"Warungpring";"56587";"1802";"102";"2025-03-21 02:44:47";"System";"2025-03-21 02:44:47";"System"
"332801";"Margasari";"Margasari";"56676";"1802";"102";"2025-03-21 02:44:47";"System";"2025-03-21 02:44:47";"System"
"332802";"Bumijawa";"Bumijawa";"56676";"1802";"102";"2025-03-21 02:44:47";"System";"2025-03-21 02:44:47";"System"
"332803";"Bojong";"Bojong";"56676";"1802";"102";"2025-03-21 02:44:47";"System";"2025-03-21 02:44:47";"System"
"332804";"Balapulang";"Balapulang";"56676";"1802";"102";"2025-03-21 02:44:47";"System";"2025-03-21 02:44:47";"System"
"332805";"Pagerbarang";"Pagerbarang";"56676";"1802";"102";"2025-03-21 02:44:47";"System";"2025-03-21 02:44:47";"System"
"332806";"Lebaksiu";"Lebaksiu";"56676";"1802";"102";"2025-03-21 02:44:47";"System";"2025-03-21 02:44:47";"System"
"332807";"Jatinegara";"Jatinegara";"56676";"1802";"102";"2025-03-21 02:44:47";"System";"2025-03-21 02:44:47";"System"
"332808";"Kedungbanteng";"Kedungbanteng";"56676";"1802";"102";"2025-03-21 02:44:47";"System";"2025-03-21 02:44:47";"System"
"332809";"Pangkah";"Pangkah";"56676";"1802";"102";"2025-03-21 02:44:47";"System";"2025-03-21 02:44:47";"System"
"332810";"Slawi";"Slawi";"56676";"1802";"102";"2025-03-21 02:44:47";"System";"2025-03-21 02:44:47";"System"
"332811";"Adiwerna";"Adiwerna";"56676";"1802";"102";"2025-03-21 02:44:47";"System";"2025-03-21 02:44:47";"System"
"332812";"Talang";"Talang";"56676";"1802";"102";"2025-03-21 02:44:47";"System";"2025-03-21 02:44:47";"System"
"332813";"Dukuhturi";"Dukuhturi";"56676";"1802";"102";"2025-03-21 02:44:47";"System";"2025-03-21 02:44:47";"System"
"332814";"Tarub";"Tarub";"56676";"1802";"102";"2025-03-21 02:44:47";"System";"2025-03-21 02:44:47";"System"
"332815";"Kramat";"Kramat";"56676";"1802";"102";"2025-03-21 02:44:47";"System";"2025-03-21 02:44:47";"System"
"332816";"Suradadi";"Suradadi";"56676";"1802";"102";"2025-03-21 02:44:47";"System";"2025-03-21 02:44:47";"System"
"332817";"Warureja";"Warureja";"56676";"1802";"102";"2025-03-21 02:44:47";"System";"2025-03-21 02:44:47";"System"
"332818";"Dukuhwaru";"Dukuhwaru";"56676";"1802";"102";"2025-03-21 02:44:47";"System";"2025-03-21 02:44:47";"System"
"332901";"Salem";"Salem";"56378";"1802";"102";"2025-03-21 02:44:47";"System";"2025-03-21 02:44:47";"System"
"332902";"Bantarkawung";"Bantarkawung";"56378";"1802";"102";"2025-03-21 02:44:47";"System";"2025-03-21 02:44:47";"System"
"332903";"Bumiayu";"Bumiayu";"56378";"1802";"102";"2025-03-21 02:44:47";"System";"2025-03-21 02:44:47";"System"
"332904";"Paguyangan";"Paguyangan";"56378";"1802";"102";"2025-03-21 02:44:47";"System";"2025-03-21 02:44:47";"System"
"332905";"Sirampog";"Sirampog";"56378";"1802";"102";"2025-03-21 02:44:47";"System";"2025-03-21 02:44:47";"System"
"332906";"Tonjong";"Tonjong";"56378";"1802";"102";"2025-03-21 02:44:47";"System";"2025-03-21 02:44:47";"System"
"332907";"Jatibarang";"Jatibarang";"56378";"1802";"102";"2025-03-21 02:44:47";"System";"2025-03-21 02:44:47";"System"
"332908";"Wanasari";"Wanasari";"56378";"1802";"102";"2025-03-21 02:44:47";"System";"2025-03-21 02:44:47";"System"
"332909";"Brebes";"Brebes";"56378";"1802";"102";"2025-03-21 02:44:47";"System";"2025-03-21 02:44:47";"System"
"332910";"Songgom";"Songgom";"56378";"1802";"102";"2025-03-21 02:44:47";"System";"2025-03-21 02:44:47";"System"
"332911";"Kersana";"Kersana";"56378";"1802";"102";"2025-03-21 02:44:47";"System";"2025-03-21 02:44:47";"System"
"332912";"Losari";"Losari";"56378";"1802";"102";"2025-03-21 02:44:47";"System";"2025-03-21 02:44:47";"System"
"332913";"Tanjung";"Tanjung";"56378";"1802";"102";"2025-03-21 02:44:47";"System";"2025-03-21 02:44:47";"System"
"332914";"Bulakamba";"Bulakamba";"56378";"1802";"102";"2025-03-21 02:44:47";"System";"2025-03-21 02:44:47";"System"
"332915";"Larangan";"Larangan";"56378";"1802";"102";"2025-03-21 02:44:47";"System";"2025-03-21 02:44:47";"System"
"332916";"Ketanggungan";"Ketanggungan";"56378";"1802";"102";"2025-03-21 02:44:47";"System";"2025-03-21 02:44:47";"System"
"332917";"Banjarharjo";"Banjarharjo";"56378";"1802";"102";"2025-03-21 02:44:47";"System";"2025-03-21 02:44:47";"System"
"337101";"Magelang Selatan";"Magelang Selatan";"56765";"1802";"102";"2025-03-21 02:44:47";"System";"2025-03-21 02:44:47";"System"
"337102";"Magelang Utara";"Magelang Utara";"56765";"1802";"102";"2025-03-21 02:44:47";"System";"2025-03-21 02:44:47";"System"
"337103";"Magelang Tengah";"Magelang Tengah";"56765";"1802";"102";"2025-03-21 02:44:47";"System";"2025-03-21 02:44:47";"System"
"337201";"Laweyan";"Laweyan";"56804";"1802";"102";"2025-03-21 02:44:47";"System";"2025-03-21 02:44:47";"System"
"337202";"Serengan";"Serengan";"56804";"1802";"102";"2025-03-21 02:44:47";"System";"2025-03-21 02:44:47";"System"
"337203";"Pasar Kliwon";"Pasar Kliwon";"56804";"1802";"102";"2025-03-21 02:44:47";"System";"2025-03-21 02:44:47";"System"
"337204";"Jebres";"Jebres";"56804";"1802";"102";"2025-03-21 02:44:47";"System";"2025-03-21 02:44:47";"System"
"337205";"Banjarsari";"Banjarsari";"56804";"1802";"102";"2025-03-21 02:44:47";"System";"2025-03-21 02:44:47";"System"
"337301";"Sidorejo";"Sidorejo";"56792";"1802";"102";"2025-03-21 02:44:47";"System";"2025-03-21 02:44:47";"System"
"337302";"Tingkir";"Tingkir";"56792";"1802";"102";"2025-03-21 02:44:47";"System";"2025-03-21 02:44:47";"System"
"337303";"Argomulyo";"Argomulyo";"56792";"1802";"102";"2025-03-21 02:44:47";"System";"2025-03-21 02:44:47";"System"
"337304";"Sidomukti";"Sidomukti";"56792";"1802";"102";"2025-03-21 02:44:47";"System";"2025-03-21 02:44:47";"System"
"337401";"Semarang Tengah";"Semarang Tengah";"56795";"1802";"102";"2025-03-21 02:44:47";"System";"2025-03-21 02:44:47";"System"
"337402";"Semarang Utara";"Semarang Utara";"56795";"1802";"102";"2025-03-21 02:44:47";"System";"2025-03-21 02:44:47";"System"
"337403";"Semarang Timur";"Semarang Timur";"56795";"1802";"102";"2025-03-21 02:44:47";"System";"2025-03-21 02:44:47";"System"
"337404";"Gayamsari";"Gayamsari";"56795";"1802";"102";"2025-03-21 02:44:47";"System";"2025-03-21 02:44:47";"System"
"337405";"Genuk";"Genuk";"56795";"1802";"102";"2025-03-21 02:44:47";"System";"2025-03-21 02:44:47";"System"
"337406";"Pedurungan";"Pedurungan";"56795";"1802";"102";"2025-03-21 02:44:47";"System";"2025-03-21 02:44:47";"System"
"337407";"Semarang Selatan";"Semarang Selatan";"56795";"1802";"102";"2025-03-21 02:44:47";"System";"2025-03-21 02:44:47";"System"
"337408";"Candisari";"Candisari";"56795";"1802";"102";"2025-03-21 02:44:47";"System";"2025-03-21 02:44:47";"System"
"337409";"Gajahmungkur";"Gajahmungkur";"56795";"1802";"102";"2025-03-21 02:44:47";"System";"2025-03-21 02:44:47";"System"
"337410";"Tembalang";"Tembalang";"56795";"1802";"102";"2025-03-21 02:44:47";"System";"2025-03-21 02:44:47";"System"
"337411";"Banyumanik";"Banyumanik";"56795";"1802";"102";"2025-03-21 02:44:47";"System";"2025-03-21 02:44:47";"System"
"337412";"Gunungpati";"Gunungpati";"56795";"1802";"102";"2025-03-21 02:44:47";"System";"2025-03-21 02:44:47";"System"
"337413";"Semarang Barat";"Semarang Barat";"56795";"1802";"102";"2025-03-21 02:44:47";"System";"2025-03-21 02:44:47";"System"
"337414";"Mijen";"Mijen";"56795";"1802";"102";"2025-03-21 02:44:47";"System";"2025-03-21 02:44:47";"System"
"337415";"Ngaliyan";"Ngaliyan";"56795";"1802";"102";"2025-03-21 02:44:47";"System";"2025-03-21 02:44:47";"System"
"337416";"Tugu";"Tugu";"56795";"1802";"102";"2025-03-21 02:44:47";"System";"2025-03-21 02:44:47";"System"
"337501";"Pekalongan Barat";"Pekalongan Barat";"56786";"1802";"102";"2025-03-21 02:44:47";"System";"2025-03-21 02:44:47";"System"
"337502";"Pekalongan Timur";"Pekalongan Timur";"56786";"1802";"102";"2025-03-21 02:44:47";"System";"2025-03-21 02:44:47";"System"
"337503";"Pekalongan Utara";"Pekalongan Utara";"56786";"1802";"102";"2025-03-21 02:44:47";"System";"2025-03-21 02:44:47";"System"
"337504";"Pekalongan Selatan";"Pekalongan Selatan";"56786";"1802";"102";"2025-03-21 02:44:47";"System";"2025-03-21 02:44:47";"System"
"337601";"Tegal Barat";"Tegal Barat";"56811";"1802";"102";"2025-03-21 02:44:47";"System";"2025-03-21 02:44:47";"System"
"337602";"Tegal Timur";"Tegal Timur";"56811";"1802";"102";"2025-03-21 02:44:47";"System";"2025-03-21 02:44:47";"System"
"337603";"Tegal Selatan";"Tegal Selatan";"56811";"1802";"102";"2025-03-21 02:44:47";"System";"2025-03-21 02:44:47";"System"
"337604";"Margadana";"Margadana";"56811";"1802";"102";"2025-03-21 02:44:47";"System";"2025-03-21 02:44:47";"System"
"340101";"Temon";"Temon";"56473";"1829";"102";"2025-03-21 02:44:47";"System";"2025-03-21 02:44:47";"System"
"340102";"Wates";"Wates";"56473";"1829";"102";"2025-03-21 02:44:47";"System";"2025-03-21 02:44:47";"System"
"340103";"Panjatan";"Panjatan";"56473";"1829";"102";"2025-03-21 02:44:47";"System";"2025-03-21 02:44:47";"System"
"340104";"Galur";"Galur";"56473";"1829";"102";"2025-03-21 02:44:47";"System";"2025-03-21 02:44:47";"System"
"340105";"Lendah";"Lendah";"56473";"1829";"102";"2025-03-21 02:44:47";"System";"2025-03-21 02:44:47";"System"
"340106";"Sentolo";"Sentolo";"56473";"1829";"102";"2025-03-21 02:44:47";"System";"2025-03-21 02:44:47";"System"
"340107";"Pengasih";"Pengasih";"56473";"1829";"102";"2025-03-21 02:44:47";"System";"2025-03-21 02:44:47";"System"
"340108";"Kokap";"Kokap";"56473";"1829";"102";"2025-03-21 02:44:47";"System";"2025-03-21 02:44:47";"System"
"340109";"Girimulyo";"Girimulyo";"56473";"1829";"102";"2025-03-21 02:44:47";"System";"2025-03-21 02:44:47";"System"
"340110";"Nanggulan";"Nanggulan";"56473";"1829";"102";"2025-03-21 02:44:47";"System";"2025-03-21 02:44:47";"System"
"340111";"Samigaluh";"Samigaluh";"56473";"1829";"102";"2025-03-21 02:44:47";"System";"2025-03-21 02:44:47";"System"
"340112";"Kalibawang";"Kalibawang";"56473";"1829";"102";"2025-03-21 02:44:47";"System";"2025-03-21 02:44:47";"System"
"340201";"Srandakan";"Srandakan";"56338";"1829";"102";"2025-03-21 02:44:47";"System";"2025-03-21 02:44:47";"System"
"340202";"Sanden";"Sanden";"56338";"1829";"102";"2025-03-21 02:44:47";"System";"2025-03-21 02:44:47";"System"
"340203";"Kretek";"Kretek";"56338";"1829";"102";"2025-03-21 02:44:47";"System";"2025-03-21 02:44:47";"System"
"340204";"Pundong";"Pundong";"56338";"1829";"102";"2025-03-21 02:44:47";"System";"2025-03-21 02:44:47";"System"
"340205";"Bambang Lipuro";"Bambang Lipuro";"56338";"1829";"102";"2025-03-21 02:44:47";"System";"2025-03-21 02:44:47";"System"
"340206";"Pandak";"Pandak";"56338";"1829";"102";"2025-03-21 02:44:47";"System";"2025-03-21 02:44:47";"System"
"340207";"Pajangan";"Pajangan";"56338";"1829";"102";"2025-03-21 02:44:47";"System";"2025-03-21 02:44:47";"System"
"340208";"Bantul";"Bantul";"56338";"1829";"102";"2025-03-21 02:44:47";"System";"2025-03-21 02:44:47";"System"
"340209";"Jetis";"Jetis";"56338";"1829";"102";"2025-03-21 02:44:47";"System";"2025-03-21 02:44:47";"System"
"340210";"Imogiri";"Imogiri";"56338";"1829";"102";"2025-03-21 02:44:47";"System";"2025-03-21 02:44:47";"System"
"340211";"Dlingo";"Dlingo";"56338";"1829";"102";"2025-03-21 02:44:47";"System";"2025-03-21 02:44:47";"System"
"340212";"Banguntapan";"Banguntapan";"56338";"1829";"102";"2025-03-21 02:44:47";"System";"2025-03-21 02:44:47";"System"
"340213";"Pleret";"Pleret";"56338";"1829";"102";"2025-03-21 02:44:47";"System";"2025-03-21 02:44:47";"System"
"340214";"Piyungan";"Piyungan";"56338";"1829";"102";"2025-03-21 02:44:47";"System";"2025-03-21 02:44:47";"System"
"340215";"Sewon";"Sewon";"56338";"1829";"102";"2025-03-21 02:44:47";"System";"2025-03-21 02:44:47";"System"
"340216";"Kasihan";"Kasihan";"56338";"1829";"102";"2025-03-21 02:44:47";"System";"2025-03-21 02:44:47";"System"
"340217";"Sedayu";"Sedayu";"56338";"1829";"102";"2025-03-21 02:44:47";"System";"2025-03-21 02:44:47";"System"
"340301";"Wonosari";"Wonosari";"56414";"1829";"102";"2025-03-21 02:44:47";"System";"2025-03-21 02:44:47";"System"
"340302";"Nglipar";"Nglipar";"56414";"1829";"102";"2025-03-21 02:44:47";"System";"2025-03-21 02:44:47";"System"
"340303";"Playen";"Playen";"56414";"1829";"102";"2025-03-21 02:44:47";"System";"2025-03-21 02:44:47";"System"
"340304";"Patuk";"Patuk";"56414";"1829";"102";"2025-03-21 02:44:47";"System";"2025-03-21 02:44:47";"System"
"340305";"Paliyan";"Paliyan";"56414";"1829";"102";"2025-03-21 02:44:47";"System";"2025-03-21 02:44:47";"System"
"340306";"Panggang";"Panggang";"56414";"1829";"102";"2025-03-21 02:44:47";"System";"2025-03-21 02:44:47";"System"
"340307";"Tepus";"Tepus";"56414";"1829";"102";"2025-03-21 02:44:47";"System";"2025-03-21 02:44:47";"System"
"340308";"Semanu";"Semanu";"56414";"1829";"102";"2025-03-21 02:44:47";"System";"2025-03-21 02:44:47";"System"
"340309";"Karangmojo";"Karangmojo";"56414";"1829";"102";"2025-03-21 02:44:47";"System";"2025-03-21 02:44:47";"System"
"340310";"Ponjong";"Ponjong";"56414";"1829";"102";"2025-03-21 02:44:47";"System";"2025-03-21 02:44:47";"System"
"340311";"Rongkop";"Rongkop";"56414";"1829";"102";"2025-03-21 02:44:47";"System";"2025-03-21 02:44:47";"System"
"340312";"Semin";"Semin";"56414";"1829";"102";"2025-03-21 02:44:47";"System";"2025-03-21 02:44:47";"System"
"340313";"Ngawen";"Ngawen";"56414";"1829";"102";"2025-03-21 02:44:47";"System";"2025-03-21 02:44:47";"System"
"340314";"Gedangsari";"Gedangsari";"56414";"1829";"102";"2025-03-21 02:44:47";"System";"2025-03-21 02:44:47";"System"
"340315";"Saptosari";"Saptosari";"56414";"1829";"102";"2025-03-21 02:44:47";"System";"2025-03-21 02:44:47";"System"
"340316";"Girisubo";"Girisubo";"56414";"1829";"102";"2025-03-21 02:44:47";"System";"2025-03-21 02:44:47";"System"
"340317";"Tanjungsari";"Tanjungsari";"56414";"1829";"102";"2025-03-21 02:44:47";"System";"2025-03-21 02:44:47";"System"
"340318";"Purwosari";"Purwosari";"56414";"1829";"102";"2025-03-21 02:44:47";"System";"2025-03-21 02:44:47";"System"
"340401";"Gamping";"Gamping";"56637";"1829";"102";"2025-03-21 02:44:47";"System";"2025-03-21 02:44:47";"System"
"340402";"Godean";"Godean";"56637";"1829";"102";"2025-03-21 02:44:47";"System";"2025-03-21 02:44:47";"System"
"340403";"Moyudan";"Moyudan";"56637";"1829";"102";"2025-03-21 02:44:47";"System";"2025-03-21 02:44:47";"System"
"340404";"Minggir";"Minggir";"56637";"1829";"102";"2025-03-21 02:44:47";"System";"2025-03-21 02:44:47";"System"
"340405";"Seyegan";"Seyegan";"56637";"1829";"102";"2025-03-21 02:44:47";"System";"2025-03-21 02:44:47";"System"
"340406";"Mlati";"Mlati";"56637";"1829";"102";"2025-03-21 02:44:47";"System";"2025-03-21 02:44:47";"System"
"340407";"Depok";"Depok";"56637";"1829";"102";"2025-03-21 02:44:47";"System";"2025-03-21 02:44:47";"System"
"340408";"Berbah";"Berbah";"56637";"1829";"102";"2025-03-21 02:44:47";"System";"2025-03-21 02:44:47";"System"
"340409";"Prambanan";"Prambanan";"56637";"1829";"102";"2025-03-21 02:44:47";"System";"2025-03-21 02:44:47";"System"
"340410";"Kalasan";"Kalasan";"56637";"1829";"102";"2025-03-21 02:44:47";"System";"2025-03-21 02:44:47";"System"
"340411";"Ngemplak";"Ngemplak";"56637";"1829";"102";"2025-03-21 02:44:47";"System";"2025-03-21 02:44:47";"System"
"340412";"Ngaglik";"Ngaglik";"56637";"1829";"102";"2025-03-21 02:44:47";"System";"2025-03-21 02:44:47";"System"
"340413";"Sleman";"Sleman";"56637";"1829";"102";"2025-03-21 02:44:47";"System";"2025-03-21 02:44:47";"System"
"340414";"Tempel";"Tempel";"56637";"1829";"102";"2025-03-21 02:44:47";"System";"2025-03-21 02:44:47";"System"
"340415";"Turi";"Turi";"56637";"1829";"102";"2025-03-21 02:44:47";"System";"2025-03-21 02:44:47";"System"
"340416";"Pakem";"Pakem";"56637";"1829";"102";"2025-03-21 02:44:47";"System";"2025-03-21 02:44:47";"System"
"340417";"Cangkringan";"Cangkringan";"56637";"1829";"102";"2025-03-21 02:44:47";"System";"2025-03-21 02:44:47";"System"
"347101";"Tegalrejo";"Tegalrejo";"56816";"1829";"102";"2025-03-21 02:44:47";"System";"2025-03-21 02:44:47";"System"
"347102";"Jetis";"Jetis";"56816";"1829";"102";"2025-03-21 02:44:47";"System";"2025-03-21 02:44:47";"System"
"347103";"Gondokusuman";"Gondokusuman";"56816";"1829";"102";"2025-03-21 02:44:47";"System";"2025-03-21 02:44:47";"System"
"347104";"Danurejan";"Danurejan";"56816";"1829";"102";"2025-03-21 02:44:47";"System";"2025-03-21 02:44:47";"System"
"347105";"Gedongtengen";"Gedongtengen";"56816";"1829";"102";"2025-03-21 02:44:47";"System";"2025-03-21 02:44:47";"System"
"347106";"Ngampilan";"Ngampilan";"56816";"1829";"102";"2025-03-21 02:44:47";"System";"2025-03-21 02:44:47";"System"
"347107";"Wirobrajan";"Wirobrajan";"56816";"1829";"102";"2025-03-21 02:44:47";"System";"2025-03-21 02:44:47";"System"
"347108";"Mantrijeron";"Mantrijeron";"56816";"1829";"102";"2025-03-21 02:44:47";"System";"2025-03-21 02:44:47";"System"
"347109";"Kraton";"Kraton";"56816";"1829";"102";"2025-03-21 02:44:47";"System";"2025-03-21 02:44:47";"System"
"347110";"Gondomanan";"Gondomanan";"56816";"1829";"102";"2025-03-21 02:44:47";"System";"2025-03-21 02:44:47";"System"
"347111";"Pakualaman";"Pakualaman";"56816";"1829";"102";"2025-03-21 02:44:47";"System";"2025-03-21 02:44:47";"System"
"347112";"Mergangsan";"Mergangsan";"56816";"1829";"102";"2025-03-21 02:44:47";"System";"2025-03-21 02:44:47";"System"
"347113";"Umbulharjo";"Umbulharjo";"56816";"1829";"102";"2025-03-21 02:44:47";"System";"2025-03-21 02:44:47";"System"
"347114";"Kotagede";"Kotagede";"56816";"1829";"102";"2025-03-21 02:44:47";"System";"2025-03-21 02:44:47";"System"
"350101";"Donorojo";"Donorojo";"56568";"1827";"102";"2025-03-21 02:44:47";"System";"2025-03-21 02:44:47";"System"
"350102";"Pringkuku";"Pringkuku";"56568";"1827";"102";"2025-03-21 02:44:47";"System";"2025-03-21 02:44:47";"System"
"350103";"Punung";"Punung";"56568";"1827";"102";"2025-03-21 02:44:47";"System";"2025-03-21 02:44:47";"System"
"350104";"Pacitan";"Pacitan";"56568";"1827";"102";"2025-03-21 02:44:47";"System";"2025-03-21 02:44:47";"System"
"350105";"Kebonagung";"Kebonagung";"56568";"1827";"102";"2025-03-21 02:44:47";"System";"2025-03-21 02:44:47";"System"
"350106";"Arjosari";"Arjosari";"56568";"1827";"102";"2025-03-21 02:44:47";"System";"2025-03-21 02:44:47";"System"
"350107";"Nawangan";"Nawangan";"56568";"1827";"102";"2025-03-21 02:44:47";"System";"2025-03-21 02:44:47";"System"
"350108";"Bandar";"Bandar";"56568";"1827";"102";"2025-03-21 02:44:47";"System";"2025-03-21 02:44:47";"System"
"350109";"Tegalombo";"Tegalombo";"56568";"1827";"102";"2025-03-21 02:44:47";"System";"2025-03-21 02:44:47";"System"
"350110";"Tulakan";"Tulakan";"56568";"1827";"102";"2025-03-21 02:44:47";"System";"2025-03-21 02:44:47";"System"
"350111";"Ngadirojo";"Ngadirojo";"56568";"1827";"102";"2025-03-21 02:44:47";"System";"2025-03-21 02:44:47";"System"
"350112";"Sudimoro";"Sudimoro";"56568";"1827";"102";"2025-03-21 02:44:47";"System";"2025-03-21 02:44:47";"System"
"350201";"Slahung";"Slahung";"56597";"1827";"102";"2025-03-21 02:44:47";"System";"2025-03-21 02:44:47";"System"
"350202";"Ngrayun";"Ngrayun";"56597";"1827";"102";"2025-03-21 02:44:47";"System";"2025-03-21 02:44:47";"System"
"350203";"Bungkal";"Bungkal";"56597";"1827";"102";"2025-03-21 02:44:47";"System";"2025-03-21 02:44:47";"System"
"350204";"Sambit";"Sambit";"56597";"1827";"102";"2025-03-21 02:44:47";"System";"2025-03-21 02:44:47";"System"
"350205";"Sawoo";"Sawoo";"56597";"1827";"102";"2025-03-21 02:44:47";"System";"2025-03-21 02:44:47";"System"
"350206";"Sooko";"Sooko";"56597";"1827";"102";"2025-03-21 02:44:47";"System";"2025-03-21 02:44:47";"System"
"350207";"Pulung";"Pulung";"56597";"1827";"102";"2025-03-21 02:44:47";"System";"2025-03-21 02:44:47";"System"
"350208";"Mlarak";"Mlarak";"56597";"1827";"102";"2025-03-21 02:44:47";"System";"2025-03-21 02:44:47";"System"
"350209";"Jetis";"Jetis";"56597";"1827";"102";"2025-03-21 02:44:47";"System";"2025-03-21 02:44:47";"System"
"350210";"Siman";"Siman";"56597";"1827";"102";"2025-03-21 02:44:47";"System";"2025-03-21 02:44:47";"System"
"350211";"Balong";"Balong";"56597";"1827";"102";"2025-03-21 02:44:47";"System";"2025-03-21 02:44:47";"System"
"350212";"Kauman";"Kauman";"56597";"1827";"102";"2025-03-21 02:44:47";"System";"2025-03-21 02:44:47";"System"
"350213";"Badegan";"Badegan";"56597";"1827";"102";"2025-03-21 02:44:47";"System";"2025-03-21 02:44:47";"System"
"350214";"Sampung";"Sampung";"56597";"1827";"102";"2025-03-21 02:44:47";"System";"2025-03-21 02:44:47";"System"
"350215";"Sukorejo";"Sukorejo";"56597";"1827";"102";"2025-03-21 02:44:47";"System";"2025-03-21 02:44:47";"System"
"350216";"Babadan";"Babadan";"56597";"1827";"102";"2025-03-21 02:44:47";"System";"2025-03-21 02:44:47";"System"
"350217";"Ponorogo";"Ponorogo";"56597";"1827";"102";"2025-03-21 02:44:47";"System";"2025-03-21 02:44:47";"System"
"350218";"Jenangan";"Jenangan";"56597";"1827";"102";"2025-03-21 02:44:47";"System";"2025-03-21 02:44:47";"System"
"350219";"Ngebel";"Ngebel";"56597";"1827";"102";"2025-03-21 02:44:47";"System";"2025-03-21 02:44:47";"System"
"350220";"Jambon";"Jambon";"56597";"1827";"102";"2025-03-21 02:44:47";"System";"2025-03-21 02:44:47";"System"
"350221";"Pudak";"Pudak";"56597";"1827";"102";"2025-03-21 02:44:47";"System";"2025-03-21 02:44:47";"System"
"350301";"Panggul";"Panggul";"56685";"1827";"102";"2025-03-21 02:44:47";"System";"2025-03-21 02:44:47";"System"
"350302";"Munjungan";"Munjungan";"56685";"1827";"102";"2025-03-21 02:44:47";"System";"2025-03-21 02:44:47";"System"
"350303";"Pule";"Pule";"56685";"1827";"102";"2025-03-21 02:44:47";"System";"2025-03-21 02:44:47";"System"
"350304";"Dongko";"Dongko";"56685";"1827";"102";"2025-03-21 02:44:47";"System";"2025-03-21 02:44:47";"System"
"350305";"Tugu";"Tugu";"56685";"1827";"102";"2025-03-21 02:44:47";"System";"2025-03-21 02:44:47";"System"
"350306";"Karangan";"Karangan";"56685";"1827";"102";"2025-03-21 02:44:47";"System";"2025-03-21 02:44:47";"System"
"350307";"Kampak";"Kampak";"56685";"1827";"102";"2025-03-21 02:44:47";"System";"2025-03-21 02:44:47";"System"
"350308";"Watulimo";"Watulimo";"56685";"1827";"102";"2025-03-21 02:44:47";"System";"2025-03-21 02:44:47";"System"
"350309";"Bendungan";"Bendungan";"56685";"1827";"102";"2025-03-21 02:44:47";"System";"2025-03-21 02:44:47";"System"
"350310";"Gandusari";"Gandusari";"56685";"1827";"102";"2025-03-21 02:44:47";"System";"2025-03-21 02:44:47";"System"
"350311";"Trenggalek";"Trenggalek";"56685";"1827";"102";"2025-03-21 02:44:47";"System";"2025-03-21 02:44:47";"System"
"350312";"Pogalan";"Pogalan";"56685";"1827";"102";"2025-03-21 02:44:47";"System";"2025-03-21 02:44:47";"System"
"350313";"Durenan";"Durenan";"56685";"1827";"102";"2025-03-21 02:44:47";"System";"2025-03-21 02:44:47";"System"
"350314";"Suruh";"Suruh";"56685";"1827";"102";"2025-03-21 02:44:47";"System";"2025-03-21 02:44:47";"System"
"350401";"Tulungagung";"Tulungagung";"56688";"1827";"102";"2025-03-21 02:44:47";"System";"2025-03-21 02:44:47";"System"
"350402";"Boyolangu";"Boyolangu";"56688";"1827";"102";"2025-03-21 02:44:47";"System";"2025-03-21 02:44:47";"System"
"350403";"Kedungwaru";"Kedungwaru";"56688";"1827";"102";"2025-03-21 02:44:47";"System";"2025-03-21 02:44:47";"System"
"350404";"Ngantru";"Ngantru";"56688";"1827";"102";"2025-03-21 02:44:47";"System";"2025-03-21 02:44:47";"System"
"350405";"Kauman";"Kauman";"56688";"1827";"102";"2025-03-21 02:44:47";"System";"2025-03-21 02:44:47";"System"
"350406";"Pagerwojo";"Pagerwojo";"56688";"1827";"102";"2025-03-21 02:44:47";"System";"2025-03-21 02:44:47";"System"
"350407";"Sendang";"Sendang";"56688";"1827";"102";"2025-03-21 02:44:47";"System";"2025-03-21 02:44:47";"System"
"350408";"Karangrejo";"Karangrejo";"56688";"1827";"102";"2025-03-21 02:44:47";"System";"2025-03-21 02:44:47";"System"
"350409";"Gondang";"Gondang";"56688";"1827";"102";"2025-03-21 02:44:47";"System";"2025-03-21 02:44:47";"System"
"350410";"Sumbergempol";"Sumbergempol";"56688";"1827";"102";"2025-03-21 02:44:47";"System";"2025-03-21 02:44:47";"System"
"350411";"Ngunut";"Ngunut";"56688";"1827";"102";"2025-03-21 02:44:47";"System";"2025-03-21 02:44:47";"System"
"350412";"Pucanglaban";"Pucanglaban";"56688";"1827";"102";"2025-03-21 02:44:47";"System";"2025-03-21 02:44:47";"System"
"350413";"Rejotangan";"Rejotangan";"56688";"1827";"102";"2025-03-21 02:44:47";"System";"2025-03-21 02:44:47";"System"
"350414";"Kalidawir";"Kalidawir";"56688";"1827";"102";"2025-03-21 02:44:47";"System";"2025-03-21 02:44:47";"System"
"350415";"Besuki";"Besuki";"56688";"1827";"102";"2025-03-21 02:44:47";"System";"2025-03-21 02:44:47";"System"
"350416";"Campurdarat";"Campurdarat";"56688";"1827";"102";"2025-03-21 02:44:47";"System";"2025-03-21 02:44:47";"System"
"350417";"Bandung";"Bandung";"56688";"1827";"102";"2025-03-21 02:44:47";"System";"2025-03-21 02:44:47";"System"
"350418";"Pakel";"Pakel";"56688";"1827";"102";"2025-03-21 02:44:47";"System";"2025-03-21 02:44:47";"System"
"350419";"Tanggunggunung";"Tanggunggunung";"56688";"1827";"102";"2025-03-21 02:44:47";"System";"2025-03-21 02:44:47";"System"
"350501";"Wonodadi";"Wonodadi";"56363";"1827";"102";"2025-03-21 02:44:47";"System";"2025-03-21 02:44:47";"System"
"350502";"Udanawu";"Udanawu";"56363";"1827";"102";"2025-03-21 02:44:47";"System";"2025-03-21 02:44:47";"System"
"350503";"Srengat";"Srengat";"56363";"1827";"102";"2025-03-21 02:44:47";"System";"2025-03-21 02:44:47";"System"
"350504";"Kademangan";"Kademangan";"56363";"1827";"102";"2025-03-21 02:44:47";"System";"2025-03-21 02:44:47";"System"
"350505";"Bakung";"Bakung";"56363";"1827";"102";"2025-03-21 02:44:47";"System";"2025-03-21 02:44:47";"System"
"350506";"Ponggok";"Ponggok";"56363";"1827";"102";"2025-03-21 02:44:47";"System";"2025-03-21 02:44:47";"System"
"350507";"Sanankulon";"Sanankulon";"56363";"1827";"102";"2025-03-21 02:44:47";"System";"2025-03-21 02:44:47";"System"
"350508";"Wonotirto";"Wonotirto";"56363";"1827";"102";"2025-03-21 02:44:47";"System";"2025-03-21 02:44:47";"System"
"350509";"Nglegok";"Nglegok";"56363";"1827";"102";"2025-03-21 02:44:47";"System";"2025-03-21 02:44:47";"System"
"350510";"Kanigoro";"Kanigoro";"56363";"1827";"102";"2025-03-21 02:44:47";"System";"2025-03-21 02:44:47";"System"
"350511";"Garum";"Garum";"56363";"1827";"102";"2025-03-21 02:44:47";"System";"2025-03-21 02:44:47";"System"
"350512";"Sutojayan";"Sutojayan";"56363";"1827";"102";"2025-03-21 02:44:47";"System";"2025-03-21 02:44:47";"System"
"350513";"Panggungrejo";"Panggungrejo";"56363";"1827";"102";"2025-03-21 02:44:47";"System";"2025-03-21 02:44:47";"System"
"350514";"Talun";"Talun";"56363";"1827";"102";"2025-03-21 02:44:47";"System";"2025-03-21 02:44:47";"System"
"350515";"Gandusari";"Gandusari";"56363";"1827";"102";"2025-03-21 02:44:47";"System";"2025-03-21 02:44:47";"System"
"350516";"Binangun";"Binangun";"56363";"1827";"102";"2025-03-21 02:44:47";"System";"2025-03-21 02:44:47";"System"
"350517";"Wlingi";"Wlingi";"56363";"1827";"102";"2025-03-21 02:44:47";"System";"2025-03-21 02:44:47";"System"
"350518";"Doko";"Doko";"56363";"1827";"102";"2025-03-21 02:44:47";"System";"2025-03-21 02:44:47";"System"
"350519";"Kesamben";"Kesamben";"56363";"1827";"102";"2025-03-21 02:44:47";"System";"2025-03-21 02:44:47";"System"
"350520";"Wates";"Wates";"56363";"1827";"102";"2025-03-21 02:44:47";"System";"2025-03-21 02:44:47";"System"
"350521";"Selorejo";"Selorejo";"56363";"1827";"102";"2025-03-21 02:44:47";"System";"2025-03-21 02:44:47";"System"
"350522";"Selopuro";"Selopuro";"56363";"1827";"102";"2025-03-21 02:44:47";"System";"2025-03-21 02:44:47";"System"
"350601";"Semen";"Semen";"56446";"1827";"102";"2025-03-21 02:44:47";"System";"2025-03-21 02:44:47";"System"
"350602";"Mojo";"Mojo";"56446";"1827";"102";"2025-03-21 02:44:47";"System";"2025-03-21 02:44:47";"System"
"350603";"Kras";"Kras";"56446";"1827";"102";"2025-03-21 02:44:47";"System";"2025-03-21 02:44:47";"System"
"350604";"Ngadiluwih";"Ngadiluwih";"56446";"1827";"102";"2025-03-21 02:44:47";"System";"2025-03-21 02:44:47";"System"
"350605";"Kandat";"Kandat";"56446";"1827";"102";"2025-03-21 02:44:47";"System";"2025-03-21 02:44:47";"System"
"350606";"Wates";"Wates";"56446";"1827";"102";"2025-03-21 02:44:47";"System";"2025-03-21 02:44:47";"System"
"350607";"Ngancar";"Ngancar";"56446";"1827";"102";"2025-03-21 02:44:47";"System";"2025-03-21 02:44:47";"System"
"350608";"Puncu";"Puncu";"56446";"1827";"102";"2025-03-21 02:44:47";"System";"2025-03-21 02:44:47";"System"
"350609";"Plosoklaten";"Plosoklaten";"56446";"1827";"102";"2025-03-21 02:44:47";"System";"2025-03-21 02:44:47";"System"
"350610";"Gurah";"Gurah";"56446";"1827";"102";"2025-03-21 02:44:47";"System";"2025-03-21 02:44:47";"System"
"350611";"Pagu";"Pagu";"56446";"1827";"102";"2025-03-21 02:44:47";"System";"2025-03-21 02:44:47";"System"
"350612";"Gampengrejo";"Gampengrejo";"56446";"1827";"102";"2025-03-21 02:44:47";"System";"2025-03-21 02:44:47";"System"
"350613";"Grogol";"Grogol";"56446";"1827";"102";"2025-03-21 02:44:47";"System";"2025-03-21 02:44:47";"System"
"350614";"Papar";"Papar";"56446";"1827";"102";"2025-03-21 02:44:47";"System";"2025-03-21 02:44:47";"System"
"350615";"Purwoasri";"Purwoasri";"56446";"1827";"102";"2025-03-21 02:44:47";"System";"2025-03-21 02:44:47";"System"
"350616";"Plemahan";"Plemahan";"56446";"1827";"102";"2025-03-21 02:44:47";"System";"2025-03-21 02:44:47";"System"
"350617";"Pare";"Pare";"56446";"1827";"102";"2025-03-21 02:44:47";"System";"2025-03-21 02:44:47";"System"
"350618";"Kepung";"Kepung";"56446";"1827";"102";"2025-03-21 02:44:47";"System";"2025-03-21 02:44:47";"System"
"350619";"Kandangan";"Kandangan";"56446";"1827";"102";"2025-03-21 02:44:47";"System";"2025-03-21 02:44:47";"System"
"350620";"Tarokan";"Tarokan";"56446";"1827";"102";"2025-03-21 02:44:47";"System";"2025-03-21 02:44:47";"System"
"350621";"Kunjang";"Kunjang";"56446";"1827";"102";"2025-03-21 02:44:47";"System";"2025-03-21 02:44:47";"System"
"350622";"Banyakan";"Banyakan";"56446";"1827";"102";"2025-03-21 02:44:47";"System";"2025-03-21 02:44:47";"System"
"350623";"Ringinrejo";"Ringinrejo";"56446";"1827";"102";"2025-03-21 02:44:47";"System";"2025-03-21 02:44:47";"System"
"350624";"Kayen Kidul";"Kayen Kidul";"56446";"1827";"102";"2025-03-21 02:44:47";"System";"2025-03-21 02:44:47";"System"
"350625";"Ngasem";"Ngasem";"56446";"1827";"102";"2025-03-21 02:44:47";"System";"2025-03-21 02:44:47";"System"
"350626";"Badas";"Badas";"56446";"1827";"102";"2025-03-21 02:44:47";"System";"2025-03-21 02:44:47";"System"
"350701";"Donomulyo";"Donomulyo";"56511";"1827";"102";"2025-03-21 02:44:47";"System";"2025-03-21 02:44:47";"System"
"350702";"Pagak";"Pagak";"56511";"1827";"102";"2025-03-21 02:44:47";"System";"2025-03-21 02:44:47";"System"
"350703";"Bantur";"Bantur";"56511";"1827";"102";"2025-03-21 02:44:47";"System";"2025-03-21 02:44:47";"System"
"350704";"Sumbermanjing Wetan";"Sumbermanjing Wetan";"56511";"1827";"102";"2025-03-21 02:44:47";"System";"2025-03-21 02:44:47";"System"
"350705";"Dampit";"Dampit";"56511";"1827";"102";"2025-03-21 02:44:47";"System";"2025-03-21 02:44:47";"System"
"350706";"Ampelgading";"Ampelgading";"56511";"1827";"102";"2025-03-21 02:44:47";"System";"2025-03-21 02:44:47";"System"
"350707";"Poncokusumo";"Poncokusumo";"56511";"1827";"102";"2025-03-21 02:44:47";"System";"2025-03-21 02:44:47";"System"
"350708";"Wajak";"Wajak";"56511";"1827";"102";"2025-03-21 02:44:47";"System";"2025-03-21 02:44:47";"System"
"350709";"Turen";"Turen";"56511";"1827";"102";"2025-03-21 02:44:47";"System";"2025-03-21 02:44:47";"System"
"350710";"Gondanglegi";"Gondanglegi";"56511";"1827";"102";"2025-03-21 02:44:47";"System";"2025-03-21 02:44:47";"System"
"350711";"Kalipare";"Kalipare";"56511";"1827";"102";"2025-03-21 02:44:47";"System";"2025-03-21 02:44:47";"System"
"350712";"Sumberpucung";"Sumberpucung";"56511";"1827";"102";"2025-03-21 02:44:47";"System";"2025-03-21 02:44:47";"System"
"350713";"Kepanjen";"Kepanjen";"56511";"1827";"102";"2025-03-21 02:44:47";"System";"2025-03-21 02:44:47";"System"
"350714";"Bululawang";"Bululawang";"56511";"1827";"102";"2025-03-21 02:44:47";"System";"2025-03-21 02:44:47";"System"
"350715";"Tajinan";"Tajinan";"56511";"1827";"102";"2025-03-21 02:44:47";"System";"2025-03-21 02:44:47";"System"
"350716";"Tumpang";"Tumpang";"56511";"1827";"102";"2025-03-21 02:44:47";"System";"2025-03-21 02:44:47";"System"
"350717";"Jabung";"Jabung";"56511";"1827";"102";"2025-03-21 02:44:47";"System";"2025-03-21 02:44:47";"System"
"350718";"Pakis";"Pakis";"56511";"1827";"102";"2025-03-21 02:44:47";"System";"2025-03-21 02:44:47";"System"
"350719";"Pakisaji";"Pakisaji";"56511";"1827";"102";"2025-03-21 02:44:47";"System";"2025-03-21 02:44:47";"System"
"350720";"Ngajung";"Ngajung";"56511";"1827";"102";"2025-03-21 02:44:47";"System";"2025-03-21 02:44:47";"System"
"350721";"Wagir";"Wagir";"56511";"1827";"102";"2025-03-21 02:44:47";"System";"2025-03-21 02:44:47";"System"
"350722";"Dau";"Dau";"56511";"1827";"102";"2025-03-21 02:44:47";"System";"2025-03-21 02:44:47";"System"
"350723";"Karang Ploso";"Karang Ploso";"56511";"1827";"102";"2025-03-21 02:44:47";"System";"2025-03-21 02:44:47";"System"
"350724";"Singosari";"Singosari";"56511";"1827";"102";"2025-03-21 02:44:47";"System";"2025-03-21 02:44:47";"System"
"350725";"Lawang";"Lawang";"56511";"1827";"102";"2025-03-21 02:44:47";"System";"2025-03-21 02:44:47";"System"
"350726";"Pujon";"Pujon";"56511";"1827";"102";"2025-03-21 02:44:47";"System";"2025-03-21 02:44:47";"System"
"350727";"Ngantang";"Ngantang";"56511";"1827";"102";"2025-03-21 02:44:47";"System";"2025-03-21 02:44:47";"System"
"350728";"Kasembon";"Kasembon";"56511";"1827";"102";"2025-03-21 02:44:47";"System";"2025-03-21 02:44:47";"System"
"350729";"Gedangan";"Gedangan";"56511";"1827";"102";"2025-03-21 02:44:47";"System";"2025-03-21 02:44:47";"System"
"350730";"Tirtoyudo";"Tirtoyudo";"56511";"1827";"102";"2025-03-21 02:44:47";"System";"2025-03-21 02:44:47";"System"
"350731";"Kromengan";"Kromengan";"56511";"1827";"102";"2025-03-21 02:44:47";"System";"2025-03-21 02:44:47";"System"
"350732";"Wonosari";"Wonosari";"56511";"1827";"102";"2025-03-21 02:44:47";"System";"2025-03-21 02:44:47";"System"
"350733";"Pagelaran";"Pagelaran";"56511";"1827";"102";"2025-03-21 02:44:47";"System";"2025-03-21 02:44:47";"System"
"350801";"Tempursari";"Tempursari";"56500";"1827";"102";"2025-03-21 02:44:47";"System";"2025-03-21 02:44:47";"System"
"350802";"Pronojiwo";"Pronojiwo";"56500";"1827";"102";"2025-03-21 02:44:47";"System";"2025-03-21 02:44:47";"System"
"350803";"Candipuro";"Candipuro";"56500";"1827";"102";"2025-03-21 02:44:47";"System";"2025-03-21 02:44:47";"System"
"350804";"Pasirian";"Pasirian";"56500";"1827";"102";"2025-03-21 02:44:47";"System";"2025-03-21 02:44:47";"System"
"350805";"Tempeh";"Tempeh";"56500";"1827";"102";"2025-03-21 02:44:47";"System";"2025-03-21 02:44:47";"System"
"350806";"Kunir";"Kunir";"56500";"1827";"102";"2025-03-21 02:44:47";"System";"2025-03-21 02:44:47";"System"
"350807";"Yosowilangun";"Yosowilangun";"56500";"1827";"102";"2025-03-21 02:44:47";"System";"2025-03-21 02:44:47";"System"
"350808";"Rowokangkung";"Rowokangkung";"56500";"1827";"102";"2025-03-21 02:44:47";"System";"2025-03-21 02:44:47";"System"
"350809";"Tekung";"Tekung";"56500";"1827";"102";"2025-03-21 02:44:47";"System";"2025-03-21 02:44:47";"System"
"350810";"Lumajang";"Lumajang";"56500";"1827";"102";"2025-03-21 02:44:47";"System";"2025-03-21 02:44:47";"System"
"350811";"Pasrujambe";"Pasrujambe";"56500";"1827";"102";"2025-03-21 02:44:47";"System";"2025-03-21 02:44:47";"System"
"350812";"Senduro";"Senduro";"56500";"1827";"102";"2025-03-21 02:44:47";"System";"2025-03-21 02:44:47";"System"
"350813";"Gucialit";"Gucialit";"56500";"1827";"102";"2025-03-21 02:44:47";"System";"2025-03-21 02:44:47";"System"
"350814";"Padang";"Padang";"56500";"1827";"102";"2025-03-21 02:44:47";"System";"2025-03-21 02:44:47";"System"
"350815";"Sukodono";"Sukodono";"56500";"1827";"102";"2025-03-21 02:44:47";"System";"2025-03-21 02:44:47";"System"
"350816";"Kedungjajang";"Kedungjajang";"56500";"1827";"102";"2025-03-21 02:44:47";"System";"2025-03-21 02:44:47";"System"
"350817";"Jatiroto";"Jatiroto";"56500";"1827";"102";"2025-03-21 02:44:47";"System";"2025-03-21 02:44:47";"System"
"350818";"Randuagung";"Randuagung";"56500";"1827";"102";"2025-03-21 02:44:47";"System";"2025-03-21 02:44:47";"System"
"350819";"Klakah";"Klakah";"56500";"1827";"102";"2025-03-21 02:44:47";"System";"2025-03-21 02:44:47";"System"
"350820";"Ranuyoso";"Ranuyoso";"56500";"1827";"102";"2025-03-21 02:44:47";"System";"2025-03-21 02:44:47";"System"
"350821";"Sumbersuko";"Sumbersuko";"56500";"1827";"102";"2025-03-21 02:44:47";"System";"2025-03-21 02:44:47";"System"
"350901";"Jombang";"Jombang";"56430";"1827";"102";"2025-03-21 02:44:47";"System";"2025-03-21 02:44:47";"System"
"350902";"Kencong";"Kencong";"56430";"1827";"102";"2025-03-21 02:44:47";"System";"2025-03-21 02:44:47";"System"
"350903";"Sumberbaru";"Sumberbaru";"56430";"1827";"102";"2025-03-21 02:44:47";"System";"2025-03-21 02:44:47";"System"
"350904";"Gumukmas";"Gumukmas";"56430";"1827";"102";"2025-03-21 02:44:47";"System";"2025-03-21 02:44:47";"System"
"350905";"Umbulsari";"Umbulsari";"56430";"1827";"102";"2025-03-21 02:44:47";"System";"2025-03-21 02:44:47";"System"
"350906";"Tanggul";"Tanggul";"56430";"1827";"102";"2025-03-21 02:44:47";"System";"2025-03-21 02:44:47";"System"
"350907";"Semboro";"Semboro";"56430";"1827";"102";"2025-03-21 02:44:47";"System";"2025-03-21 02:44:47";"System"
"350908";"Puger";"Puger";"56430";"1827";"102";"2025-03-21 02:44:47";"System";"2025-03-21 02:44:47";"System"
"350909";"Bangsalsari";"Bangsalsari";"56430";"1827";"102";"2025-03-21 02:44:47";"System";"2025-03-21 02:44:47";"System"
"350910";"Balung";"Balung";"56430";"1827";"102";"2025-03-21 02:44:47";"System";"2025-03-21 02:44:47";"System"
"350911";"Wuluhan";"Wuluhan";"56430";"1827";"102";"2025-03-21 02:44:47";"System";"2025-03-21 02:44:47";"System"
"350912";"Ambulu";"Ambulu";"56430";"1827";"102";"2025-03-21 02:44:47";"System";"2025-03-21 02:44:47";"System"
"350913";"Rambipuji";"Rambipuji";"56430";"1827";"102";"2025-03-21 02:44:47";"System";"2025-03-21 02:44:47";"System"
"350914";"Panti";"Panti";"56430";"1827";"102";"2025-03-21 02:44:47";"System";"2025-03-21 02:44:47";"System"
"350915";"Sukorambi";"Sukorambi";"56430";"1827";"102";"2025-03-21 02:44:47";"System";"2025-03-21 02:44:47";"System"
"350916";"Jenggawah";"Jenggawah";"56430";"1827";"102";"2025-03-21 02:44:47";"System";"2025-03-21 02:44:47";"System"
"350917";"Ajung";"Ajung";"56430";"1827";"102";"2025-03-21 02:44:47";"System";"2025-03-21 02:44:47";"System"
"350918";"Tempurejo";"Tempurejo";"56430";"1827";"102";"2025-03-21 02:44:47";"System";"2025-03-21 02:44:47";"System"
"350919";"Kaliwates";"Kaliwates";"56430";"1827";"102";"2025-03-21 02:44:47";"System";"2025-03-21 02:44:47";"System"
"350920";"Patrang";"Patrang";"56430";"1827";"102";"2025-03-21 02:44:47";"System";"2025-03-21 02:44:47";"System"
"350921";"Sumbersari";"Sumbersari";"56430";"1827";"102";"2025-03-21 02:44:47";"System";"2025-03-21 02:44:47";"System"
"350922";"Arjasa";"Arjasa";"56430";"1827";"102";"2025-03-21 02:44:47";"System";"2025-03-21 02:44:47";"System"
"350923";"Mumbulsari";"Mumbulsari";"56430";"1827";"102";"2025-03-21 02:44:47";"System";"2025-03-21 02:44:47";"System"
"350924";"Pakusari";"Pakusari";"56430";"1827";"102";"2025-03-21 02:44:47";"System";"2025-03-21 02:44:47";"System"
"350925";"Jelbuk";"Jelbuk";"56430";"1827";"102";"2025-03-21 02:44:47";"System";"2025-03-21 02:44:47";"System"
"350926";"Mayang";"Mayang";"56430";"1827";"102";"2025-03-21 02:44:47";"System";"2025-03-21 02:44:47";"System"
"350927";"Kalisat";"Kalisat";"56430";"1827";"102";"2025-03-21 02:44:47";"System";"2025-03-21 02:44:47";"System"
"350928";"Ledokombo";"Ledokombo";"56430";"1827";"102";"2025-03-21 02:44:47";"System";"2025-03-21 02:44:47";"System"
"350929";"Sukowono";"Sukowono";"56430";"1827";"102";"2025-03-21 02:44:47";"System";"2025-03-21 02:44:47";"System"
"350930";"Silo";"Silo";"56430";"1827";"102";"2025-03-21 02:44:47";"System";"2025-03-21 02:44:47";"System"
"350931";"Sumberjambe";"Sumberjambe";"56430";"1827";"102";"2025-03-21 02:44:47";"System";"2025-03-21 02:44:47";"System"
"351001";"Pesanggaran";"Pesanggaran";"56340";"1827";"102";"2025-03-21 02:44:47";"System";"2025-03-21 02:44:47";"System"
"351002";"Bangorejo";"Bangorejo";"56340";"1827";"102";"2025-03-21 02:44:47";"System";"2025-03-21 02:44:47";"System"
"351003";"Purwoharjo";"Purwoharjo";"56340";"1827";"102";"2025-03-21 02:44:47";"System";"2025-03-21 02:44:47";"System"
"351004";"Tegaldlimo";"Tegaldlimo";"56340";"1827";"102";"2025-03-21 02:44:47";"System";"2025-03-21 02:44:47";"System"
"351005";"Muncar";"Muncar";"56340";"1827";"102";"2025-03-21 02:44:47";"System";"2025-03-21 02:44:47";"System"
"351006";"Cluring";"Cluring";"56340";"1827";"102";"2025-03-21 02:44:47";"System";"2025-03-21 02:44:47";"System"
"351007";"Gambiran";"Gambiran";"56340";"1827";"102";"2025-03-21 02:44:47";"System";"2025-03-21 02:44:47";"System"
"351008";"Srono";"Srono";"56340";"1827";"102";"2025-03-21 02:44:47";"System";"2025-03-21 02:44:47";"System"
"351009";"Genteng";"Genteng";"56340";"1827";"102";"2025-03-21 02:44:47";"System";"2025-03-21 02:44:47";"System"
"351010";"Glenmore";"Glenmore";"56340";"1827";"102";"2025-03-21 02:44:47";"System";"2025-03-21 02:44:47";"System"
"351011";"Kalibaru";"Kalibaru";"56340";"1827";"102";"2025-03-21 02:44:47";"System";"2025-03-21 02:44:47";"System"
"351012";"Singojuruh";"Singojuruh";"56340";"1827";"102";"2025-03-21 02:44:47";"System";"2025-03-21 02:44:47";"System"
"351013";"Rogojampi";"Rogojampi";"56340";"1827";"102";"2025-03-21 02:44:47";"System";"2025-03-21 02:44:47";"System"
"351014";"Kabat";"Kabat";"56340";"1827";"102";"2025-03-21 02:44:47";"System";"2025-03-21 02:44:47";"System"
"351015";"Glagah";"Glagah";"56340";"1827";"102";"2025-03-21 02:44:47";"System";"2025-03-21 02:44:47";"System"
"351016";"Banyuwangi";"Banyuwangi";"56340";"1827";"102";"2025-03-21 02:44:47";"System";"2025-03-21 02:44:47";"System"
"351017";"Giri";"Giri";"56340";"1827";"102";"2025-03-21 02:44:47";"System";"2025-03-21 02:44:47";"System"
"351018";"Wongsorejo";"Wongsorejo";"56340";"1827";"102";"2025-03-21 02:44:47";"System";"2025-03-21 02:44:47";"System"
"351019";"Songgon";"Songgon";"56340";"1827";"102";"2025-03-21 02:44:47";"System";"2025-03-21 02:44:47";"System"
"351020";"Sempu";"Sempu";"56340";"1827";"102";"2025-03-21 02:44:47";"System";"2025-03-21 02:44:47";"System"
"351021";"Kalipuro";"Kalipuro";"56340";"1827";"102";"2025-03-21 02:44:47";"System";"2025-03-21 02:44:47";"System"
"351022";"Siliragung";"Siliragung";"56340";"1827";"102";"2025-03-21 02:44:47";"System";"2025-03-21 02:44:47";"System"
"351023";"Tegalsari";"Tegalsari";"56340";"1827";"102";"2025-03-21 02:44:47";"System";"2025-03-21 02:44:47";"System"
"351024";"Licin";"Licin";"56340";"1827";"102";"2025-03-21 02:44:47";"System";"2025-03-21 02:44:47";"System"
"351101";"Maesan";"Maesan";"56373";"1827";"102";"2025-03-21 02:44:47";"System";"2025-03-21 02:44:47";"System"
"351102";"Tamanan";"Tamanan";"56373";"1827";"102";"2025-03-21 02:44:47";"System";"2025-03-21 02:44:47";"System"
"351103";"Tlogosari";"Tlogosari";"56373";"1827";"102";"2025-03-21 02:44:47";"System";"2025-03-21 02:44:47";"System"
"351104";"Sukosari";"Sukosari";"56373";"1827";"102";"2025-03-21 02:44:47";"System";"2025-03-21 02:44:47";"System"
"351105";"Pujer";"Pujer";"56373";"1827";"102";"2025-03-21 02:44:47";"System";"2025-03-21 02:44:47";"System"
"351106";"Grujugan";"Grujugan";"56373";"1827";"102";"2025-03-21 02:44:47";"System";"2025-03-21 02:44:47";"System"
"351107";"Curahdami";"Curahdami";"56373";"1827";"102";"2025-03-21 02:44:47";"System";"2025-03-21 02:44:47";"System"
"351108";"Tenggarang";"Tenggarang";"56373";"1827";"102";"2025-03-21 02:44:47";"System";"2025-03-21 02:44:47";"System"
"351109";"Wonosari";"Wonosari";"56373";"1827";"102";"2025-03-21 02:44:47";"System";"2025-03-21 02:44:47";"System"
"351110";"Tapen";"Tapen";"56373";"1827";"102";"2025-03-21 02:44:47";"System";"2025-03-21 02:44:47";"System"
"351111";"Bondowoso";"Bondowoso";"56373";"1827";"102";"2025-03-21 02:44:47";"System";"2025-03-21 02:44:47";"System"
"351112";"Wringin";"Wringin";"56373";"1827";"102";"2025-03-21 02:44:47";"System";"2025-03-21 02:44:47";"System"
"351113";"Tegalampel";"Tegalampel";"56373";"1827";"102";"2025-03-21 02:44:47";"System";"2025-03-21 02:44:47";"System"
"351114";"Klabang";"Klabang";"56373";"1827";"102";"2025-03-21 02:44:47";"System";"2025-03-21 02:44:47";"System"
"351115";"Cermee";"Cermee";"56373";"1827";"102";"2025-03-21 02:44:47";"System";"2025-03-21 02:44:47";"System"
"351116";"Prajekan";"Prajekan";"56373";"1827";"102";"2025-03-21 02:44:47";"System";"2025-03-21 02:44:47";"System"
"351117";"Pakem";"Pakem";"56373";"1827";"102";"2025-03-21 02:44:47";"System";"2025-03-21 02:44:47";"System"
"351118";"Sumberwringin";"Sumberwringin";"56373";"1827";"102";"2025-03-21 02:44:47";"System";"2025-03-21 02:44:47";"System"
"351119";"Sempol";"Sempol";"56373";"1827";"102";"2025-03-21 02:44:47";"System";"2025-03-21 02:44:47";"System"
"351120";"Binakal";"Binakal";"56373";"1827";"102";"2025-03-21 02:44:47";"System";"2025-03-21 02:44:47";"System"
"351121";"Taman Krocok";"Taman Krocok";"56373";"1827";"102";"2025-03-21 02:44:47";"System";"2025-03-21 02:44:47";"System"
"351122";"Botolinggo";"Botolinggo";"56373";"1827";"102";"2025-03-21 02:44:47";"System";"2025-03-21 02:44:47";"System"
"351123";"Jambesari Darus Sholah";"Jambesari Darus Sholah";"56373";"1827";"102";"2025-03-21 02:44:47";"System";"2025-03-21 02:44:47";"System"
"351201";"Jatibanteng";"Jatibanteng";"56636";"1827";"102";"2025-03-21 02:44:47";"System";"2025-03-21 02:44:47";"System"
"351202";"Besuki";"Besuki";"56636";"1827";"102";"2025-03-21 02:44:47";"System";"2025-03-21 02:44:47";"System"
"351203";"Suboh";"Suboh";"56636";"1827";"102";"2025-03-21 02:44:47";"System";"2025-03-21 02:44:47";"System"
"351204";"Mlandingan";"Mlandingan";"56636";"1827";"102";"2025-03-21 02:44:47";"System";"2025-03-21 02:44:47";"System"
"351205";"Kendit";"Kendit";"56636";"1827";"102";"2025-03-21 02:44:47";"System";"2025-03-21 02:44:47";"System"
"351206";"Panarukan";"Panarukan";"56636";"1827";"102";"2025-03-21 02:44:47";"System";"2025-03-21 02:44:47";"System"
"351207";"Situbondo";"Situbondo";"56636";"1827";"102";"2025-03-21 02:44:47";"System";"2025-03-21 02:44:47";"System"
"351208";"Panji";"Panji";"56636";"1827";"102";"2025-03-21 02:44:47";"System";"2025-03-21 02:44:47";"System"
"351209";"Mangaran";"Mangaran";"56636";"1827";"102";"2025-03-21 02:44:47";"System";"2025-03-21 02:44:47";"System"
"351210";"Kapongan";"Kapongan";"56636";"1827";"102";"2025-03-21 02:44:47";"System";"2025-03-21 02:44:47";"System"
"351211";"Arjasa";"Arjasa";"56636";"1827";"102";"2025-03-21 02:44:47";"System";"2025-03-21 02:44:47";"System"
"351212";"Jangkar";"Jangkar";"56636";"1827";"102";"2025-03-21 02:44:47";"System";"2025-03-21 02:44:47";"System"
"351213";"Asembagus";"Asembagus";"56636";"1827";"102";"2025-03-21 02:44:47";"System";"2025-03-21 02:44:47";"System"
"351214";"Banyuputih";"Banyuputih";"56636";"1827";"102";"2025-03-21 02:44:47";"System";"2025-03-21 02:44:47";"System"
"351215";"Sumbermalang";"Sumbermalang";"56636";"1827";"102";"2025-03-21 02:44:47";"System";"2025-03-21 02:44:47";"System"
"351216";"Banyuglugur";"Banyuglugur";"56636";"1827";"102";"2025-03-21 02:44:47";"System";"2025-03-21 02:44:47";"System"
"351217";"Bungatan";"Bungatan";"56636";"1827";"102";"2025-03-21 02:44:47";"System";"2025-03-21 02:44:47";"System"
"351301";"Sukapura";"Sukapura";"56600";"1827";"102";"2025-03-21 02:44:47";"System";"2025-03-21 02:44:47";"System"
"351302";"Sumber";"Sumber";"56600";"1827";"102";"2025-03-21 02:44:47";"System";"2025-03-21 02:44:47";"System"
"351303";"Kuripan";"Kuripan";"56600";"1827";"102";"2025-03-21 02:44:47";"System";"2025-03-21 02:44:47";"System"
"351304";"Bantaran";"Bantaran";"56600";"1827";"102";"2025-03-21 02:44:47";"System";"2025-03-21 02:44:47";"System"
"351305";"Leces";"Leces";"56600";"1827";"102";"2025-03-21 02:44:47";"System";"2025-03-21 02:44:47";"System"
"351306";"Banyuanyar";"Banyuanyar";"56600";"1827";"102";"2025-03-21 02:44:47";"System";"2025-03-21 02:44:47";"System"
"351307";"Tiris";"Tiris";"56600";"1827";"102";"2025-03-21 02:44:47";"System";"2025-03-21 02:44:47";"System"
"351308";"Krucil";"Krucil";"56600";"1827";"102";"2025-03-21 02:44:47";"System";"2025-03-21 02:44:47";"System"
"351309";"Gading";"Gading";"56600";"1827";"102";"2025-03-21 02:44:47";"System";"2025-03-21 02:44:47";"System"
"351310";"Pakuniran";"Pakuniran";"56600";"1827";"102";"2025-03-21 02:44:47";"System";"2025-03-21 02:44:47";"System"
"351311";"Kotaanyar";"Kotaanyar";"56600";"1827";"102";"2025-03-21 02:44:47";"System";"2025-03-21 02:44:47";"System"
"351312";"Paiton";"Paiton";"56600";"1827";"102";"2025-03-21 02:44:47";"System";"2025-03-21 02:44:47";"System"
"351313";"Besuk";"Besuk";"56600";"1827";"102";"2025-03-21 02:44:47";"System";"2025-03-21 02:44:47";"System"
"351314";"Kraksaan";"Kraksaan";"56600";"1827";"102";"2025-03-21 02:44:47";"System";"2025-03-21 02:44:47";"System"
"351315";"Krejengan";"Krejengan";"56600";"1827";"102";"2025-03-21 02:44:47";"System";"2025-03-21 02:44:47";"System"
"351316";"Pejarakan";"Pejarakan";"56600";"1827";"102";"2025-03-21 02:44:47";"System";"2025-03-21 02:44:47";"System"
"351317";"Maron";"Maron";"56600";"1827";"102";"2025-03-21 02:44:47";"System";"2025-03-21 02:44:47";"System"
"351318";"Gending";"Gending";"56600";"1827";"102";"2025-03-21 02:44:47";"System";"2025-03-21 02:44:47";"System"
"351319";"Dringu";"Dringu";"56600";"1827";"102";"2025-03-21 02:44:47";"System";"2025-03-21 02:44:47";"System"
"351320";"Tegalsiwalan";"Tegalsiwalan";"56600";"1827";"102";"2025-03-21 02:44:47";"System";"2025-03-21 02:44:47";"System"
"351321";"Sumberasih";"Sumberasih";"56600";"1827";"102";"2025-03-21 02:44:47";"System";"2025-03-21 02:44:47";"System"
"351322";"Wonomerto";"Wonomerto";"56600";"1827";"102";"2025-03-21 02:44:47";"System";"2025-03-21 02:44:47";"System"
"351323";"Tongas";"Tongas";"56600";"1827";"102";"2025-03-21 02:44:47";"System";"2025-03-21 02:44:47";"System"
"351324";"Lumbang";"Lumbang";"56600";"1827";"102";"2025-03-21 02:44:47";"System";"2025-03-21 02:44:47";"System"
"351401";"Purwodadi";"Purwodadi";"56582";"1827";"102";"2025-03-21 02:44:47";"System";"2025-03-21 02:44:47";"System"
"351402";"Tutur";"Tutur";"56582";"1827";"102";"2025-03-21 02:44:47";"System";"2025-03-21 02:44:47";"System"
"351403";"Puspo";"Puspo";"56582";"1827";"102";"2025-03-21 02:44:47";"System";"2025-03-21 02:44:47";"System"
"351404";"Lumbang";"Lumbang";"56582";"1827";"102";"2025-03-21 02:44:47";"System";"2025-03-21 02:44:47";"System"
"351405";"Pasrepan";"Pasrepan";"56582";"1827";"102";"2025-03-21 02:44:47";"System";"2025-03-21 02:44:47";"System"
"351406";"Kejayan";"Kejayan";"56582";"1827";"102";"2025-03-21 02:44:47";"System";"2025-03-21 02:44:47";"System"
"351407";"Wonorejo";"Wonorejo";"56582";"1827";"102";"2025-03-21 02:44:47";"System";"2025-03-21 02:44:47";"System"
"351408";"Purwosari";"Purwosari";"56582";"1827";"102";"2025-03-21 02:44:47";"System";"2025-03-21 02:44:47";"System"
"351409";"Sukorejo";"Sukorejo";"56582";"1827";"102";"2025-03-21 02:44:47";"System";"2025-03-21 02:44:47";"System"
"351410";"Prigen";"Prigen";"56582";"1827";"102";"2025-03-21 02:44:47";"System";"2025-03-21 02:44:47";"System"
"351411";"Pandaan";"Pandaan";"56582";"1827";"102";"2025-03-21 02:44:47";"System";"2025-03-21 02:44:47";"System"
"351412";"Gempol";"Gempol";"56582";"1827";"102";"2025-03-21 02:44:47";"System";"2025-03-21 02:44:47";"System"
"351413";"Beji";"Beji";"56582";"1827";"102";"2025-03-21 02:44:47";"System";"2025-03-21 02:44:47";"System"
"351414";"Bangil";"Bangil";"56582";"1827";"102";"2025-03-21 02:44:47";"System";"2025-03-21 02:44:47";"System"
"351415";"Rembang";"Rembang";"56582";"1827";"102";"2025-03-21 02:44:47";"System";"2025-03-21 02:44:47";"System"
"351416";"Kraton";"Kraton";"56582";"1827";"102";"2025-03-21 02:44:47";"System";"2025-03-21 02:44:47";"System"
"351417";"Pohjentrek";"Pohjentrek";"56582";"1827";"102";"2025-03-21 02:44:47";"System";"2025-03-21 02:44:47";"System"
"351418";"Gondangwetan";"Gondangwetan";"56582";"1827";"102";"2025-03-21 02:44:47";"System";"2025-03-21 02:44:47";"System"
"351419";"Winongan";"Winongan";"56582";"1827";"102";"2025-03-21 02:44:47";"System";"2025-03-21 02:44:47";"System"
"351420";"Grati";"Grati";"56582";"1827";"102";"2025-03-21 02:44:47";"System";"2025-03-21 02:44:47";"System"
"351421";"Nguling";"Nguling";"56582";"1827";"102";"2025-03-21 02:44:47";"System";"2025-03-21 02:44:47";"System"
"351422";"Lekok";"Lekok";"56582";"1827";"102";"2025-03-21 02:44:47";"System";"2025-03-21 02:44:47";"System"
"351423";"Rejoso";"Rejoso";"56582";"1827";"102";"2025-03-21 02:44:47";"System";"2025-03-21 02:44:47";"System"
"351424";"Tosari";"Tosari";"56582";"1827";"102";"2025-03-21 02:44:47";"System";"2025-03-21 02:44:47";"System"
"351501";"Tarik";"Tarik";"56629";"1827";"102";"2025-03-21 02:44:47";"System";"2025-03-21 02:44:47";"System"
"351502";"Prambon";"Prambon";"56629";"1827";"102";"2025-03-21 02:44:47";"System";"2025-03-21 02:44:47";"System"
"351503";"Krembung";"Krembung";"56629";"1827";"102";"2025-03-21 02:44:47";"System";"2025-03-21 02:44:47";"System"
"351504";"Porong";"Porong";"56629";"1827";"102";"2025-03-21 02:44:47";"System";"2025-03-21 02:44:47";"System"
"351505";"Jabon";"Jabon";"56629";"1827";"102";"2025-03-21 02:44:47";"System";"2025-03-21 02:44:47";"System"
"351506";"Tanggulangin";"Tanggulangin";"56629";"1827";"102";"2025-03-21 02:44:47";"System";"2025-03-21 02:44:47";"System"
"351507";"Candi";"Candi";"56629";"1827";"102";"2025-03-21 02:44:47";"System";"2025-03-21 02:44:47";"System"
"351508";"Sidoarjo";"Sidoarjo";"56629";"1827";"102";"2025-03-21 02:44:47";"System";"2025-03-21 02:44:47";"System"
"351509";"Tulangan";"Tulangan";"56629";"1827";"102";"2025-03-21 02:44:47";"System";"2025-03-21 02:44:47";"System"
"351510";"Wonoayu";"Wonoayu";"56629";"1827";"102";"2025-03-21 02:44:47";"System";"2025-03-21 02:44:47";"System"
"351511";"Krian";"Krian";"56629";"1827";"102";"2025-03-21 02:44:47";"System";"2025-03-21 02:44:47";"System"
"351512";"Balongbendo";"Balongbendo";"56629";"1827";"102";"2025-03-21 02:44:47";"System";"2025-03-21 02:44:47";"System"
"351513";"Taman";"Taman";"56629";"1827";"102";"2025-03-21 02:44:47";"System";"2025-03-21 02:44:47";"System"
"351514";"Sukodono";"Sukodono";"56629";"1827";"102";"2025-03-21 02:44:47";"System";"2025-03-21 02:44:47";"System"
"351515";"Buduran";"Buduran";"56629";"1827";"102";"2025-03-21 02:44:47";"System";"2025-03-21 02:44:47";"System"
"351516";"Gedangan";"Gedangan";"56629";"1827";"102";"2025-03-21 02:44:47";"System";"2025-03-21 02:44:47";"System"
"351517";"Sedati";"Sedati";"56629";"1827";"102";"2025-03-21 02:44:47";"System";"2025-03-21 02:44:47";"System"
"351518";"Waru";"Waru";"56629";"1827";"102";"2025-03-21 02:44:47";"System";"2025-03-21 02:44:47";"System"
"351601";"Jatirejo";"Jatirejo";"56540";"1827";"102";"2025-03-21 02:44:47";"System";"2025-03-21 02:44:47";"System"
"351602";"Gondang";"Gondang";"56540";"1827";"102";"2025-03-21 02:44:47";"System";"2025-03-21 02:44:47";"System"
"351603";"Pacet";"Pacet";"56540";"1827";"102";"2025-03-21 02:44:47";"System";"2025-03-21 02:44:47";"System"
"351604";"Trawas";"Trawas";"56540";"1827";"102";"2025-03-21 02:44:47";"System";"2025-03-21 02:44:47";"System"
"351605";"Ngoro";"Ngoro";"56540";"1827";"102";"2025-03-21 02:44:47";"System";"2025-03-21 02:44:47";"System"
"351606";"Pungging";"Pungging";"56540";"1827";"102";"2025-03-21 02:44:47";"System";"2025-03-21 02:44:47";"System"
"351607";"Kutorejo";"Kutorejo";"56540";"1827";"102";"2025-03-21 02:44:47";"System";"2025-03-21 02:44:47";"System"
"351608";"Mojosari";"Mojosari";"56540";"1827";"102";"2025-03-21 02:44:47";"System";"2025-03-21 02:44:47";"System"
"351609";"Dlanggu";"Dlanggu";"56540";"1827";"102";"2025-03-21 02:44:47";"System";"2025-03-21 02:44:47";"System"
"351610";"Bangsal";"Bangsal";"56540";"1827";"102";"2025-03-21 02:44:47";"System";"2025-03-21 02:44:47";"System"
"351611";"Puri";"Puri";"56540";"1827";"102";"2025-03-21 02:44:47";"System";"2025-03-21 02:44:47";"System"
"351612";"Trowulan";"Trowulan";"56540";"1827";"102";"2025-03-21 02:44:47";"System";"2025-03-21 02:44:47";"System"
"351613";"Sooko";"Sooko";"56540";"1827";"102";"2025-03-21 02:44:47";"System";"2025-03-21 02:44:47";"System"
"351614";"Gedeg";"Gedeg";"56540";"1827";"102";"2025-03-21 02:44:47";"System";"2025-03-21 02:44:47";"System"
"351615";"Kemlagi";"Kemlagi";"56540";"1827";"102";"2025-03-21 02:44:47";"System";"2025-03-21 02:44:47";"System"
"351616";"Jetis";"Jetis";"56540";"1827";"102";"2025-03-21 02:44:47";"System";"2025-03-21 02:44:47";"System"
"351617";"Dawarblandong";"Dawarblandong";"56540";"1827";"102";"2025-03-21 02:44:47";"System";"2025-03-21 02:44:47";"System"
"351618";"Mojoanyar";"Mojoanyar";"56540";"1827";"102";"2025-03-21 02:44:47";"System";"2025-03-21 02:44:47";"System"
"351701";"Perak";"Perak";"56434";"1827";"102";"2025-03-21 02:44:47";"System";"2025-03-21 02:44:47";"System"
"351702";"Gudo";"Gudo";"56434";"1827";"102";"2025-03-21 02:44:47";"System";"2025-03-21 02:44:47";"System"
"351703";"Ngoro";"Ngoro";"56434";"1827";"102";"2025-03-21 02:44:47";"System";"2025-03-21 02:44:47";"System"
"351704";"Bareng";"Bareng";"56434";"1827";"102";"2025-03-21 02:44:47";"System";"2025-03-21 02:44:47";"System"
"351705";"Wonosalam";"Wonosalam";"56434";"1827";"102";"2025-03-21 02:44:47";"System";"2025-03-21 02:44:47";"System"
"351706";"Mojoagung";"Mojoagung";"56434";"1827";"102";"2025-03-21 02:44:47";"System";"2025-03-21 02:44:47";"System"
"351707";"Mojowarno";"Mojowarno";"56434";"1827";"102";"2025-03-21 02:44:47";"System";"2025-03-21 02:44:47";"System"
"351708";"Diwek";"Diwek";"56434";"1827";"102";"2025-03-21 02:44:47";"System";"2025-03-21 02:44:47";"System"
"351709";"Jombang";"Jombang";"56434";"1827";"102";"2025-03-21 02:44:47";"System";"2025-03-21 02:44:47";"System"
"351710";"Peterongan";"Peterongan";"56434";"1827";"102";"2025-03-21 02:44:47";"System";"2025-03-21 02:44:47";"System"
"351711";"Sumobito";"Sumobito";"56434";"1827";"102";"2025-03-21 02:44:47";"System";"2025-03-21 02:44:47";"System"
"351712";"Kesamben";"Kesamben";"56434";"1827";"102";"2025-03-21 02:44:47";"System";"2025-03-21 02:44:47";"System"
"351713";"Tembelang";"Tembelang";"56434";"1827";"102";"2025-03-21 02:44:47";"System";"2025-03-21 02:44:47";"System"
"351714";"Ploso";"Ploso";"56434";"1827";"102";"2025-03-21 02:44:47";"System";"2025-03-21 02:44:47";"System"
"351715";"Plandaan";"Plandaan";"56434";"1827";"102";"2025-03-21 02:44:47";"System";"2025-03-21 02:44:47";"System"
"351716";"Kabuh";"Kabuh";"56434";"1827";"102";"2025-03-21 02:44:47";"System";"2025-03-21 02:44:47";"System"
"351717";"Kudu";"Kudu";"56434";"1827";"102";"2025-03-21 02:44:47";"System";"2025-03-21 02:44:47";"System"
"351718";"Bandarkedungmulyo";"Bandarkedungmulyo";"56434";"1827";"102";"2025-03-21 02:44:47";"System";"2025-03-21 02:44:47";"System"
"351719";"Jogoroto";"Jogoroto";"56434";"1827";"102";"2025-03-21 02:44:47";"System";"2025-03-21 02:44:47";"System"
"351720";"Megaluh";"Megaluh";"56434";"1827";"102";"2025-03-21 02:44:47";"System";"2025-03-21 02:44:47";"System"
"351721";"Ngusikan";"Ngusikan";"56434";"1827";"102";"2025-03-21 02:44:47";"System";"2025-03-21 02:44:47";"System"
"351801";"Sawahan";"Sawahan";"56557";"1827";"102";"2025-03-21 02:44:47";"System";"2025-03-21 02:44:47";"System"
"351802";"Ngetos";"Ngetos";"56557";"1827";"102";"2025-03-21 02:44:47";"System";"2025-03-21 02:44:47";"System"
"351803";"Berbek";"Berbek";"56557";"1827";"102";"2025-03-21 02:44:47";"System";"2025-03-21 02:44:47";"System"
"351804";"Loceret";"Loceret";"56557";"1827";"102";"2025-03-21 02:44:47";"System";"2025-03-21 02:44:47";"System"
"351805";"Pace";"Pace";"56557";"1827";"102";"2025-03-21 02:44:47";"System";"2025-03-21 02:44:47";"System"
"351806";"Prambon";"Prambon";"56557";"1827";"102";"2025-03-21 02:44:47";"System";"2025-03-21 02:44:47";"System"
"351807";"Ngronggot";"Ngronggot";"56557";"1827";"102";"2025-03-21 02:44:47";"System";"2025-03-21 02:44:47";"System"
"351808";"Kertosono";"Kertosono";"56557";"1827";"102";"2025-03-21 02:44:47";"System";"2025-03-21 02:44:47";"System"
"351809";"Patianrowo";"Patianrowo";"56557";"1827";"102";"2025-03-21 02:44:47";"System";"2025-03-21 02:44:47";"System"
"351810";"Baron";"Baron";"56557";"1827";"102";"2025-03-21 02:44:47";"System";"2025-03-21 02:44:47";"System"
"351811";"Tanjunganom";"Tanjunganom";"56557";"1827";"102";"2025-03-21 02:44:47";"System";"2025-03-21 02:44:47";"System"
"351812";"Sukomoro";"Sukomoro";"56557";"1827";"102";"2025-03-21 02:44:47";"System";"2025-03-21 02:44:47";"System"
"351813";"Nganjuk";"Nganjuk";"56557";"1827";"102";"2025-03-21 02:44:47";"System";"2025-03-21 02:44:47";"System"
"351814";"Bagor";"Bagor";"56557";"1827";"102";"2025-03-21 02:44:47";"System";"2025-03-21 02:44:47";"System"
"351815";"Wilangan";"Wilangan";"56557";"1827";"102";"2025-03-21 02:44:47";"System";"2025-03-21 02:44:47";"System"
"351816";"Rejoso";"Rejoso";"56557";"1827";"102";"2025-03-21 02:44:47";"System";"2025-03-21 02:44:47";"System"
"351817";"Gondang";"Gondang";"56557";"1827";"102";"2025-03-21 02:44:47";"System";"2025-03-21 02:44:47";"System"
"351818";"Ngluyu";"Ngluyu";"56557";"1827";"102";"2025-03-21 02:44:47";"System";"2025-03-21 02:44:47";"System"
"351819";"Lengkong";"Lengkong";"56557";"1827";"102";"2025-03-21 02:44:47";"System";"2025-03-21 02:44:47";"System"
"351820";"Jatikalen";"Jatikalen";"56557";"1827";"102";"2025-03-21 02:44:47";"System";"2025-03-21 02:44:47";"System"
"351901";"Kebon Sari";"Kebon Sari";"56504";"1827";"102";"2025-03-21 02:44:47";"System";"2025-03-21 02:44:47";"System"
"351902";"Dolopo";"Dolopo";"56504";"1827";"102";"2025-03-21 02:44:47";"System";"2025-03-21 02:44:47";"System"
"351903";"Geger";"Geger";"56504";"1827";"102";"2025-03-21 02:44:47";"System";"2025-03-21 02:44:47";"System"
"351904";"Dagangan";"Dagangan";"56504";"1827";"102";"2025-03-21 02:44:47";"System";"2025-03-21 02:44:47";"System"
"351905";"Kare";"Kare";"56504";"1827";"102";"2025-03-21 02:44:47";"System";"2025-03-21 02:44:47";"System"
"351906";"Gemarang";"Gemarang";"56504";"1827";"102";"2025-03-21 02:44:47";"System";"2025-03-21 02:44:47";"System"
"351907";"Wungu";"Wungu";"56504";"1827";"102";"2025-03-21 02:44:47";"System";"2025-03-21 02:44:47";"System"
"351908";"Madiun";"Madiun";"56504";"1827";"102";"2025-03-21 02:44:47";"System";"2025-03-21 02:44:47";"System"
"351909";"Jiwan";"Jiwan";"56504";"1827";"102";"2025-03-21 02:44:47";"System";"2025-03-21 02:44:47";"System"
"351910";"Balerejo";"Balerejo";"56504";"1827";"102";"2025-03-21 02:44:47";"System";"2025-03-21 02:44:47";"System"
"351911";"Mejayan";"Mejayan";"56504";"1827";"102";"2025-03-21 02:44:47";"System";"2025-03-21 02:44:47";"System"
"351912";"Saradan";"Saradan";"56504";"1827";"102";"2025-03-21 02:44:47";"System";"2025-03-21 02:44:47";"System"
"351913";"Pilangkenceng";"Pilangkenceng";"56504";"1827";"102";"2025-03-21 02:44:47";"System";"2025-03-21 02:44:47";"System"
"351914";"Sawahan";"Sawahan";"56504";"1827";"102";"2025-03-21 02:44:47";"System";"2025-03-21 02:44:47";"System"
"351915";"Wonoasri";"Wonoasri";"56504";"1827";"102";"2025-03-21 02:44:47";"System";"2025-03-21 02:44:47";"System"
"352001";"Poncol";"Poncol";"56506";"1827";"102";"2025-03-21 02:44:47";"System";"2025-03-21 02:44:47";"System"
"352002";"Parang";"Parang";"56506";"1827";"102";"2025-03-21 02:44:47";"System";"2025-03-21 02:44:47";"System"
"352003";"Lembeyan";"Lembeyan";"56506";"1827";"102";"2025-03-21 02:44:47";"System";"2025-03-21 02:44:47";"System"
"352004";"Takeran";"Takeran";"56506";"1827";"102";"2025-03-21 02:44:47";"System";"2025-03-21 02:44:47";"System"
"352005";"Kawedanan";"Kawedanan";"56506";"1827";"102";"2025-03-21 02:44:47";"System";"2025-03-21 02:44:47";"System"
"352006";"Magetan";"Magetan";"56506";"1827";"102";"2025-03-21 02:44:47";"System";"2025-03-21 02:44:47";"System"
"352007";"Plaosan";"Plaosan";"56506";"1827";"102";"2025-03-21 02:44:47";"System";"2025-03-21 02:44:47";"System"
"352008";"Panekan";"Panekan";"56506";"1827";"102";"2025-03-21 02:44:47";"System";"2025-03-21 02:44:47";"System"
"352009";"Sukomoro";"Sukomoro";"56506";"1827";"102";"2025-03-21 02:44:47";"System";"2025-03-21 02:44:47";"System"
"352010";"Bendo";"Bendo";"56506";"1827";"102";"2025-03-21 02:44:47";"System";"2025-03-21 02:44:47";"System"
"352011";"Maospati";"Maospati";"56506";"1827";"102";"2025-03-21 02:44:47";"System";"2025-03-21 02:44:47";"System"
"352012";"Barat";"Barat";"56506";"1827";"102";"2025-03-21 02:44:47";"System";"2025-03-21 02:44:47";"System"
"352013";"Karangrejo";"Karangrejo";"56506";"1827";"102";"2025-03-21 02:44:47";"System";"2025-03-21 02:44:47";"System"
"352014";"Karas";"Karas";"56506";"1827";"102";"2025-03-21 02:44:47";"System";"2025-03-21 02:44:47";"System"
"352015";"Kartoharjo";"Kartoharjo";"56506";"1827";"102";"2025-03-21 02:44:47";"System";"2025-03-21 02:44:47";"System"
"352016";"Ngariboyo";"Ngariboyo";"56506";"1827";"102";"2025-03-21 02:44:47";"System";"2025-03-21 02:44:47";"System"
"352017";"Nguntoronadi";"Nguntoronadi";"56506";"1827";"102";"2025-03-21 02:44:47";"System";"2025-03-21 02:44:47";"System"
"352018";"Sidorejo";"Sidorejo";"56506";"1827";"102";"2025-03-21 02:44:47";"System";"2025-03-21 02:44:47";"System"
"352101";"Sine";"Sine";"56558";"1827";"102";"2025-03-21 02:44:47";"System";"2025-03-21 02:44:47";"System"
"352102";"Ngrambe";"Ngrambe";"56558";"1827";"102";"2025-03-21 02:44:47";"System";"2025-03-21 02:44:47";"System"
"352103";"Jogorogo";"Jogorogo";"56558";"1827";"102";"2025-03-21 02:44:47";"System";"2025-03-21 02:44:47";"System"
"352104";"Kendal";"Kendal";"56558";"1827";"102";"2025-03-21 02:44:47";"System";"2025-03-21 02:44:47";"System"
"352105";"Geneng";"Geneng";"56558";"1827";"102";"2025-03-21 02:44:47";"System";"2025-03-21 02:44:47";"System"
"352106";"Kwadungan";"Kwadungan";"56558";"1827";"102";"2025-03-21 02:44:47";"System";"2025-03-21 02:44:47";"System"
"352107";"Karangjati";"Karangjati";"56558";"1827";"102";"2025-03-21 02:44:47";"System";"2025-03-21 02:44:47";"System"
"352108";"Padas";"Padas";"56558";"1827";"102";"2025-03-21 02:44:47";"System";"2025-03-21 02:44:47";"System"
"352109";"Ngawi";"Ngawi";"56558";"1827";"102";"2025-03-21 02:44:47";"System";"2025-03-21 02:44:47";"System"
"352110";"Paron";"Paron";"56558";"1827";"102";"2025-03-21 02:44:47";"System";"2025-03-21 02:44:47";"System"
"352111";"Kedunggalar";"Kedunggalar";"56558";"1827";"102";"2025-03-21 02:44:47";"System";"2025-03-21 02:44:47";"System"
"352112";"Widodaren";"Widodaren";"56558";"1827";"102";"2025-03-21 02:44:47";"System";"2025-03-21 02:44:47";"System"
"352113";"Mantingan";"Mantingan";"56558";"1827";"102";"2025-03-21 02:44:47";"System";"2025-03-21 02:44:47";"System"
"352114";"Pangkur";"Pangkur";"56558";"1827";"102";"2025-03-21 02:44:47";"System";"2025-03-21 02:44:47";"System"
"352115";"Bringin";"Bringin";"56558";"1827";"102";"2025-03-21 02:44:47";"System";"2025-03-21 02:44:47";"System"
"352116";"Pitu";"Pitu";"56558";"1827";"102";"2025-03-21 02:44:47";"System";"2025-03-21 02:44:47";"System"
"352117";"Karanganyar";"Karanganyar";"56558";"1827";"102";"2025-03-21 02:44:47";"System";"2025-03-21 02:44:47";"System"
"352118";"Gerih";"Gerih";"56558";"1827";"102";"2025-03-21 02:44:47";"System";"2025-03-21 02:44:47";"System"
"352119";"Kasreman";"Kasreman";"56558";"1827";"102";"2025-03-21 02:44:47";"System";"2025-03-21 02:44:47";"System"
"352201";"Ngraho";"Ngraho";"56367";"1827";"102";"2025-03-21 02:44:47";"System";"2025-03-21 02:44:47";"System"
"352202";"Tambakrejo";"Tambakrejo";"56367";"1827";"102";"2025-03-21 02:44:47";"System";"2025-03-21 02:44:47";"System"
"352203";"Ngambon";"Ngambon";"56367";"1827";"102";"2025-03-21 02:44:47";"System";"2025-03-21 02:44:47";"System"
"352204";"Ngasem";"Ngasem";"56367";"1827";"102";"2025-03-21 02:44:47";"System";"2025-03-21 02:44:47";"System"
"352205";"Bubulan";"Bubulan";"56367";"1827";"102";"2025-03-21 02:44:47";"System";"2025-03-21 02:44:47";"System"
"352206";"Dander";"Dander";"56367";"1827";"102";"2025-03-21 02:44:47";"System";"2025-03-21 02:44:47";"System"
"352207";"Sugihwaras";"Sugihwaras";"56367";"1827";"102";"2025-03-21 02:44:47";"System";"2025-03-21 02:44:47";"System"
"352208";"Kedungadem";"Kedungadem";"56367";"1827";"102";"2025-03-21 02:44:47";"System";"2025-03-21 02:44:47";"System"
"352209";"Kepoh Baru";"Kepoh Baru";"56367";"1827";"102";"2025-03-21 02:44:47";"System";"2025-03-21 02:44:47";"System"
"352210";"Baureno";"Baureno";"56367";"1827";"102";"2025-03-21 02:44:47";"System";"2025-03-21 02:44:47";"System"
"352211";"Kanor";"Kanor";"56367";"1827";"102";"2025-03-21 02:44:47";"System";"2025-03-21 02:44:47";"System"
"352212";"Sumberejo";"Sumberejo";"56367";"1827";"102";"2025-03-21 02:44:47";"System";"2025-03-21 02:44:47";"System"
"352213";"Balen";"Balen";"56367";"1827";"102";"2025-03-21 02:44:47";"System";"2025-03-21 02:44:47";"System"
"352214";"Kapas";"Kapas";"56367";"1827";"102";"2025-03-21 02:44:47";"System";"2025-03-21 02:44:47";"System"
"352215";"Bojonegoro";"Bojonegoro";"56367";"1827";"102";"2025-03-21 02:44:47";"System";"2025-03-21 02:44:47";"System"
"352216";"Kalitidu";"Kalitidu";"56367";"1827";"102";"2025-03-21 02:44:47";"System";"2025-03-21 02:44:47";"System"
"352217";"Malo";"Malo";"56367";"1827";"102";"2025-03-21 02:44:47";"System";"2025-03-21 02:44:47";"System"
"352218";"Purwosari";"Purwosari";"56367";"1827";"102";"2025-03-21 02:44:47";"System";"2025-03-21 02:44:47";"System"
"352219";"Padangan";"Padangan";"56367";"1827";"102";"2025-03-21 02:44:47";"System";"2025-03-21 02:44:47";"System"
"352220";"Kasiman";"Kasiman";"56367";"1827";"102";"2025-03-21 02:44:47";"System";"2025-03-21 02:44:47";"System"
"352221";"Temayang";"Temayang";"56367";"1827";"102";"2025-03-21 02:44:47";"System";"2025-03-21 02:44:47";"System"
"352222";"Margomulyo";"Margomulyo";"56367";"1827";"102";"2025-03-21 02:44:47";"System";"2025-03-21 02:44:47";"System"
"352223";"Trucuk";"Trucuk";"56367";"1827";"102";"2025-03-21 02:44:48";"System";"2025-03-21 02:44:48";"System"
"352224";"Sukosewu";"Sukosewu";"56367";"1827";"102";"2025-03-21 02:44:48";"System";"2025-03-21 02:44:48";"System"
"352225";"Kedewan";"Kedewan";"56367";"1827";"102";"2025-03-21 02:44:48";"System";"2025-03-21 02:44:48";"System"
"352226";"Gondang";"Gondang";"56367";"1827";"102";"2025-03-21 02:44:48";"System";"2025-03-21 02:44:48";"System"
"352227";"Sekar";"Sekar";"56367";"1827";"102";"2025-03-21 02:44:48";"System";"2025-03-21 02:44:48";"System"
"352228";"Gayam";"Gayam";"56367";"1827";"102";"2025-03-21 02:44:48";"System";"2025-03-21 02:44:48";"System"
"352301";"Kenduruan";"Kenduruan";"56686";"1827";"102";"2025-03-21 02:44:48";"System";"2025-03-21 02:44:48";"System"
"352302";"Jatirogo";"Jatirogo";"56686";"1827";"102";"2025-03-21 02:44:48";"System";"2025-03-21 02:44:48";"System"
"352303";"Bangilan";"Bangilan";"56686";"1827";"102";"2025-03-21 02:44:48";"System";"2025-03-21 02:44:48";"System"
"352304";"Bancar";"Bancar";"56686";"1827";"102";"2025-03-21 02:44:48";"System";"2025-03-21 02:44:48";"System"
"352305";"Senori";"Senori";"56686";"1827";"102";"2025-03-21 02:44:48";"System";"2025-03-21 02:44:48";"System"
"352306";"Tambakboyo";"Tambakboyo";"56686";"1827";"102";"2025-03-21 02:44:48";"System";"2025-03-21 02:44:48";"System"
"352307";"Singgahan";"Singgahan";"56686";"1827";"102";"2025-03-21 02:44:48";"System";"2025-03-21 02:44:48";"System"
"352308";"Kerek";"Kerek";"56686";"1827";"102";"2025-03-21 02:44:48";"System";"2025-03-21 02:44:48";"System"
"352309";"Parengan";"Parengan";"56686";"1827";"102";"2025-03-21 02:44:48";"System";"2025-03-21 02:44:48";"System"
"352310";"Montong";"Montong";"56686";"1827";"102";"2025-03-21 02:44:48";"System";"2025-03-21 02:44:48";"System"
"352311";"Soko";"Soko";"56686";"1827";"102";"2025-03-21 02:44:48";"System";"2025-03-21 02:44:48";"System"
"352312";"Jenu";"Jenu";"56686";"1827";"102";"2025-03-21 02:44:48";"System";"2025-03-21 02:44:48";"System"
"352313";"Merakurak";"Merakurak";"56686";"1827";"102";"2025-03-21 02:44:48";"System";"2025-03-21 02:44:48";"System"
"352314";"Rengel";"Rengel";"56686";"1827";"102";"2025-03-21 02:44:48";"System";"2025-03-21 02:44:48";"System"
"352315";"Semanding";"Semanding";"56686";"1827";"102";"2025-03-21 02:44:48";"System";"2025-03-21 02:44:48";"System"
"352316";"Tuban";"Tuban";"56686";"1827";"102";"2025-03-21 02:44:48";"System";"2025-03-21 02:44:48";"System"
"352317";"Plumpang";"Plumpang";"56686";"1827";"102";"2025-03-21 02:44:48";"System";"2025-03-21 02:44:48";"System"
"352318";"Palang";"Palang";"56686";"1827";"102";"2025-03-21 02:44:48";"System";"2025-03-21 02:44:48";"System"
"352319";"Widang";"Widang";"56686";"1827";"102";"2025-03-21 02:44:48";"System";"2025-03-21 02:44:48";"System"
"352320";"Grabagan";"Grabagan";"56686";"1827";"102";"2025-03-21 02:44:48";"System";"2025-03-21 02:44:48";"System"
"352401";"Sukorame";"Sukorame";"56483";"1827";"102";"2025-03-21 02:44:48";"System";"2025-03-21 02:44:48";"System"
"352402";"Bluluk";"Bluluk";"56483";"1827";"102";"2025-03-21 02:44:48";"System";"2025-03-21 02:44:48";"System"
"352403";"Modo";"Modo";"56483";"1827";"102";"2025-03-21 02:44:48";"System";"2025-03-21 02:44:48";"System"
"352404";"Ngimbang";"Ngimbang";"56483";"1827";"102";"2025-03-21 02:44:48";"System";"2025-03-21 02:44:48";"System"
"352405";"Babat";"Babat";"56483";"1827";"102";"2025-03-21 02:44:48";"System";"2025-03-21 02:44:48";"System"
"352406";"Kedungpring";"Kedungpring";"56483";"1827";"102";"2025-03-21 02:44:48";"System";"2025-03-21 02:44:48";"System"
"352407";"Brondong";"Brondong";"56483";"1827";"102";"2025-03-21 02:44:48";"System";"2025-03-21 02:44:48";"System"
"352408";"Laren";"Laren";"56483";"1827";"102";"2025-03-21 02:44:48";"System";"2025-03-21 02:44:48";"System"
"352409";"Sekaran";"Sekaran";"56483";"1827";"102";"2025-03-21 02:44:48";"System";"2025-03-21 02:44:48";"System"
"352410";"Maduran";"Maduran";"56483";"1827";"102";"2025-03-21 02:44:48";"System";"2025-03-21 02:44:48";"System"
"352411";"Sambeng";"Sambeng";"56483";"1827";"102";"2025-03-21 02:44:48";"System";"2025-03-21 02:44:48";"System"
"352412";"Sugio";"Sugio";"56483";"1827";"102";"2025-03-21 02:44:48";"System";"2025-03-21 02:44:48";"System"
"352413";"Pucuk";"Pucuk";"56483";"1827";"102";"2025-03-21 02:44:48";"System";"2025-03-21 02:44:48";"System"
"352414";"Paciran";"Paciran";"56483";"1827";"102";"2025-03-21 02:44:48";"System";"2025-03-21 02:44:48";"System"
"352415";"Solokuro";"Solokuro";"56483";"1827";"102";"2025-03-21 02:44:48";"System";"2025-03-21 02:44:48";"System"
"352416";"Mantup";"Mantup";"56483";"1827";"102";"2025-03-21 02:44:48";"System";"2025-03-21 02:44:48";"System"
"352417";"Sukodadi";"Sukodadi";"56483";"1827";"102";"2025-03-21 02:44:48";"System";"2025-03-21 02:44:48";"System"
"352418";"Karanggeneng";"Karanggeneng";"56483";"1827";"102";"2025-03-21 02:44:48";"System";"2025-03-21 02:44:48";"System"
"352419";"Kembangbahu";"Kembangbahu";"56483";"1827";"102";"2025-03-21 02:44:48";"System";"2025-03-21 02:44:48";"System"
"352420";"Kalitengah";"Kalitengah";"56483";"1827";"102";"2025-03-21 02:44:48";"System";"2025-03-21 02:44:48";"System"
"352421";"Turi";"Turi";"56483";"1827";"102";"2025-03-21 02:44:48";"System";"2025-03-21 02:44:48";"System"
"352422";"Lamongan";"Lamongan";"56483";"1827";"102";"2025-03-21 02:44:48";"System";"2025-03-21 02:44:48";"System"
"352423";"Tikung";"Tikung";"56483";"1827";"102";"2025-03-21 02:44:48";"System";"2025-03-21 02:44:48";"System"
"352424";"Karangbinangun";"Karangbinangun";"56483";"1827";"102";"2025-03-21 02:44:48";"System";"2025-03-21 02:44:48";"System"
"352425";"Deket";"Deket";"56483";"1827";"102";"2025-03-21 02:44:48";"System";"2025-03-21 02:44:48";"System"
"352426";"Glagah";"Glagah";"56483";"1827";"102";"2025-03-21 02:44:48";"System";"2025-03-21 02:44:48";"System"
"352427";"Sarirejo";"Sarirejo";"56483";"1827";"102";"2025-03-21 02:44:48";"System";"2025-03-21 02:44:48";"System"
"352501";"Dukun";"Dukun";"148635";"1827";"102";"2025-03-21 02:44:48";"System";"2025-03-21 02:44:48";"System"
"352502";"Balongpanggang";"Balongpanggang";"148635";"1827";"102";"2025-03-21 02:44:48";"System";"2025-03-21 02:44:48";"System"
"352503";"Panceng";"Panceng";"148635";"1827";"102";"2025-03-21 02:44:48";"System";"2025-03-21 02:44:48";"System"
"352504";"Benjeng";"Benjeng";"148635";"1827";"102";"2025-03-21 02:44:48";"System";"2025-03-21 02:44:48";"System"
"352505";"Duduksampeyan";"Duduksampeyan";"148635";"1827";"102";"2025-03-21 02:44:48";"System";"2025-03-21 02:44:48";"System"
"352506";"Wringinanom";"Wringinanom";"148635";"1827";"102";"2025-03-21 02:44:48";"System";"2025-03-21 02:44:48";"System"
"352507";"Ujungpangkah";"Ujungpangkah";"148635";"1827";"102";"2025-03-21 02:44:48";"System";"2025-03-21 02:44:48";"System"
"352508";"Kedamean";"Kedamean";"148635";"1827";"102";"2025-03-21 02:44:48";"System";"2025-03-21 02:44:48";"System"
"352509";"Sidayu";"Sidayu";"148635";"1827";"102";"2025-03-21 02:44:48";"System";"2025-03-21 02:44:48";"System"
"352510";"Manyar";"Manyar";"148635";"1827";"102";"2025-03-21 02:44:48";"System";"2025-03-21 02:44:48";"System"
"352511";"Cerme";"Cerme";"148635";"1827";"102";"2025-03-21 02:44:48";"System";"2025-03-21 02:44:48";"System"
"352512";"Bungah";"Bungah";"148635";"1827";"102";"2025-03-21 02:44:48";"System";"2025-03-21 02:44:48";"System"
"352513";"Menganti";"Menganti";"148635";"1827";"102";"2025-03-21 02:44:48";"System";"2025-03-21 02:44:48";"System"
"352514";"Kebomas";"Kebomas";"148635";"1827";"102";"2025-03-21 02:44:48";"System";"2025-03-21 02:44:48";"System"
"352515";"Driyorejo";"Driyorejo";"148635";"1827";"102";"2025-03-21 02:44:48";"System";"2025-03-21 02:44:48";"System"
"352516";"Gresik";"Gresik";"148635";"1827";"102";"2025-03-21 02:44:48";"System";"2025-03-21 02:44:48";"System"
"352517";"Sangkapura";"Sangkapura";"148635";"1827";"102";"2025-03-21 02:44:48";"System";"2025-03-21 02:44:48";"System"
"352518";"Tambak";"Tambak";"148635";"1827";"102";"2025-03-21 02:44:48";"System";"2025-03-21 02:44:48";"System"
"352601";"Bangkalan";"Bangkalan";"56333";"1827";"102";"2025-03-21 02:44:48";"System";"2025-03-21 02:44:48";"System"
"352602";"Socah";"Socah";"56333";"1827";"102";"2025-03-21 02:44:48";"System";"2025-03-21 02:44:48";"System"
"352603";"Burneh";"Burneh";"56333";"1827";"102";"2025-03-21 02:44:48";"System";"2025-03-21 02:44:48";"System"
"352604";"Kamal";"Kamal";"56333";"1827";"102";"2025-03-21 02:44:48";"System";"2025-03-21 02:44:48";"System"
"352605";"Arosbaya";"Arosbaya";"56333";"1827";"102";"2025-03-21 02:44:48";"System";"2025-03-21 02:44:48";"System"
"352606";"Geger";"Geger";"56333";"1827";"102";"2025-03-21 02:44:48";"System";"2025-03-21 02:44:48";"System"
"352607";"Klampis";"Klampis";"56333";"1827";"102";"2025-03-21 02:44:48";"System";"2025-03-21 02:44:48";"System"
"352608";"Sepulu";"Sepulu";"56333";"1827";"102";"2025-03-21 02:44:48";"System";"2025-03-21 02:44:48";"System"
"352609";"Tanjung Bumi";"Tanjung Bumi";"56333";"1827";"102";"2025-03-21 02:44:48";"System";"2025-03-21 02:44:48";"System"
"352610";"Kokop";"Kokop";"56333";"1827";"102";"2025-03-21 02:44:48";"System";"2025-03-21 02:44:48";"System"
"352611";"Kwanyar";"Kwanyar";"56333";"1827";"102";"2025-03-21 02:44:48";"System";"2025-03-21 02:44:48";"System"
"352612";"Labang";"Labang";"56333";"1827";"102";"2025-03-21 02:44:48";"System";"2025-03-21 02:44:48";"System"
"352613";"Tanah Merah";"Tanah Merah";"56333";"1827";"102";"2025-03-21 02:44:48";"System";"2025-03-21 02:44:48";"System"
"352614";"Tragah";"Tragah";"56333";"1827";"102";"2025-03-21 02:44:48";"System";"2025-03-21 02:44:48";"System"
"352615";"Blega";"Blega";"56333";"1827";"102";"2025-03-21 02:44:48";"System";"2025-03-21 02:44:48";"System"
"352616";"Modung";"Modung";"56333";"1827";"102";"2025-03-21 02:44:48";"System";"2025-03-21 02:44:48";"System"
"352617";"Konang";"Konang";"56333";"1827";"102";"2025-03-21 02:44:48";"System";"2025-03-21 02:44:48";"System"
"352618";"Galis";"Galis";"56333";"1827";"102";"2025-03-21 02:44:48";"System";"2025-03-21 02:44:48";"System"
"352701";"Sreseh";"Sreseh";"56616";"1827";"102";"2025-03-21 02:44:48";"System";"2025-03-21 02:44:48";"System"
"352702";"Torjun";"Torjun";"56616";"1827";"102";"2025-03-21 02:44:48";"System";"2025-03-21 02:44:48";"System"
"352703";"Sampang";"Sampang";"56616";"1827";"102";"2025-03-21 02:44:48";"System";"2025-03-21 02:44:48";"System"
"352704";"Camplong";"Camplong";"56616";"1827";"102";"2025-03-21 02:44:48";"System";"2025-03-21 02:44:48";"System"
"352705";"Omben";"Omben";"56616";"1827";"102";"2025-03-21 02:44:48";"System";"2025-03-21 02:44:48";"System"
"352706";"Kedungdung";"Kedungdung";"56616";"1827";"102";"2025-03-21 02:44:48";"System";"2025-03-21 02:44:48";"System"
"352707";"Jrengik";"Jrengik";"56616";"1827";"102";"2025-03-21 02:44:48";"System";"2025-03-21 02:44:48";"System"
"352708";"Tambelangan";"Tambelangan";"56616";"1827";"102";"2025-03-21 02:44:48";"System";"2025-03-21 02:44:48";"System"
"352709";"Banyuates";"Banyuates";"56616";"1827";"102";"2025-03-21 02:44:48";"System";"2025-03-21 02:44:48";"System"
"352710";"Robatal";"Robatal";"56616";"1827";"102";"2025-03-21 02:44:48";"System";"2025-03-21 02:44:48";"System"
"352711";"Sokobanah";"Sokobanah";"56616";"1827";"102";"2025-03-21 02:44:48";"System";"2025-03-21 02:44:48";"System"
"352712";"Ketapang";"Ketapang";"56616";"1827";"102";"2025-03-21 02:44:48";"System";"2025-03-21 02:44:48";"System"
"352713";"Pangarengan";"Pangarengan";"56616";"1827";"102";"2025-03-21 02:44:48";"System";"2025-03-21 02:44:48";"System"
"352714";"Karangpenang";"Karangpenang";"56616";"1827";"102";"2025-03-21 02:44:48";"System";"2025-03-21 02:44:48";"System"
"352801";"Tlanakan";"Tlanakan";"56573";"1827";"102";"2025-03-21 02:44:48";"System";"2025-03-21 02:44:48";"System"
"352802";"Pademawu";"Pademawu";"56573";"1827";"102";"2025-03-21 02:44:48";"System";"2025-03-21 02:44:48";"System"
"352803";"Galis";"Galis";"56573";"1827";"102";"2025-03-21 02:44:48";"System";"2025-03-21 02:44:48";"System"
"352804";"Pamekasan";"Pamekasan";"56573";"1827";"102";"2025-03-21 02:44:48";"System";"2025-03-21 02:44:48";"System"
"352805";"Proppo";"Proppo";"56573";"1827";"102";"2025-03-21 02:44:48";"System";"2025-03-21 02:44:48";"System"
"352806";"Palenga'an";"Palenga'an";"56573";"1827";"102";"2025-03-21 02:44:48";"System";"2025-03-21 02:44:48";"System"
"352807";"Pegantenan";"Pegantenan";"56573";"1827";"102";"2025-03-21 02:44:48";"System";"2025-03-21 02:44:48";"System"
"352808";"Larangan";"Larangan";"56573";"1827";"102";"2025-03-21 02:44:48";"System";"2025-03-21 02:44:48";"System"
"352809";"Pakong";"Pakong";"56573";"1827";"102";"2025-03-21 02:44:48";"System";"2025-03-21 02:44:48";"System"
"352810";"Waru";"Waru";"56573";"1827";"102";"2025-03-21 02:44:48";"System";"2025-03-21 02:44:48";"System"
"352811";"Batumarmar";"Batumarmar";"56573";"1827";"102";"2025-03-21 02:44:48";"System";"2025-03-21 02:44:48";"System"
"352812";"Kadur";"Kadur";"56573";"1827";"102";"2025-03-21 02:44:48";"System";"2025-03-21 02:44:48";"System"
"352813";"Pasean";"Pasean";"56573";"1827";"102";"2025-03-21 02:44:48";"System";"2025-03-21 02:44:48";"System"
"352901";"Kota Sumenep";"Kota Sumenep";"56655";"1827";"102";"2025-03-21 02:44:48";"System";"2025-03-21 02:44:48";"System"
"352902";"Kalianget";"Kalianget";"56655";"1827";"102";"2025-03-21 02:44:48";"System";"2025-03-21 02:44:48";"System"
"352903";"Manding";"Manding";"56655";"1827";"102";"2025-03-21 02:44:48";"System";"2025-03-21 02:44:48";"System"
"352904";"Talango";"Talango";"56655";"1827";"102";"2025-03-21 02:44:48";"System";"2025-03-21 02:44:48";"System"
"352905";"Bluto";"Bluto";"56655";"1827";"102";"2025-03-21 02:44:48";"System";"2025-03-21 02:44:48";"System"
"352906";"Saronggi";"Saronggi";"56655";"1827";"102";"2025-03-21 02:44:48";"System";"2025-03-21 02:44:48";"System"
"352907";"Lenteng";"Lenteng";"56655";"1827";"102";"2025-03-21 02:44:48";"System";"2025-03-21 02:44:48";"System"
"352908";"Gili Ginting";"Gili Ginting";"56655";"1827";"102";"2025-03-21 02:44:48";"System";"2025-03-21 02:44:48";"System"
"352909";"Guluk-Guluk";"Guluk-Guluk";"56655";"1827";"102";"2025-03-21 02:44:48";"System";"2025-03-21 02:44:48";"System"
"352910";"Ganding";"Ganding";"56655";"1827";"102";"2025-03-21 02:44:48";"System";"2025-03-21 02:44:48";"System"
"352911";"Pragaan";"Pragaan";"56655";"1827";"102";"2025-03-21 02:44:48";"System";"2025-03-21 02:44:48";"System"
"352912";"Ambunten";"Ambunten";"56655";"1827";"102";"2025-03-21 02:44:48";"System";"2025-03-21 02:44:48";"System"
"352913";"Pasongsongan";"Pasongsongan";"56655";"1827";"102";"2025-03-21 02:44:48";"System";"2025-03-21 02:44:48";"System"
"352914";"Dasuk";"Dasuk";"56655";"1827";"102";"2025-03-21 02:44:48";"System";"2025-03-21 02:44:48";"System"
"352915";"Rubaru";"Rubaru";"56655";"1827";"102";"2025-03-21 02:44:48";"System";"2025-03-21 02:44:48";"System"
"352916";"Batang Batang";"Batang Batang";"56655";"1827";"102";"2025-03-21 02:44:48";"System";"2025-03-21 02:44:48";"System"
"352917";"Batu Putih";"Batu Putih";"56655";"1827";"102";"2025-03-21 02:44:48";"System";"2025-03-21 02:44:48";"System"
"352918";"Dungkek";"Dungkek";"56655";"1827";"102";"2025-03-21 02:44:48";"System";"2025-03-21 02:44:48";"System"
"352919";"Gapura";"Gapura";"56655";"1827";"102";"2025-03-21 02:44:48";"System";"2025-03-21 02:44:48";"System"
"352920";"Gayam";"Gayam";"56655";"1827";"102";"2025-03-21 02:44:48";"System";"2025-03-21 02:44:48";"System"
"352921";"Nonggunong";"Nonggunong";"56655";"1827";"102";"2025-03-21 02:44:48";"System";"2025-03-21 02:44:48";"System"
"352922";"Ra'as";"Ra'as";"56655";"1827";"102";"2025-03-21 02:44:48";"System";"2025-03-21 02:44:48";"System"
"352923";"Masalembu";"Masalembu";"56655";"1827";"102";"2025-03-21 02:44:48";"System";"2025-03-21 02:44:48";"System"
"352924";"Arjasa";"Arjasa";"56655";"1827";"102";"2025-03-21 02:44:48";"System";"2025-03-21 02:44:48";"System"
"352925";"Sapeken";"Sapeken";"56655";"1827";"102";"2025-03-21 02:44:48";"System";"2025-03-21 02:44:48";"System"
"352926";"Batuan";"Batuan";"56655";"1827";"102";"2025-03-21 02:44:48";"System";"2025-03-21 02:44:48";"System"
"352927";"Kangayan";"Kangayan";"56655";"1827";"102";"2025-03-21 02:44:48";"System";"2025-03-21 02:44:48";"System"
"357101";"Mojoroto";"Mojoroto";"56757";"1827";"102";"2025-03-21 02:44:48";"System";"2025-03-21 02:44:48";"System"
"357102";"Kota";"Kota";"56757";"1827";"102";"2025-03-21 02:44:48";"System";"2025-03-21 02:44:48";"System"
"357103";"Pesantren";"Pesantren";"56757";"1827";"102";"2025-03-21 02:44:48";"System";"2025-03-21 02:44:48";"System"
"357201";"Kepanjenkidul";"Kepanjenkidul";"56743";"1827";"102";"2025-03-21 02:44:48";"System";"2025-03-21 02:44:48";"System"
"357202";"Sukorejo";"Sukorejo";"56743";"1827";"102";"2025-03-21 02:44:48";"System";"2025-03-21 02:44:48";"System"
"357203";"Sananwetan";"Sananwetan";"56743";"1827";"102";"2025-03-21 02:44:48";"System";"2025-03-21 02:44:48";"System"
"357301";"Blimbing";"Blimbing";"56767";"1827";"102";"2025-03-21 02:44:48";"System";"2025-03-21 02:44:48";"System"
"357302";"Klojen";"Klojen";"56767";"1827";"102";"2025-03-21 02:44:48";"System";"2025-03-21 02:44:48";"System"
"357303";"Kedungkandang";"Kedungkandang";"56767";"1827";"102";"2025-03-21 02:44:48";"System";"2025-03-21 02:44:48";"System"
"357304";"Sukun";"Sukun";"56767";"1827";"102";"2025-03-21 02:44:48";"System";"2025-03-21 02:44:48";"System"
"357305";"Lowokwaru";"Lowokwaru";"56767";"1827";"102";"2025-03-21 02:44:48";"System";"2025-03-21 02:44:48";"System"
"357401";"Kademangan";"Kademangan";"56790";"1827";"102";"2025-03-21 02:44:48";"System";"2025-03-21 02:44:48";"System"
"357402";"Wonoasih";"Wonoasih";"56790";"1827";"102";"2025-03-21 02:44:48";"System";"2025-03-21 02:44:48";"System"
"357403";"Mayangan";"Mayangan";"56790";"1827";"102";"2025-03-21 02:44:48";"System";"2025-03-21 02:44:48";"System"
"357404";"Kanigaran";"Kanigaran";"56790";"1827";"102";"2025-03-21 02:44:48";"System";"2025-03-21 02:44:48";"System"
"357405";"Kedopak";"Kedopak";"56790";"1827";"102";"2025-03-21 02:44:48";"System";"2025-03-21 02:44:48";"System"
"357501";"Gadingrejo";"Gadingrejo";"56784";"1827";"102";"2025-03-21 02:44:48";"System";"2025-03-21 02:44:48";"System"
"357502";"Purworejo";"Purworejo";"56784";"1827";"102";"2025-03-21 02:44:48";"System";"2025-03-21 02:44:48";"System"
"357503";"Bugul Kidul";"Bugul Kidul";"56784";"1827";"102";"2025-03-21 02:44:48";"System";"2025-03-21 02:44:48";"System"
"357504";"Panggungrejo";"Panggungrejo";"56784";"1827";"102";"2025-03-21 02:44:48";"System";"2025-03-21 02:44:48";"System"
"357601";"Prajurit Kulon";"Prajurit Kulon";"56772";"1827";"102";"2025-03-21 02:44:48";"System";"2025-03-21 02:44:48";"System"
"357602";"Magersari";"Magersari";"56772";"1827";"102";"2025-03-21 02:44:48";"System";"2025-03-21 02:44:48";"System"
"357701";"Kartoharjo";"Kartoharjo";"56764";"1827";"102";"2025-03-21 02:44:48";"System";"2025-03-21 02:44:48";"System"
"357702";"Manguharjo";"Manguharjo";"56764";"1827";"102";"2025-03-21 02:44:48";"System";"2025-03-21 02:44:48";"System"
"357703";"Taman";"Taman";"56764";"1827";"102";"2025-03-21 02:44:48";"System";"2025-03-21 02:44:48";"System"
"357801";"Karangpilang";"Karangpilang";"56803";"1827";"102";"2025-03-21 02:44:48";"System";"2025-03-21 02:44:48";"System"
"357802";"Wonocolo";"Wonocolo";"56803";"1827";"102";"2025-03-21 02:44:48";"System";"2025-03-21 02:44:48";"System"
"357803";"Rungkut";"Rungkut";"56803";"1827";"102";"2025-03-21 02:44:48";"System";"2025-03-21 02:44:48";"System"
"357804";"Wonokromo";"Wonokromo";"56803";"1827";"102";"2025-03-21 02:44:48";"System";"2025-03-21 02:44:48";"System"
"357805";"Tegalsari";"Tegalsari";"56803";"1827";"102";"2025-03-21 02:44:48";"System";"2025-03-21 02:44:48";"System"
"357806";"Sawahan";"Sawahan";"56803";"1827";"102";"2025-03-21 02:44:48";"System";"2025-03-21 02:44:48";"System"
"357807";"Genteng";"Genteng";"56803";"1827";"102";"2025-03-21 02:44:48";"System";"2025-03-21 02:44:48";"System"
"357808";"Gubeng";"Gubeng";"56803";"1827";"102";"2025-03-21 02:44:48";"System";"2025-03-21 02:44:48";"System"
"357809";"Sukolilo";"Sukolilo";"56803";"1827";"102";"2025-03-21 02:44:48";"System";"2025-03-21 02:44:48";"System"
"357810";"Tambaksari";"Tambaksari";"56803";"1827";"102";"2025-03-21 02:44:48";"System";"2025-03-21 02:44:48";"System"
"357811";"Simokerto";"Simokerto";"56803";"1827";"102";"2025-03-21 02:44:48";"System";"2025-03-21 02:44:48";"System"
"357812";"Pabean Cantikan";"Pabean Cantikan";"56803";"1827";"102";"2025-03-21 02:44:48";"System";"2025-03-21 02:44:48";"System"
"357813";"Bubutan";"Bubutan";"56803";"1827";"102";"2025-03-21 02:44:48";"System";"2025-03-21 02:44:48";"System"
"357814";"Tandes";"Tandes";"56803";"1827";"102";"2025-03-21 02:44:48";"System";"2025-03-21 02:44:48";"System"
"357815";"Krembangan";"Krembangan";"56803";"1827";"102";"2025-03-21 02:44:48";"System";"2025-03-21 02:44:48";"System"
"357816";"Semampir";"Semampir";"56803";"1827";"102";"2025-03-21 02:44:48";"System";"2025-03-21 02:44:48";"System"
"357817";"Kenjeran";"Kenjeran";"56803";"1827";"102";"2025-03-21 02:44:48";"System";"2025-03-21 02:44:48";"System"
"357818";"Lakarsantri";"Lakarsantri";"56803";"1827";"102";"2025-03-21 02:44:48";"System";"2025-03-21 02:44:48";"System"
"357819";"Benowo";"Benowo";"56803";"1827";"102";"2025-03-21 02:44:48";"System";"2025-03-21 02:44:48";"System"
"357820";"Wiyung";"Wiyung";"56803";"1827";"102";"2025-03-21 02:44:48";"System";"2025-03-21 02:44:48";"System"
"357821";"Dukuhpakis";"Dukuhpakis";"56803";"1827";"102";"2025-03-21 02:44:48";"System";"2025-03-21 02:44:48";"System"
"357822";"Gayungan";"Gayungan";"56803";"1827";"102";"2025-03-21 02:44:48";"System";"2025-03-21 02:44:48";"System"
"357823";"Jambangan";"Jambangan";"56803";"1827";"102";"2025-03-21 02:44:48";"System";"2025-03-21 02:44:48";"System"
"357824";"Tenggilis Mejoyo";"Tenggilis Mejoyo";"56803";"1827";"102";"2025-03-21 02:44:48";"System";"2025-03-21 02:44:48";"System"
"357825";"Gunung Anyar";"Gunung Anyar";"56803";"1827";"102";"2025-03-21 02:44:48";"System";"2025-03-21 02:44:48";"System"
"357826";"Mulyorejo";"Mulyorejo";"56803";"1827";"102";"2025-03-21 02:44:48";"System";"2025-03-21 02:44:48";"System"
"357827";"Sukomanunggal";"Sukomanunggal";"56803";"1827";"102";"2025-03-21 02:44:48";"System";"2025-03-21 02:44:48";"System"
"357828";"Asem Rowo";"Asem Rowo";"56803";"1827";"102";"2025-03-21 02:44:48";"System";"2025-03-21 02:44:48";"System"
"357829";"Bulak";"Bulak";"56803";"1827";"102";"2025-03-21 02:44:48";"System";"2025-03-21 02:44:48";"System"
"357830";"Pakal";"Pakal";"56803";"1827";"102";"2025-03-21 02:44:48";"System";"2025-03-21 02:44:48";"System"
"357831";"Sambikerep";"Sambikerep";"56803";"1827";"102";"2025-03-21 02:44:48";"System";"2025-03-21 02:44:48";"System"
"357901";"Batu";"Batu";"56736";"1827";"102";"2025-03-21 02:44:48";"System";"2025-03-21 02:44:48";"System"
"357902";"Bumiaji";"Bumiaji";"56736";"1827";"102";"2025-03-21 02:44:48";"System";"2025-03-21 02:44:48";"System"
"357903";"Junrejo";"Junrejo";"56736";"1827";"102";"2025-03-21 02:44:48";"System";"2025-03-21 02:44:48";"System"
"360101";"Sumur";"Sumur";"56574";"1810";"102";"2025-03-21 02:44:48";"System";"2025-03-21 02:44:48";"System"
"360102";"Cimanggu";"Cimanggu";"56574";"1810";"102";"2025-03-21 02:44:48";"System";"2025-03-21 02:44:48";"System"
"360103";"Cibaliung";"Cibaliung";"56574";"1810";"102";"2025-03-21 02:44:48";"System";"2025-03-21 02:44:48";"System"
"360104";"Cikeusik";"Cikeusik";"56574";"1810";"102";"2025-03-21 02:44:48";"System";"2025-03-21 02:44:48";"System"
"360105";"Cigeulis";"Cigeulis";"56574";"1810";"102";"2025-03-21 02:44:48";"System";"2025-03-21 02:44:48";"System"
"360106";"Panimbang";"Panimbang";"56574";"1810";"102";"2025-03-21 02:44:48";"System";"2025-03-21 02:44:48";"System"
"360107";"Angsana";"Angsana";"56574";"1810";"102";"2025-03-21 02:44:48";"System";"2025-03-21 02:44:48";"System"
"360108";"Munjul";"Munjul";"56574";"1810";"102";"2025-03-21 02:44:48";"System";"2025-03-21 02:44:48";"System"
"360109";"Pagelaran";"Pagelaran";"56574";"1810";"102";"2025-03-21 02:44:48";"System";"2025-03-21 02:44:48";"System"
"360110";"Bojong";"Bojong";"56574";"1810";"102";"2025-03-21 02:44:48";"System";"2025-03-21 02:44:48";"System"
"360111";"Picung";"Picung";"56574";"1810";"102";"2025-03-21 02:44:48";"System";"2025-03-21 02:44:48";"System"
"360112";"Labuan";"Labuan";"56574";"1810";"102";"2025-03-21 02:44:48";"System";"2025-03-21 02:44:48";"System"
"360113";"Menes";"Menes";"56574";"1810";"102";"2025-03-21 02:44:48";"System";"2025-03-21 02:44:48";"System"
"360114";"Saketi";"Saketi";"56574";"1810";"102";"2025-03-21 02:44:48";"System";"2025-03-21 02:44:48";"System"
"360115";"Cipeucang";"Cipeucang";"56574";"1810";"102";"2025-03-21 02:44:48";"System";"2025-03-21 02:44:48";"System"
"360116";"Jiput";"Jiput";"56574";"1810";"102";"2025-03-21 02:44:48";"System";"2025-03-21 02:44:48";"System"
"360117";"Mandalawangi";"Mandalawangi";"56574";"1810";"102";"2025-03-21 02:44:48";"System";"2025-03-21 02:44:48";"System"
"360118";"Cimanuk";"Cimanuk";"56574";"1810";"102";"2025-03-21 02:44:48";"System";"2025-03-21 02:44:48";"System"
"360119";"Kaduhejo";"Kaduhejo";"56574";"1810";"102";"2025-03-21 02:44:48";"System";"2025-03-21 02:44:48";"System"
"360120";"Banjar";"Banjar";"56574";"1810";"102";"2025-03-21 02:44:48";"System";"2025-03-21 02:44:48";"System"
"360121";"Pandeglang";"Pandeglang";"56574";"1810";"102";"2025-03-21 02:44:48";"System";"2025-03-21 02:44:48";"System"
"360122";"Cadasari";"Cadasari";"56574";"1810";"102";"2025-03-21 02:44:48";"System";"2025-03-21 02:44:48";"System"
"360123";"Cisata";"Cisata";"56574";"1810";"102";"2025-03-21 02:44:48";"System";"2025-03-21 02:44:48";"System"
"360124";"Patia";"Patia";"56574";"1810";"102";"2025-03-21 02:44:48";"System";"2025-03-21 02:44:48";"System"
"360125";"Karang Tanjung";"Karang Tanjung";"56574";"1810";"102";"2025-03-21 02:44:48";"System";"2025-03-21 02:44:48";"System"
"360126";"Cikedal";"Cikedal";"56574";"1810";"102";"2025-03-21 02:44:48";"System";"2025-03-21 02:44:48";"System"
"360127";"Cibitung";"Cibitung";"56574";"1810";"102";"2025-03-21 02:44:48";"System";"2025-03-21 02:44:48";"System"
"360128";"Carita";"Carita";"56574";"1810";"102";"2025-03-21 02:44:48";"System";"2025-03-21 02:44:48";"System"
"360129";"Sukaresmi";"Sukaresmi";"56574";"1810";"102";"2025-03-21 02:44:48";"System";"2025-03-21 02:44:48";"System"
"360130";"Mekarjaya";"Mekarjaya";"56574";"1810";"102";"2025-03-21 02:44:48";"System";"2025-03-21 02:44:48";"System"
"360131";"Sindangresmi";"Sindangresmi";"56574";"1810";"102";"2025-03-21 02:44:48";"System";"2025-03-21 02:44:48";"System"
"360132";"Pulosari";"Pulosari";"56574";"1810";"102";"2025-03-21 02:44:48";"System";"2025-03-21 02:44:48";"System"
"360133";"Koroncong";"Koroncong";"56574";"1810";"102";"2025-03-21 02:44:48";"System";"2025-03-21 02:44:48";"System"
"360134";"Majasari";"Majasari";"56574";"1810";"102";"2025-03-21 02:44:48";"System";"2025-03-21 02:44:48";"System"
"360135";"Sobang";"Sobang";"56574";"1810";"102";"2025-03-21 02:44:48";"System";"2025-03-21 02:44:48";"System"
"360201";"Malingping";"Malingping";"56491";"1810";"102";"2025-03-21 02:44:48";"System";"2025-03-21 02:44:48";"System"
"360202";"Panggarangan";"Panggarangan";"56491";"1810";"102";"2025-03-21 02:44:48";"System";"2025-03-21 02:44:48";"System"
"360203";"Bayah";"Bayah";"56491";"1810";"102";"2025-03-21 02:44:48";"System";"2025-03-21 02:44:48";"System"
"360204";"Cipanas";"Cipanas";"56491";"1810";"102";"2025-03-21 02:44:48";"System";"2025-03-21 02:44:48";"System"
"360205";"Muncang";"Muncang";"56491";"1810";"102";"2025-03-21 02:44:48";"System";"2025-03-21 02:44:48";"System"
"360206";"Leuwidamar";"Leuwidamar";"56491";"1810";"102";"2025-03-21 02:44:48";"System";"2025-03-21 02:44:48";"System"
"360207";"Bojongmanik";"Bojongmanik";"56491";"1810";"102";"2025-03-21 02:44:48";"System";"2025-03-21 02:44:48";"System"
"360208";"Gunungkencana";"Gunungkencana";"56491";"1810";"102";"2025-03-21 02:44:48";"System";"2025-03-21 02:44:48";"System"
"360209";"Banjarsari";"Banjarsari";"56491";"1810";"102";"2025-03-21 02:44:48";"System";"2025-03-21 02:44:48";"System"
"360210";"Cileles";"Cileles";"56491";"1810";"102";"2025-03-21 02:44:48";"System";"2025-03-21 02:44:48";"System"
"360211";"Cimarga";"Cimarga";"56491";"1810";"102";"2025-03-21 02:44:48";"System";"2025-03-21 02:44:48";"System"
"360212";"Sajira";"Sajira";"56491";"1810";"102";"2025-03-21 02:44:48";"System";"2025-03-21 02:44:48";"System"
"360213";"Maja";"Maja";"56491";"1810";"102";"2025-03-21 02:44:48";"System";"2025-03-21 02:44:48";"System"
"360214";"Rangkasbitung";"Rangkasbitung";"56491";"1810";"102";"2025-03-21 02:44:48";"System";"2025-03-21 02:44:48";"System"
"360215";"Warunggunung";"Warunggunung";"56491";"1810";"102";"2025-03-21 02:44:48";"System";"2025-03-21 02:44:48";"System"
"360216";"Cijaku";"Cijaku";"56491";"1810";"102";"2025-03-21 02:44:48";"System";"2025-03-21 02:44:48";"System"
"360217";"Cikulur";"Cikulur";"56491";"1810";"102";"2025-03-21 02:44:48";"System";"2025-03-21 02:44:48";"System"
"360218";"Cibadak";"Cibadak";"56491";"1810";"102";"2025-03-21 02:44:48";"System";"2025-03-21 02:44:48";"System"
"360219";"Cibeber";"Cibeber";"56491";"1810";"102";"2025-03-21 02:44:48";"System";"2025-03-21 02:44:48";"System"
"360220";"Cilograng";"Cilograng";"56491";"1810";"102";"2025-03-21 02:44:48";"System";"2025-03-21 02:44:48";"System"
"360221";"Wanasalam";"Wanasalam";"56491";"1810";"102";"2025-03-21 02:44:48";"System";"2025-03-21 02:44:48";"System"
"360222";"Sobang";"Sobang";"56491";"1810";"102";"2025-03-21 02:44:48";"System";"2025-03-21 02:44:48";"System"
"360223";"Curug bitung";"Curug bitung";"56491";"1810";"102";"2025-03-21 02:44:48";"System";"2025-03-21 02:44:48";"System"
"360224";"Kalanganyar";"Kalanganyar";"56491";"1810";"102";"2025-03-21 02:44:48";"System";"2025-03-21 02:44:48";"System"
"360225";"Lebakgedong";"Lebakgedong";"56491";"1810";"102";"2025-03-21 02:44:48";"System";"2025-03-21 02:44:48";"System"
"360226";"Cihara";"Cihara";"56491";"1810";"102";"2025-03-21 02:44:48";"System";"2025-03-21 02:44:48";"System"
"360227";"Cirinten";"Cirinten";"56491";"1810";"102";"2025-03-21 02:44:48";"System";"2025-03-21 02:44:48";"System"
"360228";"Cigemlong";"Cigemlong";"56491";"1810";"102";"2025-03-21 02:44:48";"System";"2025-03-21 02:44:48";"System"
"360301";"Balaraja";"Balaraja";"56666";"1810";"102";"2025-03-21 02:44:48";"System";"2025-03-21 02:44:48";"System"
"360302";"Jayanti";"Jayanti";"56666";"1810";"102";"2025-03-21 02:44:48";"System";"2025-03-21 02:44:48";"System"
"360303";"Tigaraksa";"Tigaraksa";"56666";"1810";"102";"2025-03-21 02:44:48";"System";"2025-03-21 02:44:48";"System"
"360304";"Jambe";"Jambe";"56666";"1810";"102";"2025-03-21 02:44:48";"System";"2025-03-21 02:44:48";"System"
"360305";"Cisoka";"Cisoka";"56666";"1810";"102";"2025-03-21 02:44:48";"System";"2025-03-21 02:44:48";"System"
"360306";"Kresek";"Kresek";"56666";"1810";"102";"2025-03-21 02:44:48";"System";"2025-03-21 02:44:48";"System"
"360307";"Kronjo";"Kronjo";"56666";"1810";"102";"2025-03-21 02:44:48";"System";"2025-03-21 02:44:48";"System"
"360308";"Mauk";"Mauk";"56666";"1810";"102";"2025-03-21 02:44:48";"System";"2025-03-21 02:44:48";"System"
"360309";"Kemiri";"Kemiri";"56666";"1810";"102";"2025-03-21 02:44:48";"System";"2025-03-21 02:44:48";"System"
"360310";"Sukadiri";"Sukadiri";"56666";"1810";"102";"2025-03-21 02:44:48";"System";"2025-03-21 02:44:48";"System"
"360311";"Rajeg";"Rajeg";"56666";"1810";"102";"2025-03-21 02:44:48";"System";"2025-03-21 02:44:48";"System"
"360312";"Pasar Kemis";"Pasar Kemis";"56666";"1810";"102";"2025-03-21 02:44:48";"System";"2025-03-21 02:44:48";"System"
"360313";"Teluknaga";"Teluknaga";"56666";"1810";"102";"2025-03-21 02:44:48";"System";"2025-03-21 02:44:48";"System"
"360314";"Kosambi";"Kosambi";"56666";"1810";"102";"2025-03-21 02:44:48";"System";"2025-03-21 02:44:48";"System"
"360315";"Pakuhaji";"Pakuhaji";"56666";"1810";"102";"2025-03-21 02:44:48";"System";"2025-03-21 02:44:48";"System"
"360316";"Sepatan";"Sepatan";"56666";"1810";"102";"2025-03-21 02:44:48";"System";"2025-03-21 02:44:48";"System"
"360317";"Curug";"Curug";"56666";"1810";"102";"2025-03-21 02:44:48";"System";"2025-03-21 02:44:48";"System"
"360318";"Cikupa";"Cikupa";"56666";"1810";"102";"2025-03-21 02:44:48";"System";"2025-03-21 02:44:48";"System"
"360319";"Panongan";"Panongan";"56666";"1810";"102";"2025-03-21 02:44:48";"System";"2025-03-21 02:44:48";"System"
"360320";"Legok";"Legok";"56666";"1810";"102";"2025-03-21 02:44:48";"System";"2025-03-21 02:44:48";"System"
"360322";"Pagedangan";"Pagedangan";"56666";"1810";"102";"2025-03-21 02:44:48";"System";"2025-03-21 02:44:48";"System"
"360323";"Cisauk";"Cisauk";"56666";"1810";"102";"2025-03-21 02:44:48";"System";"2025-03-21 02:44:48";"System"
"360327";"Sukamulya";"Sukamulya";"56666";"1810";"102";"2025-03-21 02:44:48";"System";"2025-03-21 02:44:48";"System"
"360328";"Kelapa Dua";"Kelapa Dua";"56666";"1810";"102";"2025-03-21 02:44:48";"System";"2025-03-21 02:44:48";"System"
"360329";"Sindang Jaya";"Sindang Jaya";"56666";"1810";"102";"2025-03-21 02:44:48";"System";"2025-03-21 02:44:48";"System"
"360330";"Sepatan Timur";"Sepatan Timur";"56666";"1810";"102";"2025-03-21 02:44:48";"System";"2025-03-21 02:44:48";"System"
"360331";"Solear";"Solear";"56666";"1810";"102";"2025-03-21 02:44:48";"System";"2025-03-21 02:44:48";"System"
"360332";"Gunung Kaler";"Gunung Kaler";"56666";"1810";"102";"2025-03-21 02:44:48";"System";"2025-03-21 02:44:48";"System"
"360333";"Mekar Baru";"Mekar Baru";"56666";"1810";"102";"2025-03-21 02:44:48";"System";"2025-03-21 02:44:48";"System"
"360405";"Kramatwatu";"Kramatwatu";"56623";"1810";"102";"2025-03-21 02:44:48";"System";"2025-03-21 02:44:48";"System"
"360406";"Waringinkurung";"Waringinkurung";"56623";"1810";"102";"2025-03-21 02:44:48";"System";"2025-03-21 02:44:48";"System"
"360407";"Bojonegara";"Bojonegara";"56623";"1810";"102";"2025-03-21 02:44:48";"System";"2025-03-21 02:44:48";"System"
"360408";"Pulo Ampel";"Pulo Ampel";"56623";"1810";"102";"2025-03-21 02:44:48";"System";"2025-03-21 02:44:48";"System"
"360409";"Ciruas";"Ciruas";"56623";"1810";"102";"2025-03-21 02:44:48";"System";"2025-03-21 02:44:48";"System"
"360411";"Kragilan";"Kragilan";"56623";"1810";"102";"2025-03-21 02:44:48";"System";"2025-03-21 02:44:48";"System"
"360412";"Pontang";"Pontang";"56623";"1810";"102";"2025-03-21 02:44:48";"System";"2025-03-21 02:44:48";"System"
"360413";"Tirtayasa";"Tirtayasa";"56623";"1810";"102";"2025-03-21 02:44:48";"System";"2025-03-21 02:44:48";"System"
"360414";"Tanara";"Tanara";"56623";"1810";"102";"2025-03-21 02:44:48";"System";"2025-03-21 02:44:48";"System"
"360415";"Cikande";"Cikande";"56623";"1810";"102";"2025-03-21 02:44:48";"System";"2025-03-21 02:44:48";"System"
"360416";"Kibin";"Kibin";"56623";"1810";"102";"2025-03-21 02:44:48";"System";"2025-03-21 02:44:48";"System"
"360417";"Carenang";"Carenang";"56623";"1810";"102";"2025-03-21 02:44:48";"System";"2025-03-21 02:44:48";"System"
"360418";"Binuang";"Binuang";"56623";"1810";"102";"2025-03-21 02:44:48";"System";"2025-03-21 02:44:48";"System"
"360419";"Petir";"Petir";"56623";"1810";"102";"2025-03-21 02:44:48";"System";"2025-03-21 02:44:48";"System"
"360420";"Tunjung Teja";"Tunjung Teja";"56623";"1810";"102";"2025-03-21 02:44:48";"System";"2025-03-21 02:44:48";"System"
"360422";"Baros";"Baros";"56623";"1810";"102";"2025-03-21 02:44:48";"System";"2025-03-21 02:44:48";"System"
"360423";"Cikeusal";"Cikeusal";"56623";"1810";"102";"2025-03-21 02:44:48";"System";"2025-03-21 02:44:48";"System"
"360424";"Pamarayan";"Pamarayan";"56623";"1810";"102";"2025-03-21 02:44:48";"System";"2025-03-21 02:44:48";"System"
"360425";"Kopo";"Kopo";"56623";"1810";"102";"2025-03-21 02:44:48";"System";"2025-03-21 02:44:48";"System"
"360426";"Jawilan";"Jawilan";"56623";"1810";"102";"2025-03-21 02:44:48";"System";"2025-03-21 02:44:48";"System"
"360427";"Ciomas";"Ciomas";"56623";"1810";"102";"2025-03-21 02:44:48";"System";"2025-03-21 02:44:48";"System"
"360428";"Pabuaran";"Pabuaran";"56623";"1810";"102";"2025-03-21 02:44:48";"System";"2025-03-21 02:44:48";"System"
"360429";"Padarincang";"Padarincang";"56623";"1810";"102";"2025-03-21 02:44:48";"System";"2025-03-21 02:44:48";"System"
"360430";"Anyar";"Anyar";"56623";"1810";"102";"2025-03-21 02:44:48";"System";"2025-03-21 02:44:48";"System"
"360431";"Cinangka";"Cinangka";"56623";"1810";"102";"2025-03-21 02:44:48";"System";"2025-03-21 02:44:48";"System"
"360432";"Mancak";"Mancak";"56623";"1810";"102";"2025-03-21 02:44:48";"System";"2025-03-21 02:44:48";"System"
"360433";"Gunung Sari";"Gunung Sari";"56623";"1810";"102";"2025-03-21 02:44:48";"System";"2025-03-21 02:44:48";"System"
"360434";"Bandung";"Bandung";"56623";"1810";"102";"2025-03-21 02:44:48";"System";"2025-03-21 02:44:48";"System"
"360435";"Lebak Wangi";"Lebak Wangi";"56623";"1810";"102";"2025-03-21 02:44:48";"System";"2025-03-21 02:44:48";"System"
"367101";"Tangerang";"Tangerang";"56805";"1810";"102";"2025-03-21 02:44:48";"System";"2025-03-21 02:44:48";"System"
"367102";"Jatiuwung";"Jatiuwung";"56805";"1810";"102";"2025-03-21 02:44:48";"System";"2025-03-21 02:44:48";"System"
"367103";"Batuceper";"Batuceper";"56805";"1810";"102";"2025-03-21 02:44:48";"System";"2025-03-21 02:44:48";"System"
"367104";"Benda";"Benda";"56805";"1810";"102";"2025-03-21 02:44:48";"System";"2025-03-21 02:44:48";"System"
"367105";"Cipondoh";"Cipondoh";"56805";"1810";"102";"2025-03-21 02:44:48";"System";"2025-03-21 02:44:48";"System"
"367106";"Ciledug";"Ciledug";"56805";"1810";"102";"2025-03-21 02:44:48";"System";"2025-03-21 02:44:48";"System"
"367107";"Karawaci";"Karawaci";"56805";"1810";"102";"2025-03-21 02:44:48";"System";"2025-03-21 02:44:48";"System"
"367108";"Periuk";"Periuk";"56805";"1810";"102";"2025-03-21 02:44:48";"System";"2025-03-21 02:44:48";"System"
"367109";"Cibodas";"Cibodas";"56805";"1810";"102";"2025-03-21 02:44:48";"System";"2025-03-21 02:44:48";"System"
"367110";"Neglasari";"Neglasari";"56805";"1810";"102";"2025-03-21 02:44:48";"System";"2025-03-21 02:44:48";"System"
"367111";"Pinang";"Pinang";"56805";"1810";"102";"2025-03-21 02:44:48";"System";"2025-03-21 02:44:48";"System"
"367112";"Karang Tengah";"Karang Tengah";"56805";"1810";"102";"2025-03-21 02:44:48";"System";"2025-03-21 02:44:48";"System"
"367113";"Larangan";"Larangan";"56805";"1810";"102";"2025-03-21 02:44:48";"System";"2025-03-21 02:44:48";"System"
"367201";"Cibeber";"Cibeber";"56747";"1810";"102";"2025-03-21 02:44:48";"System";"2025-03-21 02:44:48";"System"
"367202";"Cilegon";"Cilegon";"56747";"1810";"102";"2025-03-21 02:44:48";"System";"2025-03-21 02:44:48";"System"
"367203";"Pulomerak";"Pulomerak";"56747";"1810";"102";"2025-03-21 02:44:48";"System";"2025-03-21 02:44:48";"System"
"367204";"Ciwandan";"Ciwandan";"56747";"1810";"102";"2025-03-21 02:44:48";"System";"2025-03-21 02:44:48";"System"
"367205";"Jombang";"Jombang";"56747";"1810";"102";"2025-03-21 02:44:48";"System";"2025-03-21 02:44:48";"System"
"367206";"Gerogol";"Gerogol";"56747";"1810";"102";"2025-03-21 02:44:48";"System";"2025-03-21 02:44:48";"System"
"367207";"Purwakarta";"Purwakarta";"56747";"1810";"102";"2025-03-21 02:44:48";"System";"2025-03-21 02:44:48";"System"
"367208";"Citangkil";"Citangkil";"56747";"1810";"102";"2025-03-21 02:44:48";"System";"2025-03-21 02:44:48";"System"
"367301";"Serang";"Serang";"56796";"1810";"102";"2025-03-21 02:44:48";"System";"2025-03-21 02:44:48";"System"
"367302";"Kasemen";"Kasemen";"56796";"1810";"102";"2025-03-21 02:44:48";"System";"2025-03-21 02:44:48";"System"
"367303";"Walantaka";"Walantaka";"56796";"1810";"102";"2025-03-21 02:44:48";"System";"2025-03-21 02:44:48";"System"
"367304";"Curug";"Curug";"56796";"1810";"102";"2025-03-21 02:44:48";"System";"2025-03-21 02:44:48";"System"
"367305";"Cipocok Jaya";"Cipocok Jaya";"56796";"1810";"102";"2025-03-21 02:44:48";"System";"2025-03-21 02:44:48";"System"
"367306";"Taktakan";"Taktakan";"56796";"1810";"102";"2025-03-21 02:44:48";"System";"2025-03-21 02:44:48";"System"
"367401";"Serpong";"Serpong";"56806";"1810";"102";"2025-03-21 02:44:48";"System";"2025-03-21 02:44:48";"System"
"367402";"Serpong Utara";"Serpong Utara";"56806";"1810";"102";"2025-03-21 02:44:48";"System";"2025-03-21 02:44:48";"System"
"367403";"Pondok Aren";"Pondok Aren";"56806";"1810";"102";"2025-03-21 02:44:48";"System";"2025-03-21 02:44:48";"System"
"367404";"Ciputat";"Ciputat";"56806";"1810";"102";"2025-03-21 02:44:48";"System";"2025-03-21 02:44:48";"System"
"367405";"Ciputat Timur";"Ciputat Timur";"56806";"1810";"102";"2025-03-21 02:44:48";"System";"2025-03-21 02:44:48";"System"
"367406";"Pamulang";"Pamulang";"56806";"1810";"102";"2025-03-21 02:44:48";"System";"2025-03-21 02:44:48";"System"
"367407";"Setu";"Setu";"56806";"1810";"102";"2025-03-21 02:44:48";"System";"2025-03-21 02:44:48";"System"
"510101";"Negara";"Negara";"56431";"1826";"102";"2025-03-21 02:44:48";"System";"2025-03-21 02:44:48";"System"
"510102";"Mendoyo";"Mendoyo";"56431";"1826";"102";"2025-03-21 02:44:48";"System";"2025-03-21 02:44:48";"System"
"510103";"Pekutatan";"Pekutatan";"56431";"1826";"102";"2025-03-21 02:44:48";"System";"2025-03-21 02:44:48";"System"
"510104";"Melaya";"Melaya";"56431";"1826";"102";"2025-03-21 02:44:48";"System";"2025-03-21 02:44:48";"System"
"510105";"Jembrana";"Jembrana";"56431";"1826";"102";"2025-03-21 02:44:48";"System";"2025-03-21 02:44:48";"System"
"510201";"Selemadeg";"Selemadeg";"56658";"1826";"102";"2025-03-21 02:44:48";"System";"2025-03-21 02:44:48";"System"
"510202";"Salamadeg Timur";"Salamadeg Timur";"56658";"1826";"102";"2025-03-21 02:44:48";"System";"2025-03-21 02:44:48";"System"
"510203";"Salemadeg Barat";"Salemadeg Barat";"56658";"1826";"102";"2025-03-21 02:44:48";"System";"2025-03-21 02:44:48";"System"
"510204";"Kerambitan";"Kerambitan";"56658";"1826";"102";"2025-03-21 02:44:48";"System";"2025-03-21 02:44:48";"System"
"510205";"Tabanan";"Tabanan";"56658";"1826";"102";"2025-03-21 02:44:48";"System";"2025-03-21 02:44:48";"System"
"510206";"Kediri";"Kediri";"56658";"1826";"102";"2025-03-21 02:44:48";"System";"2025-03-21 02:44:48";"System"
"510207";"Marga";"Marga";"56658";"1826";"102";"2025-03-21 02:44:48";"System";"2025-03-21 02:44:48";"System"
"510208";"Penebel";"Penebel";"56658";"1826";"102";"2025-03-21 02:44:48";"System";"2025-03-21 02:44:48";"System"
"510209";"Baturiti";"Baturiti";"56658";"1826";"102";"2025-03-21 02:44:48";"System";"2025-03-21 02:44:48";"System"
"510210";"Pupuan";"Pupuan";"56658";"1826";"102";"2025-03-21 02:44:48";"System";"2025-03-21 02:44:48";"System"
"510301";"Kuta";"Kuta";"56322";"1826";"102";"2025-03-21 02:44:48";"System";"2025-03-21 02:44:48";"System"
"510302";"Mengwi";"Mengwi";"56322";"1826";"102";"2025-03-21 02:44:48";"System";"2025-03-21 02:44:48";"System"
"510303";"Abiansemal";"Abiansemal";"56322";"1826";"102";"2025-03-21 02:44:48";"System";"2025-03-21 02:44:48";"System"
"510304";"Petang";"Petang";"56322";"1826";"102";"2025-03-21 02:44:48";"System";"2025-03-21 02:44:48";"System"
"510305";"Kuta Selatan";"Kuta Selatan";"56322";"1826";"102";"2025-03-21 02:44:48";"System";"2025-03-21 02:44:48";"System"
"510306";"Kuta Utara";"Kuta Utara";"56322";"1826";"102";"2025-03-21 02:44:48";"System";"2025-03-21 02:44:48";"System"
"510401";"Sukawati";"Sukawati";"56409";"1826";"102";"2025-03-21 02:44:48";"System";"2025-03-21 02:44:48";"System"
"510402";"Blahbatuh";"Blahbatuh";"56409";"1826";"102";"2025-03-21 02:44:48";"System";"2025-03-21 02:44:48";"System"
"510403";"Gianyar";"Gianyar";"56409";"1826";"102";"2025-03-21 02:44:48";"System";"2025-03-21 02:44:48";"System"
"510404";"Tampaksiring";"Tampaksiring";"56409";"1826";"102";"2025-03-21 02:44:48";"System";"2025-03-21 02:44:48";"System"
"510405";"Ubud";"Ubud";"56409";"1826";"102";"2025-03-21 02:44:48";"System";"2025-03-21 02:44:48";"System"
"510406";"Tegalallang";"Tegalallang";"56409";"1826";"102";"2025-03-21 02:44:48";"System";"2025-03-21 02:44:48";"System"
"510407";"Payangan";"Payangan";"56409";"1826";"102";"2025-03-21 02:44:48";"System";"2025-03-21 02:44:48";"System"
"510501";"Nusa Penida";"Nusa Penida";"56460";"1826";"102";"2025-03-21 02:44:48";"System";"2025-03-21 02:44:48";"System"
"510502";"Banjarangkan";"Banjarangkan";"56460";"1826";"102";"2025-03-21 02:44:48";"System";"2025-03-21 02:44:48";"System"
"510503";"Klungkung";"Klungkung";"56460";"1826";"102";"2025-03-21 02:44:48";"System";"2025-03-21 02:44:48";"System"
"510504";"Dawan";"Dawan";"56460";"1826";"102";"2025-03-21 02:44:48";"System";"2025-03-21 02:44:48";"System"
"510601";"Susut";"Susut";"56334";"1826";"102";"2025-03-21 02:44:48";"System";"2025-03-21 02:44:48";"System"
"510602";"Bangli";"Bangli";"56334";"1826";"102";"2025-03-21 02:44:48";"System";"2025-03-21 02:44:48";"System"
"510603";"Tembuku";"Tembuku";"56334";"1826";"102";"2025-03-21 02:44:48";"System";"2025-03-21 02:44:48";"System"
"510604";"Kintamani";"Kintamani";"56334";"1826";"102";"2025-03-21 02:44:48";"System";"2025-03-21 02:44:48";"System"
"510701";"Rendang";"Rendang";"0";"0";"102";"2025-03-21 02:44:48";"System";"2025-03-21 02:44:48";"System"
"510702";"Sidemen";"Sidemen";"0";"0";"102";"2025-03-21 02:44:48";"System";"2025-03-21 02:44:48";"System"
"510703";"Manggis";"Manggis";"0";"0";"102";"2025-03-21 02:44:48";"System";"2025-03-21 02:44:48";"System"
"510704";"Karangasem";"Karangasem";"0";"0";"102";"2025-03-21 02:44:48";"System";"2025-03-21 02:44:48";"System"
"510705";"Abang";"Abang";"0";"0";"102";"2025-03-21 02:44:48";"System";"2025-03-21 02:44:48";"System"
"510706";"Bebandem";"Bebandem";"0";"0";"102";"2025-03-21 02:44:48";"System";"2025-03-21 02:44:48";"System"
"510707";"Selat";"Selat";"0";"0";"102";"2025-03-21 02:44:48";"System";"2025-03-21 02:44:48";"System"
"510708";"Kubu";"Kubu";"0";"0";"102";"2025-03-21 02:44:48";"System";"2025-03-21 02:44:48";"System"
"510801";"Gerokgak";"Gerokgak";"56379";"1826";"102";"2025-03-21 02:44:48";"System";"2025-03-21 02:44:48";"System"
"510802";"Seririt";"Seririt";"56379";"1826";"102";"2025-03-21 02:44:48";"System";"2025-03-21 02:44:48";"System"
"510803";"Busung biu";"Busung biu";"56379";"1826";"102";"2025-03-21 02:44:48";"System";"2025-03-21 02:44:48";"System"
"510804";"Banjar";"Banjar";"56379";"1826";"102";"2025-03-21 02:44:48";"System";"2025-03-21 02:44:48";"System"
"510805";"Sukasada";"Sukasada";"56379";"1826";"102";"2025-03-21 02:44:48";"System";"2025-03-21 02:44:48";"System"
"510806";"Buleleng";"Buleleng";"56379";"1826";"102";"2025-03-21 02:44:48";"System";"2025-03-21 02:44:48";"System"
"510807";"Sawan";"Sawan";"56379";"1826";"102";"2025-03-21 02:44:48";"System";"2025-03-21 02:44:48";"System"
"510808";"Kubutambahan";"Kubutambahan";"56379";"1826";"102";"2025-03-21 02:44:48";"System";"2025-03-21 02:44:48";"System"
"510809";"Tejakula";"Tejakula";"56379";"1826";"102";"2025-03-21 02:44:48";"System";"2025-03-21 02:44:48";"System"
"517101";"Denpasar Selatan";"Denpasar Selatan";"56750";"1826";"102";"2025-03-21 02:44:48";"System";"2025-03-21 02:44:48";"System"
"517102";"Denpasar Timur";"Denpasar Timur";"56750";"1826";"102";"2025-03-21 02:44:48";"System";"2025-03-21 02:44:48";"System"
"517103";"Denpasar Barat";"Denpasar Barat";"56750";"1826";"102";"2025-03-21 02:44:48";"System";"2025-03-21 02:44:48";"System"
"517104";"Denpasar Utara";"Denpasar Utara";"56750";"1826";"102";"2025-03-21 02:44:48";"System";"2025-03-21 02:44:48";"System"
"520101";"Gerung";"Gerung";"56496";"1814";"102";"2025-03-21 02:44:48";"System";"2025-03-21 02:44:48";"System"
"520102";"Kediri";"Kediri";"56496";"1814";"102";"2025-03-21 02:44:48";"System";"2025-03-21 02:44:48";"System"
"520103";"Narmada";"Narmada";"56496";"1814";"102";"2025-03-21 02:44:48";"System";"2025-03-21 02:44:48";"System"
"520107";"Sekotong";"Sekotong";"56496";"1814";"102";"2025-03-21 02:44:48";"System";"2025-03-21 02:44:48";"System"
"520108";"Labuapi";"Labuapi";"56496";"1814";"102";"2025-03-21 02:44:48";"System";"2025-03-21 02:44:48";"System"
"520109";"Gunungsari";"Gunungsari";"56496";"1814";"102";"2025-03-21 02:44:48";"System";"2025-03-21 02:44:48";"System"
"520112";"Lingsar";"Lingsar";"56496";"1814";"102";"2025-03-21 02:44:48";"System";"2025-03-21 02:44:48";"System"
"520113";"Lembar";"Lembar";"56496";"1814";"102";"2025-03-21 02:44:48";"System";"2025-03-21 02:44:48";"System"
"520114";"Batu Layar";"Batu Layar";"56496";"1814";"102";"2025-03-21 02:44:48";"System";"2025-03-21 02:44:48";"System"
"520115";"Kuripan";"Kuripan";"56496";"1814";"102";"2025-03-21 02:44:48";"System";"2025-03-21 02:44:48";"System"
"520201";"Praya";"Praya";"56497";"1814";"102";"2025-03-21 02:44:48";"System";"2025-03-21 02:44:48";"System"
"520202";"Jonggat";"Jonggat";"56497";"1814";"102";"2025-03-21 02:44:48";"System";"2025-03-21 02:44:48";"System"
"520203";"Batukliang";"Batukliang";"56497";"1814";"102";"2025-03-21 02:44:48";"System";"2025-03-21 02:44:48";"System"
"520204";"Pujut";"Pujut";"56497";"1814";"102";"2025-03-21 02:44:48";"System";"2025-03-21 02:44:48";"System"
"520205";"Praya Barat";"Praya Barat";"56497";"1814";"102";"2025-03-21 02:44:48";"System";"2025-03-21 02:44:48";"System"
"520206";"Praya Timur";"Praya Timur";"56497";"1814";"102";"2025-03-21 02:44:48";"System";"2025-03-21 02:44:48";"System"
"520207";"Janapria";"Janapria";"56497";"1814";"102";"2025-03-21 02:44:48";"System";"2025-03-21 02:44:48";"System"
"520208";"Pringgarata";"Pringgarata";"56497";"1814";"102";"2025-03-21 02:44:48";"System";"2025-03-21 02:44:48";"System"
"520209";"Kopang";"Kopang";"56497";"1814";"102";"2025-03-21 02:44:48";"System";"2025-03-21 02:44:48";"System"
"520210";"Praya Tengah";"Praya Tengah";"56497";"1814";"102";"2025-03-21 02:44:48";"System";"2025-03-21 02:44:48";"System"
"520211";"Praya Barat Daya";"Praya Barat Daya";"56497";"1814";"102";"2025-03-21 02:44:48";"System";"2025-03-21 02:44:48";"System"
"520212";"Batukliang Utara";"Batukliang Utara";"56497";"1814";"102";"2025-03-21 02:44:48";"System";"2025-03-21 02:44:48";"System"
"520301";"Keruak";"Keruak";"56498";"1814";"102";"2025-03-21 02:44:48";"System";"2025-03-21 02:44:48";"System"
"520302";"Sakra";"Sakra";"56498";"1814";"102";"2025-03-21 02:44:48";"System";"2025-03-21 02:44:48";"System"
"520303";"Terara";"Terara";"56498";"1814";"102";"2025-03-21 02:44:48";"System";"2025-03-21 02:44:48";"System"
"520304";"Sikur";"Sikur";"56498";"1814";"102";"2025-03-21 02:44:48";"System";"2025-03-21 02:44:48";"System"
"520305";"Masbagik";"Masbagik";"56498";"1814";"102";"2025-03-21 02:44:48";"System";"2025-03-21 02:44:48";"System"
"520306";"Sukamulia";"Sukamulia";"56498";"1814";"102";"2025-03-21 02:44:48";"System";"2025-03-21 02:44:48";"System"
"520307";"Selong";"Selong";"56498";"1814";"102";"2025-03-21 02:44:48";"System";"2025-03-21 02:44:48";"System"
"520308";"Pringgabaya";"Pringgabaya";"56498";"1814";"102";"2025-03-21 02:44:48";"System";"2025-03-21 02:44:48";"System"
"520309";"Aikmel";"Aikmel";"56498";"1814";"102";"2025-03-21 02:44:48";"System";"2025-03-21 02:44:48";"System"
"520310";"Sambelia";"Sambelia";"56498";"1814";"102";"2025-03-21 02:44:48";"System";"2025-03-21 02:44:48";"System"
"520311";"Montong Gading";"Montong Gading";"56498";"1814";"102";"2025-03-21 02:44:48";"System";"2025-03-21 02:44:48";"System"
"520312";"Pringgasela";"Pringgasela";"56498";"1814";"102";"2025-03-21 02:44:48";"System";"2025-03-21 02:44:48";"System"
"520313";"Suralaga";"Suralaga";"56498";"1814";"102";"2025-03-21 02:44:48";"System";"2025-03-21 02:44:48";"System"
"520314";"Wanasaba";"Wanasaba";"56498";"1814";"102";"2025-03-21 02:44:48";"System";"2025-03-21 02:44:48";"System"
"520315";"Sembalun";"Sembalun";"56498";"1814";"102";"2025-03-21 02:44:48";"System";"2025-03-21 02:44:48";"System"
"520316";"Suwela";"Suwela";"56498";"1814";"102";"2025-03-21 02:44:48";"System";"2025-03-21 02:44:48";"System"
"520317";"Labuhan Haji";"Labuhan Haji";"56498";"1814";"102";"2025-03-21 02:44:48";"System";"2025-03-21 02:44:48";"System"
"520318";"Sakra Timur";"Sakra Timur";"56498";"1814";"102";"2025-03-21 02:44:48";"System";"2025-03-21 02:44:48";"System"
"520319";"Sakra Barat";"Sakra Barat";"56498";"1814";"102";"2025-03-21 02:44:48";"System";"2025-03-21 02:44:48";"System"
"520320";"Jerowaru";"Jerowaru";"56498";"1814";"102";"2025-03-21 02:44:48";"System";"2025-03-21 02:44:48";"System"
"520402";"Lunyuk";"Lunyuk";"56652";"1814";"102";"2025-03-21 02:44:48";"System";"2025-03-21 02:44:48";"System"
"520405";"Alas";"Alas";"56652";"1814";"102";"2025-03-21 02:44:48";"System";"2025-03-21 02:44:48";"System"
"520406";"Utan";"Utan";"56652";"1814";"102";"2025-03-21 02:44:48";"System";"2025-03-21 02:44:48";"System"
"520407";"Batu Lanteh";"Batu Lanteh";"56652";"1814";"102";"2025-03-21 02:44:48";"System";"2025-03-21 02:44:48";"System"
"520408";"Sumbawa";"Sumbawa";"56652";"1814";"102";"2025-03-21 02:44:48";"System";"2025-03-21 02:44:48";"System"
"520409";"Moyo Hilir";"Moyo Hilir";"56652";"1814";"102";"2025-03-21 02:44:48";"System";"2025-03-21 02:44:48";"System"
"520410";"Moyo Hulu";"Moyo Hulu";"56652";"1814";"102";"2025-03-21 02:44:48";"System";"2025-03-21 02:44:48";"System"
"520411";"Ropang";"Ropang";"56652";"1814";"102";"2025-03-21 02:44:48";"System";"2025-03-21 02:44:48";"System"
"520412";"Lape";"Lape";"56652";"1814";"102";"2025-03-21 02:44:48";"System";"2025-03-21 02:44:48";"System"
"520413";"Plampang";"Plampang";"56652";"1814";"102";"2025-03-21 02:44:48";"System";"2025-03-21 02:44:48";"System"
"520414";"Empang";"Empang";"56652";"1814";"102";"2025-03-21 02:44:48";"System";"2025-03-21 02:44:48";"System"
"520417";"Alas Barat";"Alas Barat";"56652";"1814";"102";"2025-03-21 02:44:48";"System";"2025-03-21 02:44:48";"System"
"520418";"Labuhan Badas";"Labuhan Badas";"56652";"1814";"102";"2025-03-21 02:44:48";"System";"2025-03-21 02:44:48";"System"
"520419";"Labangka";"Labangka";"56652";"1814";"102";"2025-03-21 02:44:48";"System";"2025-03-21 02:44:48";"System"
"520420";"Buer";"Buer";"56652";"1814";"102";"2025-03-21 02:44:48";"System";"2025-03-21 02:44:48";"System"
"520421";"Rhee";"Rhee";"56652";"1814";"102";"2025-03-21 02:44:48";"System";"2025-03-21 02:44:48";"System"
"520422";"Unter Iwes";"Unter Iwes";"56652";"1814";"102";"2025-03-21 02:44:48";"System";"2025-03-21 02:44:48";"System"
"520423";"Moyo Utara";"Moyo Utara";"56652";"1814";"102";"2025-03-21 02:44:48";"System";"2025-03-21 02:44:48";"System"
"520424";"Maronge";"Maronge";"56652";"1814";"102";"2025-03-21 02:44:48";"System";"2025-03-21 02:44:48";"System"
"520425";"Tarano";"Tarano";"56652";"1814";"102";"2025-03-21 02:44:48";"System";"2025-03-21 02:44:48";"System"
"520426";"Lopok";"Lopok";"56652";"1814";"102";"2025-03-21 02:44:48";"System";"2025-03-21 02:44:48";"System"
"520427";"Lenangguar";"Lenangguar";"56652";"1814";"102";"2025-03-21 02:44:48";"System";"2025-03-21 02:44:48";"System"
"520428";"Orong Telu";"Orong Telu";"56652";"1814";"102";"2025-03-21 02:44:48";"System";"2025-03-21 02:44:48";"System"
"520429";"Lantung";"Lantung";"56652";"1814";"102";"2025-03-21 02:44:48";"System";"2025-03-21 02:44:48";"System"
"520501";"Dompu";"Dompu";"56400";"1814";"102";"2025-03-21 02:44:48";"System";"2025-03-21 02:44:48";"System"
"520502";"Kempo";"Kempo";"56400";"1814";"102";"2025-03-21 02:44:48";"System";"2025-03-21 02:44:48";"System"
"520503";"Hu'u";"Hu'u";"56400";"1814";"102";"2025-03-21 02:44:48";"System";"2025-03-21 02:44:48";"System"
"520504";"Kilo";"Kilo";"56400";"1814";"102";"2025-03-21 02:44:48";"System";"2025-03-21 02:44:48";"System"
"520505";"Woja";"Woja";"56400";"1814";"102";"2025-03-21 02:44:48";"System";"2025-03-21 02:44:48";"System"
"520506";"Pekat";"Pekat";"56400";"1814";"102";"2025-03-21 02:44:48";"System";"2025-03-21 02:44:48";"System"
"520507";"Manggalewa";"Manggalewa";"56400";"1814";"102";"2025-03-21 02:44:48";"System";"2025-03-21 02:44:48";"System"
"520508";"Pajo";"Pajo";"56400";"1814";"102";"2025-03-21 02:44:48";"System";"2025-03-21 02:44:48";"System"
"520601";"Monta";"Monta";"56360";"1814";"102";"2025-03-21 02:44:48";"System";"2025-03-21 02:44:48";"System"
"520602";"Bolo";"Bolo";"56360";"1814";"102";"2025-03-21 02:44:48";"System";"2025-03-21 02:44:48";"System"
"520603";"Woha";"Woha";"56360";"1814";"102";"2025-03-21 02:44:48";"System";"2025-03-21 02:44:48";"System"
"520604";"Belo";"Belo";"56360";"1814";"102";"2025-03-21 02:44:48";"System";"2025-03-21 02:44:48";"System"
"520605";"Wawo";"Wawo";"56360";"1814";"102";"2025-03-21 02:44:48";"System";"2025-03-21 02:44:48";"System"
"520606";"Sape";"Sape";"56360";"1814";"102";"2025-03-21 02:44:48";"System";"2025-03-21 02:44:48";"System"
"520607";"Wera";"Wera";"56360";"1814";"102";"2025-03-21 02:44:48";"System";"2025-03-21 02:44:48";"System"
"520608";"Donggo";"Donggo";"56360";"1814";"102";"2025-03-21 02:44:48";"System";"2025-03-21 02:44:48";"System"
"520609";"Sanggar";"Sanggar";"56360";"1814";"102";"2025-03-21 02:44:48";"System";"2025-03-21 02:44:48";"System"
"520610";"Ambalawi";"Ambalawi";"56360";"1814";"102";"2025-03-21 02:44:48";"System";"2025-03-21 02:44:48";"System"
"520611";"Langgudu";"Langgudu";"56360";"1814";"102";"2025-03-21 02:44:48";"System";"2025-03-21 02:44:48";"System"
"520612";"Lambu";"Lambu";"56360";"1814";"102";"2025-03-21 02:44:48";"System";"2025-03-21 02:44:48";"System"
"520613";"Madapangga";"Madapangga";"56360";"1814";"102";"2025-03-21 02:44:48";"System";"2025-03-21 02:44:48";"System"
"520614";"Tambora";"Tambora";"56360";"1814";"102";"2025-03-21 02:44:48";"System";"2025-03-21 02:44:48";"System"
"520615";"Soromandi";"Soromandi";"56360";"1814";"102";"2025-03-21 02:44:48";"System";"2025-03-21 02:44:48";"System"
"520616";"Parado";"Parado";"56360";"1814";"102";"2025-03-21 02:44:48";"System";"2025-03-21 02:44:48";"System"
"520617";"Lambitu";"Lambitu";"56360";"1814";"102";"2025-03-21 02:44:48";"System";"2025-03-21 02:44:48";"System"
"520618";"Palibelo";"Palibelo";"56360";"1814";"102";"2025-03-21 02:44:48";"System";"2025-03-21 02:44:48";"System"
"520701";"Jereweh";"Jereweh";"56653";"1814";"102";"2025-03-21 02:44:48";"System";"2025-03-21 02:44:48";"System"
"520702";"Taliwang";"Taliwang";"56653";"1814";"102";"2025-03-21 02:44:48";"System";"2025-03-21 02:44:48";"System"
"520703";"Seteluk";"Seteluk";"56653";"1814";"102";"2025-03-21 02:44:48";"System";"2025-03-21 02:44:48";"System"
"520704";"Sekongkang";"Sekongkang";"56653";"1814";"102";"2025-03-21 02:44:48";"System";"2025-03-21 02:44:48";"System"
"520705";"Brang Rea";"Brang Rea";"56653";"1814";"102";"2025-03-21 02:44:48";"System";"2025-03-21 02:44:48";"System"
"520706";"Poto Tano";"Poto Tano";"56653";"1814";"102";"2025-03-21 02:44:48";"System";"2025-03-21 02:44:48";"System"
"520707";"Brang Ene";"Brang Ene";"56653";"1814";"102";"2025-03-21 02:44:48";"System";"2025-03-21 02:44:48";"System"
"520708";"Maluk";"Maluk";"56653";"1814";"102";"2025-03-21 02:44:48";"System";"2025-03-21 02:44:48";"System"
"520801";"Tanjung";"Tanjung";"56499";"1814";"102";"2025-03-21 02:44:48";"System";"2025-03-21 02:44:48";"System"
"520802";"Gangga";"Gangga";"56499";"1814";"102";"2025-03-21 02:44:48";"System";"2025-03-21 02:44:48";"System"
"520803";"Kayangan";"Kayangan";"56499";"1814";"102";"2025-03-21 02:44:48";"System";"2025-03-21 02:44:48";"System"
"520804";"Bayan";"Bayan";"56499";"1814";"102";"2025-03-21 02:44:48";"System";"2025-03-21 02:44:48";"System"
"520805";"Pemenang";"Pemenang";"56499";"1814";"102";"2025-03-21 02:44:48";"System";"2025-03-21 02:44:48";"System"
"527101";"Ampenan";"Ampenan";"56769";"1814";"102";"2025-03-21 02:44:48";"System";"2025-03-21 02:44:48";"System"
"527102";"Mataram";"Mataram";"56769";"1814";"102";"2025-03-21 02:44:48";"System";"2025-03-21 02:44:48";"System"
"527103";"Cakranegara";"Cakranegara";"56769";"1814";"102";"2025-03-21 02:44:48";"System";"2025-03-21 02:44:48";"System"
"527104";"Sekarbela";"Sekarbela";"56769";"1814";"102";"2025-03-21 02:44:48";"System";"2025-03-21 02:44:48";"System"
"527105";"Selaprang";"Selaprang";"56769";"1814";"102";"2025-03-21 02:44:48";"System";"2025-03-21 02:44:48";"System"
"527106";"Sandubaya";"Sandubaya";"56769";"1814";"102";"2025-03-21 02:44:48";"System";"2025-03-21 02:44:48";"System"
"527201";"RasanaE Barat";"RasanaE Barat";"56740";"1814";"102";"2025-03-21 02:44:48";"System";"2025-03-21 02:44:48";"System"
"527202";"RasanaE Timur";"RasanaE Timur";"56740";"1814";"102";"2025-03-21 02:44:48";"System";"2025-03-21 02:44:48";"System"
"527203";"Asakota";"Asakota";"56740";"1814";"102";"2025-03-21 02:44:48";"System";"2025-03-21 02:44:48";"System"
"527204";"Raba";"Raba";"56740";"1814";"102";"2025-03-21 02:44:48";"System";"2025-03-21 02:44:48";"System"
"527205";"Mpunda";"Mpunda";"56740";"1814";"102";"2025-03-21 02:44:48";"System";"2025-03-21 02:44:48";"System"
"530104";"Semau";"Semau";"56475";"1818";"102";"2025-03-21 02:44:48";"System";"2025-03-21 02:44:48";"System"
"530105";"Kupang Barat";"Kupang Barat";"56475";"1818";"102";"2025-03-21 02:44:48";"System";"2025-03-21 02:44:48";"System"
"530106";"Kupang Timur";"Kupang Timur";"56475";"1818";"102";"2025-03-21 02:44:48";"System";"2025-03-21 02:44:48";"System"
"530107";"Sulamu";"Sulamu";"56475";"1818";"102";"2025-03-21 02:44:48";"System";"2025-03-21 02:44:48";"System"
"530108";"Kupang Tengah";"Kupang Tengah";"56475";"1818";"102";"2025-03-21 02:44:48";"System";"2025-03-21 02:44:48";"System"
"530109";"Amarasi";"Amarasi";"56475";"1818";"102";"2025-03-21 02:44:48";"System";"2025-03-21 02:44:48";"System"
"530110";"Fatuleu";"Fatuleu";"56475";"1818";"102";"2025-03-21 02:44:48";"System";"2025-03-21 02:44:48";"System"
"530111";"Takari";"Takari";"56475";"1818";"102";"2025-03-21 02:44:48";"System";"2025-03-21 02:44:48";"System"
"530112";"Amfoang Selatan";"Amfoang Selatan";"56475";"1818";"102";"2025-03-21 02:44:48";"System";"2025-03-21 02:44:48";"System"
"530113";"Amfoang Utara";"Amfoang Utara";"56475";"1818";"102";"2025-03-21 02:44:48";"System";"2025-03-21 02:44:48";"System"
"530116";"Nekamese";"Nekamese";"56475";"1818";"102";"2025-03-21 02:44:48";"System";"2025-03-21 02:44:48";"System"
"530117";"Amarasi Barat";"Amarasi Barat";"56475";"1818";"102";"2025-03-21 02:44:48";"System";"2025-03-21 02:44:48";"System"
"530118";"Amarasi Selatan";"Amarasi Selatan";"56475";"1818";"102";"2025-03-21 02:44:48";"System";"2025-03-21 02:44:48";"System"
"530119";"Amarasi Timur";"Amarasi Timur";"56475";"1818";"102";"2025-03-21 02:44:48";"System";"2025-03-21 02:44:48";"System"
"530120";"Amabi Oefeto Timur";"Amabi Oefeto Timur";"56475";"1818";"102";"2025-03-21 02:44:48";"System";"2025-03-21 02:44:48";"System"
"530121";"Amfoang Barat Daya";"Amfoang Barat Daya";"56475";"1818";"102";"2025-03-21 02:44:48";"System";"2025-03-21 02:44:48";"System"
"530122";"Amfoang Barat Laut";"Amfoang Barat Laut";"56475";"1818";"102";"2025-03-21 02:44:48";"System";"2025-03-21 02:44:48";"System"
"530123";"Semau Selatan";"Semau Selatan";"56475";"1818";"102";"2025-03-21 02:44:48";"System";"2025-03-21 02:44:48";"System"
"530124";"Taebenu";"Taebenu";"56475";"1818";"102";"2025-03-21 02:44:48";"System";"2025-03-21 02:44:48";"System"
"530125";"Amabi Oefeto";"Amabi Oefeto";"56475";"1818";"102";"2025-03-21 02:44:48";"System";"2025-03-21 02:44:48";"System"
"530126";"Amfoang Timur";"Amfoang Timur";"56475";"1818";"102";"2025-03-21 02:44:48";"System";"2025-03-21 02:44:48";"System"
"530127";"Fatuleu Barat";"Fatuleu Barat";"56475";"1818";"102";"2025-03-21 02:44:48";"System";"2025-03-21 02:44:48";"System"
"530128";"Fatuleu Tengah";"Fatuleu Tengah";"56475";"1818";"102";"2025-03-21 02:44:48";"System";"2025-03-21 02:44:48";"System"
"530130";"Amfoang Tengah";"Amfoang Tengah";"56475";"1818";"102";"2025-03-21 02:44:48";"System";"2025-03-21 02:44:48";"System"
"530201";"Kota Soe";"Kota Soe";"56680";"1818";"102";"2025-03-21 02:44:48";"System";"2025-03-21 02:44:48";"System"
"530202";"Mollo Selatan";"Mollo Selatan";"56680";"1818";"102";"2025-03-21 02:44:48";"System";"2025-03-21 02:44:48";"System"
"530203";"Mollo Utara";"Mollo Utara";"56680";"1818";"102";"2025-03-21 02:44:48";"System";"2025-03-21 02:44:48";"System"
"530204";"Amanuban Timur";"Amanuban Timur";"56680";"1818";"102";"2025-03-21 02:44:48";"System";"2025-03-21 02:44:48";"System"
"530205";"Amanuban Tengah";"Amanuban Tengah";"56680";"1818";"102";"2025-03-21 02:44:48";"System";"2025-03-21 02:44:48";"System"
"530206";"Amanuban Selatan";"Amanuban Selatan";"56680";"1818";"102";"2025-03-21 02:44:48";"System";"2025-03-21 02:44:48";"System"
"530207";"Amanuban Barat";"Amanuban Barat";"56680";"1818";"102";"2025-03-21 02:44:48";"System";"2025-03-21 02:44:48";"System"
"530208";"Amanatun Selatan";"Amanatun Selatan";"56680";"1818";"102";"2025-03-21 02:44:48";"System";"2025-03-21 02:44:48";"System"
"530209";"Amanatun Utara";"Amanatun Utara";"56680";"1818";"102";"2025-03-21 02:44:48";"System";"2025-03-21 02:44:48";"System"
"530210";"KI'E";"KI'E";"56680";"1818";"102";"2025-03-21 02:44:48";"System";"2025-03-21 02:44:48";"System"
"530211";"Kuanfatu";"Kuanfatu";"56680";"1818";"102";"2025-03-21 02:44:48";"System";"2025-03-21 02:44:48";"System"
"530212";"Fatumnasi";"Fatumnasi";"56680";"1818";"102";"2025-03-21 02:44:48";"System";"2025-03-21 02:44:48";"System"
"530213";"Polen";"Polen";"56680";"1818";"102";"2025-03-21 02:44:48";"System";"2025-03-21 02:44:48";"System"
"530214";"Batu Putih";"Batu Putih";"56680";"1818";"102";"2025-03-21 02:44:48";"System";"2025-03-21 02:44:48";"System"
"530215";"Boking";"Boking";"56680";"1818";"102";"2025-03-21 02:44:48";"System";"2025-03-21 02:44:48";"System"
"530216";"Toianas";"Toianas";"56680";"1818";"102";"2025-03-21 02:44:48";"System";"2025-03-21 02:44:48";"System"
"530217";"Nunkolo";"Nunkolo";"56680";"1818";"102";"2025-03-21 02:44:48";"System";"2025-03-21 02:44:48";"System"
"530218";"Oenino";"Oenino";"56680";"1818";"102";"2025-03-21 02:44:48";"System";"2025-03-21 02:44:48";"System"
"530219";"Kolbano";"Kolbano";"56680";"1818";"102";"2025-03-21 02:44:48";"System";"2025-03-21 02:44:48";"System"
"530220";"Kot olin";"Kot olin";"56680";"1818";"102";"2025-03-21 02:44:48";"System";"2025-03-21 02:44:48";"System"
"530221";"Kualin";"Kualin";"56680";"1818";"102";"2025-03-21 02:44:48";"System";"2025-03-21 02:44:48";"System"
"530222";"Mollo Barat";"Mollo Barat";"56680";"1818";"102";"2025-03-21 02:44:48";"System";"2025-03-21 02:44:48";"System"
"530223";"Kok Baun";"Kok Baun";"56680";"1818";"102";"2025-03-21 02:44:48";"System";"2025-03-21 02:44:48";"System"
"530224";"Noebana";"Noebana";"56680";"1818";"102";"2025-03-21 02:44:48";"System";"2025-03-21 02:44:48";"System"
"530225";"Santian";"Santian";"56680";"1818";"102";"2025-03-21 02:44:48";"System";"2025-03-21 02:44:48";"System"
"530226";"Noebeba";"Noebeba";"56680";"1818";"102";"2025-03-21 02:44:48";"System";"2025-03-21 02:44:48";"System"
"530227";"Kuatnana";"Kuatnana";"56680";"1818";"102";"2025-03-21 02:44:48";"System";"2025-03-21 02:44:48";"System"
"530228";"Fautmolo";"Fautmolo";"56680";"1818";"102";"2025-03-21 02:44:48";"System";"2025-03-21 02:44:48";"System"
"530229";"Fatukopa";"Fatukopa";"56680";"1818";"102";"2025-03-21 02:44:48";"System";"2025-03-21 02:44:48";"System"
"530230";"Mollo Tengah";"Mollo Tengah";"56680";"1818";"102";"2025-03-21 02:44:48";"System";"2025-03-21 02:44:48";"System"
"530231";"Tobu";"Tobu";"56680";"1818";"102";"2025-03-21 02:44:48";"System";"2025-03-21 02:44:48";"System"
"530232";"Nunbena";"Nunbena";"56680";"1818";"102";"2025-03-21 02:44:48";"System";"2025-03-21 02:44:48";"System"
"530301";"Miomafo Timur";"Miomafo Timur";"56681";"1818";"102";"2025-03-21 02:44:48";"System";"2025-03-21 02:44:48";"System"
"530302";"Miomafo Barat";"Miomafo Barat";"56681";"1818";"102";"2025-03-21 02:44:48";"System";"2025-03-21 02:44:48";"System"
"530303";"Biboki Selatan";"Biboki Selatan";"56681";"1818";"102";"2025-03-21 02:44:48";"System";"2025-03-21 02:44:48";"System"
"530304";"Noemuti";"Noemuti";"56681";"1818";"102";"2025-03-21 02:44:48";"System";"2025-03-21 02:44:48";"System"
"530305";"Kota Kefamenanu";"Kota Kefamenanu";"56681";"1818";"102";"2025-03-21 02:44:48";"System";"2025-03-21 02:44:48";"System"
"530306";"Biboki Utara";"Biboki Utara";"56681";"1818";"102";"2025-03-21 02:44:48";"System";"2025-03-21 02:44:48";"System"
"530307";"Biboki Anleu";"Biboki Anleu";"56681";"1818";"102";"2025-03-21 02:44:48";"System";"2025-03-21 02:44:48";"System"
"530308";"Insana";"Insana";"56681";"1818";"102";"2025-03-21 02:44:48";"System";"2025-03-21 02:44:48";"System"
"530309";"Insana Utara";"Insana Utara";"56681";"1818";"102";"2025-03-21 02:44:48";"System";"2025-03-21 02:44:48";"System"
"530310";"Noemuti Timur";"Noemuti Timur";"56681";"1818";"102";"2025-03-21 02:44:48";"System";"2025-03-21 02:44:48";"System"
"530311";"Miomaffo Tengah";"Miomaffo Tengah";"56681";"1818";"102";"2025-03-21 02:44:48";"System";"2025-03-21 02:44:48";"System"
"530312";"Musi";"Musi";"56681";"1818";"102";"2025-03-21 02:44:48";"System";"2025-03-21 02:44:48";"System"
"530313";"Mutis";"Mutis";"56681";"1818";"102";"2025-03-21 02:44:48";"System";"2025-03-21 02:44:48";"System"
"530314";"Bikomi Selatan";"Bikomi Selatan";"56681";"1818";"102";"2025-03-21 02:44:48";"System";"2025-03-21 02:44:48";"System"
"530315";"Bikomi Tengah";"Bikomi Tengah";"56681";"1818";"102";"2025-03-21 02:44:48";"System";"2025-03-21 02:44:48";"System"
"530316";"Bikomi Nilulat";"Bikomi Nilulat";"56681";"1818";"102";"2025-03-21 02:44:48";"System";"2025-03-21 02:44:48";"System"
"530317";"Bikomi Utara";"Bikomi Utara";"56681";"1818";"102";"2025-03-21 02:44:48";"System";"2025-03-21 02:44:48";"System"
"530318";"Naibenu";"Naibenu";"56681";"1818";"102";"2025-03-21 02:44:48";"System";"2025-03-21 02:44:48";"System"
"530319";"Insana Fafinesu";"Insana Fafinesu";"56681";"1818";"102";"2025-03-21 02:44:48";"System";"2025-03-21 02:44:48";"System"
"530320";"Insana Barat";"Insana Barat";"56681";"1818";"102";"2025-03-21 02:44:48";"System";"2025-03-21 02:44:48";"System"
"530321";"Insana Tengah";"Insana Tengah";"56681";"1818";"102";"2025-03-21 02:44:48";"System";"2025-03-21 02:44:48";"System"
"530322";"Biboki Tan Pah";"Biboki Tan Pah";"56681";"1818";"102";"2025-03-21 02:44:48";"System";"2025-03-21 02:44:48";"System"
"530323";"Biboki Moenleu";"Biboki Moenleu";"56681";"1818";"102";"2025-03-21 02:44:48";"System";"2025-03-21 02:44:48";"System"
"530324";"Biboki Feotleu";"Biboki Feotleu";"56681";"1818";"102";"2025-03-21 02:44:48";"System";"2025-03-21 02:44:48";"System"
"530401";"Lamaknen";"Lamaknen";"56352";"1818";"102";"2025-03-21 02:44:48";"System";"2025-03-21 02:44:48";"System"
"530402";"TasifetoTimur";"TasifetoTimur";"56352";"1818";"102";"2025-03-21 02:44:48";"System";"2025-03-21 02:44:48";"System"
"530403";"Raihat";"Raihat";"56352";"1818";"102";"2025-03-21 02:44:48";"System";"2025-03-21 02:44:48";"System"
"530404";"Tasifeto Barat";"Tasifeto Barat";"56352";"1818";"102";"2025-03-21 02:44:48";"System";"2025-03-21 02:44:48";"System"
"530405";"Kakuluk Mesak";"Kakuluk Mesak";"56352";"1818";"102";"2025-03-21 02:44:48";"System";"2025-03-21 02:44:48";"System"
"530412";"Kota Atambua";"Kota Atambua";"56352";"1818";"102";"2025-03-21 02:44:48";"System";"2025-03-21 02:44:48";"System"
"530413";"Raimanuk";"Raimanuk";"56352";"1818";"102";"2025-03-21 02:44:48";"System";"2025-03-21 02:44:48";"System"
"530417";"Lasiolat";"Lasiolat";"56352";"1818";"102";"2025-03-21 02:44:48";"System";"2025-03-21 02:44:48";"System"
"530418";"Lamaknen Selatan";"Lamaknen Selatan";"56352";"1818";"102";"2025-03-21 02:44:48";"System";"2025-03-21 02:44:48";"System"
"530421";"Atambua Barat";"Atambua Barat";"56352";"1818";"102";"2025-03-21 02:44:48";"System";"2025-03-21 02:44:48";"System"
"530422";"Atambua Selatan";"Atambua Selatan";"56352";"1818";"102";"2025-03-21 02:44:48";"System";"2025-03-21 02:44:48";"System"
"530423";"Nanaet Duabesi";"Nanaet Duabesi";"56352";"1818";"102";"2025-03-21 02:44:48";"System";"2025-03-21 02:44:48";"System"
"530501";"Teluk Mutiara";"Teluk Mutiara";"56319";"1818";"102";"2025-03-21 02:44:48";"System";"2025-03-21 02:44:48";"System"
"530502";"Alor Barat Laut";"Alor Barat Laut";"56319";"1818";"102";"2025-03-21 02:44:48";"System";"2025-03-21 02:44:48";"System"
"530503";"Alor Barat Daya";"Alor Barat Daya";"56319";"1818";"102";"2025-03-21 02:44:48";"System";"2025-03-21 02:44:48";"System"
"530504";"Alor Selatan";"Alor Selatan";"56319";"1818";"102";"2025-03-21 02:44:48";"System";"2025-03-21 02:44:48";"System"
"530505";"Alor Timur";"Alor Timur";"56319";"1818";"102";"2025-03-21 02:44:48";"System";"2025-03-21 02:44:48";"System"
"530506";"Pantar";"Pantar";"56319";"1818";"102";"2025-03-21 02:44:48";"System";"2025-03-21 02:44:48";"System"
"530507";"Alor Tengah Utara";"Alor Tengah Utara";"56319";"1818";"102";"2025-03-21 02:44:48";"System";"2025-03-21 02:44:48";"System"
"530508";"Alor Timur Laut";"Alor Timur Laut";"56319";"1818";"102";"2025-03-21 02:44:48";"System";"2025-03-21 02:44:48";"System"
"530509";"Pantar Barat";"Pantar Barat";"56319";"1818";"102";"2025-03-21 02:44:48";"System";"2025-03-21 02:44:48";"System"
"530510";"Kabola";"Kabola";"56319";"1818";"102";"2025-03-21 02:44:48";"System";"2025-03-21 02:44:48";"System"
"530511";"Pulau Pura";"Pulau Pura";"56319";"1818";"102";"2025-03-21 02:44:48";"System";"2025-03-21 02:44:48";"System"
"530512";"Mataru";"Mataru";"56319";"1818";"102";"2025-03-21 02:44:48";"System";"2025-03-21 02:44:48";"System"
"530513";"Pureman";"Pureman";"56319";"1818";"102";"2025-03-21 02:44:48";"System";"2025-03-21 02:44:48";"System"
"530514";"Pantar Timur";"Pantar Timur";"56319";"1818";"102";"2025-03-21 02:44:48";"System";"2025-03-21 02:44:48";"System"
"530515";"Lembur";"Lembur";"56319";"1818";"102";"2025-03-21 02:44:48";"System";"2025-03-21 02:44:48";"System"
"530516";"Pantar Tengah";"Pantar Tengah";"56319";"1818";"102";"2025-03-21 02:44:48";"System";"2025-03-21 02:44:48";"System"
"530517";"Pantar Baru Laut";"Pantar Baru Laut";"56319";"1818";"102";"2025-03-21 02:44:48";"System";"2025-03-21 02:44:48";"System"
"530601";"Wulanggitang";"Wulanggitang";"56406";"1818";"102";"2025-03-21 02:44:48";"System";"2025-03-21 02:44:48";"System"
"530602";"Titehena";"Titehena";"56406";"1818";"102";"2025-03-21 02:44:48";"System";"2025-03-21 02:44:48";"System"
"530603";"Larantuka";"Larantuka";"56406";"1818";"102";"2025-03-21 02:44:48";"System";"2025-03-21 02:44:48";"System"
"530604";"Ile Mandiri";"Ile Mandiri";"56406";"1818";"102";"2025-03-21 02:44:48";"System";"2025-03-21 02:44:48";"System"
"530605";"Tanjung Bunga";"Tanjung Bunga";"56406";"1818";"102";"2025-03-21 02:44:48";"System";"2025-03-21 02:44:48";"System"
"530606";"Solor Barat";"Solor Barat";"56406";"1818";"102";"2025-03-21 02:44:48";"System";"2025-03-21 02:44:48";"System"
"530607";"Solor Timur";"Solor Timur";"56406";"1818";"102";"2025-03-21 02:44:48";"System";"2025-03-21 02:44:48";"System"
"530608";"Adonara Barat";"Adonara Barat";"56406";"1818";"102";"2025-03-21 02:44:48";"System";"2025-03-21 02:44:48";"System"
"530609";"Wotan Ulumando";"Wotan Ulumando";"56406";"1818";"102";"2025-03-21 02:44:48";"System";"2025-03-21 02:44:48";"System"
"530610";"Adonara Timur";"Adonara Timur";"56406";"1818";"102";"2025-03-21 02:44:48";"System";"2025-03-21 02:44:48";"System"
"530611";"Kelubagolit";"Kelubagolit";"56406";"1818";"102";"2025-03-21 02:44:48";"System";"2025-03-21 02:44:48";"System"
"530612";"Witihama";"Witihama";"56406";"1818";"102";"2025-03-21 02:44:48";"System";"2025-03-21 02:44:48";"System"
"530613";"Ile Boleng";"Ile Boleng";"56406";"1818";"102";"2025-03-21 02:44:48";"System";"2025-03-21 02:44:48";"System"
"530614";"Demon Pagong";"Demon Pagong";"56406";"1818";"102";"2025-03-21 02:44:48";"System";"2025-03-21 02:44:48";"System"
"530615";"Lewolema";"Lewolema";"56406";"1818";"102";"2025-03-21 02:44:48";"System";"2025-03-21 02:44:48";"System"
"530616";"Ile Bura";"Ile Bura";"56406";"1818";"102";"2025-03-21 02:44:48";"System";"2025-03-21 02:44:48";"System"
"530617";"Adonara";"Adonara";"56406";"1818";"102";"2025-03-21 02:44:48";"System";"2025-03-21 02:44:48";"System"
"530618";"Adonara Tengah";"Adonara Tengah";"56406";"1818";"102";"2025-03-21 02:44:48";"System";"2025-03-21 02:44:48";"System"
"530619";"Solor Selatan";"Solor Selatan";"56406";"1818";"102";"2025-03-21 02:44:48";"System";"2025-03-21 02:44:48";"System"
"530701";"Paga";"Paga";"56632";"1818";"102";"2025-03-21 02:44:48";"System";"2025-03-21 02:44:48";"System"
"530702";"Mego";"Mego";"56632";"1818";"102";"2025-03-21 02:44:48";"System";"2025-03-21 02:44:48";"System"
"530703";"Lela";"Lela";"56632";"1818";"102";"2025-03-21 02:44:48";"System";"2025-03-21 02:44:48";"System"
"530704";"Nita";"Nita";"56632";"1818";"102";"2025-03-21 02:44:48";"System";"2025-03-21 02:44:48";"System"
"530705";"Alok";"Alok";"56632";"1818";"102";"2025-03-21 02:44:48";"System";"2025-03-21 02:44:48";"System"
"530706";"Palue";"Palue";"56632";"1818";"102";"2025-03-21 02:44:48";"System";"2025-03-21 02:44:48";"System"
"530707";"Nelle";"Nelle";"56632";"1818";"102";"2025-03-21 02:44:48";"System";"2025-03-21 02:44:48";"System"
"530708";"Talibura";"Talibura";"56632";"1818";"102";"2025-03-21 02:44:48";"System";"2025-03-21 02:44:48";"System"
"530709";"Waigete";"Waigete";"56632";"1818";"102";"2025-03-21 02:44:48";"System";"2025-03-21 02:44:48";"System"
"530710";"Kewapante";"Kewapante";"56632";"1818";"102";"2025-03-21 02:44:48";"System";"2025-03-21 02:44:48";"System"
"530711";"Bola";"Bola";"56632";"1818";"102";"2025-03-21 02:44:48";"System";"2025-03-21 02:44:48";"System"
"530712";"Magepanda";"Magepanda";"56632";"1818";"102";"2025-03-21 02:44:48";"System";"2025-03-21 02:44:48";"System"
"530713";"Waiblama";"Waiblama";"56632";"1818";"102";"2025-03-21 02:44:48";"System";"2025-03-21 02:44:48";"System"
"530714";"Alok Barat";"Alok Barat";"56632";"1818";"102";"2025-03-21 02:44:48";"System";"2025-03-21 02:44:48";"System"
"530715";"Alok Timur";"Alok Timur";"56632";"1818";"102";"2025-03-21 02:44:48";"System";"2025-03-21 02:44:48";"System"
"530716";"Koting";"Koting";"56632";"1818";"102";"2025-03-21 02:44:48";"System";"2025-03-21 02:44:48";"System"
"530717";"Tana Wawo";"Tana Wawo";"56632";"1818";"102";"2025-03-21 02:44:48";"System";"2025-03-21 02:44:48";"System"
"530718";"Hewokloang";"Hewokloang";"56632";"1818";"102";"2025-03-21 02:44:48";"System";"2025-03-21 02:44:48";"System"
"530719";"Kangae";"Kangae";"56632";"1818";"102";"2025-03-21 02:44:48";"System";"2025-03-21 02:44:48";"System"
"530720";"Doreng";"Doreng";"56632";"1818";"102";"2025-03-21 02:44:48";"System";"2025-03-21 02:44:48";"System"
"530721";"Mapitara";"Mapitara";"56632";"1818";"102";"2025-03-21 02:44:48";"System";"2025-03-21 02:44:48";"System"
"530801";"Nangapanda";"Nangapanda";"56403";"1818";"102";"2025-03-21 02:44:48";"System";"2025-03-21 02:44:48";"System"
"530802";"Pulau Ende";"Pulau Ende";"56403";"1818";"102";"2025-03-21 02:44:48";"System";"2025-03-21 02:44:48";"System"
"530803";"Ende";"Ende";"56403";"1818";"102";"2025-03-21 02:44:48";"System";"2025-03-21 02:44:48";"System"
"530804";"Ende Selatan";"Ende Selatan";"56403";"1818";"102";"2025-03-21 02:44:48";"System";"2025-03-21 02:44:48";"System"
"530805";"Ndona";"Ndona";"56403";"1818";"102";"2025-03-21 02:44:48";"System";"2025-03-21 02:44:48";"System"
"530806";"Detusoko";"Detusoko";"56403";"1818";"102";"2025-03-21 02:44:48";"System";"2025-03-21 02:44:48";"System"
"530807";"Wewaria";"Wewaria";"56403";"1818";"102";"2025-03-21 02:44:48";"System";"2025-03-21 02:44:48";"System"
"530808";"Wolowaru";"Wolowaru";"56403";"1818";"102";"2025-03-21 02:44:48";"System";"2025-03-21 02:44:48";"System"
"530809";"Wolojita";"Wolojita";"56403";"1818";"102";"2025-03-21 02:44:48";"System";"2025-03-21 02:44:48";"System"
"530810";"Maurole";"Maurole";"56403";"1818";"102";"2025-03-21 02:44:48";"System";"2025-03-21 02:44:48";"System"
"530811";"Maukaro";"Maukaro";"56403";"1818";"102";"2025-03-21 02:44:48";"System";"2025-03-21 02:44:48";"System"
"530812";"Lio Timur";"Lio Timur";"56403";"1818";"102";"2025-03-21 02:44:48";"System";"2025-03-21 02:44:48";"System"
"530813";"Kota Baru";"Kota Baru";"56403";"1818";"102";"2025-03-21 02:44:48";"System";"2025-03-21 02:44:48";"System"
"530814";"Kelimutu";"Kelimutu";"56403";"1818";"102";"2025-03-21 02:44:48";"System";"2025-03-21 02:44:48";"System"
"530815";"Detukeli";"Detukeli";"56403";"1818";"102";"2025-03-21 02:44:48";"System";"2025-03-21 02:44:48";"System"
"530816";"Ndona Timur";"Ndona Timur";"56403";"1818";"102";"2025-03-21 02:44:48";"System";"2025-03-21 02:44:48";"System"
"530817";"Ndori";"Ndori";"56403";"1818";"102";"2025-03-21 02:44:48";"System";"2025-03-21 02:44:48";"System"
"530818";"Ende Utara";"Ende Utara";"56403";"1818";"102";"2025-03-21 02:44:48";"System";"2025-03-21 02:44:48";"System"
"530819";"Ende Tengah";"Ende Tengah";"56403";"1818";"102";"2025-03-21 02:44:48";"System";"2025-03-21 02:44:48";"System"
"530820";"Ende Timur";"Ende Timur";"56403";"1818";"102";"2025-03-21 02:44:48";"System";"2025-03-21 02:44:48";"System"
"530821";"Lepembusu Kelisoke";"Lepembusu Kelisoke";"56403";"1818";"102";"2025-03-21 02:44:48";"System";"2025-03-21 02:44:48";"System"
"530901";"Aimere";"Aimere";"56556";"1818";"102";"2025-03-21 02:44:48";"System";"2025-03-21 02:44:48";"System"
"530902";"Golewa";"Golewa";"56556";"1818";"102";"2025-03-21 02:44:48";"System";"2025-03-21 02:44:48";"System"
"530906";"Bajawa";"Bajawa";"56556";"1818";"102";"2025-03-21 02:44:48";"System";"2025-03-21 02:44:48";"System"
"530907";"Soa";"Soa";"56556";"1818";"102";"2025-03-21 02:44:48";"System";"2025-03-21 02:44:48";"System"
"530909";"Riung";"Riung";"56556";"1818";"102";"2025-03-21 02:44:48";"System";"2025-03-21 02:44:48";"System"
"530912";"Jerebuu";"Jerebuu";"56556";"1818";"102";"2025-03-21 02:44:48";"System";"2025-03-21 02:44:48";"System"
"530914";"Riung Barat";"Riung Barat";"56556";"1818";"102";"2025-03-21 02:44:48";"System";"2025-03-21 02:44:48";"System"
"530915";"Bajawa Utara";"Bajawa Utara";"56556";"1818";"102";"2025-03-21 02:44:48";"System";"2025-03-21 02:44:48";"System"
"530916";"Wolomeze";"Wolomeze";"56556";"1818";"102";"2025-03-21 02:44:48";"System";"2025-03-21 02:44:48";"System"
"530918";"Golewa Selatan";"Golewa Selatan";"56556";"1818";"102";"2025-03-21 02:44:48";"System";"2025-03-21 02:44:48";"System"
"530919";"Golewa Barat";"Golewa Barat";"56556";"1818";"102";"2025-03-21 02:44:48";"System";"2025-03-21 02:44:48";"System"
"530920";"Inerie";"Inerie";"56556";"1818";"102";"2025-03-21 02:44:48";"System";"2025-03-21 02:44:48";"System"
"531001";"Wae Rii";"Wae Rii";"56524";"1818";"102";"2025-03-21 02:44:48";"System";"2025-03-21 02:44:48";"System"
"531003";"Ruteng";"Ruteng";"56524";"1818";"102";"2025-03-21 02:44:48";"System";"2025-03-21 02:44:48";"System"
"531005";"Satar Mese";"Satar Mese";"56524";"1818";"102";"2025-03-21 02:44:48";"System";"2025-03-21 02:44:48";"System"
"531006";"Cibal";"Cibal";"56524";"1818";"102";"2025-03-21 02:44:48";"System";"2025-03-21 02:44:48";"System"
"531011";"Reok";"Reok";"56524";"1818";"102";"2025-03-21 02:44:48";"System";"2025-03-21 02:44:48";"System"
"531012";"Langke Rembong";"Langke Rembong";"56524";"1818";"102";"2025-03-21 02:44:48";"System";"2025-03-21 02:44:48";"System"
"531013";"Satar Mese Barat";"Satar Mese Barat";"56524";"1818";"102";"2025-03-21 02:44:48";"System";"2025-03-21 02:44:48";"System"
"531014";"Rahong Utara";"Rahong Utara";"56524";"1818";"102";"2025-03-21 02:44:48";"System";"2025-03-21 02:44:48";"System"
"531015";"Lelak";"Lelak";"56524";"1818";"102";"2025-03-21 02:44:48";"System";"2025-03-21 02:44:48";"System"
"531016";"Reok Barat";"Reok Barat";"56524";"1818";"102";"2025-03-21 02:44:48";"System";"2025-03-21 02:44:48";"System"
"531017";"Cibal barat";"Cibal barat";"56524";"1818";"102";"2025-03-21 02:44:48";"System";"2025-03-21 02:44:48";"System"
"531101";"Kota Waingapu";"Kota Waingapu";"56651";"1818";"102";"2025-03-21 02:44:48";"System";"2025-03-21 02:44:48";"System"
"531102";"Haharu";"Haharu";"56651";"1818";"102";"2025-03-21 02:44:48";"System";"2025-03-21 02:44:48";"System"
"531103";"Lewa";"Lewa";"56651";"1818";"102";"2025-03-21 02:44:48";"System";"2025-03-21 02:44:48";"System"
"531104";"Nggaha Ori Angu";"Nggaha Ori Angu";"56651";"1818";"102";"2025-03-21 02:44:48";"System";"2025-03-21 02:44:48";"System"
"531105";"Tabundung";"Tabundung";"56651";"1818";"102";"2025-03-21 02:44:48";"System";"2025-03-21 02:44:48";"System"
"531106";"Pinu Pahar";"Pinu Pahar";"56651";"1818";"102";"2025-03-21 02:44:48";"System";"2025-03-21 02:44:48";"System"
"531107";"Pandawai";"Pandawai";"56651";"1818";"102";"2025-03-21 02:44:48";"System";"2025-03-21 02:44:48";"System"
"531108";"Umalulu";"Umalulu";"56651";"1818";"102";"2025-03-21 02:44:48";"System";"2025-03-21 02:44:48";"System"
"531109";"Rindi";"Rindi";"56651";"1818";"102";"2025-03-21 02:44:48";"System";"2025-03-21 02:44:48";"System"
"531110";"Pahunga Lodu";"Pahunga Lodu";"56651";"1818";"102";"2025-03-21 02:44:48";"System";"2025-03-21 02:44:48";"System"
"531111";"Wulla Waijelu";"Wulla Waijelu";"56651";"1818";"102";"2025-03-21 02:44:48";"System";"2025-03-21 02:44:48";"System"
"531112";"Paberiwai";"Paberiwai";"56651";"1818";"102";"2025-03-21 02:44:48";"System";"2025-03-21 02:44:48";"System"
"531113";"Karera";"Karera";"56651";"1818";"102";"2025-03-21 02:44:48";"System";"2025-03-21 02:44:48";"System"
"531114";"Kahaungu Eti";"Kahaungu Eti";"56651";"1818";"102";"2025-03-21 02:44:48";"System";"2025-03-21 02:44:48";"System"
"531115";"Matawai La Pawu";"Matawai La Pawu";"56651";"1818";"102";"2025-03-21 02:44:48";"System";"2025-03-21 02:44:48";"System"
"531116";"Kambera";"Kambera";"56651";"1818";"102";"2025-03-21 02:44:48";"System";"2025-03-21 02:44:48";"System"
"531117";"Kambata Mapambuhang";"Kambata Mapambuhang";"56651";"1818";"102";"2025-03-21 02:44:48";"System";"2025-03-21 02:44:48";"System"
"531118";"Lewa Tidahu";"Lewa Tidahu";"56651";"1818";"102";"2025-03-21 02:44:48";"System";"2025-03-21 02:44:48";"System"
"531119";"Katala Hamu Lingu";"Katala Hamu Lingu";"56651";"1818";"102";"2025-03-21 02:44:48";"System";"2025-03-21 02:44:48";"System"
"531120";"Kanatang";"Kanatang";"56651";"1818";"102";"2025-03-21 02:44:48";"System";"2025-03-21 02:44:48";"System"
"531121";"Ngadu Ngala";"Ngadu Ngala";"56651";"1818";"102";"2025-03-21 02:44:48";"System";"2025-03-21 02:44:48";"System"
"531122";"Mahu";"Mahu";"56651";"1818";"102";"2025-03-21 02:44:48";"System";"2025-03-21 02:44:48";"System"
"531204";"Tana Righu";"Tana Righu";"56648";"1818";"102";"2025-03-21 02:44:48";"System";"2025-03-21 02:44:48";"System"
"531210";"Loli";"Loli";"56648";"1818";"102";"2025-03-21 02:44:48";"System";"2025-03-21 02:44:48";"System"
"531211";"Wanokaka";"Wanokaka";"56648";"1818";"102";"2025-03-21 02:44:48";"System";"2025-03-21 02:44:48";"System"
"531212";"Lamboya";"Lamboya";"56648";"1818";"102";"2025-03-21 02:44:48";"System";"2025-03-21 02:44:48";"System"
"531215";"Kota Waikabubak";"Kota Waikabubak";"56648";"1818";"102";"2025-03-21 02:44:48";"System";"2025-03-21 02:44:48";"System"
"531218";"Laboya Barat";"Laboya Barat";"56648";"1818";"102";"2025-03-21 02:44:48";"System";"2025-03-21 02:44:48";"System"
"531301";"Naga Wutung";"Naga Wutung";"56493";"1818";"102";"2025-03-21 02:44:48";"System";"2025-03-21 02:44:48";"System"
"531302";"Atadei";"Atadei";"56493";"1818";"102";"2025-03-21 02:44:48";"System";"2025-03-21 02:44:48";"System"
"531303";"Ile Ape";"Ile Ape";"56493";"1818";"102";"2025-03-21 02:44:48";"System";"2025-03-21 02:44:48";"System"
"531304";"Lebatukan";"Lebatukan";"56493";"1818";"102";"2025-03-21 02:44:48";"System";"2025-03-21 02:44:48";"System"
"531305";"Nubatukan";"Nubatukan";"56493";"1818";"102";"2025-03-21 02:44:48";"System";"2025-03-21 02:44:48";"System"
"531306";"Omesuri";"Omesuri";"56493";"1818";"102";"2025-03-21 02:44:48";"System";"2025-03-21 02:44:48";"System"
"531307";"Buyasuri";"Buyasuri";"56493";"1818";"102";"2025-03-21 02:44:48";"System";"2025-03-21 02:44:48";"System"
"531308";"Wulandoni";"Wulandoni";"56493";"1818";"102";"2025-03-21 02:44:48";"System";"2025-03-21 02:44:48";"System"
"531309";"Ile Ape Timur";"Ile Ape Timur";"56493";"1818";"102";"2025-03-21 02:44:48";"System";"2025-03-21 02:44:48";"System"
"531401";"Rote Barat Daya";"Rote Barat Daya";"56613";"1818";"102";"2025-03-21 02:44:48";"System";"2025-03-21 02:44:48";"System"
"531402";"Rote Barat Laut";"Rote Barat Laut";"56613";"1818";"102";"2025-03-21 02:44:48";"System";"2025-03-21 02:44:48";"System"
"531403";"Lobalain";"Lobalain";"56613";"1818";"102";"2025-03-21 02:44:48";"System";"2025-03-21 02:44:48";"System"
"531404";"Rote Tengah";"Rote Tengah";"56613";"1818";"102";"2025-03-21 02:44:48";"System";"2025-03-21 02:44:48";"System"
"531405";"Pantai Baru";"Pantai Baru";"56613";"1818";"102";"2025-03-21 02:44:48";"System";"2025-03-21 02:44:48";"System"
"531406";"Rote Timur";"Rote Timur";"56613";"1818";"102";"2025-03-21 02:44:48";"System";"2025-03-21 02:44:48";"System"
"531407";"Rote Barat";"Rote Barat";"56613";"1818";"102";"2025-03-21 02:44:48";"System";"2025-03-21 02:44:48";"System"
"531408";"Rote Selatan";"Rote Selatan";"56613";"1818";"102";"2025-03-21 02:44:48";"System";"2025-03-21 02:44:48";"System"
"531409";"Ndao Nuse";"Ndao Nuse";"56613";"1818";"102";"2025-03-21 02:44:48";"System";"2025-03-21 02:44:48";"System"
"531410";"Landu Leko";"Landu Leko";"56613";"1818";"102";"2025-03-21 02:44:48";"System";"2025-03-21 02:44:48";"System"
"531501";"Macang Pacar";"Macang Pacar";"56525";"1818";"102";"2025-03-21 02:44:48";"System";"2025-03-21 02:44:48";"System"
"531502";"Kuwus";"Kuwus";"56525";"1818";"102";"2025-03-21 02:44:48";"System";"2025-03-21 02:44:48";"System"
"531503";"Lembor";"Lembor";"56525";"1818";"102";"2025-03-21 02:44:48";"System";"2025-03-21 02:44:48";"System"
"531504";"Sano Nggoang";"Sano Nggoang";"56525";"1818";"102";"2025-03-21 02:44:48";"System";"2025-03-21 02:44:48";"System"
"531505";"Komodo";"Komodo";"56525";"1818";"102";"2025-03-21 02:44:48";"System";"2025-03-21 02:44:48";"System"
"531506";"Boleng";"Boleng";"56525";"1818";"102";"2025-03-21 02:44:48";"System";"2025-03-21 02:44:48";"System"
"531507";"Welak";"Welak";"56525";"1818";"102";"2025-03-21 02:44:48";"System";"2025-03-21 02:44:48";"System"
"531508";"Ndoso";"Ndoso";"56525";"1818";"102";"2025-03-21 02:44:48";"System";"2025-03-21 02:44:48";"System"
"531509";"Lembor Selatan";"Lembor Selatan";"56525";"1818";"102";"2025-03-21 02:44:48";"System";"2025-03-21 02:44:48";"System"
"531510";"Mbeliling";"Mbeliling";"56525";"1818";"102";"2025-03-21 02:44:48";"System";"2025-03-21 02:44:48";"System"
"531601";"Aesesa";"Aesesa";"56553";"1818";"102";"2025-03-21 02:44:48";"System";"2025-03-21 02:44:48";"System"
"531602";"Nangaroro";"Nangaroro";"56553";"1818";"102";"2025-03-21 02:44:48";"System";"2025-03-21 02:44:48";"System"
"531603";"Boawae";"Boawae";"56553";"1818";"102";"2025-03-21 02:44:48";"System";"2025-03-21 02:44:48";"System"
"531604";"Mauponggo";"Mauponggo";"56553";"1818";"102";"2025-03-21 02:44:48";"System";"2025-03-21 02:44:48";"System"
"531605";"Wolowae";"Wolowae";"56553";"1818";"102";"2025-03-21 02:44:48";"System";"2025-03-21 02:44:48";"System"
"531606";"Keo Tengah";"Keo Tengah";"56553";"1818";"102";"2025-03-21 02:44:48";"System";"2025-03-21 02:44:48";"System"
"531607";"Aesesa Selatan";"Aesesa Selatan";"56553";"1818";"102";"2025-03-21 02:44:48";"System";"2025-03-21 02:44:48";"System"
"531701";"Katiku Tana";"Katiku Tana";"56650";"1818";"102";"2025-03-21 02:44:48";"System";"2025-03-21 02:44:48";"System"
"531702";"Umbu Ratu Nggay Barat";"Umbu Ratu Nggay Barat";"56650";"1818";"102";"2025-03-21 02:44:48";"System";"2025-03-21 02:44:48";"System"
"531703";"Mamboro";"Mamboro";"56650";"1818";"102";"2025-03-21 02:44:48";"System";"2025-03-21 02:44:48";"System"
"531704";"Umbu Ratu Nggay";"Umbu Ratu Nggay";"56650";"1818";"102";"2025-03-21 02:44:48";"System";"2025-03-21 02:44:48";"System"
"531705";"Katiku Tana Selatan";"Katiku Tana Selatan";"56650";"1818";"102";"2025-03-21 02:44:48";"System";"2025-03-21 02:44:48";"System"
"531801";"Loura";"Loura";"56649";"1818";"102";"2025-03-21 02:44:48";"System";"2025-03-21 02:44:48";"System"
"531802";"Wewewa Utara";"Wewewa Utara";"56649";"1818";"102";"2025-03-21 02:44:48";"System";"2025-03-21 02:44:48";"System"
"531803";"Wewewa Timur";"Wewewa Timur";"56649";"1818";"102";"2025-03-21 02:44:48";"System";"2025-03-21 02:44:48";"System"
"531804";"Wewewa Barat";"Wewewa Barat";"56649";"1818";"102";"2025-03-21 02:44:48";"System";"2025-03-21 02:44:48";"System"
"531805";"Wewewa Selatan";"Wewewa Selatan";"56649";"1818";"102";"2025-03-21 02:44:48";"System";"2025-03-21 02:44:48";"System"
"531806";"Kodi Bangedo";"Kodi Bangedo";"56649";"1818";"102";"2025-03-21 02:44:48";"System";"2025-03-21 02:44:48";"System"
"531807";"Kodi";"Kodi";"56649";"1818";"102";"2025-03-21 02:44:48";"System";"2025-03-21 02:44:48";"System"
"531808";"Kodi Utara";"Kodi Utara";"56649";"1818";"102";"2025-03-21 02:44:48";"System";"2025-03-21 02:44:48";"System"
"531809";"Kota Tambolaka";"Kota Tambolaka";"56649";"1818";"102";"2025-03-21 02:44:48";"System";"2025-03-21 02:44:48";"System"
"531810";"Wewewa Tengah";"Wewewa Tengah";"56649";"1818";"102";"2025-03-21 02:44:48";"System";"2025-03-21 02:44:48";"System"
"531811";"Kodi Balaghar";"Kodi Balaghar";"56649";"1818";"102";"2025-03-21 02:44:48";"System";"2025-03-21 02:44:48";"System"
"531901";"Borong";"Borong";"56526";"1818";"102";"2025-03-21 02:44:48";"System";"2025-03-21 02:44:48";"System"
"531902";"Poco Ranaka";"Poco Ranaka";"56526";"1818";"102";"2025-03-21 02:44:48";"System";"2025-03-21 02:44:48";"System"
"531903";"Lamba Leda";"Lamba Leda";"56526";"1818";"102";"2025-03-21 02:44:48";"System";"2025-03-21 02:44:48";"System"
"531904";"Sambi Rampas";"Sambi Rampas";"56526";"1818";"102";"2025-03-21 02:44:48";"System";"2025-03-21 02:44:48";"System"
"531905";"Elar";"Elar";"56526";"1818";"102";"2025-03-21 02:44:48";"System";"2025-03-21 02:44:48";"System"
"531906";"Kota Komba";"Kota Komba";"56526";"1818";"102";"2025-03-21 02:44:48";"System";"2025-03-21 02:44:48";"System"
"531907";"Rana Mese";"Rana Mese";"56526";"1818";"102";"2025-03-21 02:44:48";"System";"2025-03-21 02:44:48";"System"
"531908";"Poco Ranaka Timur";"Poco Ranaka Timur";"56526";"1818";"102";"2025-03-21 02:44:48";"System";"2025-03-21 02:44:48";"System"
"531909";"Elar Selatan";"Elar Selatan";"56526";"1818";"102";"2025-03-21 02:44:48";"System";"2025-03-21 02:44:48";"System"
"532001";"Sabu Barat";"Sabu Barat";"56614";"1818";"102";"2025-03-21 02:44:48";"System";"2025-03-21 02:44:48";"System"
"532002";"Sabu Tengah";"Sabu Tengah";"56614";"1818";"102";"2025-03-21 02:44:48";"System";"2025-03-21 02:44:48";"System"
"532003";"Sabu Timur";"Sabu Timur";"56614";"1818";"102";"2025-03-21 02:44:48";"System";"2025-03-21 02:44:48";"System"
"532004";"Sabu Liae";"Sabu Liae";"56614";"1818";"102";"2025-03-21 02:44:48";"System";"2025-03-21 02:44:48";"System"
"532005";"Hawu Mehara";"Hawu Mehara";"56614";"1818";"102";"2025-03-21 02:44:48";"System";"2025-03-21 02:44:48";"System"
"532006";"Raijua";"Raijua";"56614";"1818";"102";"2025-03-21 02:44:48";"System";"2025-03-21 02:44:48";"System"
"532101";"Malaka Tengah";"Malaka Tengah";"56510";"1818";"102";"2025-03-21 02:44:48";"System";"2025-03-21 02:44:48";"System"
"532102";"Malaka Barat";"Malaka Barat";"56510";"1818";"102";"2025-03-21 02:44:48";"System";"2025-03-21 02:44:48";"System"
"532103";"Wewiku";"Wewiku";"56510";"1818";"102";"2025-03-21 02:44:48";"System";"2025-03-21 02:44:48";"System"
"532104";"Weliman";"Weliman";"56510";"1818";"102";"2025-03-21 02:44:48";"System";"2025-03-21 02:44:48";"System"
"532105";"Rinhat";"Rinhat";"56510";"1818";"102";"2025-03-21 02:44:48";"System";"2025-03-21 02:44:48";"System"
"532106";"Io Kufeu";"Io Kufeu";"56510";"1818";"102";"2025-03-21 02:44:48";"System";"2025-03-21 02:44:48";"System"
"532107";"Sasitamean";"Sasitamean";"56510";"1818";"102";"2025-03-21 02:44:48";"System";"2025-03-21 02:44:48";"System"
"532108";"Laenmanen";"Laenmanen";"56510";"1818";"102";"2025-03-21 02:44:48";"System";"2025-03-21 02:44:48";"System"
"532109";"Malaka Timur";"Malaka Timur";"56510";"1818";"102";"2025-03-21 02:44:48";"System";"2025-03-21 02:44:48";"System"
"532110";"Kobalima Timur";"Kobalima Timur";"56510";"1818";"102";"2025-03-21 02:44:48";"System";"2025-03-21 02:44:48";"System"
"532111";"Kobalima";"Kobalima";"56510";"1818";"102";"2025-03-21 02:44:48";"System";"2025-03-21 02:44:48";"System"
"532112";"Botin Leobele";"Botin Leobele";"56510";"1818";"102";"2025-03-21 02:44:48";"System";"2025-03-21 02:44:48";"System"
"537101";"Alak";"Alak";"56760";"1818";"102";"2025-03-21 02:44:48";"System";"2025-03-21 02:44:48";"System"
"537102";"Maulafa";"Maulafa";"56760";"1818";"102";"2025-03-21 02:44:48";"System";"2025-03-21 02:44:48";"System"
"537103";"Kelapa Lima";"Kelapa Lima";"56760";"1818";"102";"2025-03-21 02:44:48";"System";"2025-03-21 02:44:48";"System"
"537104";"Oebobo";"Oebobo";"56760";"1818";"102";"2025-03-21 02:44:48";"System";"2025-03-21 02:44:48";"System"
"537105";"Kota Raja";"Kota Raja";"56760";"1818";"102";"2025-03-21 02:44:48";"System";"2025-03-21 02:44:48";"System"
"537106";"Kota Lama";"Kota Lama";"56760";"1818";"102";"2025-03-21 02:44:48";"System";"2025-03-21 02:44:48";"System"
"610101";"Sambas";"Sambas";"0";"0";"102";"2025-03-21 02:44:48";"System";"2025-03-21 02:44:48";"System"
"610102";"Teluk Keramat";"Teluk Keramat";"0";"0";"102";"2025-03-21 02:44:48";"System";"2025-03-21 02:44:48";"System"
"610103";"Jawai";"Jawai";"0";"0";"102";"2025-03-21 02:44:48";"System";"2025-03-21 02:44:48";"System"
"610104";"Tebas";"Tebas";"0";"0";"102";"2025-03-21 02:44:48";"System";"2025-03-21 02:44:48";"System"
"610105";"Pemangkat";"Pemangkat";"0";"0";"102";"2025-03-21 02:44:48";"System";"2025-03-21 02:44:48";"System"
"610106";"Sejangkung";"Sejangkung";"0";"0";"102";"2025-03-21 02:44:48";"System";"2025-03-21 02:44:48";"System"
"610107";"Selakau";"Selakau";"0";"0";"102";"2025-03-21 02:44:48";"System";"2025-03-21 02:44:48";"System"
"610108";"Paloh";"Paloh";"0";"0";"102";"2025-03-21 02:44:48";"System";"2025-03-21 02:44:48";"System"
"610109";"Sajingan Besar";"Sajingan Besar";"0";"0";"102";"2025-03-21 02:44:48";"System";"2025-03-21 02:44:48";"System"
"610110";"Subah";"Subah";"0";"0";"102";"2025-03-21 02:44:48";"System";"2025-03-21 02:44:48";"System"
"610111";"Galing";"Galing";"0";"0";"102";"2025-03-21 02:44:48";"System";"2025-03-21 02:44:48";"System"
"610112";"Tekarang";"Tekarang";"0";"0";"102";"2025-03-21 02:44:48";"System";"2025-03-21 02:44:48";"System"
"610113";"Semparuk";"Semparuk";"0";"0";"102";"2025-03-21 02:44:48";"System";"2025-03-21 02:44:48";"System"
"610114";"Sajad";"Sajad";"0";"0";"102";"2025-03-21 02:44:48";"System";"2025-03-21 02:44:48";"System"
"610115";"Sebawi";"Sebawi";"0";"0";"102";"2025-03-21 02:44:48";"System";"2025-03-21 02:44:48";"System"
"610116";"Jawai Selatan";"Jawai Selatan";"0";"0";"102";"2025-03-21 02:44:48";"System";"2025-03-21 02:44:48";"System"
"610117";"Tangaran";"Tangaran";"0";"0";"102";"2025-03-21 02:44:48";"System";"2025-03-21 02:44:48";"System"
"610118";"Salatiga";"Salatiga";"0";"0";"102";"2025-03-21 02:44:48";"System";"2025-03-21 02:44:48";"System"
"610119";"Selakau Timur";"Selakau Timur";"0";"0";"102";"2025-03-21 02:44:48";"System";"2025-03-21 02:44:48";"System"
"610201";"Mempawah Hilir";"Mempawah Hilir";"0";"0";"102";"2025-03-21 02:44:48";"System";"2025-03-21 02:44:48";"System"
"610206";"Toho";"Toho";"0";"0";"102";"2025-03-21 02:44:48";"System";"2025-03-21 02:44:48";"System"
"610207";"Sungai Pinyuh";"Sungai Pinyuh";"0";"0";"102";"2025-03-21 02:44:48";"System";"2025-03-21 02:44:48";"System"
"610208";"Siantan";"Siantan";"0";"0";"102";"2025-03-21 02:44:48";"System";"2025-03-21 02:44:48";"System"
"610212";"Sungai Kunyit";"Sungai Kunyit";"0";"0";"102";"2025-03-21 02:44:48";"System";"2025-03-21 02:44:48";"System"
"610215";"Segedong";"Segedong";"0";"0";"102";"2025-03-21 02:44:48";"System";"2025-03-21 02:44:48";"System"
"610216";"Anjongan";"Anjongan";"0";"0";"102";"2025-03-21 02:44:48";"System";"2025-03-21 02:44:48";"System"
"610217";"Sadaniang";"Sadaniang";"0";"0";"102";"2025-03-21 02:44:48";"System";"2025-03-21 02:44:48";"System"
"610218";"Mempawah Timur";"Mempawah Timur";"0";"0";"102";"2025-03-21 02:44:48";"System";"2025-03-21 02:44:48";"System"
"610301";"Kapuas";"Kapuas";"0";"0";"102";"2025-03-21 02:44:48";"System";"2025-03-21 02:44:48";"System"
"610302";"Mukok";"Mukok";"0";"0";"102";"2025-03-21 02:44:48";"System";"2025-03-21 02:44:48";"System"
"610303";"Noyan";"Noyan";"0";"0";"102";"2025-03-21 02:44:48";"System";"2025-03-21 02:44:48";"System"
"610304";"Jangkang";"Jangkang";"0";"0";"102";"2025-03-21 02:44:48";"System";"2025-03-21 02:44:48";"System"
"610305";"Bonti";"Bonti";"0";"0";"102";"2025-03-21 02:44:48";"System";"2025-03-21 02:44:48";"System"
"610306";"Beduai";"Beduai";"0";"0";"102";"2025-03-21 02:44:48";"System";"2025-03-21 02:44:48";"System"
"610307";"Sekayam";"Sekayam";"0";"0";"102";"2025-03-21 02:44:48";"System";"2025-03-21 02:44:48";"System"
"610308";"Kembayan";"Kembayan";"0";"0";"102";"2025-03-21 02:44:48";"System";"2025-03-21 02:44:48";"System"
"610309";"Parindu";"Parindu";"0";"0";"102";"2025-03-21 02:44:48";"System";"2025-03-21 02:44:48";"System"
"610310";"Tayan Hulu";"Tayan Hulu";"0";"0";"102";"2025-03-21 02:44:48";"System";"2025-03-21 02:44:48";"System"
"610311";"Tayan Hilir";"Tayan Hilir";"0";"0";"102";"2025-03-21 02:44:48";"System";"2025-03-21 02:44:48";"System"
"610312";"Balai";"Balai";"0";"0";"102";"2025-03-21 02:44:48";"System";"2025-03-21 02:44:48";"System"
"610313";"Toba";"Toba";"0";"0";"102";"2025-03-21 02:44:48";"System";"2025-03-21 02:44:48";"System"
"610320";"Meliau";"Meliau";"0";"0";"102";"2025-03-21 02:44:48";"System";"2025-03-21 02:44:48";"System"
"610321";"Entikong";"Entikong";"0";"0";"102";"2025-03-21 02:44:48";"System";"2025-03-21 02:44:48";"System"
"610401";"Matan Hilir Utara";"Matan Hilir Utara";"0";"0";"102";"2025-03-21 02:44:48";"System";"2025-03-21 02:44:48";"System"
"610402";"Marau";"Marau";"0";"0";"102";"2025-03-21 02:44:48";"System";"2025-03-21 02:44:48";"System"
"610403";"Manis Mata";"Manis Mata";"0";"0";"102";"2025-03-21 02:44:48";"System";"2025-03-21 02:44:48";"System"
"610404";"Kendawangan";"Kendawangan";"0";"0";"102";"2025-03-21 02:44:48";"System";"2025-03-21 02:44:48";"System"
"610405";"Sandai";"Sandai";"0";"0";"102";"2025-03-21 02:44:48";"System";"2025-03-21 02:44:48";"System"
"610407";"Sungai Laur";"Sungai Laur";"0";"0";"102";"2025-03-21 02:44:48";"System";"2025-03-21 02:44:48";"System"
"610408";"Simpang Hulu";"Simpang Hulu";"0";"0";"102";"2025-03-21 02:44:48";"System";"2025-03-21 02:44:48";"System"
"610411";"Nanga Tayap";"Nanga Tayap";"0";"0";"102";"2025-03-21 02:44:48";"System";"2025-03-21 02:44:48";"System"
"610412";"Matan Hilir Selatan";"Matan Hilir Selatan";"0";"0";"102";"2025-03-21 02:44:48";"System";"2025-03-21 02:44:48";"System"
"610413";"Tumbang Titi";"Tumbang Titi";"0";"0";"102";"2025-03-21 02:44:48";"System";"2025-03-21 02:44:48";"System"
"610414";"Jelai Hulu";"Jelai Hulu";"0";"0";"102";"2025-03-21 02:44:48";"System";"2025-03-21 02:44:48";"System"
"610416";"Delta Pawan";"Delta Pawan";"0";"0";"102";"2025-03-21 02:44:48";"System";"2025-03-21 02:44:48";"System"
"610417";"Muara Pawan";"Muara Pawan";"0";"0";"102";"2025-03-21 02:44:48";"System";"2025-03-21 02:44:48";"System"
"610418";"Benua Kayong";"Benua Kayong";"0";"0";"102";"2025-03-21 02:44:48";"System";"2025-03-21 02:44:48";"System"
"610419";"Hulu Sungai";"Hulu Sungai";"0";"0";"102";"2025-03-21 02:44:48";"System";"2025-03-21 02:44:48";"System"
"610420";"Simpang Dua";"Simpang Dua";"0";"0";"102";"2025-03-21 02:44:48";"System";"2025-03-21 02:44:48";"System"
"610421";"Air Upas";"Air Upas";"0";"0";"102";"2025-03-21 02:44:48";"System";"2025-03-21 02:44:48";"System"
"610422";"Singkup";"Singkup";"0";"0";"102";"2025-03-21 02:44:48";"System";"2025-03-21 02:44:48";"System"
"610424";"Pemahan";"Pemahan";"0";"0";"102";"2025-03-21 02:44:48";"System";"2025-03-21 02:44:48";"System"
"610425";"Sungai Melayu Rayak";"Sungai Melayu Rayak";"0";"0";"102";"2025-03-21 02:44:48";"System";"2025-03-21 02:44:48";"System"
"610501";"Sintang";"Sintang";"0";"0";"102";"2025-03-21 02:44:48";"System";"2025-03-21 02:44:48";"System"
"610502";"Tempunak";"Tempunak";"0";"0";"102";"2025-03-21 02:44:48";"System";"2025-03-21 02:44:48";"System"
"610503";"Sepauk";"Sepauk";"0";"0";"102";"2025-03-21 02:44:48";"System";"2025-03-21 02:44:48";"System"
"610504";"Ketungau Hilir";"Ketungau Hilir";"0";"0";"102";"2025-03-21 02:44:48";"System";"2025-03-21 02:44:48";"System"
"610505";"Ketungau Tengah";"Ketungau Tengah";"0";"0";"102";"2025-03-21 02:44:48";"System";"2025-03-21 02:44:48";"System"
"610506";"Ketungau Hulu";"Ketungau Hulu";"0";"0";"102";"2025-03-21 02:44:48";"System";"2025-03-21 02:44:48";"System"
"610507";"Dedai";"Dedai";"0";"0";"102";"2025-03-21 02:44:48";"System";"2025-03-21 02:44:48";"System"
"610508";"Kayan Hilir";"Kayan Hilir";"0";"0";"102";"2025-03-21 02:44:48";"System";"2025-03-21 02:44:48";"System"
"610509";"Kayan Hulu";"Kayan Hulu";"0";"0";"102";"2025-03-21 02:44:48";"System";"2025-03-21 02:44:48";"System"
"610514";"Serawai";"Serawai";"0";"0";"102";"2025-03-21 02:44:48";"System";"2025-03-21 02:44:48";"System"
"610515";"Ambalau";"Ambalau";"0";"0";"102";"2025-03-21 02:44:48";"System";"2025-03-21 02:44:48";"System"
"610519";"Kelam Permai";"Kelam Permai";"0";"0";"102";"2025-03-21 02:44:48";"System";"2025-03-21 02:44:48";"System"
"610520";"Sungai Tebelian";"Sungai Tebelian";"0";"0";"102";"2025-03-21 02:44:48";"System";"2025-03-21 02:44:48";"System"
"610521";"Binjai Hulu";"Binjai Hulu";"0";"0";"102";"2025-03-21 02:44:48";"System";"2025-03-21 02:44:48";"System"
"610601";"Putussibau Utara";"Putussibau Utara";"0";"0";"102";"2025-03-21 02:44:48";"System";"2025-03-21 02:44:48";"System"
"610602";"Bika";"Bika";"0";"0";"102";"2025-03-21 02:44:48";"System";"2025-03-21 02:44:48";"System"
"610603";"Embaloh Hilir";"Embaloh Hilir";"0";"0";"102";"2025-03-21 02:44:48";"System";"2025-03-21 02:44:48";"System"
"610604";"Embaloh Hulu";"Embaloh Hulu";"0";"0";"102";"2025-03-21 02:44:48";"System";"2025-03-21 02:44:48";"System"
"610605";"Bunut Hilir";"Bunut Hilir";"0";"0";"102";"2025-03-21 02:44:48";"System";"2025-03-21 02:44:48";"System"
"610606";"Bunut Hulu";"Bunut Hulu";"0";"0";"102";"2025-03-21 02:44:48";"System";"2025-03-21 02:44:48";"System"
"610607";"Jongkong";"Jongkong";"0";"0";"102";"2025-03-21 02:44:48";"System";"2025-03-21 02:44:48";"System"
"610608";"Hulu Gurung";"Hulu Gurung";"0";"0";"102";"2025-03-21 02:44:48";"System";"2025-03-21 02:44:48";"System"
"610609";"Selimbau";"Selimbau";"0";"0";"102";"2025-03-21 02:44:48";"System";"2025-03-21 02:44:48";"System"
"610610";"Semitau";"Semitau";"0";"0";"102";"2025-03-21 02:44:48";"System";"2025-03-21 02:44:48";"System"
"610611";"Seberuang";"Seberuang";"0";"0";"102";"2025-03-21 02:44:48";"System";"2025-03-21 02:44:48";"System"
"610612";"Batang Lupar";"Batang Lupar";"0";"0";"102";"2025-03-21 02:44:48";"System";"2025-03-21 02:44:48";"System"
"610613";"Empanang";"Empanang";"0";"0";"102";"2025-03-21 02:44:48";"System";"2025-03-21 02:44:48";"System"
"610614";"Badau";"Badau";"0";"0";"102";"2025-03-21 02:44:48";"System";"2025-03-21 02:44:48";"System"
"610615";"Silat Hilir";"Silat Hilir";"0";"0";"102";"2025-03-21 02:44:48";"System";"2025-03-21 02:44:48";"System"
"610616";"Silat Hulu";"Silat Hulu";"0";"0";"102";"2025-03-21 02:44:48";"System";"2025-03-21 02:44:48";"System"
"610617";"Putussibau Selatan";"Putussibau Selatan";"0";"0";"102";"2025-03-21 02:44:48";"System";"2025-03-21 02:44:48";"System"
"610618";"Kalis";"Kalis";"0";"0";"102";"2025-03-21 02:44:48";"System";"2025-03-21 02:44:48";"System"
"610619";"Boyan Tanjung";"Boyan Tanjung";"0";"0";"102";"2025-03-21 02:44:48";"System";"2025-03-21 02:44:48";"System"
"610620";"Mentebah";"Mentebah";"0";"0";"102";"2025-03-21 02:44:48";"System";"2025-03-21 02:44:48";"System"
"610621";"Pengkadan";"Pengkadan";"0";"0";"102";"2025-03-21 02:44:48";"System";"2025-03-21 02:44:48";"System"
"610622";"Suhaid";"Suhaid";"0";"0";"102";"2025-03-21 02:44:48";"System";"2025-03-21 02:44:48";"System"
"610623";"Puring Kencana";"Puring Kencana";"0";"0";"102";"2025-03-21 02:44:48";"System";"2025-03-21 02:44:48";"System"
"610701";"Sungai Raya";"Sungai Raya";"0";"0";"102";"2025-03-21 02:44:48";"System";"2025-03-21 02:44:48";"System"
"610702";"Samalantan";"Samalantan";"0";"0";"102";"2025-03-21 02:44:48";"System";"2025-03-21 02:44:48";"System"
"610703";"Ledo";"Ledo";"0";"0";"102";"2025-03-21 02:44:48";"System";"2025-03-21 02:44:48";"System"
"610704";"Bengkayang";"Bengkayang";"0";"0";"102";"2025-03-21 02:44:48";"System";"2025-03-21 02:44:48";"System"
"610705";"Seluas";"Seluas";"0";"0";"102";"2025-03-21 02:44:48";"System";"2025-03-21 02:44:48";"System"
"610706";"Sanggau Ledo";"Sanggau Ledo";"0";"0";"102";"2025-03-21 02:44:48";"System";"2025-03-21 02:44:48";"System"
"610707";"Jagoi Babang";"Jagoi Babang";"0";"0";"102";"2025-03-21 02:44:48";"System";"2025-03-21 02:44:48";"System"
"610708";"Monterado";"Monterado";"0";"0";"102";"2025-03-21 02:44:48";"System";"2025-03-21 02:44:48";"System"
"610709";"Teriak";"Teriak";"0";"0";"102";"2025-03-21 02:44:48";"System";"2025-03-21 02:44:48";"System"
"610710";"Suti Semarang";"Suti Semarang";"0";"0";"102";"2025-03-21 02:44:48";"System";"2025-03-21 02:44:48";"System"
"610711";"Capkala";"Capkala";"0";"0";"102";"2025-03-21 02:44:48";"System";"2025-03-21 02:44:48";"System"
"610712";"Siding";"Siding";"0";"0";"102";"2025-03-21 02:44:48";"System";"2025-03-21 02:44:48";"System"
"610713";"Lumar";"Lumar";"0";"0";"102";"2025-03-21 02:44:48";"System";"2025-03-21 02:44:48";"System"
"610714";"Sungai Betung";"Sungai Betung";"0";"0";"102";"2025-03-21 02:44:48";"System";"2025-03-21 02:44:48";"System"
"610715";"Sungai Raya Kepulauan";"Sungai Raya Kepulauan";"0";"0";"102";"2025-03-21 02:44:48";"System";"2025-03-21 02:44:48";"System"
"610716";"Lembah Bawang";"Lembah Bawang";"0";"0";"102";"2025-03-21 02:44:48";"System";"2025-03-21 02:44:48";"System"
"610717";"Tujuh Belas";"Tujuh Belas";"0";"0";"102";"2025-03-21 02:44:48";"System";"2025-03-21 02:44:48";"System"
"610801";"Ngabang";"Ngabang";"0";"0";"102";"2025-03-21 02:44:48";"System";"2025-03-21 02:44:48";"System"
"610802";"Mempawah Hulu";"Mempawah Hulu";"0";"0";"102";"2025-03-21 02:44:48";"System";"2025-03-21 02:44:48";"System"
"610803";"Menjalin";"Menjalin";"0";"0";"102";"2025-03-21 02:44:48";"System";"2025-03-21 02:44:48";"System"
"610804";"Mandor";"Mandor";"0";"0";"102";"2025-03-21 02:44:48";"System";"2025-03-21 02:44:48";"System"
"610805";"Air Besar";"Air Besar";"0";"0";"102";"2025-03-21 02:44:48";"System";"2025-03-21 02:44:48";"System"
"610806";"Menyuke";"Menyuke";"0";"0";"102";"2025-03-21 02:44:48";"System";"2025-03-21 02:44:48";"System"
"610807";"Sengah Temila";"Sengah Temila";"0";"0";"102";"2025-03-21 02:44:48";"System";"2025-03-21 02:44:48";"System"
"610808";"Meranti";"Meranti";"0";"0";"102";"2025-03-21 02:44:48";"System";"2025-03-21 02:44:48";"System"
"610809";"Kuala Behe";"Kuala Behe";"0";"0";"102";"2025-03-21 02:44:48";"System";"2025-03-21 02:44:48";"System"
"610810";"Sebangki";"Sebangki";"0";"0";"102";"2025-03-21 02:44:48";"System";"2025-03-21 02:44:48";"System"
"610811";"Jelimpo";"Jelimpo";"0";"0";"102";"2025-03-21 02:44:48";"System";"2025-03-21 02:44:48";"System"
"610812";"Banyuke Hulu";"Banyuke Hulu";"0";"0";"102";"2025-03-21 02:44:48";"System";"2025-03-21 02:44:48";"System"
"610813";"Sompak";"Sompak";"0";"0";"102";"2025-03-21 02:44:48";"System";"2025-03-21 02:44:48";"System"
"610901";"Sekadau Hilir";"Sekadau Hilir";"0";"0";"102";"2025-03-21 02:44:48";"System";"2025-03-21 02:44:48";"System"
"610902";"Sekadau Hulu";"Sekadau Hulu";"0";"0";"102";"2025-03-21 02:44:48";"System";"2025-03-21 02:44:48";"System"
"610903";"Nanga Taman";"Nanga Taman";"0";"0";"102";"2025-03-21 02:44:48";"System";"2025-03-21 02:44:48";"System"
"610904";"Nanga Mahap";"Nanga Mahap";"0";"0";"102";"2025-03-21 02:44:48";"System";"2025-03-21 02:44:48";"System"
"610905";"Belitang Hilir";"Belitang Hilir";"0";"0";"102";"2025-03-21 02:44:48";"System";"2025-03-21 02:44:48";"System"
"610906";"Belitang Hulu";"Belitang Hulu";"0";"0";"102";"2025-03-21 02:44:48";"System";"2025-03-21 02:44:48";"System"
"610907";"Belitang";"Belitang";"0";"0";"102";"2025-03-21 02:44:48";"System";"2025-03-21 02:44:48";"System"
"611001";"Belimbing";"Belimbing";"0";"0";"102";"2025-03-21 02:44:48";"System";"2025-03-21 02:44:48";"System"
"611002";"Nanga Pinoh";"Nanga Pinoh";"0";"0";"102";"2025-03-21 02:44:48";"System";"2025-03-21 02:44:48";"System"
"611003";"Ella Hilir";"Ella Hilir";"0";"0";"102";"2025-03-21 02:44:48";"System";"2025-03-21 02:44:48";"System"
"611004";"Menukung";"Menukung";"0";"0";"102";"2025-03-21 02:44:48";"System";"2025-03-21 02:44:48";"System"
"611005";"Sayan";"Sayan";"0";"0";"102";"2025-03-21 02:44:48";"System";"2025-03-21 02:44:48";"System"
"611006";"Tanah Pinoh";"Tanah Pinoh";"0";"0";"102";"2025-03-21 02:44:48";"System";"2025-03-21 02:44:48";"System"
"611007";"Sokan";"Sokan";"0";"0";"102";"2025-03-21 02:44:48";"System";"2025-03-21 02:44:48";"System"
"611008";"Pinoh Utara";"Pinoh Utara";"0";"0";"102";"2025-03-21 02:44:48";"System";"2025-03-21 02:44:48";"System"
"611009";"Pinoh Selatan";"Pinoh Selatan";"0";"0";"102";"2025-03-21 02:44:48";"System";"2025-03-21 02:44:48";"System"
"611010";"Belimbing Hulu";"Belimbing Hulu";"0";"0";"102";"2025-03-21 02:44:48";"System";"2025-03-21 02:44:48";"System"
"611011";"Tanah Pinoh Barat";"Tanah Pinoh Barat";"0";"0";"102";"2025-03-21 02:44:48";"System";"2025-03-21 02:44:48";"System"
"611101";"Sukadana";"Sukadana";"0";"0";"102";"2025-03-21 02:44:48";"System";"2025-03-21 02:44:48";"System"
"611102";"Simpang Hilir";"Simpang Hilir";"0";"0";"102";"2025-03-21 02:44:48";"System";"2025-03-21 02:44:48";"System"
"611103";"Teluk Batang";"Teluk Batang";"0";"0";"102";"2025-03-21 02:44:48";"System";"2025-03-21 02:44:48";"System"
"611104";"Pulau Maya";"Pulau Maya";"0";"0";"102";"2025-03-21 02:44:48";"System";"2025-03-21 02:44:48";"System"
"611105";"Seponti";"Seponti";"0";"0";"102";"2025-03-21 02:44:48";"System";"2025-03-21 02:44:48";"System"
"611106";"Kepulauan Karimata";"Kepulauan Karimata";"0";"0";"102";"2025-03-21 02:44:48";"System";"2025-03-21 02:44:48";"System"
"611201";"Sungai Raya";"Sungai Raya";"0";"0";"102";"2025-03-21 02:44:48";"System";"2025-03-21 02:44:48";"System"
"611202";"Kuala Mandor B";"Kuala Mandor B";"0";"0";"102";"2025-03-21 02:44:48";"System";"2025-03-21 02:44:48";"System"
"611203";"Sungai Ambawang";"Sungai Ambawang";"0";"0";"102";"2025-03-21 02:44:48";"System";"2025-03-21 02:44:48";"System"
"611204";"Terentang";"Terentang";"0";"0";"102";"2025-03-21 02:44:48";"System";"2025-03-21 02:44:48";"System"
"611205";"Batu Ampar";"Batu Ampar";"0";"0";"102";"2025-03-21 02:44:48";"System";"2025-03-21 02:44:48";"System"
"611206";"Kubu";"Kubu";"0";"0";"102";"2025-03-21 02:44:48";"System";"2025-03-21 02:44:48";"System"
"611207";"Rasau Jaya";"Rasau Jaya";"0";"0";"102";"2025-03-21 02:44:48";"System";"2025-03-21 02:44:48";"System"
"611208";"Teluk Pakedai";"Teluk Pakedai";"0";"0";"102";"2025-03-21 02:44:48";"System";"2025-03-21 02:44:48";"System"
"611209";"Sungai Kakap";"Sungai Kakap";"0";"0";"102";"2025-03-21 02:44:48";"System";"2025-03-21 02:44:48";"System"
"617101";"Pontianak Selatan";"Pontianak Selatan";"0";"0";"102";"2025-03-21 02:44:48";"System";"2025-03-21 02:44:48";"System"
"617102";"Pontianak Timur";"Pontianak Timur";"0";"0";"102";"2025-03-21 02:44:48";"System";"2025-03-21 02:44:48";"System"
"617103";"Pontianak Barat";"Pontianak Barat";"0";"0";"102";"2025-03-21 02:44:48";"System";"2025-03-21 02:44:48";"System"
"617104";"Pontianak Utara";"Pontianak Utara";"0";"0";"102";"2025-03-21 02:44:48";"System";"2025-03-21 02:44:48";"System"
"617105";"Pontianak Kota";"Pontianak Kota";"0";"0";"102";"2025-03-21 02:44:48";"System";"2025-03-21 02:44:48";"System"
"617106";"Pontianak Tenggara";"Pontianak Tenggara";"0";"0";"102";"2025-03-21 02:44:48";"System";"2025-03-21 02:44:48";"System"
"617201";"Singkawang Tengah";"Singkawang Tengah";"0";"0";"102";"2025-03-21 02:44:48";"System";"2025-03-21 02:44:48";"System"
"617202";"Singkawang Barat";"Singkawang Barat";"0";"0";"102";"2025-03-21 02:44:48";"System";"2025-03-21 02:44:48";"System"
"617203";"Singkawang Timur";"Singkawang Timur";"0";"0";"102";"2025-03-21 02:44:48";"System";"2025-03-21 02:44:48";"System"
"617204";"Singkawang Utara";"Singkawang Utara";"0";"0";"102";"2025-03-21 02:44:48";"System";"2025-03-21 02:44:48";"System"
"617205";"Singkawang Selatan";"Singkawang Selatan";"0";"0";"102";"2025-03-21 02:44:48";"System";"2025-03-21 02:44:48";"System"
"620101";"Kumai";"Kumai";"56469";"1794";"102";"2025-03-21 02:44:48";"System";"2025-03-21 02:44:48";"System"
"620102";"Arut Selatan";"Arut Selatan";"56469";"1794";"102";"2025-03-21 02:44:48";"System";"2025-03-21 02:44:48";"System"
"620103";"Kotawaringin Lama";"Kotawaringin Lama";"56469";"1794";"102";"2025-03-21 02:44:48";"System";"2025-03-21 02:44:48";"System"
"620104";"Arut Utara";"Arut Utara";"56469";"1794";"102";"2025-03-21 02:44:48";"System";"2025-03-21 02:44:48";"System"
"620105";"Pangkalan Lada";"Pangkalan Lada";"56469";"1794";"102";"2025-03-21 02:44:48";"System";"2025-03-21 02:44:48";"System"
"620106";"Pangkalan Banteng";"Pangkalan Banteng";"56469";"1794";"102";"2025-03-21 02:44:48";"System";"2025-03-21 02:44:48";"System"
"620201";"Kota Besi";"Kota Besi";"56470";"1794";"102";"2025-03-21 02:44:48";"System";"2025-03-21 02:44:48";"System"
"620202";"Cempaga";"Cempaga";"56470";"1794";"102";"2025-03-21 02:44:48";"System";"2025-03-21 02:44:48";"System"
"620203";"Mentaya Hulu";"Mentaya Hulu";"56470";"1794";"102";"2025-03-21 02:44:48";"System";"2025-03-21 02:44:48";"System"
"620204";"Parenggean";"Parenggean";"56470";"1794";"102";"2025-03-21 02:44:48";"System";"2025-03-21 02:44:48";"System"
"620205";"Baamang";"Baamang";"56470";"1794";"102";"2025-03-21 02:44:48";"System";"2025-03-21 02:44:48";"System"
"620206";"Mentawa Baru Ketapang";"Mentawa Baru Ketapang";"56470";"1794";"102";"2025-03-21 02:44:48";"System";"2025-03-21 02:44:48";"System"
"620207";"Mentaya Hilir Utara";"Mentaya Hilir Utara";"56470";"1794";"102";"2025-03-21 02:44:48";"System";"2025-03-21 02:44:48";"System"
"620208";"Mentaya Hilir Selatan";"Mentaya Hilir Selatan";"56470";"1794";"102";"2025-03-21 02:44:48";"System";"2025-03-21 02:44:48";"System"
"620209";"Pulau Hanaut";"Pulau Hanaut";"56470";"1794";"102";"2025-03-21 02:44:48";"System";"2025-03-21 02:44:48";"System"
"620210";"Antang Kalang";"Antang Kalang";"56470";"1794";"102";"2025-03-21 02:44:48";"System";"2025-03-21 02:44:48";"System"
"620211";"Teluk Sampit";"Teluk Sampit";"56470";"1794";"102";"2025-03-21 02:44:48";"System";"2025-03-21 02:44:48";"System"
"620212";"Seranau";"Seranau";"56470";"1794";"102";"2025-03-21 02:44:48";"System";"2025-03-21 02:44:48";"System"
"620213";"Cempaga Hulu";"Cempaga Hulu";"56470";"1794";"102";"2025-03-21 02:44:48";"System";"2025-03-21 02:44:48";"System"
"620214";"Telawang";"Telawang";"56470";"1794";"102";"2025-03-21 02:44:48";"System";"2025-03-21 02:44:48";"System"
"620215";"Bukit Santuai";"Bukit Santuai";"56470";"1794";"102";"2025-03-21 02:44:48";"System";"2025-03-21 02:44:48";"System"
"620216";"Tualan Hulu";"Tualan Hulu";"56470";"1794";"102";"2025-03-21 02:44:48";"System";"2025-03-21 02:44:48";"System"
"620217";"Telaga Antang";"Telaga Antang";"56470";"1794";"102";"2025-03-21 02:44:48";"System";"2025-03-21 02:44:48";"System"
"620301";"Selat";"Selat";"56437";"1794";"102";"2025-03-21 02:44:48";"System";"2025-03-21 02:44:48";"System"
"620302";"Kapuas Hilir";"Kapuas Hilir";"56437";"1794";"102";"2025-03-21 02:44:48";"System";"2025-03-21 02:44:48";"System"
"620303";"Kapuas Timur";"Kapuas Timur";"56437";"1794";"102";"2025-03-21 02:44:48";"System";"2025-03-21 02:44:48";"System"
"620304";"Kapuas Kuala";"Kapuas Kuala";"56437";"1794";"102";"2025-03-21 02:44:48";"System";"2025-03-21 02:44:48";"System"
"620305";"Kapuas Barat";"Kapuas Barat";"56437";"1794";"102";"2025-03-21 02:44:48";"System";"2025-03-21 02:44:48";"System"
"620306";"Pulau Petak";"Pulau Petak";"56437";"1794";"102";"2025-03-21 02:44:48";"System";"2025-03-21 02:44:48";"System"
"620307";"Kapuas Murung";"Kapuas Murung";"56437";"1794";"102";"2025-03-21 02:44:48";"System";"2025-03-21 02:44:48";"System"
"620308";"Basarang";"Basarang";"56437";"1794";"102";"2025-03-21 02:44:48";"System";"2025-03-21 02:44:48";"System"
"620309";"Mantangai";"Mantangai";"56437";"1794";"102";"2025-03-21 02:44:48";"System";"2025-03-21 02:44:48";"System"
"620310";"Timpah";"Timpah";"56437";"1794";"102";"2025-03-21 02:44:48";"System";"2025-03-21 02:44:48";"System"
"620311";"Kapuas Tengah";"Kapuas Tengah";"56437";"1794";"102";"2025-03-21 02:44:48";"System";"2025-03-21 02:44:48";"System"
"620312";"Kapuas Hulu";"Kapuas Hulu";"56437";"1794";"102";"2025-03-21 02:44:48";"System";"2025-03-21 02:44:48";"System"
"620313";"Tamban Catur";"Tamban Catur";"56437";"1794";"102";"2025-03-21 02:44:48";"System";"2025-03-21 02:44:48";"System"
"620314";"Pasak Talawang";"Pasak Talawang";"56437";"1794";"102";"2025-03-21 02:44:48";"System";"2025-03-21 02:44:48";"System"
"620315";"Mandau Talawang";"Mandau Talawang";"56437";"1794";"102";"2025-03-21 02:44:48";"System";"2025-03-21 02:44:48";"System"
"620316";"Dadahup";"Dadahup";"56437";"1794";"102";"2025-03-21 02:44:48";"System";"2025-03-21 02:44:48";"System"
"620317";"Bataguh";"Bataguh";"56437";"1794";"102";"2025-03-21 02:44:48";"System";"2025-03-21 02:44:48";"System"
"620401";"Jenamas";"Jenamas";"56342";"1794";"102";"2025-03-21 02:44:48";"System";"2025-03-21 02:44:48";"System"
"620402";"Dusun Hilir";"Dusun Hilir";"56342";"1794";"102";"2025-03-21 02:44:48";"System";"2025-03-21 02:44:48";"System"
"620403";"Karau Kuala";"Karau Kuala";"56342";"1794";"102";"2025-03-21 02:44:48";"System";"2025-03-21 02:44:48";"System"
"620404";"Dusun Utara";"Dusun Utara";"56342";"1794";"102";"2025-03-21 02:44:48";"System";"2025-03-21 02:44:48";"System"
"620405";"Gn. Bintang Awai";"Gn. Bintang Awai";"56342";"1794";"102";"2025-03-21 02:44:48";"System";"2025-03-21 02:44:48";"System"
"620406";"Dusun Selatan";"Dusun Selatan";"56342";"1794";"102";"2025-03-21 02:44:48";"System";"2025-03-21 02:44:48";"System"
"620501";"Montallat";"Montallat";"56344";"1794";"102";"2025-03-21 02:44:48";"System";"2025-03-21 02:44:48";"System"
"620502";"Gunung Timang";"Gunung Timang";"56344";"1794";"102";"2025-03-21 02:44:48";"System";"2025-03-21 02:44:48";"System"
"620503";"Gunung Purei";"Gunung Purei";"56344";"1794";"102";"2025-03-21 02:44:48";"System";"2025-03-21 02:44:48";"System"
"620504";"Teweh Timur";"Teweh Timur";"56344";"1794";"102";"2025-03-21 02:44:48";"System";"2025-03-21 02:44:48";"System"
"620505";"Teweh Tengah";"Teweh Tengah";"56344";"1794";"102";"2025-03-21 02:44:48";"System";"2025-03-21 02:44:48";"System"
"620506";"Lahei";"Lahei";"56344";"1794";"102";"2025-03-21 02:44:48";"System";"2025-03-21 02:44:48";"System"
"620507";"Teweh Baru";"Teweh Baru";"56344";"1794";"102";"2025-03-21 02:44:48";"System";"2025-03-21 02:44:48";"System"
"620508";"Teweh Selatan";"Teweh Selatan";"56344";"1794";"102";"2025-03-21 02:44:48";"System";"2025-03-21 02:44:48";"System"
"620509";"Lahei Barat";"Lahei Barat";"56344";"1794";"102";"2025-03-21 02:44:48";"System";"2025-03-21 02:44:48";"System"
"620601";"Kampiang";"Kampiang";"56443";"1794";"102";"2025-03-21 02:44:48";"System";"2025-03-21 02:44:48";"System"
"620602";"Katingan Hilir";"Katingan Hilir";"56443";"1794";"102";"2025-03-21 02:44:48";"System";"2025-03-21 02:44:48";"System"
"620603";"Tewang Sangalang Garing";"Tewang Sangalang Garing";"56443";"1794";"102";"2025-03-21 02:44:48";"System";"2025-03-21 02:44:48";"System"
"620604";"Pulau Malan";"Pulau Malan";"56443";"1794";"102";"2025-03-21 02:44:48";"System";"2025-03-21 02:44:48";"System"
"620605";"Katingan Tengah";"Katingan Tengah";"56443";"1794";"102";"2025-03-21 02:44:48";"System";"2025-03-21 02:44:48";"System"
"620606";"Sanaman Mantikei";"Sanaman Mantikei";"56443";"1794";"102";"2025-03-21 02:44:48";"System";"2025-03-21 02:44:48";"System"
"620607";"Marikit";"Marikit";"56443";"1794";"102";"2025-03-21 02:44:48";"System";"2025-03-21 02:44:48";"System"
"620608";"Katingan Hulu";"Katingan Hulu";"56443";"1794";"102";"2025-03-21 02:44:48";"System";"2025-03-21 02:44:48";"System"
"620609";"Mendawai";"Mendawai";"56443";"1794";"102";"2025-03-21 02:44:48";"System";"2025-03-21 02:44:48";"System"
"620610";"Katingan Kuala";"Katingan Kuala";"56443";"1794";"102";"2025-03-21 02:44:48";"System";"2025-03-21 02:44:48";"System"
"620611";"Tasik Payawan";"Tasik Payawan";"56443";"1794";"102";"2025-03-21 02:44:48";"System";"2025-03-21 02:44:48";"System"
"620612";"Petak Malai";"Petak Malai";"56443";"1794";"102";"2025-03-21 02:44:48";"System";"2025-03-21 02:44:48";"System"
"620613";"Bukit Raya";"Bukit Raya";"56443";"1794";"102";"2025-03-21 02:44:48";"System";"2025-03-21 02:44:48";"System"
"620701";"Seruyan Hilir";"Seruyan Hilir";"56625";"1794";"102";"2025-03-21 02:44:48";"System";"2025-03-21 02:44:48";"System"
"620702";"Seruyan Tengah";"Seruyan Tengah";"56625";"1794";"102";"2025-03-21 02:44:48";"System";"2025-03-21 02:44:48";"System"
"620703";"Danau Sembuluh";"Danau Sembuluh";"56625";"1794";"102";"2025-03-21 02:44:48";"System";"2025-03-21 02:44:48";"System"
"620704";"Hanau";"Hanau";"56625";"1794";"102";"2025-03-21 02:44:48";"System";"2025-03-21 02:44:48";"System"
"620705";"Seruyan Hulu";"Seruyan Hulu";"56625";"1794";"102";"2025-03-21 02:44:48";"System";"2025-03-21 02:44:48";"System"
"620706";"Seruyan Hilir Timur";"Seruyan Hilir Timur";"56625";"1794";"102";"2025-03-21 02:44:48";"System";"2025-03-21 02:44:48";"System"
"620707";"Seruyan Raya";"Seruyan Raya";"56625";"1794";"102";"2025-03-21 02:44:48";"System";"2025-03-21 02:44:48";"System"
"620708";"Danau Seluluk";"Danau Seluluk";"56625";"1794";"102";"2025-03-21 02:44:48";"System";"2025-03-21 02:44:48";"System"
"620709";"Batu Ampar";"Batu Ampar";"56625";"1794";"102";"2025-03-21 02:44:48";"System";"2025-03-21 02:44:48";"System"
"620710";"Suling Tambun";"Suling Tambun";"56625";"1794";"102";"2025-03-21 02:44:48";"System";"2025-03-21 02:44:48";"System"
"620801";"Sukamara";"Sukamara";"56646";"1794";"102";"2025-03-21 02:44:48";"System";"2025-03-21 02:44:48";"System"
"620802";"Jelai";"Jelai";"56646";"1794";"102";"2025-03-21 02:44:48";"System";"2025-03-21 02:44:48";"System"
"620803";"Balai Riam";"Balai Riam";"56646";"1794";"102";"2025-03-21 02:44:48";"System";"2025-03-21 02:44:48";"System"
"620804";"Pantai Lunci";"Pantai Lunci";"56646";"1794";"102";"2025-03-21 02:44:48";"System";"2025-03-21 02:44:48";"System"
"620805";"Permata Kecubung";"Permata Kecubung";"56646";"1794";"102";"2025-03-21 02:44:48";"System";"2025-03-21 02:44:48";"System"
"620901";"Lamandau";"Lamandau";"56482";"1794";"102";"2025-03-21 02:44:48";"System";"2025-03-21 02:44:48";"System"
"620902";"Delang";"Delang";"56482";"1794";"102";"2025-03-21 02:44:48";"System";"2025-03-21 02:44:48";"System"
"620903";"Bulik";"Bulik";"56482";"1794";"102";"2025-03-21 02:44:48";"System";"2025-03-21 02:44:48";"System"
"620904";"Bulik Timur";"Bulik Timur";"56482";"1794";"102";"2025-03-21 02:44:48";"System";"2025-03-21 02:44:48";"System"
"620905";"Menthobi Raya";"Menthobi Raya";"56482";"1794";"102";"2025-03-21 02:44:48";"System";"2025-03-21 02:44:48";"System"
"620906";"Sematu Jaya";"Sematu Jaya";"56482";"1794";"102";"2025-03-21 02:44:48";"System";"2025-03-21 02:44:48";"System"
"620907";"Belantikan Raya";"Belantikan Raya";"56482";"1794";"102";"2025-03-21 02:44:48";"System";"2025-03-21 02:44:48";"System"
"620908";"Batang Kawa";"Batang Kawa";"56482";"1794";"102";"2025-03-21 02:44:48";"System";"2025-03-21 02:44:48";"System"
"621001";"Sepang Simin";"Sepang Simin";"56415";"1794";"102";"2025-03-21 02:44:48";"System";"2025-03-21 02:44:48";"System"
"621002";"Kurun";"Kurun";"56415";"1794";"102";"2025-03-21 02:44:48";"System";"2025-03-21 02:44:48";"System"
"621003";"Tewah";"Tewah";"56415";"1794";"102";"2025-03-21 02:44:48";"System";"2025-03-21 02:44:48";"System"
"621004";"Kahayan Hulu Utara";"Kahayan Hulu Utara";"56415";"1794";"102";"2025-03-21 02:44:48";"System";"2025-03-21 02:44:48";"System"
"621005";"Rungan";"Rungan";"56415";"1794";"102";"2025-03-21 02:44:48";"System";"2025-03-21 02:44:48";"System"
"621006";"Manuhing";"Manuhing";"56415";"1794";"102";"2025-03-21 02:44:48";"System";"2025-03-21 02:44:48";"System"
"621007";"Mihing Raya";"Mihing Raya";"56415";"1794";"102";"2025-03-21 02:44:48";"System";"2025-03-21 02:44:48";"System"
"621008";"Damang Batu";"Damang Batu";"56415";"1794";"102";"2025-03-21 02:44:48";"System";"2025-03-21 02:44:48";"System"
"621009";"Miri Manasa";"Miri Manasa";"56415";"1794";"102";"2025-03-21 02:44:48";"System";"2025-03-21 02:44:48";"System"
"621010";"Rungan Hulu";"Rungan Hulu";"56415";"1794";"102";"2025-03-21 02:44:48";"System";"2025-03-21 02:44:48";"System"
"621011";"Mahuning Raya";"Mahuning Raya";"56415";"1794";"102";"2025-03-21 02:44:48";"System";"2025-03-21 02:44:48";"System"
"621012";"Rungan Barat";"Rungan Barat";"56415";"1794";"102";"2025-03-21 02:44:48";"System";"2025-03-21 02:44:48";"System"
"621101";"Pandih Batu";"Pandih Batu";"56601";"1794";"102";"2025-03-21 02:44:48";"System";"2025-03-21 02:44:48";"System"
"621102";"Kahayan Kuala";"Kahayan Kuala";"56601";"1794";"102";"2025-03-21 02:44:48";"System";"2025-03-21 02:44:48";"System"
"621103";"Kahayan Tengah";"Kahayan Tengah";"56601";"1794";"102";"2025-03-21 02:44:48";"System";"2025-03-21 02:44:48";"System"
"621104";"Banama Tingang";"Banama Tingang";"56601";"1794";"102";"2025-03-21 02:44:48";"System";"2025-03-21 02:44:48";"System"
"621105";"Kahayan Hilir";"Kahayan Hilir";"56601";"1794";"102";"2025-03-21 02:44:48";"System";"2025-03-21 02:44:48";"System"
"621106";"Maliku";"Maliku";"56601";"1794";"102";"2025-03-21 02:44:48";"System";"2025-03-21 02:44:48";"System"
"621107";"Jabiren";"Jabiren";"56601";"1794";"102";"2025-03-21 02:44:48";"System";"2025-03-21 02:44:48";"System"
"621108";"Sebangau Kuala";"Sebangau Kuala";"56601";"1794";"102";"2025-03-21 02:44:48";"System";"2025-03-21 02:44:48";"System"
"621201";"Murung";"Murung";"56547";"1794";"102";"2025-03-21 02:44:48";"System";"2025-03-21 02:44:48";"System"
"621202";"Tanah Siang";"Tanah Siang";"56547";"1794";"102";"2025-03-21 02:44:48";"System";"2025-03-21 02:44:48";"System"
"621203";"Laung Tuhup";"Laung Tuhup";"56547";"1794";"102";"2025-03-21 02:44:48";"System";"2025-03-21 02:44:48";"System"
"621204";"Permata Intan";"Permata Intan";"56547";"1794";"102";"2025-03-21 02:44:48";"System";"2025-03-21 02:44:48";"System"
"621205";"Sumber Barito";"Sumber Barito";"56547";"1794";"102";"2025-03-21 02:44:48";"System";"2025-03-21 02:44:48";"System"
"621206";"Barito Tuhup Raya";"Barito Tuhup Raya";"56547";"1794";"102";"2025-03-21 02:44:48";"System";"2025-03-21 02:44:48";"System"
"621207";"Tanah Siang Selatan";"Tanah Siang Selatan";"56547";"1794";"102";"2025-03-21 02:44:48";"System";"2025-03-21 02:44:48";"System"
"621208";"Sungai Babuat";"Sungai Babuat";"56547";"1794";"102";"2025-03-21 02:44:48";"System";"2025-03-21 02:44:48";"System"
"621209";"Seribu Riam";"Seribu Riam";"56547";"1794";"102";"2025-03-21 02:44:48";"System";"2025-03-21 02:44:48";"System"
"621210";"Uut Murung";"Uut Murung";"56547";"1794";"102";"2025-03-21 02:44:48";"System";"2025-03-21 02:44:48";"System"
"621301";"Dusun Timur";"Dusun Timur";"56343";"1794";"102";"2025-03-21 02:44:48";"System";"2025-03-21 02:44:48";"System"
"621302";"Banua Lima";"Banua Lima";"56343";"1794";"102";"2025-03-21 02:44:48";"System";"2025-03-21 02:44:48";"System"
"621303";"Patangkep Tutui";"Patangkep Tutui";"56343";"1794";"102";"2025-03-21 02:44:48";"System";"2025-03-21 02:44:48";"System"
"621304";"Awang";"Awang";"56343";"1794";"102";"2025-03-21 02:44:48";"System";"2025-03-21 02:44:48";"System"
"621305";"Dusun Tengah";"Dusun Tengah";"56343";"1794";"102";"2025-03-21 02:44:48";"System";"2025-03-21 02:44:48";"System"
"621306";"Pematang Karau";"Pematang Karau";"56343";"1794";"102";"2025-03-21 02:44:48";"System";"2025-03-21 02:44:48";"System"
"621307";"Paju Epat";"Paju Epat";"56343";"1794";"102";"2025-03-21 02:44:48";"System";"2025-03-21 02:44:48";"System"
"621308";"Raren Batuah";"Raren Batuah";"56343";"1794";"102";"2025-03-21 02:44:48";"System";"2025-03-21 02:44:48";"System"
"621309";"Paku";"Paku";"56343";"1794";"102";"2025-03-21 02:44:48";"System";"2025-03-21 02:44:48";"System"
"621310";"Karusen Janang";"Karusen Janang";"56343";"1794";"102";"2025-03-21 02:44:48";"System";"2025-03-21 02:44:48";"System"
"627101";"Pahandut";"Pahandut";"0";"0";"102";"2025-03-21 02:44:48";"System";"2025-03-21 02:44:48";"System"
"627102";"Bukit Batu";"Bukit Batu";"0";"0";"102";"2025-03-21 02:44:48";"System";"2025-03-21 02:44:48";"System"
"627103";"Jekan Raya";"Jekan Raya";"0";"0";"102";"2025-03-21 02:44:48";"System";"2025-03-21 02:44:48";"System"
"627104";"Sabangau";"Sabangau";"0";"0";"102";"2025-03-21 02:44:48";"System";"2025-03-21 02:44:48";"System"
"627105";"Rakumpit";"Rakumpit";"0";"0";"102";"2025-03-21 02:44:48";"System";"2025-03-21 02:44:48";"System"
"630101";"Takisung";"Takisung";"56665";"1819";"102";"2025-03-21 02:44:48";"System";"2025-03-21 02:44:48";"System"
"630102";"Jorong";"Jorong";"56665";"1819";"102";"2025-03-21 02:44:48";"System";"2025-03-21 02:44:48";"System"
"630103";"Pelaihari";"Pelaihari";"56665";"1819";"102";"2025-03-21 02:44:48";"System";"2025-03-21 02:44:48";"System"
"630104";"Kurau";"Kurau";"56665";"1819";"102";"2025-03-21 02:44:48";"System";"2025-03-21 02:44:48";"System"
"630105";"Bati Bati";"Bati Bati";"56665";"1819";"102";"2025-03-21 02:44:48";"System";"2025-03-21 02:44:48";"System"
"630106";"Panyipatan";"Panyipatan";"56665";"1819";"102";"2025-03-21 02:44:48";"System";"2025-03-21 02:44:48";"System"
"630107";"Kintap";"Kintap";"56665";"1819";"102";"2025-03-21 02:44:48";"System";"2025-03-21 02:44:48";"System"
"630108";"Tambang Ulang";"Tambang Ulang";"56665";"1819";"102";"2025-03-21 02:44:48";"System";"2025-03-21 02:44:48";"System"
"630109";"Batu Ampar";"Batu Ampar";"56665";"1819";"102";"2025-03-21 02:44:48";"System";"2025-03-21 02:44:48";"System"
"630110";"Bajuin";"Bajuin";"56665";"1819";"102";"2025-03-21 02:44:48";"System";"2025-03-21 02:44:48";"System"
"630111";"Bumi Makmur";"Bumi Makmur";"56665";"1819";"102";"2025-03-21 02:44:48";"System";"2025-03-21 02:44:48";"System"
"630201";"Pulausembilan";"Pulausembilan";"0";"0";"102";"2025-03-21 02:44:48";"System";"2025-03-21 02:44:48";"System"
"630202";"Pulaulaut Barat";"Pulaulaut Barat";"0";"0";"102";"2025-03-21 02:44:48";"System";"2025-03-21 02:44:48";"System"
"630203";"Pulaulaut Selatan";"Pulaulaut Selatan";"0";"0";"102";"2025-03-21 02:44:48";"System";"2025-03-21 02:44:48";"System"
"630204";"Pulaulaut Timur";"Pulaulaut Timur";"0";"0";"102";"2025-03-21 02:44:48";"System";"2025-03-21 02:44:48";"System"
"630205";"Pulausebuku";"Pulausebuku";"0";"0";"102";"2025-03-21 02:44:48";"System";"2025-03-21 02:44:48";"System"
"630206";"Pulaulaut Utara";"Pulaulaut Utara";"0";"0";"102";"2025-03-21 02:44:48";"System";"2025-03-21 02:44:48";"System"
"630207";"Kelumpang Selatan";"Kelumpang Selatan";"0";"0";"102";"2025-03-21 02:44:48";"System";"2025-03-21 02:44:48";"System"
"630208";"Kelumpang Hulu";"Kelumpang Hulu";"0";"0";"102";"2025-03-21 02:44:48";"System";"2025-03-21 02:44:48";"System"
"630209";"Kelumpang Tengah";"Kelumpang Tengah";"0";"0";"102";"2025-03-21 02:44:48";"System";"2025-03-21 02:44:48";"System"
"630210";"Kelumpang Utara";"Kelumpang Utara";"0";"0";"102";"2025-03-21 02:44:48";"System";"2025-03-21 02:44:48";"System"
"630211";"Pamukan Selatan";"Pamukan Selatan";"0";"0";"102";"2025-03-21 02:44:48";"System";"2025-03-21 02:44:48";"System"
"630212";"Sampanahan";"Sampanahan";"0";"0";"102";"2025-03-21 02:44:48";"System";"2025-03-21 02:44:48";"System"
"630213";"Pamukan Utara";"Pamukan Utara";"0";"0";"102";"2025-03-21 02:44:48";"System";"2025-03-21 02:44:48";"System"
"630214";"Hampang";"Hampang";"0";"0";"102";"2025-03-21 02:44:48";"System";"2025-03-21 02:44:48";"System"
"630215";"Sungaidurian";"Sungaidurian";"0";"0";"102";"2025-03-21 02:44:48";"System";"2025-03-21 02:44:48";"System"
"630216";"Pulaulaut Tengah";"Pulaulaut Tengah";"0";"0";"102";"2025-03-21 02:44:48";"System";"2025-03-21 02:44:48";"System"
"630217";"Kelumpang Hilir";"Kelumpang Hilir";"0";"0";"102";"2025-03-21 02:44:48";"System";"2025-03-21 02:44:48";"System"
"630218";"Kelumpang Barat";"Kelumpang Barat";"0";"0";"102";"2025-03-21 02:44:48";"System";"2025-03-21 02:44:48";"System"
"630219";"Pamukan Barat";"Pamukan Barat";"0";"0";"102";"2025-03-21 02:44:48";"System";"2025-03-21 02:44:48";"System"
"630220";"Pulaulaut Kepulauan";"Pulaulaut Kepulauan";"0";"0";"102";"2025-03-21 02:44:48";"System";"2025-03-21 02:44:48";"System"
"630221";"Pulaulaut Tanjung Selayar";"Pulaulaut Tanjung Selayar";"0";"0";"102";"2025-03-21 02:44:48";"System";"2025-03-21 02:44:48";"System"
"630222";"Pulaulaut Sigam";"Pulaulaut Sigam";"0";"0";"102";"2025-03-21 02:44:48";"System";"2025-03-21 02:44:48";"System"
"630301";"Aluh Aluh";"Aluh Aluh";"56335";"1819";"102";"2025-03-21 02:44:48";"System";"2025-03-21 02:44:48";"System"
"630302";"Kertak Hanyar";"Kertak Hanyar";"56335";"1819";"102";"2025-03-21 02:44:48";"System";"2025-03-21 02:44:48";"System"
"630303";"Gambut";"Gambut";"56335";"1819";"102";"2025-03-21 02:44:48";"System";"2025-03-21 02:44:48";"System"
"630304";"Sungai Tabuk";"Sungai Tabuk";"56335";"1819";"102";"2025-03-21 02:44:48";"System";"2025-03-21 02:44:48";"System"
"630305";"Martapura";"Martapura";"56335";"1819";"102";"2025-03-21 02:44:48";"System";"2025-03-21 02:44:48";"System"
"630306";"Karang Intan";"Karang Intan";"56335";"1819";"102";"2025-03-21 02:44:48";"System";"2025-03-21 02:44:48";"System"
"630307";"Astambul";"Astambul";"56335";"1819";"102";"2025-03-21 02:44:48";"System";"2025-03-21 02:44:48";"System"
"630308";"Simpang Empat";"Simpang Empat";"56335";"1819";"102";"2025-03-21 02:44:48";"System";"2025-03-21 02:44:48";"System"
"630309";"Pengarom";"Pengarom";"56335";"1819";"102";"2025-03-21 02:44:48";"System";"2025-03-21 02:44:48";"System"
"630310";"Sungai Pinang";"Sungai Pinang";"56335";"1819";"102";"2025-03-21 02:44:48";"System";"2025-03-21 02:44:48";"System"
"630311";"Aranio";"Aranio";"56335";"1819";"102";"2025-03-21 02:44:48";"System";"2025-03-21 02:44:48";"System"
"630312";"Mataraman";"Mataraman";"56335";"1819";"102";"2025-03-21 02:44:48";"System";"2025-03-21 02:44:48";"System"
"630313";"Beruntung Baru";"Beruntung Baru";"56335";"1819";"102";"2025-03-21 02:44:48";"System";"2025-03-21 02:44:48";"System"
"630314";"Martapura Barat";"Martapura Barat";"56335";"1819";"102";"2025-03-21 02:44:48";"System";"2025-03-21 02:44:48";"System"
"630315";"Martapura Timur";"Martapura Timur";"56335";"1819";"102";"2025-03-21 02:44:48";"System";"2025-03-21 02:44:48";"System"
"630316";"Sambung Makmur";"Sambung Makmur";"56335";"1819";"102";"2025-03-21 02:44:48";"System";"2025-03-21 02:44:48";"System"
"630317";"Paramasan";"Paramasan";"56335";"1819";"102";"2025-03-21 02:44:48";"System";"2025-03-21 02:44:48";"System"
"630318";"Telaga Bauntung";"Telaga Bauntung";"56335";"1819";"102";"2025-03-21 02:44:48";"System";"2025-03-21 02:44:48";"System"
"630319";"Tatah Makmur";"Tatah Makmur";"56335";"1819";"102";"2025-03-21 02:44:48";"System";"2025-03-21 02:44:48";"System"
"630401";"Tabunganen";"Tabunganen";"56341";"1819";"102";"2025-03-21 02:44:48";"System";"2025-03-21 02:44:48";"System"
"630402";"Tamban";"Tamban";"56341";"1819";"102";"2025-03-21 02:44:48";"System";"2025-03-21 02:44:48";"System"
"630403";"Anjir Pasar";"Anjir Pasar";"56341";"1819";"102";"2025-03-21 02:44:48";"System";"2025-03-21 02:44:48";"System"
"630404";"Anjir Muara";"Anjir Muara";"56341";"1819";"102";"2025-03-21 02:44:48";"System";"2025-03-21 02:44:48";"System"
"630405";"Alalak";"Alalak";"56341";"1819";"102";"2025-03-21 02:44:48";"System";"2025-03-21 02:44:48";"System"
"630406";"Mandastana";"Mandastana";"56341";"1819";"102";"2025-03-21 02:44:48";"System";"2025-03-21 02:44:48";"System"
"630407";"Rantau Badauh";"Rantau Badauh";"56341";"1819";"102";"2025-03-21 02:44:48";"System";"2025-03-21 02:44:48";"System"
"630408";"Belawang";"Belawang";"56341";"1819";"102";"2025-03-21 02:44:48";"System";"2025-03-21 02:44:48";"System"
"630409";"Cerbon";"Cerbon";"56341";"1819";"102";"2025-03-21 02:44:48";"System";"2025-03-21 02:44:48";"System"
"630410";"Bakumpai";"Bakumpai";"56341";"1819";"102";"2025-03-21 02:44:48";"System";"2025-03-21 02:44:48";"System"
"630411";"Kuripan";"Kuripan";"56341";"1819";"102";"2025-03-21 02:44:48";"System";"2025-03-21 02:44:48";"System"
"630412";"Tabukan";"Tabukan";"56341";"1819";"102";"2025-03-21 02:44:48";"System";"2025-03-21 02:44:48";"System"
"630413";"Mekarsari";"Mekarsari";"56341";"1819";"102";"2025-03-21 02:44:48";"System";"2025-03-21 02:44:48";"System"
"630414";"Barambai";"Barambai";"56341";"1819";"102";"2025-03-21 02:44:48";"System";"2025-03-21 02:44:48";"System"
"630415";"Marabahan";"Marabahan";"56341";"1819";"102";"2025-03-21 02:44:48";"System";"2025-03-21 02:44:48";"System"
"630416";"Wanaraya";"Wanaraya";"56341";"1819";"102";"2025-03-21 02:44:48";"System";"2025-03-21 02:44:48";"System"
"630417";"Jejangkit";"Jejangkit";"56341";"1819";"102";"2025-03-21 02:44:48";"System";"2025-03-21 02:44:48";"System"
"630501";"Binuang";"Binuang";"56673";"1819";"102";"2025-03-21 02:44:48";"System";"2025-03-21 02:44:48";"System"
"630502";"Tapin Selatan";"Tapin Selatan";"56673";"1819";"102";"2025-03-21 02:44:48";"System";"2025-03-21 02:44:48";"System"
"630503";"Tapin Tengah";"Tapin Tengah";"56673";"1819";"102";"2025-03-21 02:44:48";"System";"2025-03-21 02:44:48";"System"
"630504";"Tapin Utara";"Tapin Utara";"56673";"1819";"102";"2025-03-21 02:44:48";"System";"2025-03-21 02:44:48";"System"
"630505";"Candi Laras Selatan";"Candi Laras Selatan";"56673";"1819";"102";"2025-03-21 02:44:48";"System";"2025-03-21 02:44:48";"System"
"630506";"Candi Laras Utara";"Candi Laras Utara";"56673";"1819";"102";"2025-03-21 02:44:48";"System";"2025-03-21 02:44:48";"System"
"630507";"Bakarangan";"Bakarangan";"56673";"1819";"102";"2025-03-21 02:44:48";"System";"2025-03-21 02:44:48";"System"
"630508";"Piani";"Piani";"56673";"1819";"102";"2025-03-21 02:44:48";"System";"2025-03-21 02:44:48";"System"
"630509";"Bungur";"Bungur";"56673";"1819";"102";"2025-03-21 02:44:48";"System";"2025-03-21 02:44:48";"System"
"630510";"Lokpaikat";"Lokpaikat";"56673";"1819";"102";"2025-03-21 02:44:48";"System";"2025-03-21 02:44:48";"System"
"630511";"Salam Babaris";"Salam Babaris";"56673";"1819";"102";"2025-03-21 02:44:48";"System";"2025-03-21 02:44:48";"System"
"630512";"Hatungun";"Hatungun";"56673";"1819";"102";"2025-03-21 02:44:48";"System";"2025-03-21 02:44:48";"System"
"630601";"Sungai Raya";"Sungai Raya";"56420";"1819";"102";"2025-03-21 02:44:48";"System";"2025-03-21 02:44:48";"System"
"630602";"Padang Batung";"Padang Batung";"56420";"1819";"102";"2025-03-21 02:44:48";"System";"2025-03-21 02:44:48";"System"
"630603";"Telaga Langsat";"Telaga Langsat";"56420";"1819";"102";"2025-03-21 02:44:48";"System";"2025-03-21 02:44:48";"System"
"630604";"Angkinang";"Angkinang";"56420";"1819";"102";"2025-03-21 02:44:48";"System";"2025-03-21 02:44:48";"System"
"630605";"Kandangan";"Kandangan";"56420";"1819";"102";"2025-03-21 02:44:48";"System";"2025-03-21 02:44:48";"System"
"630606";"Simpur";"Simpur";"56420";"1819";"102";"2025-03-21 02:44:48";"System";"2025-03-21 02:44:48";"System"
"630607";"Daha Selatan";"Daha Selatan";"56420";"1819";"102";"2025-03-21 02:44:48";"System";"2025-03-21 02:44:48";"System"
"630608";"Daha Utara";"Daha Utara";"56420";"1819";"102";"2025-03-21 02:44:48";"System";"2025-03-21 02:44:48";"System"
"630609";"Kalumpang";"Kalumpang";"56420";"1819";"102";"2025-03-21 02:44:48";"System";"2025-03-21 02:44:48";"System"
"630610";"Loksado";"Loksado";"56420";"1819";"102";"2025-03-21 02:44:48";"System";"2025-03-21 02:44:48";"System"
"630611";"Daha Barat";"Daha Barat";"56420";"1819";"102";"2025-03-21 02:44:48";"System";"2025-03-21 02:44:48";"System"
"630701";"Haruyan";"Haruyan";"56421";"1819";"102";"2025-03-21 02:44:48";"System";"2025-03-21 02:44:48";"System"
"630702";"Batu Benawa";"Batu Benawa";"56421";"1819";"102";"2025-03-21 02:44:48";"System";"2025-03-21 02:44:48";"System"
"630703";"Labuan Amas Selatan";"Labuan Amas Selatan";"56421";"1819";"102";"2025-03-21 02:44:48";"System";"2025-03-21 02:44:48";"System"
"630704";"Labuan Amas Utara";"Labuan Amas Utara";"56421";"1819";"102";"2025-03-21 02:44:48";"System";"2025-03-21 02:44:48";"System"
"630705";"Pandawan";"Pandawan";"56421";"1819";"102";"2025-03-21 02:44:48";"System";"2025-03-21 02:44:48";"System"
"630706";"Barabai";"Barabai";"56421";"1819";"102";"2025-03-21 02:44:48";"System";"2025-03-21 02:44:48";"System"
"630707";"Batang Alai Selatan";"Batang Alai Selatan";"56421";"1819";"102";"2025-03-21 02:44:48";"System";"2025-03-21 02:44:48";"System"
"630708";"Batang Alai Utara";"Batang Alai Utara";"56421";"1819";"102";"2025-03-21 02:44:48";"System";"2025-03-21 02:44:48";"System"
"630709";"Hantakan";"Hantakan";"56421";"1819";"102";"2025-03-21 02:44:48";"System";"2025-03-21 02:44:48";"System"
"630710";"Batang Alai Timur";"Batang Alai Timur";"56421";"1819";"102";"2025-03-21 02:44:48";"System";"2025-03-21 02:44:48";"System"
"630711";"Limpasu";"Limpasu";"56421";"1819";"102";"2025-03-21 02:44:48";"System";"2025-03-21 02:44:48";"System"
"630801";"Danau Panggang";"Danau Panggang";"56422";"1819";"102";"2025-03-21 02:44:48";"System";"2025-03-21 02:44:48";"System"
"630802";"Babirik";"Babirik";"56422";"1819";"102";"2025-03-21 02:44:48";"System";"2025-03-21 02:44:48";"System"
"630803";"Sungai Pandan";"Sungai Pandan";"56422";"1819";"102";"2025-03-21 02:44:48";"System";"2025-03-21 02:44:48";"System"
"630804";"Amuntai Selatan";"Amuntai Selatan";"56422";"1819";"102";"2025-03-21 02:44:48";"System";"2025-03-21 02:44:48";"System"
"630805";"Amuntai Tengah";"Amuntai Tengah";"56422";"1819";"102";"2025-03-21 02:44:48";"System";"2025-03-21 02:44:48";"System"
"630806";"Amuntai Utara";"Amuntai Utara";"56422";"1819";"102";"2025-03-21 02:44:48";"System";"2025-03-21 02:44:48";"System"
"630807";"Banjang";"Banjang";"56422";"1819";"102";"2025-03-21 02:44:48";"System";"2025-03-21 02:44:48";"System"
"630808";"Haur Gading";"Haur Gading";"56422";"1819";"102";"2025-03-21 02:44:48";"System";"2025-03-21 02:44:48";"System"
"630809";"Paminggir";"Paminggir";"56422";"1819";"102";"2025-03-21 02:44:48";"System";"2025-03-21 02:44:48";"System"
"630810";"Sungai Tabukan";"Sungai Tabukan";"56422";"1819";"102";"2025-03-21 02:44:48";"System";"2025-03-21 02:44:48";"System"
"630901";"Banua Lawas";"Banua Lawas";"56657";"1819";"102";"2025-03-21 02:44:48";"System";"2025-03-21 02:44:48";"System"
"630902";"Kelua";"Kelua";"56657";"1819";"102";"2025-03-21 02:44:48";"System";"2025-03-21 02:44:48";"System"
"630903";"Tanta";"Tanta";"56657";"1819";"102";"2025-03-21 02:44:48";"System";"2025-03-21 02:44:48";"System"
"630904";"Tanjung";"Tanjung";"56657";"1819";"102";"2025-03-21 02:44:48";"System";"2025-03-21 02:44:48";"System"
"630905";"Haruai";"Haruai";"56657";"1819";"102";"2025-03-21 02:44:48";"System";"2025-03-21 02:44:48";"System"
"630906";"Murung Pudak";"Murung Pudak";"56657";"1819";"102";"2025-03-21 02:44:48";"System";"2025-03-21 02:44:48";"System"
"630907";"Muara Uya";"Muara Uya";"56657";"1819";"102";"2025-03-21 02:44:48";"System";"2025-03-21 02:44:48";"System"
"630908";"Muara Harus";"Muara Harus";"56657";"1819";"102";"2025-03-21 02:44:48";"System";"2025-03-21 02:44:48";"System"
"630909";"Pugaan";"Pugaan";"56657";"1819";"102";"2025-03-21 02:44:48";"System";"2025-03-21 02:44:48";"System"
"630910";"Upau";"Upau";"56657";"1819";"102";"2025-03-21 02:44:48";"System";"2025-03-21 02:44:48";"System"
"630911";"Jaro";"Jaro";"56657";"1819";"102";"2025-03-21 02:44:48";"System";"2025-03-21 02:44:48";"System"
"630912";"Bintang Ara";"Bintang Ara";"56657";"1819";"102";"2025-03-21 02:44:48";"System";"2025-03-21 02:44:48";"System"
"631001";"Batu Licin";"Batu Licin";"56663";"1819";"102";"2025-03-21 02:44:48";"System";"2025-03-21 02:44:48";"System"
"631002";"Kusan Hilir";"Kusan Hilir";"56663";"1819";"102";"2025-03-21 02:44:48";"System";"2025-03-21 02:44:48";"System"
"631003";"Sungai Loban";"Sungai Loban";"56663";"1819";"102";"2025-03-21 02:44:48";"System";"2025-03-21 02:44:48";"System"
"631004";"Satui";"Satui";"56663";"1819";"102";"2025-03-21 02:44:48";"System";"2025-03-21 02:44:48";"System"
"631005";"Kusan Hulu";"Kusan Hulu";"56663";"1819";"102";"2025-03-21 02:44:48";"System";"2025-03-21 02:44:48";"System"
"631006";"Simpang Empat";"Simpang Empat";"56663";"1819";"102";"2025-03-21 02:44:48";"System";"2025-03-21 02:44:48";"System"
"631007";"Karang Bintang";"Karang Bintang";"56663";"1819";"102";"2025-03-21 02:44:48";"System";"2025-03-21 02:44:48";"System"
"631008";"Mantewe";"Mantewe";"56663";"1819";"102";"2025-03-21 02:44:48";"System";"2025-03-21 02:44:48";"System"
"631009";"Angsana";"Angsana";"56663";"1819";"102";"2025-03-21 02:44:48";"System";"2025-03-21 02:44:48";"System"
"631010";"Kuranji";"Kuranji";"56663";"1819";"102";"2025-03-21 02:44:48";"System";"2025-03-21 02:44:48";"System"
"631101";"Juai";"Juai";"56323";"1819";"102";"2025-03-21 02:44:48";"System";"2025-03-21 02:44:48";"System"
"631102";"Halong";"Halong";"56323";"1819";"102";"2025-03-21 02:44:48";"System";"2025-03-21 02:44:48";"System"
"631103";"Awayan";"Awayan";"56323";"1819";"102";"2025-03-21 02:44:48";"System";"2025-03-21 02:44:48";"System"
"631104";"Batu Mandi";"Batu Mandi";"56323";"1819";"102";"2025-03-21 02:44:48";"System";"2025-03-21 02:44:48";"System"
"631105";"Lampihong";"Lampihong";"56323";"1819";"102";"2025-03-21 02:44:48";"System";"2025-03-21 02:44:48";"System"
"631106";"Paringin";"Paringin";"56323";"1819";"102";"2025-03-21 02:44:48";"System";"2025-03-21 02:44:48";"System"
"631107";"Paringin Selatan";"Paringin Selatan";"56323";"1819";"102";"2025-03-21 02:44:48";"System";"2025-03-21 02:44:48";"System"
"631108";"Tebing Tinggi";"Tebing Tinggi";"56323";"1819";"102";"2025-03-21 02:44:48";"System";"2025-03-21 02:44:48";"System"
"637101";"Banjarmasin Selatan";"Banjarmasin Selatan";"56734";"1819";"102";"2025-03-21 02:44:48";"System";"2025-03-21 02:44:48";"System"
"637102";"Banjarmasin Timur";"Banjarmasin Timur";"56734";"1819";"102";"2025-03-21 02:44:48";"System";"2025-03-21 02:44:48";"System"
"637103";"Banjarmasin Barat";"Banjarmasin Barat";"56734";"1819";"102";"2025-03-21 02:44:48";"System";"2025-03-21 02:44:48";"System"
"637104";"Banjarmasin Utara";"Banjarmasin Utara";"56734";"1819";"102";"2025-03-21 02:44:48";"System";"2025-03-21 02:44:48";"System"
"637105";"Banjarmasin Tengah";"Banjarmasin Tengah";"56734";"1819";"102";"2025-03-21 02:44:48";"System";"2025-03-21 02:44:48";"System"
"637202";"Landasan Ulin";"Landasan Ulin";"0";"0";"102";"2025-03-21 02:44:48";"System";"2025-03-21 02:44:48";"System"
"637203";"Cempaka";"Cempaka";"0";"0";"102";"2025-03-21 02:44:48";"System";"2025-03-21 02:44:48";"System"
"637204";"Banjarbaru Utara";"Banjarbaru Utara";"0";"0";"102";"2025-03-21 02:44:48";"System";"2025-03-21 02:44:48";"System"
"637205";"Banjarbaru Selatan";"Banjarbaru Selatan";"0";"0";"102";"2025-03-21 02:44:48";"System";"2025-03-21 02:44:48";"System"
"637206";"Liang Anggang";"Liang Anggang";"0";"0";"102";"2025-03-21 02:44:48";"System";"2025-03-21 02:44:48";"System"
"640101";"Batu Sopang";"Batu Sopang";"56581";"1804";"102";"2025-03-21 02:44:48";"System";"2025-03-21 02:44:48";"System"
"640102";"Tanjung Harapan";"Tanjung Harapan";"56581";"1804";"102";"2025-03-21 02:44:48";"System";"2025-03-21 02:44:48";"System"
"640103";"Pasir Balengkong";"Pasir Balengkong";"56581";"1804";"102";"2025-03-21 02:44:48";"System";"2025-03-21 02:44:48";"System"
"640104";"Tanah Grogot";"Tanah Grogot";"56581";"1804";"102";"2025-03-21 02:44:48";"System";"2025-03-21 02:44:48";"System"
"640105";"Kuaro";"Kuaro";"56581";"1804";"102";"2025-03-21 02:44:48";"System";"2025-03-21 02:44:48";"System"
"640106";"Long Ikis";"Long Ikis";"56581";"1804";"102";"2025-03-21 02:44:48";"System";"2025-03-21 02:44:48";"System"
"640107";"Muara Komam";"Muara Komam";"56581";"1804";"102";"2025-03-21 02:44:48";"System";"2025-03-21 02:44:48";"System"
"640108";"Long Kali";"Long Kali";"56581";"1804";"102";"2025-03-21 02:44:48";"System";"2025-03-21 02:44:48";"System"
"640109";"Batu Engau";"Batu Engau";"56581";"1804";"102";"2025-03-21 02:44:48";"System";"2025-03-21 02:44:48";"System"
"640110";"Muara Samu";"Muara Samu";"56581";"1804";"102";"2025-03-21 02:44:48";"System";"2025-03-21 02:44:48";"System"
"640201";"Muara Muntai";"Muara Muntai";"56477";"1804";"102";"2025-03-21 02:44:48";"System";"2025-03-21 02:44:48";"System"
"640202";"Loa Kulu";"Loa Kulu";"56477";"1804";"102";"2025-03-21 02:44:48";"System";"2025-03-21 02:44:48";"System"
"640203";"Loa Janan";"Loa Janan";"56477";"1804";"102";"2025-03-21 02:44:48";"System";"2025-03-21 02:44:48";"System"
"640204";"Anggana";"Anggana";"56477";"1804";"102";"2025-03-21 02:44:48";"System";"2025-03-21 02:44:48";"System"
"640205";"Muara Badak";"Muara Badak";"56477";"1804";"102";"2025-03-21 02:44:48";"System";"2025-03-21 02:44:48";"System"
"640206";"Tenggarong";"Tenggarong";"56477";"1804";"102";"2025-03-21 02:44:48";"System";"2025-03-21 02:44:48";"System"
"640207";"Sebulu";"Sebulu";"56477";"1804";"102";"2025-03-21 02:44:48";"System";"2025-03-21 02:44:48";"System"
"640208";"Kota Bangun";"Kota Bangun";"56477";"1804";"102";"2025-03-21 02:44:48";"System";"2025-03-21 02:44:48";"System"
"640209";"Kenohan";"Kenohan";"56477";"1804";"102";"2025-03-21 02:44:48";"System";"2025-03-21 02:44:48";"System"
"640210";"Kembang Janggut";"Kembang Janggut";"56477";"1804";"102";"2025-03-21 02:44:48";"System";"2025-03-21 02:44:48";"System"
"640211";"Muara Kaman";"Muara Kaman";"56477";"1804";"102";"2025-03-21 02:44:48";"System";"2025-03-21 02:44:48";"System"
"640212";"Tabang";"Tabang";"56477";"1804";"102";"2025-03-21 02:44:48";"System";"2025-03-21 02:44:48";"System"
"640213";"Samboja";"Samboja";"56477";"1804";"102";"2025-03-21 02:44:48";"System";"2025-03-21 02:44:48";"System"
"640214";"Muara Jawa";"Muara Jawa";"56477";"1804";"102";"2025-03-21 02:44:48";"System";"2025-03-21 02:44:48";"System"
"640215";"Sanga Sanga";"Sanga Sanga";"56477";"1804";"102";"2025-03-21 02:44:48";"System";"2025-03-21 02:44:48";"System"
"640216";"Tenggarong Seberang";"Tenggarong Seberang";"56477";"1804";"102";"2025-03-21 02:44:48";"System";"2025-03-21 02:44:48";"System"
"640217";"Marang Kayu";"Marang Kayu";"56477";"1804";"102";"2025-03-21 02:44:48";"System";"2025-03-21 02:44:48";"System"
"640218";"Muara Wis";"Muara Wis";"56477";"1804";"102";"2025-03-21 02:44:48";"System";"2025-03-21 02:44:48";"System"
"640301";"Kelay";"Kelay";"56358";"1804";"102";"2025-03-21 02:44:48";"System";"2025-03-21 02:44:48";"System"
"640302";"Talisayan";"Talisayan";"56358";"1804";"102";"2025-03-21 02:44:48";"System";"2025-03-21 02:44:48";"System"
"640303";"Sambaliung";"Sambaliung";"56358";"1804";"102";"2025-03-21 02:44:48";"System";"2025-03-21 02:44:48";"System"
"640304";"Segah";"Segah";"56358";"1804";"102";"2025-03-21 02:44:48";"System";"2025-03-21 02:44:48";"System"
"640305";"Tanjung Redeb";"Tanjung Redeb";"56358";"1804";"102";"2025-03-21 02:44:48";"System";"2025-03-21 02:44:48";"System"
"640306";"Gunung Tabur";"Gunung Tabur";"56358";"1804";"102";"2025-03-21 02:44:48";"System";"2025-03-21 02:44:48";"System"
"640307";"Pulau Derawan";"Pulau Derawan";"56358";"1804";"102";"2025-03-21 02:44:48";"System";"2025-03-21 02:44:48";"System"
"640308";"Biduk-Biduk";"Biduk-Biduk";"56358";"1804";"102";"2025-03-21 02:44:48";"System";"2025-03-21 02:44:48";"System"
"640309";"Teluk Bayur";"Teluk Bayur";"56358";"1804";"102";"2025-03-21 02:44:48";"System";"2025-03-21 02:44:48";"System"
"640310";"Tabalar";"Tabalar";"56358";"1804";"102";"2025-03-21 02:44:48";"System";"2025-03-21 02:44:48";"System"
"640311";"Maratua";"Maratua";"56358";"1804";"102";"2025-03-21 02:44:48";"System";"2025-03-21 02:44:48";"System"
"640312";"Batu Putih";"Batu Putih";"56358";"1804";"102";"2025-03-21 02:44:48";"System";"2025-03-21 02:44:48";"System"
"640313";"Biatan";"Biatan";"56358";"1804";"102";"2025-03-21 02:44:48";"System";"2025-03-21 02:44:48";"System"
"640705";"Long Iram";"Long Iram";"56476";"1804";"102";"2025-03-21 02:44:48";"System";"2025-03-21 02:44:48";"System"
"640706";"Melak";"Melak";"56476";"1804";"102";"2025-03-21 02:44:48";"System";"2025-03-21 02:44:48";"System"
"640707";"Barong Tongkok";"Barong Tongkok";"56476";"1804";"102";"2025-03-21 02:44:48";"System";"2025-03-21 02:44:48";"System"
"640708";"Damai";"Damai";"56476";"1804";"102";"2025-03-21 02:44:48";"System";"2025-03-21 02:44:48";"System"
"640709";"Muara Lawa";"Muara Lawa";"56476";"1804";"102";"2025-03-21 02:44:48";"System";"2025-03-21 02:44:48";"System"
"640710";"Muara Pahu";"Muara Pahu";"56476";"1804";"102";"2025-03-21 02:44:48";"System";"2025-03-21 02:44:48";"System"
"640711";"Jempang";"Jempang";"56476";"1804";"102";"2025-03-21 02:44:48";"System";"2025-03-21 02:44:48";"System"
"640712";"Bongan";"Bongan";"56476";"1804";"102";"2025-03-21 02:44:48";"System";"2025-03-21 02:44:48";"System"
"640713";"Penyinggahan";"Penyinggahan";"56476";"1804";"102";"2025-03-21 02:44:48";"System";"2025-03-21 02:44:48";"System"
"640714";"Bentian Besar";"Bentian Besar";"56476";"1804";"102";"2025-03-21 02:44:48";"System";"2025-03-21 02:44:48";"System"
"640715";"Linggang Bigung";"Linggang Bigung";"56476";"1804";"102";"2025-03-21 02:44:48";"System";"2025-03-21 02:44:48";"System"
"640716";"Nyuatan";"Nyuatan";"56476";"1804";"102";"2025-03-21 02:44:48";"System";"2025-03-21 02:44:48";"System"
"640717";"Siluq Ngurai";"Siluq Ngurai";"56476";"1804";"102";"2025-03-21 02:44:48";"System";"2025-03-21 02:44:48";"System"
"640718";"Mook Manaar Bulatn";"Mook Manaar Bulatn";"56476";"1804";"102";"2025-03-21 02:44:48";"System";"2025-03-21 02:44:48";"System"
"640719";"Tering";"Tering";"56476";"1804";"102";"2025-03-21 02:44:48";"System";"2025-03-21 02:44:48";"System"
"640720";"Sekolaq Darat";"Sekolaq Darat";"56476";"1804";"102";"2025-03-21 02:44:48";"System";"2025-03-21 02:44:48";"System"
"640801";"Muara Ancalong";"Muara Ancalong";"56478";"1804";"102";"2025-03-21 02:44:48";"System";"2025-03-21 02:44:48";"System"
"640802";"Muara Wahau";"Muara Wahau";"56478";"1804";"102";"2025-03-21 02:44:48";"System";"2025-03-21 02:44:48";"System"
"640803";"Muara Bengkal";"Muara Bengkal";"56478";"1804";"102";"2025-03-21 02:44:48";"System";"2025-03-21 02:44:48";"System"
"640804";"Sangatta Utara";"Sangatta Utara";"56478";"1804";"102";"2025-03-21 02:44:48";"System";"2025-03-21 02:44:48";"System"
"640805";"Sangkulirang";"Sangkulirang";"56478";"1804";"102";"2025-03-21 02:44:48";"System";"2025-03-21 02:44:48";"System"
"640806";"Busang";"Busang";"56478";"1804";"102";"2025-03-21 02:44:48";"System";"2025-03-21 02:44:48";"System"
"640807";"Telen";"Telen";"56478";"1804";"102";"2025-03-21 02:44:48";"System";"2025-03-21 02:44:48";"System"
"640808";"Kombeng";"Kombeng";"56478";"1804";"102";"2025-03-21 02:44:48";"System";"2025-03-21 02:44:48";"System"
"640809";"Bengalon";"Bengalon";"56478";"1804";"102";"2025-03-21 02:44:48";"System";"2025-03-21 02:44:48";"System"
"640810";"Kaliorang";"Kaliorang";"56478";"1804";"102";"2025-03-21 02:44:48";"System";"2025-03-21 02:44:48";"System"
"640811";"Sandaran";"Sandaran";"56478";"1804";"102";"2025-03-21 02:44:48";"System";"2025-03-21 02:44:48";"System"
"640812";"Sangatta Selatan";"Sangatta Selatan";"56478";"1804";"102";"2025-03-21 02:44:48";"System";"2025-03-21 02:44:48";"System"
"640813";"Teluk Pandan";"Teluk Pandan";"56478";"1804";"102";"2025-03-21 02:44:48";"System";"2025-03-21 02:44:48";"System"
"640814";"Rantau Pulung";"Rantau Pulung";"56478";"1804";"102";"2025-03-21 02:44:48";"System";"2025-03-21 02:44:48";"System"
"640815";"Kaubun";"Kaubun";"56478";"1804";"102";"2025-03-21 02:44:48";"System";"2025-03-21 02:44:48";"System"
"640816";"Karangan";"Karangan";"56478";"1804";"102";"2025-03-21 02:44:48";"System";"2025-03-21 02:44:48";"System"
"640817";"Batu Ampar";"Batu Ampar";"56478";"1804";"102";"2025-03-21 02:44:48";"System";"2025-03-21 02:44:48";"System"
"640818";"Long Mesangat";"Long Mesangat";"56478";"1804";"102";"2025-03-21 02:44:48";"System";"2025-03-21 02:44:48";"System"
"640901";"Penajam";"Penajam";"56588";"1804";"102";"2025-03-21 02:44:48";"System";"2025-03-21 02:44:48";"System"
"640902";"Waru";"Waru";"56588";"1804";"102";"2025-03-21 02:44:48";"System";"2025-03-21 02:44:48";"System"
"640903";"Babulu";"Babulu";"56588";"1804";"102";"2025-03-21 02:44:48";"System";"2025-03-21 02:44:48";"System"
"640904";"Sepaku";"Sepaku";"56588";"1804";"102";"2025-03-21 02:44:48";"System";"2025-03-21 02:44:48";"System"
"641101";"Long Bagun";"Long Bagun";"0";"0";"102";"2025-03-21 02:44:48";"System";"2025-03-21 02:44:48";"System"
"641102";"Long Hubung";"Long Hubung";"0";"0";"102";"2025-03-21 02:44:48";"System";"2025-03-21 02:44:48";"System"
"641103";"Laham";"Laham";"0";"0";"102";"2025-03-21 02:44:48";"System";"2025-03-21 02:44:48";"System"
"641104";"Long Apari";"Long Apari";"0";"0";"102";"2025-03-21 02:44:48";"System";"2025-03-21 02:44:48";"System"
"641105";"Long Pahangai";"Long Pahangai";"0";"0";"102";"2025-03-21 02:44:48";"System";"2025-03-21 02:44:48";"System"
"647101";"Balikpapan Timur";"Balikpapan Timur";"56728";"1804";"102";"2025-03-21 02:44:48";"System";"2025-03-21 02:44:48";"System"
"647102";"Balikpapan Barat";"Balikpapan Barat";"56728";"1804";"102";"2025-03-21 02:44:48";"System";"2025-03-21 02:44:48";"System"
"647103";"Balikpapan Utara";"Balikpapan Utara";"56728";"1804";"102";"2025-03-21 02:44:48";"System";"2025-03-21 02:44:48";"System"
"647104";"Balikpapan Tengah";"Balikpapan Tengah";"56728";"1804";"102";"2025-03-21 02:44:48";"System";"2025-03-21 02:44:48";"System"
"647105";"Balikpapan Selatan";"Balikpapan Selatan";"56728";"1804";"102";"2025-03-21 02:44:48";"System";"2025-03-21 02:44:48";"System"
"647106";"Balikpapan Kota";"Balikpapan Kota";"56728";"1804";"102";"2025-03-21 02:44:48";"System";"2025-03-21 02:44:48";"System"
"647201";"Palaran";"Palaran";"56793";"1804";"102";"2025-03-21 02:44:48";"System";"2025-03-21 02:44:48";"System"
"647202";"Samarinda Seberang";"Samarinda Seberang";"56793";"1804";"102";"2025-03-21 02:44:48";"System";"2025-03-21 02:44:48";"System"
"647203";"Samarinda Ulu";"Samarinda Ulu";"56793";"1804";"102";"2025-03-21 02:44:48";"System";"2025-03-21 02:44:48";"System"
"647204";"Samarinda Ilir";"Samarinda Ilir";"56793";"1804";"102";"2025-03-21 02:44:48";"System";"2025-03-21 02:44:48";"System"
"647205";"Samarinda Utara";"Samarinda Utara";"56793";"1804";"102";"2025-03-21 02:44:48";"System";"2025-03-21 02:44:48";"System"
"647206";"Sungai Kunjang";"Sungai Kunjang";"56793";"1804";"102";"2025-03-21 02:44:48";"System";"2025-03-21 02:44:48";"System"
"647207";"Sambutan";"Sambutan";"56793";"1804";"102";"2025-03-21 02:44:48";"System";"2025-03-21 02:44:48";"System"
"647208";"Sungai Pinang";"Sungai Pinang";"56793";"1804";"102";"2025-03-21 02:44:48";"System";"2025-03-21 02:44:48";"System"
"647209";"Samarinda Kota";"Samarinda Kota";"56793";"1804";"102";"2025-03-21 02:44:48";"System";"2025-03-21 02:44:48";"System"
"647210";"Loa Janan Ilir";"Loa Janan Ilir";"56793";"1804";"102";"2025-03-21 02:44:48";"System";"2025-03-21 02:44:48";"System"
"647401";"Bontang Utara";"Bontang Utara";"56745";"1804";"102";"2025-03-21 02:44:48";"System";"2025-03-21 02:44:48";"System"
"647402";"Bontang Selatan";"Bontang Selatan";"56745";"1804";"102";"2025-03-21 02:44:48";"System";"2025-03-21 02:44:48";"System"
"647403";"Bontang Barat";"Bontang Barat";"56745";"1804";"102";"2025-03-21 02:44:48";"System";"2025-03-21 02:44:48";"System"
"650101";"Tanjung Palas";"Tanjung Palas";"56381";"1824";"102";"2025-03-21 02:44:48";"System";"2025-03-21 02:44:48";"System"
"650102";"Tanjung Palas Barat";"Tanjung Palas Barat";"56381";"1824";"102";"2025-03-21 02:44:48";"System";"2025-03-21 02:44:48";"System"
"650103";"Tanjung Palas Utara";"Tanjung Palas Utara";"56381";"1824";"102";"2025-03-21 02:44:48";"System";"2025-03-21 02:44:48";"System"
"650104";"Tanjung Palas Timur";"Tanjung Palas Timur";"56381";"1824";"102";"2025-03-21 02:44:48";"System";"2025-03-21 02:44:48";"System"
"650105";"Tanjung Selor";"Tanjung Selor";"56381";"1824";"102";"2025-03-21 02:44:48";"System";"2025-03-21 02:44:48";"System"
"650106";"Tanjung Palas Tengah";"Tanjung Palas Tengah";"56381";"1824";"102";"2025-03-21 02:44:48";"System";"2025-03-21 02:44:48";"System"
"650107";"Peso";"Peso";"56381";"1824";"102";"2025-03-21 02:44:48";"System";"2025-03-21 02:44:48";"System"
"650108";"Peso Hilir";"Peso Hilir";"56381";"1824";"102";"2025-03-21 02:44:48";"System";"2025-03-21 02:44:48";"System"
"650109";"Sekatak";"Sekatak";"56381";"1824";"102";"2025-03-21 02:44:48";"System";"2025-03-21 02:44:48";"System"
"650110";"Bunyu";"Bunyu";"56381";"1824";"102";"2025-03-21 02:44:48";"System";"2025-03-21 02:44:48";"System"
"650201";"Mentarang";"Mentarang";"56512";"1824";"102";"2025-03-21 02:44:48";"System";"2025-03-21 02:44:48";"System"
"650202";"Malinau Kota";"Malinau Kota";"56512";"1824";"102";"2025-03-21 02:44:48";"System";"2025-03-21 02:44:48";"System"
"650203";"Pujungan";"Pujungan";"56512";"1824";"102";"2025-03-21 02:44:48";"System";"2025-03-21 02:44:48";"System"
"650204";"Kayan Hilir";"Kayan Hilir";"56512";"1824";"102";"2025-03-21 02:44:48";"System";"2025-03-21 02:44:48";"System"
"650205";"Kayan Hulu";"Kayan Hulu";"56512";"1824";"102";"2025-03-21 02:44:48";"System";"2025-03-21 02:44:48";"System"
"650206";"Malinau Selatan";"Malinau Selatan";"56512";"1824";"102";"2025-03-21 02:44:48";"System";"2025-03-21 02:44:48";"System"
"650207";"Malinau Utara";"Malinau Utara";"56512";"1824";"102";"2025-03-21 02:44:48";"System";"2025-03-21 02:44:48";"System"
"650208";"Malinau Barat";"Malinau Barat";"56512";"1824";"102";"2025-03-21 02:44:48";"System";"2025-03-21 02:44:48";"System"
"650209";"Sungai Boh";"Sungai Boh";"56512";"1824";"102";"2025-03-21 02:44:48";"System";"2025-03-21 02:44:48";"System"
"650210";"Kayan Selatan";"Kayan Selatan";"56512";"1824";"102";"2025-03-21 02:44:48";"System";"2025-03-21 02:44:48";"System"
"650211";"Bahau Hulu";"Bahau Hulu";"56512";"1824";"102";"2025-03-21 02:44:48";"System";"2025-03-21 02:44:48";"System"
"650212";"Mentarang Hulu";"Mentarang Hulu";"56512";"1824";"102";"2025-03-21 02:44:48";"System";"2025-03-21 02:44:48";"System"
"650213";"Malinau Selatan Hilir";"Malinau Selatan Hilir";"56512";"1824";"102";"2025-03-21 02:44:48";"System";"2025-03-21 02:44:48";"System"
"650214";"Malinau Selatan Hulu";"Malinau Selatan Hulu";"56512";"1824";"102";"2025-03-21 02:44:48";"System";"2025-03-21 02:44:48";"System"
"650215";"Sungai Tubu";"Sungai Tubu";"56512";"1824";"102";"2025-03-21 02:44:48";"System";"2025-03-21 02:44:48";"System"
"650301";"Sebatik";"Sebatik";"56562";"1824";"102";"2025-03-21 02:44:48";"System";"2025-03-21 02:44:48";"System"
"650302";"Nunukan";"Nunukan";"56562";"1824";"102";"2025-03-21 02:44:48";"System";"2025-03-21 02:44:48";"System"
"650303";"Sembakung";"Sembakung";"56562";"1824";"102";"2025-03-21 02:44:48";"System";"2025-03-21 02:44:48";"System"
"650304";"Lumbis";"Lumbis";"56562";"1824";"102";"2025-03-21 02:44:48";"System";"2025-03-21 02:44:48";"System"
"650305";"Krayan";"Krayan";"56562";"1824";"102";"2025-03-21 02:44:48";"System";"2025-03-21 02:44:48";"System"
"650306";"Sebuku";"Sebuku";"56562";"1824";"102";"2025-03-21 02:44:48";"System";"2025-03-21 02:44:48";"System"
"650307";"Krayan Selatan";"Krayan Selatan";"56562";"1824";"102";"2025-03-21 02:44:48";"System";"2025-03-21 02:44:48";"System"
"650308";"Sebatik Barat";"Sebatik Barat";"56562";"1824";"102";"2025-03-21 02:44:48";"System";"2025-03-21 02:44:48";"System"
"650309";"Nunukan Selatan";"Nunukan Selatan";"56562";"1824";"102";"2025-03-21 02:44:48";"System";"2025-03-21 02:44:48";"System"
"650310";"Sebatik Timur";"Sebatik Timur";"56562";"1824";"102";"2025-03-21 02:44:48";"System";"2025-03-21 02:44:48";"System"
"650311";"Sebatik Utara";"Sebatik Utara";"56562";"1824";"102";"2025-03-21 02:44:48";"System";"2025-03-21 02:44:48";"System"
"650312";"Sebatik Tengah";"Sebatik Tengah";"56562";"1824";"102";"2025-03-21 02:44:48";"System";"2025-03-21 02:44:48";"System"
"650313";"Sei Menggaris";"Sei Menggaris";"56562";"1824";"102";"2025-03-21 02:44:48";"System";"2025-03-21 02:44:48";"System"
"650314";"Tulin Onsoi";"Tulin Onsoi";"56562";"1824";"102";"2025-03-21 02:44:48";"System";"2025-03-21 02:44:48";"System"
"650315";"Lumbis Ogong";"Lumbis Ogong";"56562";"1824";"102";"2025-03-21 02:44:48";"System";"2025-03-21 02:44:48";"System"
"650316";"Sembakung Atulai";"Sembakung Atulai";"56562";"1824";"102";"2025-03-21 02:44:48";"System";"2025-03-21 02:44:48";"System"
"650401";"Sesayap";"Sesayap";"56661";"1824";"102";"2025-03-21 02:44:48";"System";"2025-03-21 02:44:48";"System"
"650402";"Sesayap Hilir";"Sesayap Hilir";"56661";"1824";"102";"2025-03-21 02:44:48";"System";"2025-03-21 02:44:48";"System"
"650403";"Tana Lia";"Tana Lia";"56661";"1824";"102";"2025-03-21 02:44:48";"System";"2025-03-21 02:44:48";"System"
"650404";"Betayau";"Betayau";"56661";"1824";"102";"2025-03-21 02:44:48";"System";"2025-03-21 02:44:48";"System"
"650405";"Muruk Rian";"Muruk Rian";"56661";"1824";"102";"2025-03-21 02:44:48";"System";"2025-03-21 02:44:48";"System"
"657101";"Tarakan Barat";"Tarakan Barat";"148899";"1824";"102";"2025-03-21 02:44:48";"System";"2025-03-21 02:44:48";"System"
"657102";"Tarakan Tengah";"Tarakan Tengah";"148899";"1824";"102";"2025-03-21 02:44:48";"System";"2025-03-21 02:44:48";"System"
"657103";"Tarakan Timur";"Tarakan Timur";"148899";"1824";"102";"2025-03-21 02:44:48";"System";"2025-03-21 02:44:48";"System"
"657104";"Tarakan Utara";"Tarakan Utara";"148899";"1824";"102";"2025-03-21 02:44:48";"System";"2025-03-21 02:44:48";"System"
"710105";"Sang Tombolang";"Sang Tombolang";"56368";"1808";"102";"2025-03-21 02:44:48";"System";"2025-03-21 02:44:48";"System"
"710109";"Dumoga Barat";"Dumoga Barat";"56368";"1808";"102";"2025-03-21 02:44:48";"System";"2025-03-21 02:44:48";"System"
"710110";"Dumoga Timur";"Dumoga Timur";"56368";"1808";"102";"2025-03-21 02:44:48";"System";"2025-03-21 02:44:48";"System"
"710111";"Dumoga Utara";"Dumoga Utara";"56368";"1808";"102";"2025-03-21 02:44:48";"System";"2025-03-21 02:44:48";"System"
"710112";"Lolak";"Lolak";"56368";"1808";"102";"2025-03-21 02:44:48";"System";"2025-03-21 02:44:48";"System"
"710113";"Bolaang";"Bolaang";"56368";"1808";"102";"2025-03-21 02:44:48";"System";"2025-03-21 02:44:48";"System"
"710114";"Lolayan";"Lolayan";"56368";"1808";"102";"2025-03-21 02:44:48";"System";"2025-03-21 02:44:48";"System"
"710119";"Passi Barat";"Passi Barat";"56368";"1808";"102";"2025-03-21 02:44:48";"System";"2025-03-21 02:44:48";"System"
"710120";"Poigar";"Poigar";"56368";"1808";"102";"2025-03-21 02:44:48";"System";"2025-03-21 02:44:48";"System"
"710122";"Passi Timur";"Passi Timur";"56368";"1808";"102";"2025-03-21 02:44:48";"System";"2025-03-21 02:44:48";"System"
"710131";"Bolaang Timur";"Bolaang Timur";"56368";"1808";"102";"2025-03-21 02:44:48";"System";"2025-03-21 02:44:48";"System"
"710132";"Bilalang";"Bilalang";"56368";"1808";"102";"2025-03-21 02:44:48";"System";"2025-03-21 02:44:48";"System"
"710133";"Dumoga";"Dumoga";"56368";"1808";"102";"2025-03-21 02:44:48";"System";"2025-03-21 02:44:48";"System"
"710134";"Dumoga Tenggara";"Dumoga Tenggara";"56368";"1808";"102";"2025-03-21 02:44:48";"System";"2025-03-21 02:44:48";"System"
"710135";"Dumoga Tengah";"Dumoga Tengah";"56368";"1808";"102";"2025-03-21 02:44:48";"System";"2025-03-21 02:44:48";"System"
"710201";"Tondano Barat";"Tondano Barat";"56536";"1808";"102";"2025-03-21 02:44:48";"System";"2025-03-21 02:44:48";"System"
"710202";"Tondano Timur";"Tondano Timur";"56536";"1808";"102";"2025-03-21 02:44:48";"System";"2025-03-21 02:44:48";"System"
"710203";"Eris";"Eris";"56536";"1808";"102";"2025-03-21 02:44:48";"System";"2025-03-21 02:44:48";"System"
"710204";"Kombi";"Kombi";"56536";"1808";"102";"2025-03-21 02:44:48";"System";"2025-03-21 02:44:48";"System"
"710205";"Lembean Timur";"Lembean Timur";"56536";"1808";"102";"2025-03-21 02:44:48";"System";"2025-03-21 02:44:48";"System"
"710206";"Kakas";"Kakas";"56536";"1808";"102";"2025-03-21 02:44:48";"System";"2025-03-21 02:44:48";"System"
"710207";"Tompaso";"Tompaso";"56536";"1808";"102";"2025-03-21 02:44:48";"System";"2025-03-21 02:44:48";"System"
"710208";"Remboken";"Remboken";"56536";"1808";"102";"2025-03-21 02:44:48";"System";"2025-03-21 02:44:48";"System"
"710209";"Langowan Timur";"Langowan Timur";"56536";"1808";"102";"2025-03-21 02:44:48";"System";"2025-03-21 02:44:48";"System"
"710210";"Langowan Barat";"Langowan Barat";"56536";"1808";"102";"2025-03-21 02:44:48";"System";"2025-03-21 02:44:48";"System"
"710211";"Sonder";"Sonder";"56536";"1808";"102";"2025-03-21 02:44:48";"System";"2025-03-21 02:44:48";"System"
"710212";"Kawangkoan";"Kawangkoan";"56536";"1808";"102";"2025-03-21 02:44:48";"System";"2025-03-21 02:44:48";"System"
"710213";"Pineleng";"Pineleng";"56536";"1808";"102";"2025-03-21 02:44:48";"System";"2025-03-21 02:44:48";"System"
"710214";"Tombulu";"Tombulu";"56536";"1808";"102";"2025-03-21 02:44:48";"System";"2025-03-21 02:44:48";"System"
"710215";"Tombariri";"Tombariri";"56536";"1808";"102";"2025-03-21 02:44:48";"System";"2025-03-21 02:44:48";"System"
"710216";"Tondano Utara";"Tondano Utara";"56536";"1808";"102";"2025-03-21 02:44:48";"System";"2025-03-21 02:44:48";"System"
"710217";"Langowan Selatan";"Langowan Selatan";"56536";"1808";"102";"2025-03-21 02:44:48";"System";"2025-03-21 02:44:48";"System"
"710218";"Tondano Selatan";"Tondano Selatan";"56536";"1808";"102";"2025-03-21 02:44:48";"System";"2025-03-21 02:44:48";"System"
"710219";"Langowan Utara";"Langowan Utara";"56536";"1808";"102";"2025-03-21 02:44:48";"System";"2025-03-21 02:44:48";"System"
"710220";"Kakas Barat";"Kakas Barat";"56536";"1808";"102";"2025-03-21 02:44:48";"System";"2025-03-21 02:44:48";"System"
"710221";"Kawangkoan Utara";"Kawangkoan Utara";"56536";"1808";"102";"2025-03-21 02:44:48";"System";"2025-03-21 02:44:48";"System"
"710222";"Kawangkoan Barat";"Kawangkoan Barat";"56536";"1808";"102";"2025-03-21 02:44:48";"System";"2025-03-21 02:44:48";"System"
"710223";"Mandolang";"Mandolang";"56536";"1808";"102";"2025-03-21 02:44:48";"System";"2025-03-21 02:44:48";"System"
"710224";"Tombariri Timur";"Tombariri Timur";"56536";"1808";"102";"2025-03-21 02:44:48";"System";"2025-03-21 02:44:48";"System"
"710225";"Tompaso Barat";"Tompaso Barat";"56536";"1808";"102";"2025-03-21 02:44:48";"System";"2025-03-21 02:44:48";"System"
"710308";"Tabukan Utara";"Tabukan Utara";"56454";"1808";"102";"2025-03-21 02:44:48";"System";"2025-03-21 02:44:48";"System"
"710309";"Nusa Tabukan";"Nusa Tabukan";"56454";"1808";"102";"2025-03-21 02:44:48";"System";"2025-03-21 02:44:48";"System"
"710310";"Manganitu Selatan";"Manganitu Selatan";"56454";"1808";"102";"2025-03-21 02:44:48";"System";"2025-03-21 02:44:48";"System"
"710311";"Tatoareng";"Tatoareng";"56454";"1808";"102";"2025-03-21 02:44:48";"System";"2025-03-21 02:44:48";"System"
"710312";"Tamako";"Tamako";"56454";"1808";"102";"2025-03-21 02:44:48";"System";"2025-03-21 02:44:48";"System"
"710313";"Manganitu";"Manganitu";"56454";"1808";"102";"2025-03-21 02:44:48";"System";"2025-03-21 02:44:48";"System"
"710314";"Tabukan Tengah";"Tabukan Tengah";"56454";"1808";"102";"2025-03-21 02:44:48";"System";"2025-03-21 02:44:48";"System"
"710315";"Tabukan Selatan";"Tabukan Selatan";"56454";"1808";"102";"2025-03-21 02:44:48";"System";"2025-03-21 02:44:48";"System"
"710316";"Kendahe";"Kendahe";"56454";"1808";"102";"2025-03-21 02:44:48";"System";"2025-03-21 02:44:48";"System"
"710317";"Tahuna";"Tahuna";"56454";"1808";"102";"2025-03-21 02:44:48";"System";"2025-03-21 02:44:48";"System"
"710319";"Tabukan Selatan Tengah";"Tabukan Selatan Tengah";"56454";"1808";"102";"2025-03-21 02:44:48";"System";"2025-03-21 02:44:48";"System"
"710320";"Tabukan Selatan Tenggara";"Tabukan Selatan Tenggara";"56454";"1808";"102";"2025-03-21 02:44:48";"System";"2025-03-21 02:44:48";"System"
"710323";"Tahuna Barat";"Tahuna Barat";"56454";"1808";"102";"2025-03-21 02:44:48";"System";"2025-03-21 02:44:48";"System"
"710324";"Tahuna Timur";"Tahuna Timur";"56454";"1808";"102";"2025-03-21 02:44:48";"System";"2025-03-21 02:44:48";"System"
"710325";"Kepulauan Marore";"Kepulauan Marore";"56454";"1808";"102";"2025-03-21 02:44:48";"System";"2025-03-21 02:44:48";"System"
"710401";"Lirung";"Lirung";"56456";"1808";"102";"2025-03-21 02:44:48";"System";"2025-03-21 02:44:48";"System"
"710402";"Beo";"Beo";"56456";"1808";"102";"2025-03-21 02:44:48";"System";"2025-03-21 02:44:48";"System"
"710403";"Rainis";"Rainis";"56456";"1808";"102";"2025-03-21 02:44:48";"System";"2025-03-21 02:44:48";"System"
"710404";"Essang";"Essang";"56456";"1808";"102";"2025-03-21 02:44:48";"System";"2025-03-21 02:44:48";"System"
"710405";"Nanusa";"Nanusa";"56456";"1808";"102";"2025-03-21 02:44:48";"System";"2025-03-21 02:44:48";"System"
"710406";"Kabaruan";"Kabaruan";"56456";"1808";"102";"2025-03-21 02:44:48";"System";"2025-03-21 02:44:48";"System"
"710407";"Melonguane";"Melonguane";"56456";"1808";"102";"2025-03-21 02:44:48";"System";"2025-03-21 02:44:48";"System"
"710408";"Gemeh";"Gemeh";"56456";"1808";"102";"2025-03-21 02:44:48";"System";"2025-03-21 02:44:48";"System"
"710409";"Damau";"Damau";"56456";"1808";"102";"2025-03-21 02:44:48";"System";"2025-03-21 02:44:48";"System"
"710410";"Tampan' Amma";"Tampan' Amma";"56456";"1808";"102";"2025-03-21 02:44:48";"System";"2025-03-21 02:44:48";"System"
"710411";"Salibabu";"Salibabu";"56456";"1808";"102";"2025-03-21 02:44:48";"System";"2025-03-21 02:44:48";"System"
"710412";"Kalongan";"Kalongan";"56456";"1808";"102";"2025-03-21 02:44:48";"System";"2025-03-21 02:44:48";"System"
"710413";"Miangas";"Miangas";"56456";"1808";"102";"2025-03-21 02:44:48";"System";"2025-03-21 02:44:48";"System"
"710414";"Beo Utara";"Beo Utara";"56456";"1808";"102";"2025-03-21 02:44:48";"System";"2025-03-21 02:44:48";"System"
"710415";"Pulutan";"Pulutan";"56456";"1808";"102";"2025-03-21 02:44:48";"System";"2025-03-21 02:44:48";"System"
"710416";"Melonguane Timur";"Melonguane Timur";"56456";"1808";"102";"2025-03-21 02:44:48";"System";"2025-03-21 02:44:48";"System"
"710417";"Moronge";"Moronge";"56456";"1808";"102";"2025-03-21 02:44:48";"System";"2025-03-21 02:44:48";"System"
"710418";"Beo Selatan";"Beo Selatan";"56456";"1808";"102";"2025-03-21 02:44:48";"System";"2025-03-21 02:44:48";"System"
"710419";"Essang Selatan";"Essang Selatan";"56456";"1808";"102";"2025-03-21 02:44:48";"System";"2025-03-21 02:44:48";"System"
"710501";"Modoinding";"Modoinding";"56537";"1808";"102";"2025-03-21 02:44:48";"System";"2025-03-21 02:44:48";"System"
"710502";"Tompaso Baru";"Tompaso Baru";"56537";"1808";"102";"2025-03-21 02:44:48";"System";"2025-03-21 02:44:48";"System"
"710503";"Ranoyapo";"Ranoyapo";"56537";"1808";"102";"2025-03-21 02:44:48";"System";"2025-03-21 02:44:48";"System"
"710507";"Motoling";"Motoling";"56537";"1808";"102";"2025-03-21 02:44:48";"System";"2025-03-21 02:44:48";"System"
"710508";"Sinonsayang";"Sinonsayang";"56537";"1808";"102";"2025-03-21 02:44:48";"System";"2025-03-21 02:44:48";"System"
"710509";"Tenga";"Tenga";"56537";"1808";"102";"2025-03-21 02:44:48";"System";"2025-03-21 02:44:48";"System"
"710510";"Amurang";"Amurang";"56537";"1808";"102";"2025-03-21 02:44:48";"System";"2025-03-21 02:44:48";"System"
"710512";"Tumpaan";"Tumpaan";"56537";"1808";"102";"2025-03-21 02:44:48";"System";"2025-03-21 02:44:48";"System"
"710513";"Tareran";"Tareran";"56537";"1808";"102";"2025-03-21 02:44:48";"System";"2025-03-21 02:44:48";"System"
"710515";"Kumelembuai";"Kumelembuai";"56537";"1808";"102";"2025-03-21 02:44:48";"System";"2025-03-21 02:44:48";"System"
"710516";"Maesaan";"Maesaan";"56537";"1808";"102";"2025-03-21 02:44:48";"System";"2025-03-21 02:44:48";"System"
"710517";"Amurang Barat";"Amurang Barat";"56537";"1808";"102";"2025-03-21 02:44:48";"System";"2025-03-21 02:44:48";"System"
"710518";"Amurang Timur";"Amurang Timur";"56537";"1808";"102";"2025-03-21 02:44:48";"System";"2025-03-21 02:44:48";"System"
"710519";"Tatapaan";"Tatapaan";"56537";"1808";"102";"2025-03-21 02:44:48";"System";"2025-03-21 02:44:48";"System"
"710521";"Motoling Barat";"Motoling Barat";"56537";"1808";"102";"2025-03-21 02:44:48";"System";"2025-03-21 02:44:48";"System"
"710522";"Motoling Timur";"Motoling Timur";"56537";"1808";"102";"2025-03-21 02:44:48";"System";"2025-03-21 02:44:48";"System"
"710523";"Suluun Tareran";"Suluun Tareran";"56537";"1808";"102";"2025-03-21 02:44:48";"System";"2025-03-21 02:44:48";"System"
"710601";"Kema";"Kema";"56539";"1808";"102";"2025-03-21 02:44:48";"System";"2025-03-21 02:44:48";"System"
"710602";"Kauditan";"Kauditan";"56539";"1808";"102";"2025-03-21 02:44:48";"System";"2025-03-21 02:44:48";"System"
"710603";"Airmadidi";"Airmadidi";"56539";"1808";"102";"2025-03-21 02:44:48";"System";"2025-03-21 02:44:48";"System"
"710604";"Wori";"Wori";"56539";"1808";"102";"2025-03-21 02:44:48";"System";"2025-03-21 02:44:48";"System"
"710605";"Dimembe";"Dimembe";"56539";"1808";"102";"2025-03-21 02:44:48";"System";"2025-03-21 02:44:48";"System"
"710606";"Likupang Barat";"Likupang Barat";"56539";"1808";"102";"2025-03-21 02:44:48";"System";"2025-03-21 02:44:48";"System"
"710607";"Likupang Timur";"Likupang Timur";"56539";"1808";"102";"2025-03-21 02:44:48";"System";"2025-03-21 02:44:48";"System"
"710608";"Kalawat";"Kalawat";"56539";"1808";"102";"2025-03-21 02:44:48";"System";"2025-03-21 02:44:48";"System"
"710609";"Talawaan";"Talawaan";"56539";"1808";"102";"2025-03-21 02:44:48";"System";"2025-03-21 02:44:48";"System"
"710610";"Likupang Selatan";"Likupang Selatan";"56539";"1808";"102";"2025-03-21 02:44:48";"System";"2025-03-21 02:44:48";"System"
"710701";"Ratahan";"Ratahan";"56538";"1808";"102";"2025-03-21 02:44:48";"System";"2025-03-21 02:44:48";"System"
"710702";"Pusomaen";"Pusomaen";"56538";"1808";"102";"2025-03-21 02:44:48";"System";"2025-03-21 02:44:48";"System"
"710703";"Belang";"Belang";"56538";"1808";"102";"2025-03-21 02:44:48";"System";"2025-03-21 02:44:48";"System"
"710704";"Ratatotok";"Ratatotok";"56538";"1808";"102";"2025-03-21 02:44:48";"System";"2025-03-21 02:44:48";"System"
"710705";"Tombatu";"Tombatu";"56538";"1808";"102";"2025-03-21 02:44:48";"System";"2025-03-21 02:44:48";"System"
"710706";"Touluaan";"Touluaan";"56538";"1808";"102";"2025-03-21 02:44:48";"System";"2025-03-21 02:44:48";"System"
"710707";"Touluaan Selatan";"Touluaan Selatan";"56538";"1808";"102";"2025-03-21 02:44:48";"System";"2025-03-21 02:44:48";"System"
"710708";"Silian Raya";"Silian Raya";"56538";"1808";"102";"2025-03-21 02:44:48";"System";"2025-03-21 02:44:48";"System"
"710709";"Tombatu Timur";"Tombatu Timur";"56538";"1808";"102";"2025-03-21 02:44:48";"System";"2025-03-21 02:44:48";"System"
"710710";"Tombatu Utara";"Tombatu Utara";"56538";"1808";"102";"2025-03-21 02:44:48";"System";"2025-03-21 02:44:48";"System"
"710711";"Pasan";"Pasan";"56538";"1808";"102";"2025-03-21 02:44:48";"System";"2025-03-21 02:44:48";"System"
"710712";"Ratahan Timur";"Ratahan Timur";"56538";"1808";"102";"2025-03-21 02:44:48";"System";"2025-03-21 02:44:48";"System"
"710801";"Sangkub";"Sangkub";"56371";"1808";"102";"2025-03-21 02:44:48";"System";"2025-03-21 02:44:48";"System"
"710802";"Bintauna";"Bintauna";"56371";"1808";"102";"2025-03-21 02:44:48";"System";"2025-03-21 02:44:48";"System"
"710803";"Bolangitang Timur";"Bolangitang Timur";"56371";"1808";"102";"2025-03-21 02:44:48";"System";"2025-03-21 02:44:48";"System"
"710804";"Bolangitang Barat";"Bolangitang Barat";"56371";"1808";"102";"2025-03-21 02:44:48";"System";"2025-03-21 02:44:48";"System"
"710805";"Kaidipang";"Kaidipang";"56371";"1808";"102";"2025-03-21 02:44:48";"System";"2025-03-21 02:44:48";"System"
"710806";"Pinogaluman";"Pinogaluman";"56371";"1808";"102";"2025-03-21 02:44:48";"System";"2025-03-21 02:44:48";"System"
"710901";"Siau Timur";"Siau Timur";"0";"0";"102";"2025-03-21 02:44:48";"System";"2025-03-21 02:44:48";"System"
"710902";"Siau Barat";"Siau Barat";"0";"0";"102";"2025-03-21 02:44:48";"System";"2025-03-21 02:44:48";"System"
"710903";"Tagulandang";"Tagulandang";"0";"0";"102";"2025-03-21 02:44:48";"System";"2025-03-21 02:44:48";"System"
"710904";"Siau Timur Selatan";"Siau Timur Selatan";"0";"0";"102";"2025-03-21 02:44:48";"System";"2025-03-21 02:44:48";"System"
"710905";"Siau Barat Selatan";"Siau Barat Selatan";"0";"0";"102";"2025-03-21 02:44:48";"System";"2025-03-21 02:44:48";"System"
"710906";"Tagulandang Utara";"Tagulandang Utara";"0";"0";"102";"2025-03-21 02:44:48";"System";"2025-03-21 02:44:48";"System"
"710907";"Biaro";"Biaro";"0";"0";"102";"2025-03-21 02:44:48";"System";"2025-03-21 02:44:48";"System"
"710908";"Siau Barat Utara";"Siau Barat Utara";"0";"0";"102";"2025-03-21 02:44:48";"System";"2025-03-21 02:44:48";"System"
"710909";"Siau Tengah";"Siau Tengah";"0";"0";"102";"2025-03-21 02:44:48";"System";"2025-03-21 02:44:48";"System"
"710910";"Tagulandang Selatan";"Tagulandang Selatan";"0";"0";"102";"2025-03-21 02:44:48";"System";"2025-03-21 02:44:48";"System"
"711001";"Tutuyan";"Tutuyan";"56370";"1808";"102";"2025-03-21 02:44:48";"System";"2025-03-21 02:44:48";"System"
"711002";"Kotabunan";"Kotabunan";"56370";"1808";"102";"2025-03-21 02:44:48";"System";"2025-03-21 02:44:48";"System"
"711003";"Nuangan";"Nuangan";"56370";"1808";"102";"2025-03-21 02:44:48";"System";"2025-03-21 02:44:48";"System"
"711004";"Modayag";"Modayag";"56370";"1808";"102";"2025-03-21 02:44:48";"System";"2025-03-21 02:44:48";"System"
"711005";"Modayag Barat";"Modayag Barat";"56370";"1808";"102";"2025-03-21 02:44:48";"System";"2025-03-21 02:44:48";"System"
"711101";"Bolaang Uki";"Bolaang Uki";"56369";"1808";"102";"2025-03-21 02:44:48";"System";"2025-03-21 02:44:48";"System"
"711102";"Posigadan";"Posigadan";"56369";"1808";"102";"2025-03-21 02:44:48";"System";"2025-03-21 02:44:48";"System"
"711103";"Pinolosian";"Pinolosian";"56369";"1808";"102";"2025-03-21 02:44:48";"System";"2025-03-21 02:44:48";"System"
"711104";"Pinolosian Tengah";"Pinolosian Tengah";"56369";"1808";"102";"2025-03-21 02:44:48";"System";"2025-03-21 02:44:48";"System"
"711105";"Pinolosian Timur";"Pinolosian Timur";"56369";"1808";"102";"2025-03-21 02:44:48";"System";"2025-03-21 02:44:48";"System"
"717101";"Bunaken";"Bunaken";"56768";"1808";"102";"2025-03-21 02:44:48";"System";"2025-03-21 02:44:48";"System"
"717102";"Tuminiting";"Tuminiting";"56768";"1808";"102";"2025-03-21 02:44:48";"System";"2025-03-21 02:44:48";"System"
"717103";"Singkil";"Singkil";"56768";"1808";"102";"2025-03-21 02:44:48";"System";"2025-03-21 02:44:48";"System"
"717104";"Wenang";"Wenang";"56768";"1808";"102";"2025-03-21 02:44:48";"System";"2025-03-21 02:44:48";"System"
"717105";"Tikala";"Tikala";"56768";"1808";"102";"2025-03-21 02:44:48";"System";"2025-03-21 02:44:48";"System"
"717106";"Sario";"Sario";"56768";"1808";"102";"2025-03-21 02:44:48";"System";"2025-03-21 02:44:48";"System"
"717107";"Wanea";"Wanea";"56768";"1808";"102";"2025-03-21 02:44:48";"System";"2025-03-21 02:44:48";"System"
"717108";"Mapanget";"Mapanget";"56768";"1808";"102";"2025-03-21 02:44:48";"System";"2025-03-21 02:44:48";"System"
"717109";"Malalayang";"Malalayang";"56768";"1808";"102";"2025-03-21 02:44:48";"System";"2025-03-21 02:44:48";"System"
"717110";"Bunaken Kepulauan";"Bunaken Kepulauan";"56768";"1808";"102";"2025-03-21 02:44:48";"System";"2025-03-21 02:44:48";"System"
"717111";"Paal Dua";"Paal Dua";"56768";"1808";"102";"2025-03-21 02:44:48";"System";"2025-03-21 02:44:48";"System"
"717201";"Lembeh Selatan";"Lembeh Selatan";"56742";"1808";"102";"2025-03-21 02:44:48";"System";"2025-03-21 02:44:48";"System"
"717202";"Madidir";"Madidir";"56742";"1808";"102";"2025-03-21 02:44:48";"System";"2025-03-21 02:44:48";"System"
"717203";"Ranowulu";"Ranowulu";"56742";"1808";"102";"2025-03-21 02:44:48";"System";"2025-03-21 02:44:48";"System"
"717204";"Aertembaga";"Aertembaga";"56742";"1808";"102";"2025-03-21 02:44:48";"System";"2025-03-21 02:44:48";"System"
"717205";"Matuari";"Matuari";"56742";"1808";"102";"2025-03-21 02:44:48";"System";"2025-03-21 02:44:48";"System"
"717206";"Girian";"Girian";"56742";"1808";"102";"2025-03-21 02:44:48";"System";"2025-03-21 02:44:48";"System"
"717207";"Maesa";"Maesa";"56742";"1808";"102";"2025-03-21 02:44:48";"System";"2025-03-21 02:44:48";"System"
"717208";"Lembeh Utara";"Lembeh Utara";"56742";"1808";"102";"2025-03-21 02:44:48";"System";"2025-03-21 02:44:48";"System"
"717301";"Tomohon Selatan";"Tomohon Selatan";"56814";"1808";"102";"2025-03-21 02:44:48";"System";"2025-03-21 02:44:48";"System"
"717302";"Tomohon Tengah";"Tomohon Tengah";"56814";"1808";"102";"2025-03-21 02:44:48";"System";"2025-03-21 02:44:48";"System"
"717303";"Tomohon Utara";"Tomohon Utara";"56814";"1808";"102";"2025-03-21 02:44:48";"System";"2025-03-21 02:44:48";"System"
"717304";"Tomohon Barat";"Tomohon Barat";"56814";"1808";"102";"2025-03-21 02:44:48";"System";"2025-03-21 02:44:48";"System"
"717305";"Tomohon Timur";"Tomohon Timur";"56814";"1808";"102";"2025-03-21 02:44:48";"System";"2025-03-21 02:44:48";"System"
"717401";"Kotamobagu Utara";"Kotamobagu Utara";"56759";"1808";"102";"2025-03-21 02:44:48";"System";"2025-03-21 02:44:48";"System"
"717402";"Kotamobagu Timur";"Kotamobagu Timur";"56759";"1808";"102";"2025-03-21 02:44:48";"System";"2025-03-21 02:44:48";"System"
"717403";"Kotamobagu Selatan";"Kotamobagu Selatan";"56759";"1808";"102";"2025-03-21 02:44:48";"System";"2025-03-21 02:44:48";"System"
"717404";"Kotamobagu Barat";"Kotamobagu Barat";"56759";"1808";"102";"2025-03-21 02:44:48";"System";"2025-03-21 02:44:48";"System"
"720101";"Batui";"Batui";"56326";"1813";"102";"2025-03-21 02:44:48";"System";"2025-03-21 02:44:48";"System"
"720102";"Bunta";"Bunta";"56326";"1813";"102";"2025-03-21 02:44:48";"System";"2025-03-21 02:44:48";"System"
"720103";"Kintom";"Kintom";"56326";"1813";"102";"2025-03-21 02:44:48";"System";"2025-03-21 02:44:48";"System"
"720104";"Luwuk";"Luwuk";"56326";"1813";"102";"2025-03-21 02:44:48";"System";"2025-03-21 02:44:48";"System"
"720105";"Lamala";"Lamala";"56326";"1813";"102";"2025-03-21 02:44:48";"System";"2025-03-21 02:44:48";"System"
"720106";"Balantak";"Balantak";"56326";"1813";"102";"2025-03-21 02:44:48";"System";"2025-03-21 02:44:48";"System"
"720107";"Pagimana";"Pagimana";"56326";"1813";"102";"2025-03-21 02:44:48";"System";"2025-03-21 02:44:48";"System"
"720108";"Bualemo";"Bualemo";"56326";"1813";"102";"2025-03-21 02:44:48";"System";"2025-03-21 02:44:48";"System"
"720109";"Toili";"Toili";"56326";"1813";"102";"2025-03-21 02:44:48";"System";"2025-03-21 02:44:48";"System"
"720110";"Masama";"Masama";"56326";"1813";"102";"2025-03-21 02:44:48";"System";"2025-03-21 02:44:48";"System"
"720111";"Luwuk Timur";"Luwuk Timur";"56326";"1813";"102";"2025-03-21 02:44:48";"System";"2025-03-21 02:44:48";"System"
"720112";"Toili Barat";"Toili Barat";"56326";"1813";"102";"2025-03-21 02:44:48";"System";"2025-03-21 02:44:48";"System"
"720113";"Nuhon";"Nuhon";"56326";"1813";"102";"2025-03-21 02:44:48";"System";"2025-03-21 02:44:48";"System"
"720114";"Moilong";"Moilong";"56326";"1813";"102";"2025-03-21 02:44:48";"System";"2025-03-21 02:44:48";"System"
"720115";"Batui Selatan";"Batui Selatan";"56326";"1813";"102";"2025-03-21 02:44:48";"System";"2025-03-21 02:44:48";"System"
"720116";"Lobu";"Lobu";"56326";"1813";"102";"2025-03-21 02:44:48";"System";"2025-03-21 02:44:48";"System"
"720117";"Simpang Raya";"Simpang Raya";"56326";"1813";"102";"2025-03-21 02:44:48";"System";"2025-03-21 02:44:48";"System"
"720118";"Balantak Selatan";"Balantak Selatan";"56326";"1813";"102";"2025-03-21 02:44:48";"System";"2025-03-21 02:44:48";"System"
"720119";"Balantak Utara";"Balantak Utara";"56326";"1813";"102";"2025-03-21 02:44:48";"System";"2025-03-21 02:44:48";"System"
"720120";"Luwuk Selatan";"Luwuk Selatan";"56326";"1813";"102";"2025-03-21 02:44:48";"System";"2025-03-21 02:44:48";"System"
"720121";"Luwuk Utara";"Luwuk Utara";"56326";"1813";"102";"2025-03-21 02:44:48";"System";"2025-03-21 02:44:48";"System"
"720122";"Mantoh";"Mantoh";"56326";"1813";"102";"2025-03-21 02:44:48";"System";"2025-03-21 02:44:48";"System"
"720123";"Nambo";"Nambo";"56326";"1813";"102";"2025-03-21 02:44:48";"System";"2025-03-21 02:44:48";"System"
"720201";"Poso Kota";"Poso Kota";"56598";"1813";"102";"2025-03-21 02:44:48";"System";"2025-03-21 02:44:48";"System"
"720202";"Poso Pesisir";"Poso Pesisir";"56598";"1813";"102";"2025-03-21 02:44:48";"System";"2025-03-21 02:44:48";"System"
"720203";"Lage";"Lage";"56598";"1813";"102";"2025-03-21 02:44:48";"System";"2025-03-21 02:44:48";"System"
"720204";"Pamona Puselemba";"Pamona Puselemba";"56598";"1813";"102";"2025-03-21 02:44:48";"System";"2025-03-21 02:44:48";"System"
"720205";"Pamona Timur";"Pamona Timur";"56598";"1813";"102";"2025-03-21 02:44:48";"System";"2025-03-21 02:44:48";"System"
"720206";"Pamona Selatan";"Pamona Selatan";"56598";"1813";"102";"2025-03-21 02:44:48";"System";"2025-03-21 02:44:48";"System"
"720207";"Lore Utara";"Lore Utara";"56598";"1813";"102";"2025-03-21 02:44:48";"System";"2025-03-21 02:44:48";"System"
"720208";"Lore Tengah";"Lore Tengah";"56598";"1813";"102";"2025-03-21 02:44:48";"System";"2025-03-21 02:44:48";"System"
"720209";"Lore Selatan";"Lore Selatan";"56598";"1813";"102";"2025-03-21 02:44:48";"System";"2025-03-21 02:44:48";"System"
"720218";"Poso Pesisir Utara";"Poso Pesisir Utara";"56598";"1813";"102";"2025-03-21 02:44:48";"System";"2025-03-21 02:44:48";"System"
"720219";"Poso Pesisir Selatan";"Poso Pesisir Selatan";"56598";"1813";"102";"2025-03-21 02:44:48";"System";"2025-03-21 02:44:48";"System"
"720220";"Pamona Barat";"Pamona Barat";"56598";"1813";"102";"2025-03-21 02:44:48";"System";"2025-03-21 02:44:48";"System"
"720221";"Poso Kota Selatan";"Poso Kota Selatan";"56598";"1813";"102";"2025-03-21 02:44:48";"System";"2025-03-21 02:44:48";"System"
"720222";"Poso Kota Utara";"Poso Kota Utara";"56598";"1813";"102";"2025-03-21 02:44:48";"System";"2025-03-21 02:44:48";"System"
"720223";"Lore Barat";"Lore Barat";"56598";"1813";"102";"2025-03-21 02:44:48";"System";"2025-03-21 02:44:48";"System"
"720224";"Lore Timur";"Lore Timur";"56598";"1813";"102";"2025-03-21 02:44:48";"System";"2025-03-21 02:44:48";"System"
"720225";"Lore Piore";"Lore Piore";"56598";"1813";"102";"2025-03-21 02:44:48";"System";"2025-03-21 02:44:48";"System"
"720226";"Pamona Tenggara";"Pamona Tenggara";"56598";"1813";"102";"2025-03-21 02:44:48";"System";"2025-03-21 02:44:48";"System"
"720227";"Pamona Utara";"Pamona Utara";"56598";"1813";"102";"2025-03-21 02:44:48";"System";"2025-03-21 02:44:48";"System"
"720304";"Rio Pakava";"Rio Pakava";"56401";"1813";"102";"2025-03-21 02:44:48";"System";"2025-03-21 02:44:48";"System"
"720306";"Dampelas";"Dampelas";"56401";"1813";"102";"2025-03-21 02:44:48";"System";"2025-03-21 02:44:48";"System"
"720308";"Banawa";"Banawa";"56401";"1813";"102";"2025-03-21 02:44:48";"System";"2025-03-21 02:44:48";"System"
"720309";"Labuan";"Labuan";"56401";"1813";"102";"2025-03-21 02:44:48";"System";"2025-03-21 02:44:48";"System"
"720310";"Sindue";"Sindue";"56401";"1813";"102";"2025-03-21 02:44:48";"System";"2025-03-21 02:44:48";"System"
"720311";"Sirenja";"Sirenja";"56401";"1813";"102";"2025-03-21 02:44:48";"System";"2025-03-21 02:44:48";"System"
"720312";"Balaesang";"Balaesang";"56401";"1813";"102";"2025-03-21 02:44:48";"System";"2025-03-21 02:44:48";"System"
"720314";"Sojol";"Sojol";"56401";"1813";"102";"2025-03-21 02:44:48";"System";"2025-03-21 02:44:48";"System"
"720318";"Banawa Selatan";"Banawa Selatan";"56401";"1813";"102";"2025-03-21 02:44:48";"System";"2025-03-21 02:44:48";"System"
"720319";"Tanantovea";"Tanantovea";"56401";"1813";"102";"2025-03-21 02:44:48";"System";"2025-03-21 02:44:48";"System"
"720321";"Panembani";"Panembani";"56401";"1813";"102";"2025-03-21 02:44:48";"System";"2025-03-21 02:44:48";"System"
"720324";"Sindue Tombusabora";"Sindue Tombusabora";"56401";"1813";"102";"2025-03-21 02:44:48";"System";"2025-03-21 02:44:48";"System"
"720325";"Sindue Tobata";"Sindue Tobata";"56401";"1813";"102";"2025-03-21 02:44:48";"System";"2025-03-21 02:44:48";"System"
"720327";"Banawa Tengah";"Banawa Tengah";"56401";"1813";"102";"2025-03-21 02:44:48";"System";"2025-03-21 02:44:48";"System"
"720330";"Sojol Utara";"Sojol Utara";"56401";"1813";"102";"2025-03-21 02:44:48";"System";"2025-03-21 02:44:48";"System"
"720331";"Balaesang Tanjung";"Balaesang Tanjung";"56401";"1813";"102";"2025-03-21 02:44:48";"System";"2025-03-21 02:44:48";"System"
"720401";"Dampal Selatan";"Dampal Selatan";"0";"0";"102";"2025-03-21 02:44:48";"System";"2025-03-21 02:44:48";"System"
"720402";"Dampal Utara";"Dampal Utara";"0";"0";"102";"2025-03-21 02:44:48";"System";"2025-03-21 02:44:48";"System"
"720403";"Dondo";"Dondo";"0";"0";"102";"2025-03-21 02:44:48";"System";"2025-03-21 02:44:48";"System"
"720404";"Basidondo";"Basidondo";"0";"0";"102";"2025-03-21 02:44:48";"System";"2025-03-21 02:44:48";"System"
"720405";"Ogodeide";"Ogodeide";"0";"0";"102";"2025-03-21 02:44:48";"System";"2025-03-21 02:44:48";"System"
"720406";"Lampasio";"Lampasio";"0";"0";"102";"2025-03-21 02:44:48";"System";"2025-03-21 02:44:48";"System"
"720407";"Baolan";"Baolan";"0";"0";"102";"2025-03-21 02:44:48";"System";"2025-03-21 02:44:48";"System"
"720408";"Galang";"Galang";"0";"0";"102";"2025-03-21 02:44:48";"System";"2025-03-21 02:44:48";"System"
"720409";"Toli-Toli Utara";"Toli-Toli Utara";"0";"0";"102";"2025-03-21 02:44:48";"System";"2025-03-21 02:44:48";"System"
"720410";"Dako Pemean";"Dako Pemean";"0";"0";"102";"2025-03-21 02:44:48";"System";"2025-03-21 02:44:48";"System"
"720501";"Momunu";"Momunu";"56383";"1813";"102";"2025-03-21 02:44:48";"System";"2025-03-21 02:44:48";"System"
"720502";"Lakea";"Lakea";"56383";"1813";"102";"2025-03-21 02:44:48";"System";"2025-03-21 02:44:48";"System"
"720503";"Bokat";"Bokat";"56383";"1813";"102";"2025-03-21 02:44:48";"System";"2025-03-21 02:44:48";"System"
"720504";"Bunobogu";"Bunobogu";"56383";"1813";"102";"2025-03-21 02:44:48";"System";"2025-03-21 02:44:48";"System"
"720505";"Paleleh";"Paleleh";"56383";"1813";"102";"2025-03-21 02:44:48";"System";"2025-03-21 02:44:48";"System"
"720506";"Biau";"Biau";"56383";"1813";"102";"2025-03-21 02:44:48";"System";"2025-03-21 02:44:48";"System"
"720507";"Tiloan";"Tiloan";"56383";"1813";"102";"2025-03-21 02:44:48";"System";"2025-03-21 02:44:48";"System"
"720508";"Bukal";"Bukal";"56383";"1813";"102";"2025-03-21 02:44:48";"System";"2025-03-21 02:44:48";"System"
"720509";"Gadung";"Gadung";"56383";"1813";"102";"2025-03-21 02:44:48";"System";"2025-03-21 02:44:48";"System"
"720510";"Karamat";"Karamat";"56383";"1813";"102";"2025-03-21 02:44:48";"System";"2025-03-21 02:44:48";"System"
"720511";"Paleleh Barat";"Paleleh Barat";"56383";"1813";"102";"2025-03-21 02:44:48";"System";"2025-03-21 02:44:48";"System"
"720605";"Bungku Tengah";"Bungku Tengah";"148766";"1813";"102";"2025-03-21 02:44:48";"System";"2025-03-21 02:44:48";"System"
"720606";"Bungku Selatan";"Bungku Selatan";"148766";"1813";"102";"2025-03-21 02:44:48";"System";"2025-03-21 02:44:48";"System"
"720607";"Menui Kepulauan";"Menui Kepulauan";"148766";"1813";"102";"2025-03-21 02:44:48";"System";"2025-03-21 02:44:48";"System"
"720608";"Bungku Barat";"Bungku Barat";"148766";"1813";"102";"2025-03-21 02:44:48";"System";"2025-03-21 02:44:48";"System"
"720609";"Bumi Raya";"Bumi Raya";"148766";"1813";"102";"2025-03-21 02:44:48";"System";"2025-03-21 02:44:48";"System"
"720610";"Bahodopi";"Bahodopi";"148766";"1813";"102";"2025-03-21 02:44:48";"System";"2025-03-21 02:44:48";"System"
"720612";"Wita Ponda";"Wita Ponda";"148766";"1813";"102";"2025-03-21 02:44:48";"System";"2025-03-21 02:44:48";"System"
"720615";"Bungku Pesisir";"Bungku Pesisir";"148766";"1813";"102";"2025-03-21 02:44:48";"System";"2025-03-21 02:44:48";"System"
"720618";"Bungku Timur";"Bungku Timur";"148766";"1813";"102";"2025-03-21 02:44:48";"System";"2025-03-21 02:44:48";"System"
"720703";"Totikum";"Totikum";"56327";"1813";"102";"2025-03-21 02:44:48";"System";"2025-03-21 02:44:48";"System"
"720704";"Tinangkung";"Tinangkung";"56327";"1813";"102";"2025-03-21 02:44:48";"System";"2025-03-21 02:44:48";"System"
"720705";"Liang";"Liang";"56327";"1813";"102";"2025-03-21 02:44:48";"System";"2025-03-21 02:44:48";"System"
"720706";"Bulagi";"Bulagi";"56327";"1813";"102";"2025-03-21 02:44:48";"System";"2025-03-21 02:44:48";"System"
"720707";"Buko";"Buko";"56327";"1813";"102";"2025-03-21 02:44:48";"System";"2025-03-21 02:44:48";"System"
"720709";"Bulagi Selatan";"Bulagi Selatan";"56327";"1813";"102";"2025-03-21 02:44:48";"System";"2025-03-21 02:44:48";"System"
"720711";"Tinangkung Selatan";"Tinangkung Selatan";"56327";"1813";"102";"2025-03-21 02:44:48";"System";"2025-03-21 02:44:48";"System"
"720715";"Totikum Selatan";"Totikum Selatan";"56327";"1813";"102";"2025-03-21 02:44:48";"System";"2025-03-21 02:44:48";"System"
"720716";"Peling Tengah";"Peling Tengah";"56327";"1813";"102";"2025-03-21 02:44:48";"System";"2025-03-21 02:44:48";"System"
"720717";"Bulagi Utara";"Bulagi Utara";"56327";"1813";"102";"2025-03-21 02:44:48";"System";"2025-03-21 02:44:48";"System"
"720718";"Buko Selatan";"Buko Selatan";"56327";"1813";"102";"2025-03-21 02:44:48";"System";"2025-03-21 02:44:48";"System"
"720719";"Tinangkung Utara";"Tinangkung Utara";"56327";"1813";"102";"2025-03-21 02:44:48";"System";"2025-03-21 02:44:48";"System"
"720801";"Parigi";"Parigi";"56578";"1813";"102";"2025-03-21 02:44:48";"System";"2025-03-21 02:44:48";"System"
"720802";"Ampibabo";"Ampibabo";"56578";"1813";"102";"2025-03-21 02:44:48";"System";"2025-03-21 02:44:48";"System"
"720803";"Tinombo";"Tinombo";"56578";"1813";"102";"2025-03-21 02:44:48";"System";"2025-03-21 02:44:48";"System"
"720804";"Moutong";"Moutong";"56578";"1813";"102";"2025-03-21 02:44:48";"System";"2025-03-21 02:44:48";"System"
"720805";"Tomini";"Tomini";"56578";"1813";"102";"2025-03-21 02:44:48";"System";"2025-03-21 02:44:48";"System"
"720806";"Sausu";"Sausu";"56578";"1813";"102";"2025-03-21 02:44:48";"System";"2025-03-21 02:44:48";"System"
"720807";"Bolano Lambunu";"Bolano Lambunu";"56578";"1813";"102";"2025-03-21 02:44:48";"System";"2025-03-21 02:44:48";"System"
"720808";"Kasimbar";"Kasimbar";"56578";"1813";"102";"2025-03-21 02:44:48";"System";"2025-03-21 02:44:48";"System"
"720809";"Torue";"Torue";"56578";"1813";"102";"2025-03-21 02:44:48";"System";"2025-03-21 02:44:48";"System"
"720810";"Tinombo Selatan";"Tinombo Selatan";"56578";"1813";"102";"2025-03-21 02:44:48";"System";"2025-03-21 02:44:48";"System"
"720811";"Parigi Selatan";"Parigi Selatan";"56578";"1813";"102";"2025-03-21 02:44:48";"System";"2025-03-21 02:44:48";"System"
"720812";"Mepanga";"Mepanga";"56578";"1813";"102";"2025-03-21 02:44:48";"System";"2025-03-21 02:44:48";"System"
"720813";"Toribulu";"Toribulu";"56578";"1813";"102";"2025-03-21 02:44:48";"System";"2025-03-21 02:44:48";"System"
"720814";"Taopa";"Taopa";"56578";"1813";"102";"2025-03-21 02:44:48";"System";"2025-03-21 02:44:48";"System"
"720815";"Balinggi";"Balinggi";"56578";"1813";"102";"2025-03-21 02:44:48";"System";"2025-03-21 02:44:48";"System"
"720816";"Parigi Barat";"Parigi Barat";"56578";"1813";"102";"2025-03-21 02:44:48";"System";"2025-03-21 02:44:48";"System"
"720817";"Siniu";"Siniu";"56578";"1813";"102";"2025-03-21 02:44:48";"System";"2025-03-21 02:44:48";"System"
"720818";"Palasa";"Palasa";"56578";"1813";"102";"2025-03-21 02:44:48";"System";"2025-03-21 02:44:48";"System"
"720819";"Parigi Utara";"Parigi Utara";"56578";"1813";"102";"2025-03-21 02:44:48";"System";"2025-03-21 02:44:48";"System"
"720820";"Parigi Tengah";"Parigi Tengah";"56578";"1813";"102";"2025-03-21 02:44:48";"System";"2025-03-21 02:44:48";"System"
"720821";"Bolano";"Bolano";"56578";"1813";"102";"2025-03-21 02:44:48";"System";"2025-03-21 02:44:48";"System"
"720822";"Ongka Malino";"Ongka Malino";"56578";"1813";"102";"2025-03-21 02:44:48";"System";"2025-03-21 02:44:48";"System"
"720823";"Sidoan";"Sidoan";"56578";"1813";"102";"2025-03-21 02:44:48";"System";"2025-03-21 02:44:48";"System"
"720901";"Una Una";"Una Una";"0";"0";"102";"2025-03-21 02:44:48";"System";"2025-03-21 02:44:48";"System"
"720902";"Togean";"Togean";"0";"0";"102";"2025-03-21 02:44:48";"System";"2025-03-21 02:44:48";"System"
"720903";"Walea Kepulauan";"Walea Kepulauan";"0";"0";"102";"2025-03-21 02:44:48";"System";"2025-03-21 02:44:48";"System"
"720904";"Ampana Tete";"Ampana Tete";"0";"0";"102";"2025-03-21 02:44:48";"System";"2025-03-21 02:44:48";"System"
"720905";"Ampana Kota";"Ampana Kota";"0";"0";"102";"2025-03-21 02:44:48";"System";"2025-03-21 02:44:48";"System"
"720906";"Ulubongka";"Ulubongka";"0";"0";"102";"2025-03-21 02:44:48";"System";"2025-03-21 02:44:48";"System"
"720907";"Tojo Barat";"Tojo Barat";"0";"0";"102";"2025-03-21 02:44:48";"System";"2025-03-21 02:44:48";"System"
"720908";"Tojo";"Tojo";"0";"0";"102";"2025-03-21 02:44:48";"System";"2025-03-21 02:44:48";"System"
"720909";"Walea Besar";"Walea Besar";"0";"0";"102";"2025-03-21 02:44:48";"System";"2025-03-21 02:44:48";"System"
"720910";"Ratolindo";"Ratolindo";"0";"0";"102";"2025-03-21 02:44:48";"System";"2025-03-21 02:44:48";"System"
"720911";"Batudaka";"Batudaka";"0";"0";"102";"2025-03-21 02:44:48";"System";"2025-03-21 02:44:48";"System"
"720912";"Talatako";"Talatako";"0";"0";"102";"2025-03-21 02:44:48";"System";"2025-03-21 02:44:48";"System"
"721001";"Sigi Biromaru";"Sigi Biromaru";"56630";"1813";"102";"2025-03-21 02:44:48";"System";"2025-03-21 02:44:48";"System"
"721002";"Palolo";"Palolo";"56630";"1813";"102";"2025-03-21 02:44:48";"System";"2025-03-21 02:44:48";"System"
"721003";"Nokilalaki";"Nokilalaki";"56630";"1813";"102";"2025-03-21 02:44:48";"System";"2025-03-21 02:44:48";"System"
"721004";"Lindu";"Lindu";"56630";"1813";"102";"2025-03-21 02:44:48";"System";"2025-03-21 02:44:48";"System"
"721005";"Kulawi";"Kulawi";"56630";"1813";"102";"2025-03-21 02:44:48";"System";"2025-03-21 02:44:48";"System"
"721006";"Kulawi Selatan";"Kulawi Selatan";"56630";"1813";"102";"2025-03-21 02:44:48";"System";"2025-03-21 02:44:48";"System"
"721007";"Pipikoro";"Pipikoro";"56630";"1813";"102";"2025-03-21 02:44:48";"System";"2025-03-21 02:44:48";"System"
"721008";"Gumbasa";"Gumbasa";"56630";"1813";"102";"2025-03-21 02:44:48";"System";"2025-03-21 02:44:48";"System"
"721009";"Dolo Selatan";"Dolo Selatan";"56630";"1813";"102";"2025-03-21 02:44:48";"System";"2025-03-21 02:44:48";"System"
"721010";"Tanambulava";"Tanambulava";"56630";"1813";"102";"2025-03-21 02:44:48";"System";"2025-03-21 02:44:48";"System"
"721011";"Dolo Barat";"Dolo Barat";"56630";"1813";"102";"2025-03-21 02:44:48";"System";"2025-03-21 02:44:48";"System"
"721012";"Dolo";"Dolo";"56630";"1813";"102";"2025-03-21 02:44:48";"System";"2025-03-21 02:44:48";"System"
"721013";"Kinovaro";"Kinovaro";"56630";"1813";"102";"2025-03-21 02:44:48";"System";"2025-03-21 02:44:48";"System"
"721014";"Marawola";"Marawola";"56630";"1813";"102";"2025-03-21 02:44:48";"System";"2025-03-21 02:44:48";"System"
"721015";"Marawola Barat";"Marawola Barat";"56630";"1813";"102";"2025-03-21 02:44:48";"System";"2025-03-21 02:44:48";"System"
"721101";"Banggai";"Banggai";"56328";"1813";"102";"2025-03-21 02:44:48";"System";"2025-03-21 02:44:48";"System"
"721102";"Banggai Utara";"Banggai Utara";"56328";"1813";"102";"2025-03-21 02:44:48";"System";"2025-03-21 02:44:48";"System"
"721103";"Bokan Kepulauan";"Bokan Kepulauan";"56328";"1813";"102";"2025-03-21 02:44:48";"System";"2025-03-21 02:44:48";"System"
"721104";"Bangkurung";"Bangkurung";"56328";"1813";"102";"2025-03-21 02:44:48";"System";"2025-03-21 02:44:48";"System"
"721105";"Labobo";"Labobo";"56328";"1813";"102";"2025-03-21 02:44:48";"System";"2025-03-21 02:44:48";"System"
"721106";"Banggai Selatan";"Banggai Selatan";"56328";"1813";"102";"2025-03-21 02:44:48";"System";"2025-03-21 02:44:48";"System"
"721107";"Banggai Tengah";"Banggai Tengah";"56328";"1813";"102";"2025-03-21 02:44:48";"System";"2025-03-21 02:44:48";"System"
"721201";"Petasia";"Petasia";"56541";"1813";"102";"2025-03-21 02:44:48";"System";"2025-03-21 02:44:48";"System"
"721202";"Petasia Timur";"Petasia Timur";"56541";"1813";"102";"2025-03-21 02:44:48";"System";"2025-03-21 02:44:48";"System"
"721203";"Lembo Raya";"Lembo Raya";"56541";"1813";"102";"2025-03-21 02:44:48";"System";"2025-03-21 02:44:48";"System"
"721204";"Lembo";"Lembo";"56541";"1813";"102";"2025-03-21 02:44:48";"System";"2025-03-21 02:44:48";"System"
"721205";"Mori Atas";"Mori Atas";"56541";"1813";"102";"2025-03-21 02:44:48";"System";"2025-03-21 02:44:48";"System"
"721206";"Mori Utara";"Mori Utara";"56541";"1813";"102";"2025-03-21 02:44:48";"System";"2025-03-21 02:44:48";"System"
"721207";"Soyo Jaya";"Soyo Jaya";"56541";"1813";"102";"2025-03-21 02:44:48";"System";"2025-03-21 02:44:48";"System"
"721208";"Bungku Utara";"Bungku Utara";"56541";"1813";"102";"2025-03-21 02:44:48";"System";"2025-03-21 02:44:48";"System"
"721209";"Mamosalato";"Mamosalato";"56541";"1813";"102";"2025-03-21 02:44:48";"System";"2025-03-21 02:44:48";"System"
"721210";"Petasia Barat";"Petasia Barat";"56541";"1813";"102";"2025-03-21 02:44:48";"System";"2025-03-21 02:44:48";"System"
"727101";"Palu Timur";"Palu Timur";"56780";"1813";"102";"2025-03-21 02:44:48";"System";"2025-03-21 02:44:48";"System"
"727102";"Palu Barat";"Palu Barat";"56780";"1813";"102";"2025-03-21 02:44:48";"System";"2025-03-21 02:44:48";"System"
"727103";"Palu Selatan";"Palu Selatan";"56780";"1813";"102";"2025-03-21 02:44:48";"System";"2025-03-21 02:44:48";"System"
"727104";"Palu Utara";"Palu Utara";"56780";"1813";"102";"2025-03-21 02:44:48";"System";"2025-03-21 02:44:48";"System"
"727105";"Ulujadi";"Ulujadi";"56780";"1813";"102";"2025-03-21 02:44:48";"System";"2025-03-21 02:44:48";"System"
"727106";"Tatanga";"Tatanga";"56780";"1813";"102";"2025-03-21 02:44:48";"System";"2025-03-21 02:44:48";"System"
"727107";"Tawaeli";"Tawaeli";"56780";"1813";"102";"2025-03-21 02:44:48";"System";"2025-03-21 02:44:48";"System"
"727108";"Mantikulore";"Mantikulore";"56780";"1813";"102";"2025-03-21 02:44:48";"System";"2025-03-21 02:44:48";"System"
"730101";"Benteng";"Benteng";"0";"0";"102";"2025-03-21 02:44:48";"System";"2025-03-21 02:44:48";"System"
"730102";"Bontoharu";"Bontoharu";"0";"0";"102";"2025-03-21 02:44:48";"System";"2025-03-21 02:44:48";"System"
"730103";"Bontomatene";"Bontomatene";"0";"0";"102";"2025-03-21 02:44:48";"System";"2025-03-21 02:44:48";"System"
"730104";"Bontomanai";"Bontomanai";"0";"0";"102";"2025-03-21 02:44:48";"System";"2025-03-21 02:44:48";"System"
"730105";"Bontosikuyu";"Bontosikuyu";"0";"0";"102";"2025-03-21 02:44:48";"System";"2025-03-21 02:44:48";"System"
"730106";"Pasimasunggu";"Pasimasunggu";"0";"0";"102";"2025-03-21 02:44:48";"System";"2025-03-21 02:44:48";"System"
"730107";"Pasimarannu";"Pasimarannu";"0";"0";"102";"2025-03-21 02:44:48";"System";"2025-03-21 02:44:48";"System"
"730108";"Taka Bonerate";"Taka Bonerate";"0";"0";"102";"2025-03-21 02:44:48";"System";"2025-03-21 02:44:48";"System"
"730109";"Pasilambena";"Pasilambena";"0";"0";"102";"2025-03-21 02:44:48";"System";"2025-03-21 02:44:48";"System"
"730110";"Pasimasunggu Timur";"Pasimasunggu Timur";"0";"0";"102";"2025-03-21 02:44:48";"System";"2025-03-21 02:44:48";"System"
"730111";"Buki";"Buki";"0";"0";"102";"2025-03-21 02:44:48";"System";"2025-03-21 02:44:48";"System"
"730201";"Gantorang";"Gantorang";"56380";"1795";"102";"2025-03-21 02:44:48";"System";"2025-03-21 02:44:48";"System"
"730202";"Ujung Bulu";"Ujung Bulu";"56380";"1795";"102";"2025-03-21 02:44:48";"System";"2025-03-21 02:44:48";"System"
"730203";"Bonto Bahari";"Bonto Bahari";"56380";"1795";"102";"2025-03-21 02:44:48";"System";"2025-03-21 02:44:48";"System"
"730204";"Bonto Tiro";"Bonto Tiro";"56380";"1795";"102";"2025-03-21 02:44:48";"System";"2025-03-21 02:44:48";"System"
"730205";"Herlang";"Herlang";"56380";"1795";"102";"2025-03-21 02:44:48";"System";"2025-03-21 02:44:48";"System"
"730206";"Kajang";"Kajang";"56380";"1795";"102";"2025-03-21 02:44:48";"System";"2025-03-21 02:44:48";"System"
"730207";"Bulukumpa";"Bulukumpa";"56380";"1795";"102";"2025-03-21 02:44:48";"System";"2025-03-21 02:44:48";"System"
"730208";"Kindang";"Kindang";"56380";"1795";"102";"2025-03-21 02:44:48";"System";"2025-03-21 02:44:48";"System"
"730209";"Ujungloe";"Ujungloe";"56380";"1795";"102";"2025-03-21 02:44:48";"System";"2025-03-21 02:44:48";"System"
"730210";"Rilauale";"Rilauale";"56380";"1795";"102";"2025-03-21 02:44:48";"System";"2025-03-21 02:44:48";"System"
"730301";"Bissappu";"Bissappu";"56337";"1795";"102";"2025-03-21 02:44:48";"System";"2025-03-21 02:44:48";"System"
"730302";"Bantaeng";"Bantaeng";"56337";"1795";"102";"2025-03-21 02:44:48";"System";"2025-03-21 02:44:48";"System"
"730303";"Eremerasa";"Eremerasa";"56337";"1795";"102";"2025-03-21 02:44:48";"System";"2025-03-21 02:44:48";"System"
"730304";"Tompo Bulu";"Tompo Bulu";"56337";"1795";"102";"2025-03-21 02:44:48";"System";"2025-03-21 02:44:48";"System"
"730305";"Pajukukang";"Pajukukang";"56337";"1795";"102";"2025-03-21 02:44:48";"System";"2025-03-21 02:44:48";"System"
"730306";"Uluere";"Uluere";"56337";"1795";"102";"2025-03-21 02:44:48";"System";"2025-03-21 02:44:48";"System"
"730307";"Gantarang Keke";"Gantarang Keke";"56337";"1795";"102";"2025-03-21 02:44:48";"System";"2025-03-21 02:44:48";"System"
"730308";"Sinoa";"Sinoa";"56337";"1795";"102";"2025-03-21 02:44:48";"System";"2025-03-21 02:44:48";"System"
"730401";"Bangkala";"Bangkala";"56432";"1795";"102";"2025-03-21 02:44:48";"System";"2025-03-21 02:44:48";"System"
"730402";"Tamalatea";"Tamalatea";"56432";"1795";"102";"2025-03-21 02:44:48";"System";"2025-03-21 02:44:48";"System"
"730403";"Binamu";"Binamu";"56432";"1795";"102";"2025-03-21 02:44:48";"System";"2025-03-21 02:44:48";"System"
"730404";"Batang";"Batang";"56432";"1795";"102";"2025-03-21 02:44:48";"System";"2025-03-21 02:44:48";"System"
"730405";"Kelara";"Kelara";"56432";"1795";"102";"2025-03-21 02:44:48";"System";"2025-03-21 02:44:48";"System"
"730406";"Bangkala Barat";"Bangkala Barat";"56432";"1795";"102";"2025-03-21 02:44:48";"System";"2025-03-21 02:44:48";"System"
"730407";"Bontoramba";"Bontoramba";"56432";"1795";"102";"2025-03-21 02:44:48";"System";"2025-03-21 02:44:48";"System"
"730408";"Turatea";"Turatea";"56432";"1795";"102";"2025-03-21 02:44:48";"System";"2025-03-21 02:44:48";"System"
"730409";"Arungkeke";"Arungkeke";"56432";"1795";"102";"2025-03-21 02:44:48";"System";"2025-03-21 02:44:48";"System"
"730410";"Rumbia";"Rumbia";"56432";"1795";"102";"2025-03-21 02:44:48";"System";"2025-03-21 02:44:48";"System"
"730411";"Tarowang";"Tarowang";"56432";"1795";"102";"2025-03-21 02:44:48";"System";"2025-03-21 02:44:48";"System"
"730501";"Mappakasunggu";"Mappakasunggu";"56659";"1795";"102";"2025-03-21 02:44:48";"System";"2025-03-21 02:44:48";"System"
"730502";"Mangarabombang";"Mangarabombang";"56659";"1795";"102";"2025-03-21 02:44:48";"System";"2025-03-21 02:44:48";"System"
"730503";"Polombangkeng Selatan";"Polombangkeng Selatan";"56659";"1795";"102";"2025-03-21 02:44:48";"System";"2025-03-21 02:44:48";"System"
"730504";"Polombangkeng Utara";"Polombangkeng Utara";"56659";"1795";"102";"2025-03-21 02:44:48";"System";"2025-03-21 02:44:48";"System"
"730505";"Galesong Selatan";"Galesong Selatan";"56659";"1795";"102";"2025-03-21 02:44:48";"System";"2025-03-21 02:44:48";"System"
"730506";"Galesong Utara";"Galesong Utara";"56659";"1795";"102";"2025-03-21 02:44:48";"System";"2025-03-21 02:44:48";"System"
"730507";"Pattallassang";"Pattallassang";"56659";"1795";"102";"2025-03-21 02:44:48";"System";"2025-03-21 02:44:48";"System"
"730508";"Sanrobone";"Sanrobone";"56659";"1795";"102";"2025-03-21 02:44:48";"System";"2025-03-21 02:44:48";"System"
"730509";"Galesong";"Galesong";"56659";"1795";"102";"2025-03-21 02:44:48";"System";"2025-03-21 02:44:48";"System"
"730601";"Bontonompo";"Bontonompo";"56412";"1795";"102";"2025-03-21 02:44:48";"System";"2025-03-21 02:44:48";"System"
"730602";"Bajeng";"Bajeng";"56412";"1795";"102";"2025-03-21 02:44:48";"System";"2025-03-21 02:44:48";"System"
"730603";"Tompobullu";"Tompobullu";"56412";"1795";"102";"2025-03-21 02:44:48";"System";"2025-03-21 02:44:48";"System"
"730604";"Tinggimoncong";"Tinggimoncong";"56412";"1795";"102";"2025-03-21 02:44:48";"System";"2025-03-21 02:44:48";"System"
"730605";"Parangloe";"Parangloe";"56412";"1795";"102";"2025-03-21 02:44:48";"System";"2025-03-21 02:44:48";"System"
"730606";"Bontomarannu";"Bontomarannu";"56412";"1795";"102";"2025-03-21 02:44:48";"System";"2025-03-21 02:44:48";"System"
"730607";"Palangga";"Palangga";"56412";"1795";"102";"2025-03-21 02:44:48";"System";"2025-03-21 02:44:48";"System"
"730608";"Somba Upu";"Somba Upu";"56412";"1795";"102";"2025-03-21 02:44:48";"System";"2025-03-21 02:44:48";"System"
"730609";"Bungaya";"Bungaya";"56412";"1795";"102";"2025-03-21 02:44:48";"System";"2025-03-21 02:44:48";"System"
"730610";"Tombolopao";"Tombolopao";"56412";"1795";"102";"2025-03-21 02:44:48";"System";"2025-03-21 02:44:48";"System"
"730611";"Biringbulu";"Biringbulu";"56412";"1795";"102";"2025-03-21 02:44:48";"System";"2025-03-21 02:44:48";"System"
"730612";"Barombong";"Barombong";"56412";"1795";"102";"2025-03-21 02:44:48";"System";"2025-03-21 02:44:48";"System"
"730613";"Pattalasang";"Pattalasang";"56412";"1795";"102";"2025-03-21 02:44:48";"System";"2025-03-21 02:44:48";"System"
"730614";"Manuju";"Manuju";"56412";"1795";"102";"2025-03-21 02:44:48";"System";"2025-03-21 02:44:48";"System"
"730615";"Bontolempangang";"Bontolempangang";"56412";"1795";"102";"2025-03-21 02:44:48";"System";"2025-03-21 02:44:48";"System"
"730616";"Bontonompo Selatan";"Bontonompo Selatan";"56412";"1795";"102";"2025-03-21 02:44:48";"System";"2025-03-21 02:44:48";"System"
"730617";"Parigi";"Parigi";"56412";"1795";"102";"2025-03-21 02:44:48";"System";"2025-03-21 02:44:48";"System"
"730618";"Bajeng Barat";"Bajeng Barat";"56412";"1795";"102";"2025-03-21 02:44:48";"System";"2025-03-21 02:44:48";"System"
"730701";"Sinjai Barat";"Sinjai Barat";"56635";"1795";"102";"2025-03-21 02:44:48";"System";"2025-03-21 02:44:48";"System"
"730702";"Sinjai Selatan";"Sinjai Selatan";"56635";"1795";"102";"2025-03-21 02:44:48";"System";"2025-03-21 02:44:48";"System"
"730703";"Sinjai Timur";"Sinjai Timur";"56635";"1795";"102";"2025-03-21 02:44:48";"System";"2025-03-21 02:44:48";"System"
"730704";"Sinjai Tengah";"Sinjai Tengah";"56635";"1795";"102";"2025-03-21 02:44:48";"System";"2025-03-21 02:44:48";"System"
"730705";"Sinjai Utara";"Sinjai Utara";"56635";"1795";"102";"2025-03-21 02:44:48";"System";"2025-03-21 02:44:48";"System"
"730706";"Bulupoddo";"Bulupoddo";"56635";"1795";"102";"2025-03-21 02:44:48";"System";"2025-03-21 02:44:48";"System"
"730707";"Sinjai Borong";"Sinjai Borong";"56635";"1795";"102";"2025-03-21 02:44:48";"System";"2025-03-21 02:44:48";"System"
"730708";"Tellu Limpoe";"Tellu Limpoe";"56635";"1795";"102";"2025-03-21 02:44:48";"System";"2025-03-21 02:44:48";"System"
"730709";"Pulau Sembilan";"Pulau Sembilan";"56635";"1795";"102";"2025-03-21 02:44:48";"System";"2025-03-21 02:44:48";"System"
"730801";"Bontocani";"Bontocani";"56374";"1795";"102";"2025-03-21 02:44:48";"System";"2025-03-21 02:44:48";"System"
"730802";"Kahu";"Kahu";"56374";"1795";"102";"2025-03-21 02:44:48";"System";"2025-03-21 02:44:48";"System"
"730803";"Kajuara";"Kajuara";"56374";"1795";"102";"2025-03-21 02:44:48";"System";"2025-03-21 02:44:48";"System"
"730804";"Salomekko";"Salomekko";"56374";"1795";"102";"2025-03-21 02:44:48";"System";"2025-03-21 02:44:48";"System"
"730805";"Tonra";"Tonra";"56374";"1795";"102";"2025-03-21 02:44:48";"System";"2025-03-21 02:44:48";"System"
"730806";"Libureng";"Libureng";"56374";"1795";"102";"2025-03-21 02:44:48";"System";"2025-03-21 02:44:48";"System"
"730807";"Mare";"Mare";"56374";"1795";"102";"2025-03-21 02:44:48";"System";"2025-03-21 02:44:48";"System"
"730808";"Sibulue";"Sibulue";"56374";"1795";"102";"2025-03-21 02:44:48";"System";"2025-03-21 02:44:48";"System"
"730809";"Barebbo";"Barebbo";"56374";"1795";"102";"2025-03-21 02:44:48";"System";"2025-03-21 02:44:48";"System"
"730810";"Cina";"Cina";"56374";"1795";"102";"2025-03-21 02:44:48";"System";"2025-03-21 02:44:48";"System"
"730811";"Ponre";"Ponre";"56374";"1795";"102";"2025-03-21 02:44:48";"System";"2025-03-21 02:44:48";"System"
"730812";"Lappariaja";"Lappariaja";"56374";"1795";"102";"2025-03-21 02:44:48";"System";"2025-03-21 02:44:48";"System"
"730813";"Lamuru";"Lamuru";"56374";"1795";"102";"2025-03-21 02:44:48";"System";"2025-03-21 02:44:48";"System"
"730814";"Ulaweng";"Ulaweng";"56374";"1795";"102";"2025-03-21 02:44:48";"System";"2025-03-21 02:44:48";"System"
"730815";"Palakka";"Palakka";"56374";"1795";"102";"2025-03-21 02:44:48";"System";"2025-03-21 02:44:48";"System"
"730816";"Awangpone";"Awangpone";"56374";"1795";"102";"2025-03-21 02:44:48";"System";"2025-03-21 02:44:48";"System"
"730817";"Tellu Siattinge";"Tellu Siattinge";"56374";"1795";"102";"2025-03-21 02:44:48";"System";"2025-03-21 02:44:48";"System"
"730818";"Ajangale";"Ajangale";"56374";"1795";"102";"2025-03-21 02:44:48";"System";"2025-03-21 02:44:48";"System"
"730819";"Dua Boccoe";"Dua Boccoe";"56374";"1795";"102";"2025-03-21 02:44:48";"System";"2025-03-21 02:44:48";"System"
"730820";"Cenrana";"Cenrana";"56374";"1795";"102";"2025-03-21 02:44:48";"System";"2025-03-21 02:44:48";"System"
"730821";"Tanete Riattang";"Tanete Riattang";"56374";"1795";"102";"2025-03-21 02:44:48";"System";"2025-03-21 02:44:48";"System"
"730822";"Tanete Riattang Barat";"Tanete Riattang Barat";"56374";"1795";"102";"2025-03-21 02:44:48";"System";"2025-03-21 02:44:48";"System"
"730823";"Tanete Riattang Timur";"Tanete Riattang Timur";"56374";"1795";"102";"2025-03-21 02:44:48";"System";"2025-03-21 02:44:48";"System"
"730824";"Amali";"Amali";"56374";"1795";"102";"2025-03-21 02:44:48";"System";"2025-03-21 02:44:48";"System"
"730825";"Tellulimpoe";"Tellulimpoe";"56374";"1795";"102";"2025-03-21 02:44:48";"System";"2025-03-21 02:44:48";"System"
"730826";"Bengo";"Bengo";"56374";"1795";"102";"2025-03-21 02:44:48";"System";"2025-03-21 02:44:48";"System"
"730827";"Patimpeng";"Patimpeng";"56374";"1795";"102";"2025-03-21 02:44:48";"System";"2025-03-21 02:44:48";"System"
"730901";"Mandai";"Mandai";"56530";"1795";"102";"2025-03-21 02:44:48";"System";"2025-03-21 02:44:48";"System"
"730902";"Camba";"Camba";"56530";"1795";"102";"2025-03-21 02:44:48";"System";"2025-03-21 02:44:48";"System"
"730903";"Bantimurung";"Bantimurung";"56530";"1795";"102";"2025-03-21 02:44:48";"System";"2025-03-21 02:44:48";"System"
"730904";"Maros Baru";"Maros Baru";"56530";"1795";"102";"2025-03-21 02:44:49";"System";"2025-03-21 02:44:49";"System"
"730905";"Bontoa";"Bontoa";"56530";"1795";"102";"2025-03-21 02:44:49";"System";"2025-03-21 02:44:49";"System"
"730906";"Malllawa";"Malllawa";"56530";"1795";"102";"2025-03-21 02:44:49";"System";"2025-03-21 02:44:49";"System"
"730907";"Tanralili";"Tanralili";"56530";"1795";"102";"2025-03-21 02:44:49";"System";"2025-03-21 02:44:49";"System"
"730908";"Marusu";"Marusu";"56530";"1795";"102";"2025-03-21 02:44:49";"System";"2025-03-21 02:44:49";"System"
"730909";"Simbang";"Simbang";"56530";"1795";"102";"2025-03-21 02:44:49";"System";"2025-03-21 02:44:49";"System"
"730910";"Cenrana";"Cenrana";"56530";"1795";"102";"2025-03-21 02:44:49";"System";"2025-03-21 02:44:49";"System"
"730911";"Tompobulu";"Tompobulu";"56530";"1795";"102";"2025-03-21 02:44:49";"System";"2025-03-21 02:44:49";"System"
"730912";"Lau";"Lau";"56530";"1795";"102";"2025-03-21 02:44:49";"System";"2025-03-21 02:44:49";"System"
"730913";"Moncong Loe";"Moncong Loe";"56530";"1795";"102";"2025-03-21 02:44:49";"System";"2025-03-21 02:44:49";"System"
"730914";"Turikale";"Turikale";"56530";"1795";"102";"2025-03-21 02:44:49";"System";"2025-03-21 02:44:49";"System"
"731001";"Liukang Tangaya";"Liukang Tangaya";"0";"0";"102";"2025-03-21 02:44:49";"System";"2025-03-21 02:44:49";"System"
"731002";"Liukang Kalmas";"Liukang Kalmas";"0";"0";"102";"2025-03-21 02:44:49";"System";"2025-03-21 02:44:49";"System"
"731003";"Liukang Tupabbiring";"Liukang Tupabbiring";"0";"0";"102";"2025-03-21 02:44:49";"System";"2025-03-21 02:44:49";"System"
"731004";"Pangkajene";"Pangkajene";"0";"0";"102";"2025-03-21 02:44:49";"System";"2025-03-21 02:44:49";"System"
"731005";"Balocci";"Balocci";"0";"0";"102";"2025-03-21 02:44:49";"System";"2025-03-21 02:44:49";"System"
"731006";"Bungoro";"Bungoro";"0";"0";"102";"2025-03-21 02:44:49";"System";"2025-03-21 02:44:49";"System"
"731007";"Labakkang";"Labakkang";"0";"0";"102";"2025-03-21 02:44:49";"System";"2025-03-21 02:44:49";"System"
"731008";"Marang";"Marang";"0";"0";"102";"2025-03-21 02:44:49";"System";"2025-03-21 02:44:49";"System"
"731009";"Segeri";"Segeri";"0";"0";"102";"2025-03-21 02:44:49";"System";"2025-03-21 02:44:49";"System"
"731010";"Minasa Tene";"Minasa Tene";"0";"0";"102";"2025-03-21 02:44:49";"System";"2025-03-21 02:44:49";"System"
"731011";"Mandalle";"Mandalle";"0";"0";"102";"2025-03-21 02:44:49";"System";"2025-03-21 02:44:49";"System"
"731012";"Tondong Tallasa";"Tondong Tallasa";"0";"0";"102";"2025-03-21 02:44:49";"System";"2025-03-21 02:44:49";"System"
"731013";"Liukang Tupabbiring Utara";"Liukang Tupabbiring Utara";"0";"0";"102";"2025-03-21 02:44:49";"System";"2025-03-21 02:44:49";"System"
"731101";"Tanete Riaja";"Tanete Riaja";"56345";"1795";"102";"2025-03-21 02:44:49";"System";"2025-03-21 02:44:49";"System"
"731102";"Tanete Rilau";"Tanete Rilau";"56345";"1795";"102";"2025-03-21 02:44:49";"System";"2025-03-21 02:44:49";"System"
"731103";"Barru";"Barru";"56345";"1795";"102";"2025-03-21 02:44:49";"System";"2025-03-21 02:44:49";"System"
"731104";"Soppeng Riaja";"Soppeng Riaja";"56345";"1795";"102";"2025-03-21 02:44:49";"System";"2025-03-21 02:44:49";"System"
"731105";"Mallusetasi";"Mallusetasi";"56345";"1795";"102";"2025-03-21 02:44:49";"System";"2025-03-21 02:44:49";"System"
"731106";"Pujananting";"Pujananting";"56345";"1795";"102";"2025-03-21 02:44:49";"System";"2025-03-21 02:44:49";"System"
"731107";"Balusu";"Balusu";"56345";"1795";"102";"2025-03-21 02:44:49";"System";"2025-03-21 02:44:49";"System"
"731201";"Marioriwawo";"Marioriwawo";"56640";"1795";"102";"2025-03-21 02:44:49";"System";"2025-03-21 02:44:49";"System"
"731202";"Liliraja";"Liliraja";"56640";"1795";"102";"2025-03-21 02:44:49";"System";"2025-03-21 02:44:49";"System"
"731203";"Lilirilau";"Lilirilau";"56640";"1795";"102";"2025-03-21 02:44:49";"System";"2025-03-21 02:44:49";"System"
"731204";"Lalabata";"Lalabata";"56640";"1795";"102";"2025-03-21 02:44:49";"System";"2025-03-21 02:44:49";"System"
"731205";"Marioriawa";"Marioriawa";"56640";"1795";"102";"2025-03-21 02:44:49";"System";"2025-03-21 02:44:49";"System"
"731206";"Donri Donri";"Donri Donri";"56640";"1795";"102";"2025-03-21 02:44:49";"System";"2025-03-21 02:44:49";"System"
"731207";"Ganra";"Ganra";"56640";"1795";"102";"2025-03-21 02:44:49";"System";"2025-03-21 02:44:49";"System"
"731208";"Citta";"Citta";"56640";"1795";"102";"2025-03-21 02:44:49";"System";"2025-03-21 02:44:49";"System"
"731301";"Sabangparu";"Sabangparu";"56689";"1795";"102";"2025-03-21 02:44:49";"System";"2025-03-21 02:44:49";"System"
"731302";"Pammana";"Pammana";"56689";"1795";"102";"2025-03-21 02:44:49";"System";"2025-03-21 02:44:49";"System"
"731303";"Takkalalla";"Takkalalla";"56689";"1795";"102";"2025-03-21 02:44:49";"System";"2025-03-21 02:44:49";"System"
"731304";"Sajoanging";"Sajoanging";"56689";"1795";"102";"2025-03-21 02:44:49";"System";"2025-03-21 02:44:49";"System"
"731305";"Majauleng";"Majauleng";"56689";"1795";"102";"2025-03-21 02:44:49";"System";"2025-03-21 02:44:49";"System"
"731306";"Tempe";"Tempe";"56689";"1795";"102";"2025-03-21 02:44:49";"System";"2025-03-21 02:44:49";"System"
"731307";"Belawa";"Belawa";"56689";"1795";"102";"2025-03-21 02:44:49";"System";"2025-03-21 02:44:49";"System"
"731308";"Tanasitolo";"Tanasitolo";"56689";"1795";"102";"2025-03-21 02:44:49";"System";"2025-03-21 02:44:49";"System"
"731309";"Maniangpajo";"Maniangpajo";"56689";"1795";"102";"2025-03-21 02:44:49";"System";"2025-03-21 02:44:49";"System"
"731310";"Pitumpanua";"Pitumpanua";"56689";"1795";"102";"2025-03-21 02:44:49";"System";"2025-03-21 02:44:49";"System"
"731311";"Bola";"Bola";"56689";"1795";"102";"2025-03-21 02:44:49";"System";"2025-03-21 02:44:49";"System"
"731312";"Penrang";"Penrang";"56689";"1795";"102";"2025-03-21 02:44:49";"System";"2025-03-21 02:44:49";"System"
"731313";"Gilireng";"Gilireng";"56689";"1795";"102";"2025-03-21 02:44:49";"System";"2025-03-21 02:44:49";"System"
"731314";"Keera";"Keera";"56689";"1795";"102";"2025-03-21 02:44:49";"System";"2025-03-21 02:44:49";"System"
"731401";"Panca Lautan";"Panca Lautan";"56628";"1795";"102";"2025-03-21 02:44:49";"System";"2025-03-21 02:44:49";"System"
"731402";"Tellu Limpoe";"Tellu Limpoe";"56628";"1795";"102";"2025-03-21 02:44:49";"System";"2025-03-21 02:44:49";"System"
"731403";"Watang Pulu";"Watang Pulu";"56628";"1795";"102";"2025-03-21 02:44:49";"System";"2025-03-21 02:44:49";"System"
"731404";"Baranti";"Baranti";"56628";"1795";"102";"2025-03-21 02:44:49";"System";"2025-03-21 02:44:49";"System"
"731405";"Panca Rijang";"Panca Rijang";"56628";"1795";"102";"2025-03-21 02:44:49";"System";"2025-03-21 02:44:49";"System"
"731406";"Kulo";"Kulo";"56628";"1795";"102";"2025-03-21 02:44:49";"System";"2025-03-21 02:44:49";"System"
"731407";"Maritengngae";"Maritengngae";"56628";"1795";"102";"2025-03-21 02:44:49";"System";"2025-03-21 02:44:49";"System"
"731408";"WT. Sidenreng";"WT. Sidenreng";"56628";"1795";"102";"2025-03-21 02:44:49";"System";"2025-03-21 02:44:49";"System"
"731409";"Dua Pitue";"Dua Pitue";"56628";"1795";"102";"2025-03-21 02:44:49";"System";"2025-03-21 02:44:49";"System"
"731410";"Pitu Riawa";"Pitu Riawa";"56628";"1795";"102";"2025-03-21 02:44:49";"System";"2025-03-21 02:44:49";"System"
"731411";"Pitu Raise";"Pitu Raise";"56628";"1795";"102";"2025-03-21 02:44:49";"System";"2025-03-21 02:44:49";"System"
"731501";"Matirro Sompe";"Matirro Sompe";"56594";"1795";"102";"2025-03-21 02:44:49";"System";"2025-03-21 02:44:49";"System"
"731502";"Suppa";"Suppa";"56594";"1795";"102";"2025-03-21 02:44:49";"System";"2025-03-21 02:44:49";"System"
"731503";"Mattiro Bulu";"Mattiro Bulu";"56594";"1795";"102";"2025-03-21 02:44:49";"System";"2025-03-21 02:44:49";"System"
"731504";"Watang Sawito";"Watang Sawito";"56594";"1795";"102";"2025-03-21 02:44:49";"System";"2025-03-21 02:44:49";"System"
"731505";"Patampanua";"Patampanua";"56594";"1795";"102";"2025-03-21 02:44:49";"System";"2025-03-21 02:44:49";"System"
"731506";"Duampanua";"Duampanua";"56594";"1795";"102";"2025-03-21 02:44:49";"System";"2025-03-21 02:44:49";"System"
"731507";"Lembang";"Lembang";"56594";"1795";"102";"2025-03-21 02:44:49";"System";"2025-03-21 02:44:49";"System"
"731508";"Cempa";"Cempa";"56594";"1795";"102";"2025-03-21 02:44:49";"System";"2025-03-21 02:44:49";"System"
"731509";"Tiroang";"Tiroang";"56594";"1795";"102";"2025-03-21 02:44:49";"System";"2025-03-21 02:44:49";"System"
"731510";"Lansirang";"Lansirang";"56594";"1795";"102";"2025-03-21 02:44:49";"System";"2025-03-21 02:44:49";"System"
"731511";"Paleteang";"Paleteang";"56594";"1795";"102";"2025-03-21 02:44:49";"System";"2025-03-21 02:44:49";"System"
"731512";"Batu Lappa";"Batu Lappa";"56594";"1795";"102";"2025-03-21 02:44:49";"System";"2025-03-21 02:44:49";"System"
"731601";"Maiwa";"Maiwa";"56404";"1795";"102";"2025-03-21 02:44:49";"System";"2025-03-21 02:44:49";"System"
"731602";"Enrekang";"Enrekang";"56404";"1795";"102";"2025-03-21 02:44:49";"System";"2025-03-21 02:44:49";"System"
"731603";"Baraka";"Baraka";"56404";"1795";"102";"2025-03-21 02:44:49";"System";"2025-03-21 02:44:49";"System"
"731604";"Anggeraja";"Anggeraja";"56404";"1795";"102";"2025-03-21 02:44:49";"System";"2025-03-21 02:44:49";"System"
"731605";"Alla";"Alla";"56404";"1795";"102";"2025-03-21 02:44:49";"System";"2025-03-21 02:44:49";"System"
"731606";"Bungin";"Bungin";"56404";"1795";"102";"2025-03-21 02:44:49";"System";"2025-03-21 02:44:49";"System"
"731607";"Cendana";"Cendana";"56404";"1795";"102";"2025-03-21 02:44:49";"System";"2025-03-21 02:44:49";"System"
"731608";"Curio";"Curio";"56404";"1795";"102";"2025-03-21 02:44:49";"System";"2025-03-21 02:44:49";"System"
"731609";"Malua";"Malua";"56404";"1795";"102";"2025-03-21 02:44:49";"System";"2025-03-21 02:44:49";"System"
"731610";"Buntu Batu";"Buntu Batu";"56404";"1795";"102";"2025-03-21 02:44:49";"System";"2025-03-21 02:44:49";"System"
"731611";"Masalle";"Masalle";"56404";"1795";"102";"2025-03-21 02:44:49";"System";"2025-03-21 02:44:49";"System"
"731612";"Baroko";"Baroko";"56404";"1795";"102";"2025-03-21 02:44:49";"System";"2025-03-21 02:44:49";"System"
"731701";"Basse Sangtempe";"Basse Sangtempe";"56501";"1795";"102";"2025-03-21 02:44:49";"System";"2025-03-21 02:44:49";"System"
"731702";"Larompong";"Larompong";"56501";"1795";"102";"2025-03-21 02:44:49";"System";"2025-03-21 02:44:49";"System"
"731703";"Suli";"Suli";"56501";"1795";"102";"2025-03-21 02:44:49";"System";"2025-03-21 02:44:49";"System"
"731704";"Bajo";"Bajo";"56501";"1795";"102";"2025-03-21 02:44:49";"System";"2025-03-21 02:44:49";"System"
"731705";"Bua Ponrang";"Bua Ponrang";"56501";"1795";"102";"2025-03-21 02:44:49";"System";"2025-03-21 02:44:49";"System"
"731706";"Walenrang";"Walenrang";"56501";"1795";"102";"2025-03-21 02:44:49";"System";"2025-03-21 02:44:49";"System"
"731707";"Belopa";"Belopa";"56501";"1795";"102";"2025-03-21 02:44:49";"System";"2025-03-21 02:44:49";"System"
"731708";"Bua";"Bua";"56501";"1795";"102";"2025-03-21 02:44:49";"System";"2025-03-21 02:44:49";"System"
"731709";"Lamasi";"Lamasi";"56501";"1795";"102";"2025-03-21 02:44:49";"System";"2025-03-21 02:44:49";"System"
"731710";"Larompong Selatan";"Larompong Selatan";"56501";"1795";"102";"2025-03-21 02:44:49";"System";"2025-03-21 02:44:49";"System"
"731711";"Ponrang";"Ponrang";"56501";"1795";"102";"2025-03-21 02:44:49";"System";"2025-03-21 02:44:49";"System"
"731712";"Latimojong";"Latimojong";"56501";"1795";"102";"2025-03-21 02:44:49";"System";"2025-03-21 02:44:49";"System"
"731713";"Kamanre";"Kamanre";"56501";"1795";"102";"2025-03-21 02:44:49";"System";"2025-03-21 02:44:49";"System"
"731714";"Belopa Utara";"Belopa Utara";"56501";"1795";"102";"2025-03-21 02:44:49";"System";"2025-03-21 02:44:49";"System"
"731715";"Walenrang Barat";"Walenrang Barat";"56501";"1795";"102";"2025-03-21 02:44:49";"System";"2025-03-21 02:44:49";"System"
"731716";"Walenrang Utara";"Walenrang Utara";"56501";"1795";"102";"2025-03-21 02:44:49";"System";"2025-03-21 02:44:49";"System"
"731717";"Walenrang Timur";"Walenrang Timur";"56501";"1795";"102";"2025-03-21 02:44:49";"System";"2025-03-21 02:44:49";"System"
"731718";"Lamasi Timur";"Lamasi Timur";"56501";"1795";"102";"2025-03-21 02:44:49";"System";"2025-03-21 02:44:49";"System"
"731719";"Suli Barat";"Suli Barat";"56501";"1795";"102";"2025-03-21 02:44:49";"System";"2025-03-21 02:44:49";"System"
"731720";"Bajo Barat";"Bajo Barat";"56501";"1795";"102";"2025-03-21 02:44:49";"System";"2025-03-21 02:44:49";"System"
"731721";"Ponrang Selatan";"Ponrang Selatan";"56501";"1795";"102";"2025-03-21 02:44:49";"System";"2025-03-21 02:44:49";"System"
"731722";"Basse Sangtempe Utara";"Basse Sangtempe Utara";"56501";"1795";"102";"2025-03-21 02:44:49";"System";"2025-03-21 02:44:49";"System"
"731801";"Saluputi";"Saluputi";"56662";"1795";"102";"2025-03-21 02:44:49";"System";"2025-03-21 02:44:49";"System"
"731802";"Bittuang";"Bittuang";"56662";"1795";"102";"2025-03-21 02:44:49";"System";"2025-03-21 02:44:49";"System"
"731803";"Bonggakaradeng";"Bonggakaradeng";"56662";"1795";"102";"2025-03-21 02:44:49";"System";"2025-03-21 02:44:49";"System"
"731805";"Makale";"Makale";"56662";"1795";"102";"2025-03-21 02:44:49";"System";"2025-03-21 02:44:49";"System"
"731809";"Simbuang";"Simbuang";"56662";"1795";"102";"2025-03-21 02:44:49";"System";"2025-03-21 02:44:49";"System"
"731811";"Rantetayo";"Rantetayo";"56662";"1795";"102";"2025-03-21 02:44:49";"System";"2025-03-21 02:44:49";"System"
"731812";"Mengkendek";"Mengkendek";"56662";"1795";"102";"2025-03-21 02:44:49";"System";"2025-03-21 02:44:49";"System"
"731813";"Sangalla";"Sangalla";"56662";"1795";"102";"2025-03-21 02:44:49";"System";"2025-03-21 02:44:49";"System"
"731819";"Gandangbatu Sillanan";"Gandangbatu Sillanan";"56662";"1795";"102";"2025-03-21 02:44:49";"System";"2025-03-21 02:44:49";"System"
"731820";"Rembon";"Rembon";"56662";"1795";"102";"2025-03-21 02:44:49";"System";"2025-03-21 02:44:49";"System"
"731827";"Makale Utara";"Makale Utara";"56662";"1795";"102";"2025-03-21 02:44:49";"System";"2025-03-21 02:44:49";"System"
"731828";"Mappak";"Mappak";"56662";"1795";"102";"2025-03-21 02:44:49";"System";"2025-03-21 02:44:49";"System"
"731829";"Makale Selatan";"Makale Selatan";"56662";"1795";"102";"2025-03-21 02:44:49";"System";"2025-03-21 02:44:49";"System"
"731831";"Masanda";"Masanda";"56662";"1795";"102";"2025-03-21 02:44:49";"System";"2025-03-21 02:44:49";"System"
"731833";"Sangalla Selatan";"Sangalla Selatan";"56662";"1795";"102";"2025-03-21 02:44:49";"System";"2025-03-21 02:44:49";"System"
"731834";"Sangalla Utara";"Sangalla Utara";"56662";"1795";"102";"2025-03-21 02:44:49";"System";"2025-03-21 02:44:49";"System"
"731835";"Malimbong Balepe";"Malimbong Balepe";"56662";"1795";"102";"2025-03-21 02:44:49";"System";"2025-03-21 02:44:49";"System"
"731837";"Rano";"Rano";"56662";"1795";"102";"2025-03-21 02:44:49";"System";"2025-03-21 02:44:49";"System"
"731838";"Kurra";"Kurra";"56662";"1795";"102";"2025-03-21 02:44:49";"System";"2025-03-21 02:44:49";"System"
"732201";"Malangke";"Malangke";"56503";"1795";"102";"2025-03-21 02:44:49";"System";"2025-03-21 02:44:49";"System"
"732202";"Bone Bone";"Bone Bone";"56503";"1795";"102";"2025-03-21 02:44:49";"System";"2025-03-21 02:44:49";"System"
"732203";"Masamba";"Masamba";"56503";"1795";"102";"2025-03-21 02:44:49";"System";"2025-03-21 02:44:49";"System"
"732204";"Sabbang";"Sabbang";"56503";"1795";"102";"2025-03-21 02:44:49";"System";"2025-03-21 02:44:49";"System"
"732205";"Limbong";"Limbong";"56503";"1795";"102";"2025-03-21 02:44:49";"System";"2025-03-21 02:44:49";"System"
"732206";"Sukamaju";"Sukamaju";"56503";"1795";"102";"2025-03-21 02:44:49";"System";"2025-03-21 02:44:49";"System"
"732207";"Seko";"Seko";"56503";"1795";"102";"2025-03-21 02:44:49";"System";"2025-03-21 02:44:49";"System"
"732208";"Malangke Barat";"Malangke Barat";"56503";"1795";"102";"2025-03-21 02:44:49";"System";"2025-03-21 02:44:49";"System"
"732209";"Rampi";"Rampi";"56503";"1795";"102";"2025-03-21 02:44:49";"System";"2025-03-21 02:44:49";"System"
"732210";"Mappedeceng";"Mappedeceng";"56503";"1795";"102";"2025-03-21 02:44:49";"System";"2025-03-21 02:44:49";"System"
"732211";"Baebunta";"Baebunta";"56503";"1795";"102";"2025-03-21 02:44:49";"System";"2025-03-21 02:44:49";"System"
"732212";"Tana Lili";"Tana Lili";"56503";"1795";"102";"2025-03-21 02:44:49";"System";"2025-03-21 02:44:49";"System"
"732401";"Mangkutana";"Mangkutana";"56502";"1795";"102";"2025-03-21 02:44:49";"System";"2025-03-21 02:44:49";"System"
"732402";"Nuha";"Nuha";"56502";"1795";"102";"2025-03-21 02:44:49";"System";"2025-03-21 02:44:49";"System"
"732403";"Towuti";"Towuti";"56502";"1795";"102";"2025-03-21 02:44:49";"System";"2025-03-21 02:44:49";"System"
"732404";"Malili";"Malili";"56502";"1795";"102";"2025-03-21 02:44:49";"System";"2025-03-21 02:44:49";"System"
"732405";"Angkona";"Angkona";"56502";"1795";"102";"2025-03-21 02:44:49";"System";"2025-03-21 02:44:49";"System"
"732406";"Wotu";"Wotu";"56502";"1795";"102";"2025-03-21 02:44:49";"System";"2025-03-21 02:44:49";"System"
"732407";"Burau";"Burau";"56502";"1795";"102";"2025-03-21 02:44:49";"System";"2025-03-21 02:44:49";"System"
"732408";"Tomoni";"Tomoni";"56502";"1795";"102";"2025-03-21 02:44:49";"System";"2025-03-21 02:44:49";"System"
"732409";"Tomoni Timur";"Tomoni Timur";"56502";"1795";"102";"2025-03-21 02:44:49";"System";"2025-03-21 02:44:49";"System"
"732410";"Kalaena";"Kalaena";"56502";"1795";"102";"2025-03-21 02:44:49";"System";"2025-03-21 02:44:49";"System"
"732411";"Wasuponda";"Wasuponda";"56502";"1795";"102";"2025-03-21 02:44:49";"System";"2025-03-21 02:44:49";"System"
"732601";"Rantepao";"Rantepao";"56684";"1795";"102";"2025-03-21 02:44:49";"System";"2025-03-21 02:44:49";"System"
"732602";"Sesean";"Sesean";"56684";"1795";"102";"2025-03-21 02:44:49";"System";"2025-03-21 02:44:49";"System"
"732603";"Nanggala";"Nanggala";"56684";"1795";"102";"2025-03-21 02:44:49";"System";"2025-03-21 02:44:49";"System"
"732604";"Rindingallo";"Rindingallo";"56684";"1795";"102";"2025-03-21 02:44:49";"System";"2025-03-21 02:44:49";"System"
"732605";"Buntao";"Buntao";"56684";"1795";"102";"2025-03-21 02:44:49";"System";"2025-03-21 02:44:49";"System"
"732606";"Sa'dan";"Sa'dan";"56684";"1795";"102";"2025-03-21 02:44:49";"System";"2025-03-21 02:44:49";"System"
"732607";"Sanggalangi";"Sanggalangi";"56684";"1795";"102";"2025-03-21 02:44:49";"System";"2025-03-21 02:44:49";"System"
"732608";"Sopai";"Sopai";"56684";"1795";"102";"2025-03-21 02:44:49";"System";"2025-03-21 02:44:49";"System"
"732609";"Tikala";"Tikala";"56684";"1795";"102";"2025-03-21 02:44:49";"System";"2025-03-21 02:44:49";"System"
"732610";"Balusu";"Balusu";"56684";"1795";"102";"2025-03-21 02:44:49";"System";"2025-03-21 02:44:49";"System"
"732611";"Tallunglipu";"Tallunglipu";"56684";"1795";"102";"2025-03-21 02:44:49";"System";"2025-03-21 02:44:49";"System"
"732612";"Dende' Piongan Napo";"Dende' Piongan Napo";"56684";"1795";"102";"2025-03-21 02:44:49";"System";"2025-03-21 02:44:49";"System"
"732613";"Buntu Pepasan";"Buntu Pepasan";"56684";"1795";"102";"2025-03-21 02:44:49";"System";"2025-03-21 02:44:49";"System"
"732614";"Baruppu";"Baruppu";"56684";"1795";"102";"2025-03-21 02:44:49";"System";"2025-03-21 02:44:49";"System"
"732615";"Kesu";"Kesu";"56684";"1795";"102";"2025-03-21 02:44:49";"System";"2025-03-21 02:44:49";"System"
"732616";"Tondon";"Tondon";"56684";"1795";"102";"2025-03-21 02:44:49";"System";"2025-03-21 02:44:49";"System"
"732617";"Bangkelekila";"Bangkelekila";"56684";"1795";"102";"2025-03-21 02:44:49";"System";"2025-03-21 02:44:49";"System"
"732618";"Rantebua";"Rantebua";"56684";"1795";"102";"2025-03-21 02:44:49";"System";"2025-03-21 02:44:49";"System"
"732619";"Sesean Suloara";"Sesean Suloara";"56684";"1795";"102";"2025-03-21 02:44:49";"System";"2025-03-21 02:44:49";"System"
"732620";"Kapala Pitu";"Kapala Pitu";"56684";"1795";"102";"2025-03-21 02:44:49";"System";"2025-03-21 02:44:49";"System"
"732621";"Awan Rante Karua";"Awan Rante Karua";"56684";"1795";"102";"2025-03-21 02:44:49";"System";"2025-03-21 02:44:49";"System"
"737101";"Mariso";"Mariso";"56766";"1795";"102";"2025-03-21 02:44:49";"System";"2025-03-21 02:44:49";"System"
"737102";"Mamajang";"Mamajang";"56766";"1795";"102";"2025-03-21 02:44:49";"System";"2025-03-21 02:44:49";"System"
"737103";"Makasar";"Makasar";"56766";"1795";"102";"2025-03-21 02:44:49";"System";"2025-03-21 02:44:49";"System"
"737104";"Ujung Pandang";"Ujung Pandang";"56766";"1795";"102";"2025-03-21 02:44:49";"System";"2025-03-21 02:44:49";"System"
"737105";"Wajo";"Wajo";"56766";"1795";"102";"2025-03-21 02:44:49";"System";"2025-03-21 02:44:49";"System"
"737106";"Bontoala";"Bontoala";"56766";"1795";"102";"2025-03-21 02:44:49";"System";"2025-03-21 02:44:49";"System"
"737107";"Tallo";"Tallo";"56766";"1795";"102";"2025-03-21 02:44:49";"System";"2025-03-21 02:44:49";"System"
"737108";"Ujung Tanah";"Ujung Tanah";"56766";"1795";"102";"2025-03-21 02:44:49";"System";"2025-03-21 02:44:49";"System"
"737109";"Panakukkang";"Panakukkang";"56766";"1795";"102";"2025-03-21 02:44:49";"System";"2025-03-21 02:44:49";"System"
"737110";"Tamalate";"Tamalate";"56766";"1795";"102";"2025-03-21 02:44:49";"System";"2025-03-21 02:44:49";"System"
"737111";"Biringkanaya";"Biringkanaya";"56766";"1795";"102";"2025-03-21 02:44:49";"System";"2025-03-21 02:44:49";"System"
"737112";"Manggala";"Manggala";"56766";"1795";"102";"2025-03-21 02:44:49";"System";"2025-03-21 02:44:49";"System"
"737113";"Rappocini";"Rappocini";"56766";"1795";"102";"2025-03-21 02:44:49";"System";"2025-03-21 02:44:49";"System"
"737114";"Tamalanrea";"Tamalanrea";"56766";"1795";"102";"2025-03-21 02:44:49";"System";"2025-03-21 02:44:49";"System"
"737201";"Bacukiki";"Bacukiki";"0";"0";"102";"2025-03-21 02:44:49";"System";"2025-03-21 02:44:49";"System"
"737202";"Ujung";"Ujung";"0";"0";"102";"2025-03-21 02:44:49";"System";"2025-03-21 02:44:49";"System"
"737203";"Soreang";"Soreang";"0";"0";"102";"2025-03-21 02:44:49";"System";"2025-03-21 02:44:49";"System"
"737204";"Bacukiki Barat";"Bacukiki Barat";"0";"0";"102";"2025-03-21 02:44:49";"System";"2025-03-21 02:44:49";"System"
"737301";"Wara";"Wara";"56779";"1795";"102";"2025-03-21 02:44:49";"System";"2025-03-21 02:44:49";"System"
"737302";"Wara Utara";"Wara Utara";"56779";"1795";"102";"2025-03-21 02:44:49";"System";"2025-03-21 02:44:49";"System"
"737303";"Wara Selatan";"Wara Selatan";"56779";"1795";"102";"2025-03-21 02:44:49";"System";"2025-03-21 02:44:49";"System"
"737304";"Telluwanua";"Telluwanua";"56779";"1795";"102";"2025-03-21 02:44:49";"System";"2025-03-21 02:44:49";"System"
"737305";"Wara Timur";"Wara Timur";"56779";"1795";"102";"2025-03-21 02:44:49";"System";"2025-03-21 02:44:49";"System"
"737306";"Wara Barat";"Wara Barat";"56779";"1795";"102";"2025-03-21 02:44:49";"System";"2025-03-21 02:44:49";"System"
"737307";"Sendana";"Sendana";"56779";"1795";"102";"2025-03-21 02:44:49";"System";"2025-03-21 02:44:49";"System"
"737308";"Mungkajang";"Mungkajang";"56779";"1795";"102";"2025-03-21 02:44:49";"System";"2025-03-21 02:44:49";"System"
"737309";"Bara";"Bara";"56779";"1795";"102";"2025-03-21 02:44:49";"System";"2025-03-21 02:44:49";"System"
"740101";"Wundulako";"Wundulako";"56461";"1796";"102";"2025-03-21 02:44:49";"System";"2025-03-21 02:44:49";"System"
"740104";"Kolaka";"Kolaka";"56461";"1796";"102";"2025-03-21 02:44:49";"System";"2025-03-21 02:44:49";"System"
"740107";"Pomalaa";"Pomalaa";"56461";"1796";"102";"2025-03-21 02:44:49";"System";"2025-03-21 02:44:49";"System"
"740108";"Watubangga";"Watubangga";"56461";"1796";"102";"2025-03-21 02:44:49";"System";"2025-03-21 02:44:49";"System"
"740110";"Wolo";"Wolo";"56461";"1796";"102";"2025-03-21 02:44:49";"System";"2025-03-21 02:44:49";"System"
"740112";"Baula";"Baula";"56461";"1796";"102";"2025-03-21 02:44:49";"System";"2025-03-21 02:44:49";"System"
"740114";"Latambaga";"Latambaga";"56461";"1796";"102";"2025-03-21 02:44:49";"System";"2025-03-21 02:44:49";"System"
"740118";"Tanggetada";"Tanggetada";"56461";"1796";"102";"2025-03-21 02:44:49";"System";"2025-03-21 02:44:49";"System"
"740120";"Samaturu";"Samaturu";"56461";"1796";"102";"2025-03-21 02:44:49";"System";"2025-03-21 02:44:49";"System"
"740124";"Toari";"Toari";"56461";"1796";"102";"2025-03-21 02:44:49";"System";"2025-03-21 02:44:49";"System"
"740125";"Polinggona";"Polinggona";"56461";"1796";"102";"2025-03-21 02:44:49";"System";"2025-03-21 02:44:49";"System"
"740127";"Iwoimendaa";"Iwoimendaa";"56461";"1796";"102";"2025-03-21 02:44:49";"System";"2025-03-21 02:44:49";"System"
"740201";"Lambuya";"Lambuya";"56464";"1796";"102";"2025-03-21 02:44:49";"System";"2025-03-21 02:44:49";"System"
"740202";"Unaaha";"Unaaha";"56464";"1796";"102";"2025-03-21 02:44:49";"System";"2025-03-21 02:44:49";"System"
"740203";"Wawotobi";"Wawotobi";"56464";"1796";"102";"2025-03-21 02:44:49";"System";"2025-03-21 02:44:49";"System"
"740204";"Pondidaha";"Pondidaha";"56464";"1796";"102";"2025-03-21 02:44:49";"System";"2025-03-21 02:44:49";"System"
"740205";"Sampara";"Sampara";"56464";"1796";"102";"2025-03-21 02:44:49";"System";"2025-03-21 02:44:49";"System"
"740210";"Abuki";"Abuki";"56464";"1796";"102";"2025-03-21 02:44:49";"System";"2025-03-21 02:44:49";"System"
"740211";"Soropia";"Soropia";"56464";"1796";"102";"2025-03-21 02:44:49";"System";"2025-03-21 02:44:49";"System"
"740215";"Tongauna";"Tongauna";"56464";"1796";"102";"2025-03-21 02:44:49";"System";"2025-03-21 02:44:49";"System"
"740216";"Latoma";"Latoma";"56464";"1796";"102";"2025-03-21 02:44:49";"System";"2025-03-21 02:44:49";"System"
"740217";"Puriala";"Puriala";"56464";"1796";"102";"2025-03-21 02:44:49";"System";"2025-03-21 02:44:49";"System"
"740218";"Uepai";"Uepai";"56464";"1796";"102";"2025-03-21 02:44:49";"System";"2025-03-21 02:44:49";"System"
"740219";"Wonggeduku";"Wonggeduku";"56464";"1796";"102";"2025-03-21 02:44:49";"System";"2025-03-21 02:44:49";"System"
"740220";"Besulutu";"Besulutu";"56464";"1796";"102";"2025-03-21 02:44:49";"System";"2025-03-21 02:44:49";"System"
"740221";"Bondoala";"Bondoala";"56464";"1796";"102";"2025-03-21 02:44:49";"System";"2025-03-21 02:44:49";"System"
"740223";"Routa";"Routa";"56464";"1796";"102";"2025-03-21 02:44:49";"System";"2025-03-21 02:44:49";"System"
"740224";"Anggaberi";"Anggaberi";"56464";"1796";"102";"2025-03-21 02:44:49";"System";"2025-03-21 02:44:49";"System"
"740225";"Meluhu";"Meluhu";"56464";"1796";"102";"2025-03-21 02:44:49";"System";"2025-03-21 02:44:49";"System"
"740228";"Amonggedo";"Amonggedo";"56464";"1796";"102";"2025-03-21 02:44:49";"System";"2025-03-21 02:44:49";"System"
"740231";"Asinua";"Asinua";"56464";"1796";"102";"2025-03-21 02:44:49";"System";"2025-03-21 02:44:49";"System"
"740232";"Konawe";"Konawe";"56464";"1796";"102";"2025-03-21 02:44:49";"System";"2025-03-21 02:44:49";"System"
"740233";"Kapoiala";"Kapoiala";"56464";"1796";"102";"2025-03-21 02:44:49";"System";"2025-03-21 02:44:49";"System"
"740236";"Lalonggasumeeto";"Lalonggasumeeto";"56464";"1796";"102";"2025-03-21 02:44:49";"System";"2025-03-21 02:44:49";"System"
"740237";"Onembute";"Onembute";"56464";"1796";"102";"2025-03-21 02:44:49";"System";"2025-03-21 02:44:49";"System"
"740306";"Napabalano";"Napabalano";"56545";"1796";"102";"2025-03-21 02:44:49";"System";"2025-03-21 02:44:49";"System"
"740307";"Maligano";"Maligano";"56545";"1796";"102";"2025-03-21 02:44:49";"System";"2025-03-21 02:44:49";"System"
"740313";"Wakorumba Selatan";"Wakorumba Selatan";"56545";"1796";"102";"2025-03-21 02:44:49";"System";"2025-03-21 02:44:49";"System"
"740314";"Lasalepa";"Lasalepa";"56545";"1796";"102";"2025-03-21 02:44:49";"System";"2025-03-21 02:44:49";"System"
"740315";"Batalaiwaru";"Batalaiwaru";"56545";"1796";"102";"2025-03-21 02:44:49";"System";"2025-03-21 02:44:49";"System"
"740316";"Katobu";"Katobu";"56545";"1796";"102";"2025-03-21 02:44:49";"System";"2025-03-21 02:44:49";"System"
"740317";"Duruka";"Duruka";"56545";"1796";"102";"2025-03-21 02:44:49";"System";"2025-03-21 02:44:49";"System"
"740318";"Lohia";"Lohia";"56545";"1796";"102";"2025-03-21 02:44:49";"System";"2025-03-21 02:44:49";"System"
"740319";"Watopute";"Watopute";"56545";"1796";"102";"2025-03-21 02:44:49";"System";"2025-03-21 02:44:49";"System"
"740320";"Kontunaga";"Kontunaga";"56545";"1796";"102";"2025-03-21 02:44:49";"System";"2025-03-21 02:44:49";"System"
"740323";"Kabangka";"Kabangka";"56545";"1796";"102";"2025-03-21 02:44:49";"System";"2025-03-21 02:44:49";"System"
"740324";"Kabawo";"Kabawo";"56545";"1796";"102";"2025-03-21 02:44:49";"System";"2025-03-21 02:44:49";"System"
"740325";"Parigi";"Parigi";"56545";"1796";"102";"2025-03-21 02:44:49";"System";"2025-03-21 02:44:49";"System"
"740326";"Bone";"Bone";"56545";"1796";"102";"2025-03-21 02:44:49";"System";"2025-03-21 02:44:49";"System"
"740327";"Tongkuno";"Tongkuno";"56545";"1796";"102";"2025-03-21 02:44:49";"System";"2025-03-21 02:44:49";"System"
"740328";"Pasir Putih";"Pasir Putih";"56545";"1796";"102";"2025-03-21 02:44:49";"System";"2025-03-21 02:44:49";"System"
"740330";"Kontu Kowuna";"Kontu Kowuna";"56545";"1796";"102";"2025-03-21 02:44:49";"System";"2025-03-21 02:44:49";"System"
"740331";"Marobo";"Marobo";"56545";"1796";"102";"2025-03-21 02:44:49";"System";"2025-03-21 02:44:49";"System"
"740332";"Tongkuno Selatan";"Tongkuno Selatan";"56545";"1796";"102";"2025-03-21 02:44:49";"System";"2025-03-21 02:44:49";"System"
"740333";"Pasi Kolaga";"Pasi Kolaga";"56545";"1796";"102";"2025-03-21 02:44:49";"System";"2025-03-21 02:44:49";"System"
"740334";"Batukara";"Batukara";"56545";"1796";"102";"2025-03-21 02:44:49";"System";"2025-03-21 02:44:49";"System"
"740337";"Towea";"Towea";"56545";"1796";"102";"2025-03-21 02:44:49";"System";"2025-03-21 02:44:49";"System"
"740411";"Pasarwajo";"Pasarwajo";"56386";"1796";"102";"2025-03-21 02:44:49";"System";"2025-03-21 02:44:49";"System"
"740422";"Kapontori";"Kapontori";"56386";"1796";"102";"2025-03-21 02:44:49";"System";"2025-03-21 02:44:49";"System"
"740423";"Lasalimu";"Lasalimu";"56386";"1796";"102";"2025-03-21 02:44:49";"System";"2025-03-21 02:44:49";"System"
"740424";"Lasalimu Selatan";"Lasalimu Selatan";"56386";"1796";"102";"2025-03-21 02:44:49";"System";"2025-03-21 02:44:49";"System"
"740427";"Siotapina";"Siotapina";"56386";"1796";"102";"2025-03-21 02:44:49";"System";"2025-03-21 02:44:49";"System"
"740428";"Wolowa";"Wolowa";"56386";"1796";"102";"2025-03-21 02:44:49";"System";"2025-03-21 02:44:49";"System"
"740429";"Wabula";"Wabula";"56386";"1796";"102";"2025-03-21 02:44:49";"System";"2025-03-21 02:44:49";"System"
"740501";"Tinanggea";"Tinanggea";"56466";"1796";"102";"2025-03-21 02:44:49";"System";"2025-03-21 02:44:49";"System"
"740502";"Angata";"Angata";"56466";"1796";"102";"2025-03-21 02:44:49";"System";"2025-03-21 02:44:49";"System"
"740503";"Andoolo";"Andoolo";"56466";"1796";"102";"2025-03-21 02:44:49";"System";"2025-03-21 02:44:49";"System"
"740504";"Palangga";"Palangga";"56466";"1796";"102";"2025-03-21 02:44:49";"System";"2025-03-21 02:44:49";"System"
"740505";"Landono";"Landono";"56466";"1796";"102";"2025-03-21 02:44:49";"System";"2025-03-21 02:44:49";"System"
"740506";"Lainea";"Lainea";"56466";"1796";"102";"2025-03-21 02:44:49";"System";"2025-03-21 02:44:49";"System"
"740507";"Konda";"Konda";"56466";"1796";"102";"2025-03-21 02:44:49";"System";"2025-03-21 02:44:49";"System"
"740508";"Ranomeeto";"Ranomeeto";"56466";"1796";"102";"2025-03-21 02:44:49";"System";"2025-03-21 02:44:49";"System"
"740509";"Kolono";"Kolono";"56466";"1796";"102";"2025-03-21 02:44:49";"System";"2025-03-21 02:44:49";"System"
"740510";"Moramo";"Moramo";"56466";"1796";"102";"2025-03-21 02:44:49";"System";"2025-03-21 02:44:49";"System"
"740511";"Laonti";"Laonti";"56466";"1796";"102";"2025-03-21 02:44:49";"System";"2025-03-21 02:44:49";"System"
"740512";"Lalembuu";"Lalembuu";"56466";"1796";"102";"2025-03-21 02:44:49";"System";"2025-03-21 02:44:49";"System"
"740513";"Benua";"Benua";"56466";"1796";"102";"2025-03-21 02:44:49";"System";"2025-03-21 02:44:49";"System"
"740514";"Palangga Selatan";"Palangga Selatan";"56466";"1796";"102";"2025-03-21 02:44:49";"System";"2025-03-21 02:44:49";"System"
"740515";"Mowila";"Mowila";"56466";"1796";"102";"2025-03-21 02:44:49";"System";"2025-03-21 02:44:49";"System"
"740516";"Moramo Utara";"Moramo Utara";"56466";"1796";"102";"2025-03-21 02:44:49";"System";"2025-03-21 02:44:49";"System"
"740517";"Buke";"Buke";"56466";"1796";"102";"2025-03-21 02:44:49";"System";"2025-03-21 02:44:49";"System"
"740518";"Wolasi";"Wolasi";"56466";"1796";"102";"2025-03-21 02:44:49";"System";"2025-03-21 02:44:49";"System"
"740519";"Laeya";"Laeya";"56466";"1796";"102";"2025-03-21 02:44:49";"System";"2025-03-21 02:44:49";"System"
"740520";"Baito";"Baito";"56466";"1796";"102";"2025-03-21 02:44:49";"System";"2025-03-21 02:44:49";"System"
"740521";"Basala";"Basala";"56466";"1796";"102";"2025-03-21 02:44:49";"System";"2025-03-21 02:44:49";"System"
"740522";"Ranomeeto Barat";"Ranomeeto Barat";"56466";"1796";"102";"2025-03-21 02:44:49";"System";"2025-03-21 02:44:49";"System"
"740601";"Poleang";"Poleang";"56372";"1796";"102";"2025-03-21 02:44:49";"System";"2025-03-21 02:44:49";"System"
"740602";"Poleang Timur";"Poleang Timur";"56372";"1796";"102";"2025-03-21 02:44:49";"System";"2025-03-21 02:44:49";"System"
"740603";"Rarowatu";"Rarowatu";"56372";"1796";"102";"2025-03-21 02:44:49";"System";"2025-03-21 02:44:49";"System"
"740604";"Rumbia";"Rumbia";"56372";"1796";"102";"2025-03-21 02:44:49";"System";"2025-03-21 02:44:49";"System"
"740605";"Kabaena";"Kabaena";"56372";"1796";"102";"2025-03-21 02:44:49";"System";"2025-03-21 02:44:49";"System"
"740606";"Kabaena Timur";"Kabaena Timur";"56372";"1796";"102";"2025-03-21 02:44:49";"System";"2025-03-21 02:44:49";"System"
"740607";"Poleang Barat";"Poleang Barat";"56372";"1796";"102";"2025-03-21 02:44:49";"System";"2025-03-21 02:44:49";"System"
"740608";"Mata Oleo";"Mata Oleo";"56372";"1796";"102";"2025-03-21 02:44:49";"System";"2025-03-21 02:44:49";"System"
"740609";"Rarowatu Utara";"Rarowatu Utara";"56372";"1796";"102";"2025-03-21 02:44:49";"System";"2025-03-21 02:44:49";"System"
"740610";"Poleang Utara";"Poleang Utara";"56372";"1796";"102";"2025-03-21 02:44:49";"System";"2025-03-21 02:44:49";"System"
"740611";"Poleang Selatan";"Poleang Selatan";"56372";"1796";"102";"2025-03-21 02:44:49";"System";"2025-03-21 02:44:49";"System"
"740612";"Poleang Tenggara";"Poleang Tenggara";"56372";"1796";"102";"2025-03-21 02:44:49";"System";"2025-03-21 02:44:49";"System"
"740613";"Kabaena Selatan";"Kabaena Selatan";"56372";"1796";"102";"2025-03-21 02:44:49";"System";"2025-03-21 02:44:49";"System"
"740614";"Kabaena Barat";"Kabaena Barat";"56372";"1796";"102";"2025-03-21 02:44:49";"System";"2025-03-21 02:44:49";"System"
"740615";"Kabaena Utara";"Kabaena Utara";"56372";"1796";"102";"2025-03-21 02:44:49";"System";"2025-03-21 02:44:49";"System"
"740616";"Kabaena Tengah";"Kabaena Tengah";"56372";"1796";"102";"2025-03-21 02:44:49";"System";"2025-03-21 02:44:49";"System"
"740617";"Kep. Masaloka Raya";"Kep. Masaloka Raya";"56372";"1796";"102";"2025-03-21 02:44:49";"System";"2025-03-21 02:44:49";"System"
"740618";"Rumbia Tengah";"Rumbia Tengah";"56372";"1796";"102";"2025-03-21 02:44:49";"System";"2025-03-21 02:44:49";"System"
"740619";"Poleang Tengah";"Poleang Tengah";"56372";"1796";"102";"2025-03-21 02:44:49";"System";"2025-03-21 02:44:49";"System"
"740620";"Tontonunu";"Tontonunu";"56372";"1796";"102";"2025-03-21 02:44:49";"System";"2025-03-21 02:44:49";"System"
"740621";"Lantari Jaya";"Lantari Jaya";"56372";"1796";"102";"2025-03-21 02:44:49";"System";"2025-03-21 02:44:49";"System"
"740622";"Mata Usu";"Mata Usu";"56372";"1796";"102";"2025-03-21 02:44:49";"System";"2025-03-21 02:44:49";"System"
"740701";"Wangi-Wangi";"Wangi-Wangi";"148803";"1796";"102";"2025-03-21 02:44:49";"System";"2025-03-21 02:44:49";"System"
"740702";"Kaledupa";"Kaledupa";"148803";"1796";"102";"2025-03-21 02:44:49";"System";"2025-03-21 02:44:49";"System"
"740703";"Tomia";"Tomia";"148803";"1796";"102";"2025-03-21 02:44:49";"System";"2025-03-21 02:44:49";"System"
"740704";"Binongko";"Binongko";"148803";"1796";"102";"2025-03-21 02:44:49";"System";"2025-03-21 02:44:49";"System"
"740705";"Wangi Wangi Selatan";"Wangi Wangi Selatan";"148803";"1796";"102";"2025-03-21 02:44:49";"System";"2025-03-21 02:44:49";"System"
"740706";"Kaledupa Selatan";"Kaledupa Selatan";"148803";"1796";"102";"2025-03-21 02:44:49";"System";"2025-03-21 02:44:49";"System"
"740707";"Tomia Timur";"Tomia Timur";"148803";"1796";"102";"2025-03-21 02:44:49";"System";"2025-03-21 02:44:49";"System"
"740708";"Togo Binongko";"Togo Binongko";"148803";"1796";"102";"2025-03-21 02:44:49";"System";"2025-03-21 02:44:49";"System"
"740801";"Lasusua";"Lasusua";"56463";"1796";"102";"2025-03-21 02:44:49";"System";"2025-03-21 02:44:49";"System"
"740802";"Pakue";"Pakue";"56463";"1796";"102";"2025-03-21 02:44:49";"System";"2025-03-21 02:44:49";"System"
"740803";"Batu Putih";"Batu Putih";"56463";"1796";"102";"2025-03-21 02:44:49";"System";"2025-03-21 02:44:49";"System"
"740804";"Rante Angin";"Rante Angin";"56463";"1796";"102";"2025-03-21 02:44:49";"System";"2025-03-21 02:44:49";"System"
"740805";"Kodeoha";"Kodeoha";"56463";"1796";"102";"2025-03-21 02:44:49";"System";"2025-03-21 02:44:49";"System"
"740806";"Ngapa";"Ngapa";"56463";"1796";"102";"2025-03-21 02:44:49";"System";"2025-03-21 02:44:49";"System"
"740807";"Wawo";"Wawo";"56463";"1796";"102";"2025-03-21 02:44:49";"System";"2025-03-21 02:44:49";"System"
"740808";"Lambai";"Lambai";"56463";"1796";"102";"2025-03-21 02:44:49";"System";"2025-03-21 02:44:49";"System"
"740809";"Watunohu";"Watunohu";"56463";"1796";"102";"2025-03-21 02:44:49";"System";"2025-03-21 02:44:49";"System"
"740810";"Pakue Tengah";"Pakue Tengah";"56463";"1796";"102";"2025-03-21 02:44:49";"System";"2025-03-21 02:44:49";"System"
"740811";"Pakue Utara";"Pakue Utara";"56463";"1796";"102";"2025-03-21 02:44:49";"System";"2025-03-21 02:44:49";"System"
"740812";"Porehu";"Porehu";"56463";"1796";"102";"2025-03-21 02:44:49";"System";"2025-03-21 02:44:49";"System"
"740813";"Tolala";"Tolala";"56463";"1796";"102";"2025-03-21 02:44:49";"System";"2025-03-21 02:44:49";"System"
"740814";"Tiwu";"Tiwu";"56463";"1796";"102";"2025-03-21 02:44:49";"System";"2025-03-21 02:44:49";"System"
"740815";"Katoi";"Katoi";"56463";"1796";"102";"2025-03-21 02:44:49";"System";"2025-03-21 02:44:49";"System"
"740901";"Asera";"Asera";"56467";"1796";"102";"2025-03-21 02:44:49";"System";"2025-03-21 02:44:49";"System"
"740902";"Wiwirano";"Wiwirano";"56467";"1796";"102";"2025-03-21 02:44:49";"System";"2025-03-21 02:44:49";"System"
"740903";"Langgikima";"Langgikima";"56467";"1796";"102";"2025-03-21 02:44:49";"System";"2025-03-21 02:44:49";"System"
"740904";"Molawe";"Molawe";"56467";"1796";"102";"2025-03-21 02:44:49";"System";"2025-03-21 02:44:49";"System"
"740905";"Lasolo";"Lasolo";"56467";"1796";"102";"2025-03-21 02:44:49";"System";"2025-03-21 02:44:49";"System"
"740906";"Lembo";"Lembo";"56467";"1796";"102";"2025-03-21 02:44:49";"System";"2025-03-21 02:44:49";"System"
"740907";"Sawa";"Sawa";"56467";"1796";"102";"2025-03-21 02:44:49";"System";"2025-03-21 02:44:49";"System"
"740908";"Oheo";"Oheo";"56467";"1796";"102";"2025-03-21 02:44:49";"System";"2025-03-21 02:44:49";"System"
"740909";"Andowia";"Andowia";"56467";"1796";"102";"2025-03-21 02:44:49";"System";"2025-03-21 02:44:49";"System"
"740910";"Motui";"Motui";"56467";"1796";"102";"2025-03-21 02:44:49";"System";"2025-03-21 02:44:49";"System"
"740911";"Wawolesea";"Wawolesea";"56467";"1796";"102";"2025-03-21 02:44:49";"System";"2025-03-21 02:44:49";"System"
"740912";"Lasolo Kepulauan";"Lasolo Kepulauan";"56467";"1796";"102";"2025-03-21 02:44:49";"System";"2025-03-21 02:44:49";"System"
"740913";"Landawe";"Landawe";"56467";"1796";"102";"2025-03-21 02:44:49";"System";"2025-03-21 02:44:49";"System"
"741001";"Kulisusu";"Kulisusu";"56389";"1796";"102";"2025-03-21 02:44:49";"System";"2025-03-21 02:44:49";"System"
"741002";"Kambowa";"Kambowa";"56389";"1796";"102";"2025-03-21 02:44:49";"System";"2025-03-21 02:44:49";"System"
"741003";"Bonegunu";"Bonegunu";"56389";"1796";"102";"2025-03-21 02:44:49";"System";"2025-03-21 02:44:49";"System"
"741004";"Kulisusu Barat";"Kulisusu Barat";"56389";"1796";"102";"2025-03-21 02:44:49";"System";"2025-03-21 02:44:49";"System"
"741005";"Kulisusu Utara";"Kulisusu Utara";"56389";"1796";"102";"2025-03-21 02:44:49";"System";"2025-03-21 02:44:49";"System"
"741006";"Wakorumba Utara";"Wakorumba Utara";"56389";"1796";"102";"2025-03-21 02:44:49";"System";"2025-03-21 02:44:49";"System"
"741101";"Tirawuta";"Tirawuta";"56462";"1796";"102";"2025-03-21 02:44:49";"System";"2025-03-21 02:44:49";"System"
"741102";"Loea";"Loea";"56462";"1796";"102";"2025-03-21 02:44:49";"System";"2025-03-21 02:44:49";"System"
"741103";"Ladongi";"Ladongi";"56462";"1796";"102";"2025-03-21 02:44:49";"System";"2025-03-21 02:44:49";"System"
"741104";"Poli Polia";"Poli Polia";"56462";"1796";"102";"2025-03-21 02:44:49";"System";"2025-03-21 02:44:49";"System"
"741105";"Lambandia";"Lambandia";"56462";"1796";"102";"2025-03-21 02:44:49";"System";"2025-03-21 02:44:49";"System"
"741106";"Lalolae";"Lalolae";"56462";"1796";"102";"2025-03-21 02:44:49";"System";"2025-03-21 02:44:49";"System"
"741107";"Mowewe";"Mowewe";"56462";"1796";"102";"2025-03-21 02:44:49";"System";"2025-03-21 02:44:49";"System"
"741108";"Uluiwoi";"Uluiwoi";"56462";"1796";"102";"2025-03-21 02:44:49";"System";"2025-03-21 02:44:49";"System"
"741109";"Tinondo";"Tinondo";"56462";"1796";"102";"2025-03-21 02:44:49";"System";"2025-03-21 02:44:49";"System"
"741110";"Aere";"Aere";"56462";"1796";"102";"2025-03-21 02:44:49";"System";"2025-03-21 02:44:49";"System"
"741111";"Ueesi";"Ueesi";"56462";"1796";"102";"2025-03-21 02:44:49";"System";"2025-03-21 02:44:49";"System"
"741112";"Dangia";"Dangia";"56462";"1796";"102";"2025-03-21 02:44:49";"System";"2025-03-21 02:44:49";"System"
"741201";"Wawonii Barat";"Wawonii Barat";"56465";"1796";"102";"2025-03-21 02:44:49";"System";"2025-03-21 02:44:49";"System"
"741202";"Wawonii Utara";"Wawonii Utara";"56465";"1796";"102";"2025-03-21 02:44:49";"System";"2025-03-21 02:44:49";"System"
"741203";"Wawonii Timur Laut";"Wawonii Timur Laut";"56465";"1796";"102";"2025-03-21 02:44:49";"System";"2025-03-21 02:44:49";"System"
"741204";"Wawonii Timur";"Wawonii Timur";"56465";"1796";"102";"2025-03-21 02:44:49";"System";"2025-03-21 02:44:49";"System"
"741205";"Wawonii Tenggara";"Wawonii Tenggara";"56465";"1796";"102";"2025-03-21 02:44:49";"System";"2025-03-21 02:44:49";"System"
"741206";"Wawonii Selatan";"Wawonii Selatan";"56465";"1796";"102";"2025-03-21 02:44:49";"System";"2025-03-21 02:44:49";"System"
"741207";"Wawonii Tengah";"Wawonii Tengah";"56465";"1796";"102";"2025-03-21 02:44:49";"System";"2025-03-21 02:44:49";"System"
"741301";"Sawerigadi";"Sawerigadi";"56546";"1796";"102";"2025-03-21 02:44:49";"System";"2025-03-21 02:44:49";"System"
"741302";"Barangka";"Barangka";"56546";"1796";"102";"2025-03-21 02:44:49";"System";"2025-03-21 02:44:49";"System"
"741303";"Lawa";"Lawa";"56546";"1796";"102";"2025-03-21 02:44:49";"System";"2025-03-21 02:44:49";"System"
"741304";"Wadaga";"Wadaga";"56546";"1796";"102";"2025-03-21 02:44:49";"System";"2025-03-21 02:44:49";"System"
"741305";"Tiworo Selatan";"Tiworo Selatan";"56546";"1796";"102";"2025-03-21 02:44:49";"System";"2025-03-21 02:44:49";"System"
"741306";"Maginti";"Maginti";"56546";"1796";"102";"2025-03-21 02:44:49";"System";"2025-03-21 02:44:49";"System"
"741307";"Tiworo Tengah";"Tiworo Tengah";"56546";"1796";"102";"2025-03-21 02:44:49";"System";"2025-03-21 02:44:49";"System"
"741308";"Tiworo Utara";"Tiworo Utara";"56546";"1796";"102";"2025-03-21 02:44:49";"System";"2025-03-21 02:44:49";"System"
"741309";"Tiworo Kepulauan";"Tiworo Kepulauan";"56546";"1796";"102";"2025-03-21 02:44:49";"System";"2025-03-21 02:44:49";"System"
"741310";"Kusambi";"Kusambi";"56546";"1796";"102";"2025-03-21 02:44:49";"System";"2025-03-21 02:44:49";"System"
"741311";"Napano Kusambi";"Napano Kusambi";"56546";"1796";"102";"2025-03-21 02:44:49";"System";"2025-03-21 02:44:49";"System"
"741401";"Lakudo";"Lakudo";"56388";"1796";"102";"2025-03-21 02:44:49";"System";"2025-03-21 02:44:49";"System"
"741402";"Mawasangka Timur";"Mawasangka Timur";"56388";"1796";"102";"2025-03-21 02:44:49";"System";"2025-03-21 02:44:49";"System"
"741403";"Mawasangka Tengah";"Mawasangka Tengah";"56388";"1796";"102";"2025-03-21 02:44:49";"System";"2025-03-21 02:44:49";"System"
"741404";"Mawasangka";"Mawasangka";"56388";"1796";"102";"2025-03-21 02:44:49";"System";"2025-03-21 02:44:49";"System"
"741405";"Talaga Raya";"Talaga Raya";"56388";"1796";"102";"2025-03-21 02:44:49";"System";"2025-03-21 02:44:49";"System"
"741406";"Gu";"Gu";"56388";"1796";"102";"2025-03-21 02:44:49";"System";"2025-03-21 02:44:49";"System"
"741407";"Sangia Wambulu";"Sangia Wambulu";"56388";"1796";"102";"2025-03-21 02:44:49";"System";"2025-03-21 02:44:49";"System"
"741501";"Batauga";"Batauga";"56387";"1796";"102";"2025-03-21 02:44:49";"System";"2025-03-21 02:44:49";"System"
"741502";"Sampolawa";"Sampolawa";"56387";"1796";"102";"2025-03-21 02:44:49";"System";"2025-03-21 02:44:49";"System"
"741503";"Lapandewa";"Lapandewa";"56387";"1796";"102";"2025-03-21 02:44:49";"System";"2025-03-21 02:44:49";"System"
"741504";"Batu Atas";"Batu Atas";"56387";"1796";"102";"2025-03-21 02:44:49";"System";"2025-03-21 02:44:49";"System"
"741505";"Siompu Barat";"Siompu Barat";"56387";"1796";"102";"2025-03-21 02:44:49";"System";"2025-03-21 02:44:49";"System"
"741506";"Siompu";"Siompu";"56387";"1796";"102";"2025-03-21 02:44:49";"System";"2025-03-21 02:44:49";"System"
"741507";"Kadatua";"Kadatua";"56387";"1796";"102";"2025-03-21 02:44:49";"System";"2025-03-21 02:44:49";"System"
"747101";"Mandonga";"Mandonga";"56758";"1796";"102";"2025-03-21 02:44:49";"System";"2025-03-21 02:44:49";"System"
"747102";"Kendari";"Kendari";"56758";"1796";"102";"2025-03-21 02:44:49";"System";"2025-03-21 02:44:49";"System"
"747103";"Baruga";"Baruga";"56758";"1796";"102";"2025-03-21 02:44:49";"System";"2025-03-21 02:44:49";"System"
"747104";"Poasia";"Poasia";"56758";"1796";"102";"2025-03-21 02:44:49";"System";"2025-03-21 02:44:49";"System"
"747105";"Kendari Barat";"Kendari Barat";"56758";"1796";"102";"2025-03-21 02:44:49";"System";"2025-03-21 02:44:49";"System"
"747106";"Abeli";"Abeli";"56758";"1796";"102";"2025-03-21 02:44:49";"System";"2025-03-21 02:44:49";"System"
"747107";"Wua-Wua";"Wua-Wua";"56758";"1796";"102";"2025-03-21 02:44:49";"System";"2025-03-21 02:44:49";"System"
"747108";"Kadia";"Kadia";"56758";"1796";"102";"2025-03-21 02:44:49";"System";"2025-03-21 02:44:49";"System"
"747109";"Puuwatu";"Puuwatu";"56758";"1796";"102";"2025-03-21 02:44:49";"System";"2025-03-21 02:44:49";"System"
"747110";"Kambu";"Kambu";"56758";"1796";"102";"2025-03-21 02:44:49";"System";"2025-03-21 02:44:49";"System"
"747201";"Betoambari";"Betoambari";"0";"0";"102";"2025-03-21 02:44:49";"System";"2025-03-21 02:44:49";"System"
"747202";"Wolio";"Wolio";"0";"0";"102";"2025-03-21 02:44:49";"System";"2025-03-21 02:44:49";"System"
"747203";"Sora Walio";"Sora Walio";"0";"0";"102";"2025-03-21 02:44:49";"System";"2025-03-21 02:44:49";"System"
"747204";"Bungi";"Bungi";"0";"0";"102";"2025-03-21 02:44:49";"System";"2025-03-21 02:44:49";"System"
"747205";"Kokalukuna";"Kokalukuna";"0";"0";"102";"2025-03-21 02:44:49";"System";"2025-03-21 02:44:49";"System"
"747206";"Murhum";"Murhum";"0";"0";"102";"2025-03-21 02:44:49";"System";"2025-03-21 02:44:49";"System"
"747207";"Lea-Lea";"Lea-Lea";"0";"0";"102";"2025-03-21 02:44:49";"System";"2025-03-21 02:44:49";"System"
"747208";"Batupoaro";"Batupoaro";"0";"0";"102";"2025-03-21 02:44:49";"System";"2025-03-21 02:44:49";"System"
"750101";"Limboto";"Limboto";"56410";"1812";"102";"2025-03-21 02:44:49";"System";"2025-03-21 02:44:49";"System"
"750102";"Telaga";"Telaga";"56410";"1812";"102";"2025-03-21 02:44:49";"System";"2025-03-21 02:44:49";"System"
"750103";"Batudaa";"Batudaa";"56410";"1812";"102";"2025-03-21 02:44:49";"System";"2025-03-21 02:44:49";"System"
"750104";"Tibawa";"Tibawa";"56410";"1812";"102";"2025-03-21 02:44:49";"System";"2025-03-21 02:44:49";"System"
"750105";"Batudaa Pantai";"Batudaa Pantai";"56410";"1812";"102";"2025-03-21 02:44:49";"System";"2025-03-21 02:44:49";"System"
"750109";"Boliyohuto";"Boliyohuto";"56410";"1812";"102";"2025-03-21 02:44:49";"System";"2025-03-21 02:44:49";"System"
"750110";"Telaga Biru";"Telaga Biru";"56410";"1812";"102";"2025-03-21 02:44:49";"System";"2025-03-21 02:44:49";"System"
"750111";"Bongomeme";"Bongomeme";"56410";"1812";"102";"2025-03-21 02:44:49";"System";"2025-03-21 02:44:49";"System"
"750113";"Tolangohula";"Tolangohula";"56410";"1812";"102";"2025-03-21 02:44:49";"System";"2025-03-21 02:44:49";"System"
"750114";"Mootilango";"Mootilango";"56410";"1812";"102";"2025-03-21 02:44:49";"System";"2025-03-21 02:44:49";"System"
"750116";"Pulubala";"Pulubala";"56410";"1812";"102";"2025-03-21 02:44:49";"System";"2025-03-21 02:44:49";"System"
"750117";"Limboto Barat";"Limboto Barat";"56410";"1812";"102";"2025-03-21 02:44:49";"System";"2025-03-21 02:44:49";"System"
"750118";"Tilango";"Tilango";"56410";"1812";"102";"2025-03-21 02:44:49";"System";"2025-03-21 02:44:49";"System"
"750119";"Tabongo";"Tabongo";"56410";"1812";"102";"2025-03-21 02:44:49";"System";"2025-03-21 02:44:49";"System"
"750120";"Biluhu";"Biluhu";"56410";"1812";"102";"2025-03-21 02:44:49";"System";"2025-03-21 02:44:49";"System"
"750121";"Asparaga";"Asparaga";"56410";"1812";"102";"2025-03-21 02:44:49";"System";"2025-03-21 02:44:49";"System"
"750122";"Talaga Jaya";"Talaga Jaya";"56410";"1812";"102";"2025-03-21 02:44:49";"System";"2025-03-21 02:44:49";"System"
"750123";"Bilato";"Bilato";"56410";"1812";"102";"2025-03-21 02:44:49";"System";"2025-03-21 02:44:49";"System"
"750124";"Dungaliyo";"Dungaliyo";"56410";"1812";"102";"2025-03-21 02:44:49";"System";"2025-03-21 02:44:49";"System"
"750201";"Paguyaman";"Paguyaman";"56365";"1812";"102";"2025-03-21 02:44:49";"System";"2025-03-21 02:44:49";"System"
"750202";"Wonosari";"Wonosari";"56365";"1812";"102";"2025-03-21 02:44:49";"System";"2025-03-21 02:44:49";"System"
"750203";"Dulupi";"Dulupi";"56365";"1812";"102";"2025-03-21 02:44:49";"System";"2025-03-21 02:44:49";"System"
"750204";"Tilamuta";"Tilamuta";"56365";"1812";"102";"2025-03-21 02:44:49";"System";"2025-03-21 02:44:49";"System"
"750205";"Mananggu";"Mananggu";"56365";"1812";"102";"2025-03-21 02:44:49";"System";"2025-03-21 02:44:49";"System"
"750206";"Botumoita";"Botumoita";"56365";"1812";"102";"2025-03-21 02:44:49";"System";"2025-03-21 02:44:49";"System"
"750207";"Paguyaman Pantai";"Paguyaman Pantai";"56365";"1812";"102";"2025-03-21 02:44:49";"System";"2025-03-21 02:44:49";"System"
"750301";"Tapa";"Tapa";"56375";"1812";"102";"2025-03-21 02:44:49";"System";"2025-03-21 02:44:49";"System"
"750302";"Kabila";"Kabila";"56375";"1812";"102";"2025-03-21 02:44:49";"System";"2025-03-21 02:44:49";"System"
"750303";"Suwawa";"Suwawa";"56375";"1812";"102";"2025-03-21 02:44:49";"System";"2025-03-21 02:44:49";"System"
"750304";"Bonepantai";"Bonepantai";"56375";"1812";"102";"2025-03-21 02:44:49";"System";"2025-03-21 02:44:49";"System"
"750305";"Bulango Utara";"Bulango Utara";"56375";"1812";"102";"2025-03-21 02:44:49";"System";"2025-03-21 02:44:49";"System"
"750306";"Tilongkabila";"Tilongkabila";"56375";"1812";"102";"2025-03-21 02:44:49";"System";"2025-03-21 02:44:49";"System"
"750307";"Botupingge";"Botupingge";"56375";"1812";"102";"2025-03-21 02:44:49";"System";"2025-03-21 02:44:49";"System"
"750308";"Kabila Bone";"Kabila Bone";"56375";"1812";"102";"2025-03-21 02:44:49";"System";"2025-03-21 02:44:49";"System"
"750309";"Bone";"Bone";"56375";"1812";"102";"2025-03-21 02:44:49";"System";"2025-03-21 02:44:49";"System"
"750310";"Bone Raya";"Bone Raya";"56375";"1812";"102";"2025-03-21 02:44:49";"System";"2025-03-21 02:44:49";"System"
"750311";"Suwawa Timur";"Suwawa Timur";"56375";"1812";"102";"2025-03-21 02:44:49";"System";"2025-03-21 02:44:49";"System"
"750312";"Suwawa Selatan";"Suwawa Selatan";"56375";"1812";"102";"2025-03-21 02:44:49";"System";"2025-03-21 02:44:49";"System"
"750313";"Suwawa Tengah";"Suwawa Tengah";"56375";"1812";"102";"2025-03-21 02:44:49";"System";"2025-03-21 02:44:49";"System"
"750314";"Bulango Ulu";"Bulango Ulu";"56375";"1812";"102";"2025-03-21 02:44:49";"System";"2025-03-21 02:44:49";"System"
"750315";"Bulango Selatan";"Bulango Selatan";"56375";"1812";"102";"2025-03-21 02:44:49";"System";"2025-03-21 02:44:49";"System"
"750316";"Bulango Timur";"Bulango Timur";"56375";"1812";"102";"2025-03-21 02:44:49";"System";"2025-03-21 02:44:49";"System"
"750317";"Bulawa";"Bulawa";"56375";"1812";"102";"2025-03-21 02:44:49";"System";"2025-03-21 02:44:49";"System"
"750318";"Pinogu";"Pinogu";"56375";"1812";"102";"2025-03-21 02:44:49";"System";"2025-03-21 02:44:49";"System"
"750401";"Popayato";"Popayato";"0";"0";"102";"2025-03-21 02:44:49";"System";"2025-03-21 02:44:49";"System"
"750402";"Lemito";"Lemito";"0";"0";"102";"2025-03-21 02:44:49";"System";"2025-03-21 02:44:49";"System"
"750403";"Randangan";"Randangan";"0";"0";"102";"2025-03-21 02:44:49";"System";"2025-03-21 02:44:49";"System"
"750404";"Marisa";"Marisa";"0";"0";"102";"2025-03-21 02:44:49";"System";"2025-03-21 02:44:49";"System"
"750405";"Paguat";"Paguat";"0";"0";"102";"2025-03-21 02:44:49";"System";"2025-03-21 02:44:49";"System"
"750406";"Patilanggio";"Patilanggio";"0";"0";"102";"2025-03-21 02:44:49";"System";"2025-03-21 02:44:49";"System"
"750407";"Taluditi";"Taluditi";"0";"0";"102";"2025-03-21 02:44:49";"System";"2025-03-21 02:44:49";"System"
"750408";"Dengilo";"Dengilo";"0";"0";"102";"2025-03-21 02:44:49";"System";"2025-03-21 02:44:49";"System"
"750409";"Buntulia";"Buntulia";"0";"0";"102";"2025-03-21 02:44:49";"System";"2025-03-21 02:44:49";"System"
"750410";"Duhiadaa";"Duhiadaa";"0";"0";"102";"2025-03-21 02:44:49";"System";"2025-03-21 02:44:49";"System"
"750411";"Wanggarasi";"Wanggarasi";"0";"0";"102";"2025-03-21 02:44:49";"System";"2025-03-21 02:44:49";"System"
"750412";"Popayato Timur";"Popayato Timur";"0";"0";"102";"2025-03-21 02:44:49";"System";"2025-03-21 02:44:49";"System"
"750413";"Popayato Barat";"Popayato Barat";"0";"0";"102";"2025-03-21 02:44:49";"System";"2025-03-21 02:44:49";"System"
"750501";"Atinggola";"Atinggola";"56411";"1812";"102";"2025-03-21 02:44:49";"System";"2025-03-21 02:44:49";"System"
"750502";"Kwandang";"Kwandang";"56411";"1812";"102";"2025-03-21 02:44:49";"System";"2025-03-21 02:44:49";"System"
"750503";"Anggrek";"Anggrek";"56411";"1812";"102";"2025-03-21 02:44:49";"System";"2025-03-21 02:44:49";"System"
"750504";"Sumalata";"Sumalata";"56411";"1812";"102";"2025-03-21 02:44:49";"System";"2025-03-21 02:44:49";"System"
"750505";"Tolinggula";"Tolinggula";"56411";"1812";"102";"2025-03-21 02:44:49";"System";"2025-03-21 02:44:49";"System"
"750506";"Gentuma Raya";"Gentuma Raya";"56411";"1812";"102";"2025-03-21 02:44:49";"System";"2025-03-21 02:44:49";"System"
"750507";"Tomolito";"Tomolito";"56411";"1812";"102";"2025-03-21 02:44:49";"System";"2025-03-21 02:44:49";"System"
"750508";"Ponelo Kepulauan";"Ponelo Kepulauan";"56411";"1812";"102";"2025-03-21 02:44:49";"System";"2025-03-21 02:44:49";"System"
"750509";"Monano";"Monano";"56411";"1812";"102";"2025-03-21 02:44:49";"System";"2025-03-21 02:44:49";"System"
"750510";"Biau";"Biau";"56411";"1812";"102";"2025-03-21 02:44:49";"System";"2025-03-21 02:44:49";"System"
"750511";"Sumalata Timur";"Sumalata Timur";"56411";"1812";"102";"2025-03-21 02:44:49";"System";"2025-03-21 02:44:49";"System"
"757101";"Kota Barat";"Kota Barat";"56753";"1812";"102";"2025-03-21 02:44:49";"System";"2025-03-21 02:44:49";"System"
"757102";"Kota Selatan";"Kota Selatan";"56753";"1812";"102";"2025-03-21 02:44:49";"System";"2025-03-21 02:44:49";"System"
"757103";"Kota Utara";"Kota Utara";"56753";"1812";"102";"2025-03-21 02:44:49";"System";"2025-03-21 02:44:49";"System"
"757104";"Dungingi";"Dungingi";"56753";"1812";"102";"2025-03-21 02:44:49";"System";"2025-03-21 02:44:49";"System"
"757105";"Kota Timur";"Kota Timur";"56753";"1812";"102";"2025-03-21 02:44:49";"System";"2025-03-21 02:44:49";"System"
"757106";"Kota Tengah";"Kota Tengah";"56753";"1812";"102";"2025-03-21 02:44:49";"System";"2025-03-21 02:44:49";"System"
"757107";"Sipatana";"Sipatana";"56753";"1812";"102";"2025-03-21 02:44:49";"System";"2025-03-21 02:44:49";"System"
"757108";"Dumbo Raya";"Dumbo Raya";"56753";"1812";"102";"2025-03-21 02:44:49";"System";"2025-03-21 02:44:49";"System"
"757109";"Hulonthalangi";"Hulonthalangi";"56753";"1812";"102";"2025-03-21 02:44:49";"System";"2025-03-21 02:44:49";"System"
"760101";"Bambalamotu";"Bambalamotu";"56522";"1817";"102";"2025-03-21 02:44:49";"System";"2025-03-21 02:44:49";"System"
"760102";"Pasangkayu";"Pasangkayu";"56522";"1817";"102";"2025-03-21 02:44:49";"System";"2025-03-21 02:44:49";"System"
"760103";"Baras";"Baras";"56522";"1817";"102";"2025-03-21 02:44:49";"System";"2025-03-21 02:44:49";"System"
"760104";"Sarudu";"Sarudu";"56522";"1817";"102";"2025-03-21 02:44:49";"System";"2025-03-21 02:44:49";"System"
"760105";"Dapurang";"Dapurang";"56522";"1817";"102";"2025-03-21 02:44:49";"System";"2025-03-21 02:44:49";"System"
"760106";"Duripoku";"Duripoku";"56522";"1817";"102";"2025-03-21 02:44:49";"System";"2025-03-21 02:44:49";"System"
"760107";"Bulu Taba";"Bulu Taba";"56522";"1817";"102";"2025-03-21 02:44:49";"System";"2025-03-21 02:44:49";"System"
"760108";"Tikke Raya";"Tikke Raya";"56522";"1817";"102";"2025-03-21 02:44:49";"System";"2025-03-21 02:44:49";"System"
"760109";"Pedongga";"Pedongga";"56522";"1817";"102";"2025-03-21 02:44:49";"System";"2025-03-21 02:44:49";"System"
"760110";"Bambaira";"Bambaira";"56522";"1817";"102";"2025-03-21 02:44:49";"System";"2025-03-21 02:44:49";"System"
"760111";"Sarjo";"Sarjo";"56522";"1817";"102";"2025-03-21 02:44:49";"System";"2025-03-21 02:44:49";"System"
"760112";"Lariang";"Lariang";"56522";"1817";"102";"2025-03-21 02:44:49";"System";"2025-03-21 02:44:49";"System"
"760201";"Mamuju";"Mamuju";"56520";"1817";"102";"2025-03-21 02:44:49";"System";"2025-03-21 02:44:49";"System"
"760202";"Tapalang";"Tapalang";"56520";"1817";"102";"2025-03-21 02:44:49";"System";"2025-03-21 02:44:49";"System"
"760203";"Kalukku";"Kalukku";"56520";"1817";"102";"2025-03-21 02:44:49";"System";"2025-03-21 02:44:49";"System"
"760204";"Kalumpang";"Kalumpang";"56520";"1817";"102";"2025-03-21 02:44:49";"System";"2025-03-21 02:44:49";"System"
"760207";"Papalang";"Papalang";"56520";"1817";"102";"2025-03-21 02:44:49";"System";"2025-03-21 02:44:49";"System"
"760208";"Sampaga";"Sampaga";"56520";"1817";"102";"2025-03-21 02:44:49";"System";"2025-03-21 02:44:49";"System"
"760211";"Tommo";"Tommo";"56520";"1817";"102";"2025-03-21 02:44:49";"System";"2025-03-21 02:44:49";"System"
"760212";"Simboro dan Kepulauan";"Simboro dan Kepulauan";"56520";"1817";"102";"2025-03-21 02:44:49";"System";"2025-03-21 02:44:49";"System"
"760213";"Tapalang Barat";"Tapalang Barat";"56520";"1817";"102";"2025-03-21 02:44:49";"System";"2025-03-21 02:44:49";"System"
"760215";"Bonehau";"Bonehau";"56520";"1817";"102";"2025-03-21 02:44:49";"System";"2025-03-21 02:44:49";"System"
"760216";"Kep. Bala Balakang";"Kep. Bala Balakang";"56520";"1817";"102";"2025-03-21 02:44:49";"System";"2025-03-21 02:44:49";"System"
"760301";"Mambi";"Mambi";"56517";"1817";"102";"2025-03-21 02:44:49";"System";"2025-03-21 02:44:49";"System"
"760302";"Aralle";"Aralle";"56517";"1817";"102";"2025-03-21 02:44:49";"System";"2025-03-21 02:44:49";"System"
"760303";"Mamasa";"Mamasa";"56517";"1817";"102";"2025-03-21 02:44:49";"System";"2025-03-21 02:44:49";"System"
"760304";"Pana";"Pana";"56517";"1817";"102";"2025-03-21 02:44:49";"System";"2025-03-21 02:44:49";"System"
"760305";"Tabulahan";"Tabulahan";"56517";"1817";"102";"2025-03-21 02:44:49";"System";"2025-03-21 02:44:49";"System"
"760306";"Sumarorong";"Sumarorong";"56517";"1817";"102";"2025-03-21 02:44:49";"System";"2025-03-21 02:44:49";"System"
"760307";"Messawa";"Messawa";"56517";"1817";"102";"2025-03-21 02:44:49";"System";"2025-03-21 02:44:49";"System"
"760308";"Sesenapadang";"Sesenapadang";"56517";"1817";"102";"2025-03-21 02:44:49";"System";"2025-03-21 02:44:49";"System"
"760309";"Tanduk Kalua";"Tanduk Kalua";"56517";"1817";"102";"2025-03-21 02:44:49";"System";"2025-03-21 02:44:49";"System"
"760310";"Tabang";"Tabang";"56517";"1817";"102";"2025-03-21 02:44:49";"System";"2025-03-21 02:44:49";"System"
"760311";"Bambang";"Bambang";"56517";"1817";"102";"2025-03-21 02:44:49";"System";"2025-03-21 02:44:49";"System"
"760312";"Balla";"Balla";"56517";"1817";"102";"2025-03-21 02:44:49";"System";"2025-03-21 02:44:49";"System"
"760313";"Nosu";"Nosu";"56517";"1817";"102";"2025-03-21 02:44:49";"System";"2025-03-21 02:44:49";"System"
"760314";"Tawalian";"Tawalian";"56517";"1817";"102";"2025-03-21 02:44:49";"System";"2025-03-21 02:44:49";"System"
"760315";"Rantebulahan Timur";"Rantebulahan Timur";"56517";"1817";"102";"2025-03-21 02:44:49";"System";"2025-03-21 02:44:49";"System"
"760316";"Buntumalangka";"Buntumalangka";"56517";"1817";"102";"2025-03-21 02:44:49";"System";"2025-03-21 02:44:49";"System"
"760317";"Mehalaan";"Mehalaan";"56517";"1817";"102";"2025-03-21 02:44:49";"System";"2025-03-21 02:44:49";"System"
"760401";"Tinambung";"Tinambung";"56596";"1817";"102";"2025-03-21 02:44:49";"System";"2025-03-21 02:44:49";"System"
"760402";"Campalagian";"Campalagian";"56596";"1817";"102";"2025-03-21 02:44:49";"System";"2025-03-21 02:44:49";"System"
"760403";"Wonomulyo";"Wonomulyo";"56596";"1817";"102";"2025-03-21 02:44:49";"System";"2025-03-21 02:44:49";"System"
"760404";"Polewali";"Polewali";"56596";"1817";"102";"2025-03-21 02:44:49";"System";"2025-03-21 02:44:49";"System"
"760405";"Tutar";"Tutar";"56596";"1817";"102";"2025-03-21 02:44:49";"System";"2025-03-21 02:44:49";"System"
"760406";"Binuang";"Binuang";"56596";"1817";"102";"2025-03-21 02:44:49";"System";"2025-03-21 02:44:49";"System"
"760407";"Tapango";"Tapango";"56596";"1817";"102";"2025-03-21 02:44:49";"System";"2025-03-21 02:44:49";"System"
"760408";"Mapilli";"Mapilli";"56596";"1817";"102";"2025-03-21 02:44:49";"System";"2025-03-21 02:44:49";"System"
"760409";"Matangnga";"Matangnga";"56596";"1817";"102";"2025-03-21 02:44:49";"System";"2025-03-21 02:44:49";"System"
"760410";"Luyo";"Luyo";"56596";"1817";"102";"2025-03-21 02:44:49";"System";"2025-03-21 02:44:49";"System"
"760411";"Limboro";"Limboro";"56596";"1817";"102";"2025-03-21 02:44:49";"System";"2025-03-21 02:44:49";"System"
"760412";"Balanipa";"Balanipa";"56596";"1817";"102";"2025-03-21 02:44:49";"System";"2025-03-21 02:44:49";"System"
"760413";"Anreapi";"Anreapi";"56596";"1817";"102";"2025-03-21 02:44:49";"System";"2025-03-21 02:44:49";"System"
"760414";"Matakali";"Matakali";"56596";"1817";"102";"2025-03-21 02:44:49";"System";"2025-03-21 02:44:49";"System"
"760415";"Allu";"Allu";"56596";"1817";"102";"2025-03-21 02:44:49";"System";"2025-03-21 02:44:49";"System"
"760416";"Bulo";"Bulo";"56596";"1817";"102";"2025-03-21 02:44:49";"System";"2025-03-21 02:44:49";"System"
"760501";"Banggae";"Banggae";"56509";"1817";"102";"2025-03-21 02:44:49";"System";"2025-03-21 02:44:49";"System"
"760502";"Pamboang";"Pamboang";"56509";"1817";"102";"2025-03-21 02:44:49";"System";"2025-03-21 02:44:49";"System"
"760503";"Sendana";"Sendana";"56509";"1817";"102";"2025-03-21 02:44:49";"System";"2025-03-21 02:44:49";"System"
"760504";"Malunda";"Malunda";"56509";"1817";"102";"2025-03-21 02:44:49";"System";"2025-03-21 02:44:49";"System"
"760505";"Ulumanda";"Ulumanda";"56509";"1817";"102";"2025-03-21 02:44:49";"System";"2025-03-21 02:44:49";"System"
"760506";"Tammerodo Sendana";"Tammerodo Sendana";"56509";"1817";"102";"2025-03-21 02:44:49";"System";"2025-03-21 02:44:49";"System"
"760507";"Tubo Sendana";"Tubo Sendana";"56509";"1817";"102";"2025-03-21 02:44:49";"System";"2025-03-21 02:44:49";"System"
"760508";"Banggae Timur";"Banggae Timur";"56509";"1817";"102";"2025-03-21 02:44:49";"System";"2025-03-21 02:44:49";"System"
"760601";"Tobadak";"Tobadak";"56521";"1817";"102";"2025-03-21 02:44:49";"System";"2025-03-21 02:44:49";"System"
"760602";"Pangale";"Pangale";"56521";"1817";"102";"2025-03-21 02:44:49";"System";"2025-03-21 02:44:49";"System"
"760603";"Budong-Budong";"Budong-Budong";"56521";"1817";"102";"2025-03-21 02:44:49";"System";"2025-03-21 02:44:49";"System"
"760604";"Topoyo";"Topoyo";"56521";"1817";"102";"2025-03-21 02:44:49";"System";"2025-03-21 02:44:49";"System"
"760605";"Karossa";"Karossa";"56521";"1817";"102";"2025-03-21 02:44:49";"System";"2025-03-21 02:44:49";"System"
"800209";"patani timur";"patani timur";"56418";"1801";"102";"2025-03-21 02:44:49";"System";"2025-03-21 02:44:49";"System"
"810101";"Amahai";"Amahai";"56514";"1800";"102";"2025-03-21 02:44:49";"System";"2025-03-21 02:44:49";"System"
"810102";"Teon Nila Serua";"Teon Nila Serua";"56514";"1800";"102";"2025-03-21 02:44:49";"System";"2025-03-21 02:44:49";"System"
"810106";"Seram Utara";"Seram Utara";"56514";"1800";"102";"2025-03-21 02:44:49";"System";"2025-03-21 02:44:49";"System"
"810109";"Banda";"Banda";"56514";"1800";"102";"2025-03-21 02:44:49";"System";"2025-03-21 02:44:49";"System"
"810111";"Tehoru";"Tehoru";"56514";"1800";"102";"2025-03-21 02:44:49";"System";"2025-03-21 02:44:49";"System"
"810112";"Saparua";"Saparua";"56514";"1800";"102";"2025-03-21 02:44:49";"System";"2025-03-21 02:44:49";"System"
"810113";"Pulau Haruku";"Pulau Haruku";"56514";"1800";"102";"2025-03-21 02:44:49";"System";"2025-03-21 02:44:49";"System"
"810114";"Salahutu";"Salahutu";"56514";"1800";"102";"2025-03-21 02:44:49";"System";"2025-03-21 02:44:49";"System"
"810115";"Leihitu";"Leihitu";"56514";"1800";"102";"2025-03-21 02:44:49";"System";"2025-03-21 02:44:49";"System"
"810116";"Nusa Laut";"Nusa Laut";"56514";"1800";"102";"2025-03-21 02:44:49";"System";"2025-03-21 02:44:49";"System"
"810117";"Kota Masohi";"Kota Masohi";"56514";"1800";"102";"2025-03-21 02:44:49";"System";"2025-03-21 02:44:49";"System"
"810120";"Seram Utara Barat";"Seram Utara Barat";"56514";"1800";"102";"2025-03-21 02:44:49";"System";"2025-03-21 02:44:49";"System"
"810121";"Teluk Elpaputih";"Teluk Elpaputih";"56514";"1800";"102";"2025-03-21 02:44:49";"System";"2025-03-21 02:44:49";"System"
"810122";"Leihitu Barat";"Leihitu Barat";"56514";"1800";"102";"2025-03-21 02:44:49";"System";"2025-03-21 02:44:49";"System"
"810123";"Telutih";"Telutih";"56514";"1800";"102";"2025-03-21 02:44:49";"System";"2025-03-21 02:44:49";"System"
"810124";"Seram Utara Timur Seti";"Seram Utara Timur Seti";"56514";"1800";"102";"2025-03-21 02:44:49";"System";"2025-03-21 02:44:49";"System"
"810125";"Seram Utara Timur Kobi";"Seram Utara Timur Kobi";"56514";"1800";"102";"2025-03-21 02:44:49";"System";"2025-03-21 02:44:49";"System"
"810126";"Saparua Timur";"Saparua Timur";"56514";"1800";"102";"2025-03-21 02:44:49";"System";"2025-03-21 02:44:49";"System"
"810201";"Kei Kecil";"Kei Kecil";"56515";"1800";"102";"2025-03-21 02:44:49";"System";"2025-03-21 02:44:49";"System"
"810203";"Kei Besar";"Kei Besar";"56515";"1800";"102";"2025-03-21 02:44:49";"System";"2025-03-21 02:44:49";"System"
"810204";"Kei Besar Selatan";"Kei Besar Selatan";"56515";"1800";"102";"2025-03-21 02:44:49";"System";"2025-03-21 02:44:49";"System"
"810205";"Kei Besar Utara Timur";"Kei Besar Utara Timur";"56515";"1800";"102";"2025-03-21 02:44:49";"System";"2025-03-21 02:44:49";"System"
"810213";"Kei Kecil Timur";"Kei Kecil Timur";"56515";"1800";"102";"2025-03-21 02:44:49";"System";"2025-03-21 02:44:49";"System"
"810214";"Kei Kecil Barat";"Kei Kecil Barat";"56515";"1800";"102";"2025-03-21 02:44:49";"System";"2025-03-21 02:44:49";"System"
"810215";"Manyeuw";"Manyeuw";"56515";"1800";"102";"2025-03-21 02:44:49";"System";"2025-03-21 02:44:49";"System"
"810216";"Hoat Sorbay";"Hoat Sorbay";"56515";"1800";"102";"2025-03-21 02:44:49";"System";"2025-03-21 02:44:49";"System"
"810217";"Kei Besar Utara Barat";"Kei Besar Utara Barat";"56515";"1800";"102";"2025-03-21 02:44:49";"System";"2025-03-21 02:44:49";"System"
"810218";"Kei Besar Selatan Barat";"Kei Besar Selatan Barat";"56515";"1800";"102";"2025-03-21 02:44:49";"System";"2025-03-21 02:44:49";"System"
"810219";"Kei Kecil Timur Selatan";"Kei Kecil Timur Selatan";"56515";"1800";"102";"2025-03-21 02:44:49";"System";"2025-03-21 02:44:49";"System"
"810301";"Tanimbar Selatan";"Tanimbar Selatan";"56516";"1800";"102";"2025-03-21 02:44:49";"System";"2025-03-21 02:44:49";"System"
"810302";"Selaru";"Selaru";"56516";"1800";"102";"2025-03-21 02:44:49";"System";"2025-03-21 02:44:49";"System"
"810303";"Wer Tamrian";"Wer Tamrian";"56516";"1800";"102";"2025-03-21 02:44:49";"System";"2025-03-21 02:44:49";"System"
"810304";"Wer Maktian";"Wer Maktian";"56516";"1800";"102";"2025-03-21 02:44:49";"System";"2025-03-21 02:44:49";"System"
"810305";"Tanimbar Utara";"Tanimbar Utara";"56516";"1800";"102";"2025-03-21 02:44:49";"System";"2025-03-21 02:44:49";"System"
"810306";"Yaru";"Yaru";"56516";"1800";"102";"2025-03-21 02:44:49";"System";"2025-03-21 02:44:49";"System"
"810307";"Wuar Labobar";"Wuar Labobar";"56516";"1800";"102";"2025-03-21 02:44:49";"System";"2025-03-21 02:44:49";"System"
"810308";"Kormomolin";"Kormomolin";"56516";"1800";"102";"2025-03-21 02:44:49";"System";"2025-03-21 02:44:49";"System"
"810309";"Nirunmas";"Nirunmas";"56516";"1800";"102";"2025-03-21 02:44:49";"System";"2025-03-21 02:44:49";"System"
"810318";"Molu Maru";"Molu Maru";"56516";"1800";"102";"2025-03-21 02:44:49";"System";"2025-03-21 02:44:49";"System"
"810401";"Namlea";"Namlea";"56384";"1800";"102";"2025-03-21 02:44:49";"System";"2025-03-21 02:44:49";"System"
"810402";"Air Buaya";"Air Buaya";"56384";"1800";"102";"2025-03-21 02:44:49";"System";"2025-03-21 02:44:49";"System"
"810403";"Waeapo";"Waeapo";"56384";"1800";"102";"2025-03-21 02:44:49";"System";"2025-03-21 02:44:49";"System"
"810406";"Waplau";"Waplau";"56384";"1800";"102";"2025-03-21 02:44:49";"System";"2025-03-21 02:44:49";"System"
"810410";"Batabual";"Batabual";"56384";"1800";"102";"2025-03-21 02:44:49";"System";"2025-03-21 02:44:49";"System"
"810411";"Lolong Guba";"Lolong Guba";"56384";"1800";"102";"2025-03-21 02:44:49";"System";"2025-03-21 02:44:49";"System"
"810412";"Waelata";"Waelata";"56384";"1800";"102";"2025-03-21 02:44:49";"System";"2025-03-21 02:44:49";"System"
"810413";"Fena Leisela";"Fena Leisela";"56384";"1800";"102";"2025-03-21 02:44:49";"System";"2025-03-21 02:44:49";"System"
"810414";"Teluk Kaiely";"Teluk Kaiely";"56384";"1800";"102";"2025-03-21 02:44:49";"System";"2025-03-21 02:44:49";"System"
"810415";"Lilialy";"Lilialy";"56384";"1800";"102";"2025-03-21 02:44:49";"System";"2025-03-21 02:44:49";"System"
"810501";"Bula";"Bula";"56622";"1800";"102";"2025-03-21 02:44:49";"System";"2025-03-21 02:44:49";"System"
"810502";"Seram Timur";"Seram Timur";"56622";"1800";"102";"2025-03-21 02:44:49";"System";"2025-03-21 02:44:49";"System"
"810503";"Werinama";"Werinama";"56622";"1800";"102";"2025-03-21 02:44:49";"System";"2025-03-21 02:44:49";"System"
"810504";"Pulau Gorom";"Pulau Gorom";"56622";"1800";"102";"2025-03-21 02:44:49";"System";"2025-03-21 02:44:49";"System"
"810505";"Wakate";"Wakate";"56622";"1800";"102";"2025-03-21 02:44:49";"System";"2025-03-21 02:44:49";"System"
"810506";"Tutuk Tolu";"Tutuk Tolu";"56622";"1800";"102";"2025-03-21 02:44:49";"System";"2025-03-21 02:44:49";"System"
"810507";"Siwalalat";"Siwalalat";"56622";"1800";"102";"2025-03-21 02:44:49";"System";"2025-03-21 02:44:49";"System"
"810508";"Kilmury";"Kilmury";"56622";"1800";"102";"2025-03-21 02:44:49";"System";"2025-03-21 02:44:49";"System"
"810509";"Pulau Panjang";"Pulau Panjang";"56622";"1800";"102";"2025-03-21 02:44:49";"System";"2025-03-21 02:44:49";"System"
"810510";"Teor";"Teor";"56622";"1800";"102";"2025-03-21 02:44:49";"System";"2025-03-21 02:44:49";"System"
"810511";"Gorom Timur";"Gorom Timur";"56622";"1800";"102";"2025-03-21 02:44:49";"System";"2025-03-21 02:44:49";"System"
"810512";"Bula Barat";"Bula Barat";"56622";"1800";"102";"2025-03-21 02:44:49";"System";"2025-03-21 02:44:49";"System"
"810513";"Kian Darat";"Kian Darat";"56622";"1800";"102";"2025-03-21 02:44:49";"System";"2025-03-21 02:44:49";"System"
"810514";"Siritaun Wida Timur";"Siritaun Wida Timur";"56622";"1800";"102";"2025-03-21 02:44:49";"System";"2025-03-21 02:44:49";"System"
"810515";"Teluk Waru";"Teluk Waru";"56622";"1800";"102";"2025-03-21 02:44:49";"System";"2025-03-21 02:44:49";"System"
"810601";"Kairatu";"Kairatu";"56621";"1800";"102";"2025-03-21 02:44:49";"System";"2025-03-21 02:44:49";"System"
"810602";"Seram Barat";"Seram Barat";"56621";"1800";"102";"2025-03-21 02:44:49";"System";"2025-03-21 02:44:49";"System"
"810603";"Taniwel";"Taniwel";"56621";"1800";"102";"2025-03-21 02:44:49";"System";"2025-03-21 02:44:49";"System"
"810604";"Huamual Belakang";"Huamual Belakang";"56621";"1800";"102";"2025-03-21 02:44:49";"System";"2025-03-21 02:44:49";"System"
"810605";"Amalatu";"Amalatu";"56621";"1800";"102";"2025-03-21 02:44:49";"System";"2025-03-21 02:44:49";"System"
"810606";"Inamosol";"Inamosol";"56621";"1800";"102";"2025-03-21 02:44:49";"System";"2025-03-21 02:44:49";"System"
"810607";"Kairatu Barat";"Kairatu Barat";"56621";"1800";"102";"2025-03-21 02:44:49";"System";"2025-03-21 02:44:49";"System"
"810608";"Huamual";"Huamual";"56621";"1800";"102";"2025-03-21 02:44:49";"System";"2025-03-21 02:44:49";"System"
"810609";"Kepulauan Manipa";"Kepulauan Manipa";"56621";"1800";"102";"2025-03-21 02:44:49";"System";"2025-03-21 02:44:49";"System"
"810610";"Taniwel Timur";"Taniwel Timur";"56621";"1800";"102";"2025-03-21 02:44:49";"System";"2025-03-21 02:44:49";"System"
"810611";"Elpaputih";"Elpaputih";"56621";"1800";"102";"2025-03-21 02:44:49";"System";"2025-03-21 02:44:49";"System"
"810701";"Pulau-Pulau Aru";"Pulau-Pulau Aru";"56451";"1800";"102";"2025-03-21 02:44:49";"System";"2025-03-21 02:44:49";"System"
"810702";"Aru Selatan";"Aru Selatan";"56451";"1800";"102";"2025-03-21 02:44:49";"System";"2025-03-21 02:44:49";"System"
"810703";"Aru Tengah";"Aru Tengah";"56451";"1800";"102";"2025-03-21 02:44:49";"System";"2025-03-21 02:44:49";"System"
"810704";"Aru Utara";"Aru Utara";"56451";"1800";"102";"2025-03-21 02:44:49";"System";"2025-03-21 02:44:49";"System"
"810705";"Aru Utara Timur Batuley";"Aru Utara Timur Batuley";"56451";"1800";"102";"2025-03-21 02:44:49";"System";"2025-03-21 02:44:49";"System"
"810706";"Sir-Sir";"Sir-Sir";"56451";"1800";"102";"2025-03-21 02:44:49";"System";"2025-03-21 02:44:49";"System"
"810707";"Aru Tengah Timur";"Aru Tengah Timur";"56451";"1800";"102";"2025-03-21 02:44:49";"System";"2025-03-21 02:44:49";"System"
"810708";"Aru Tengah Selatan";"Aru Tengah Selatan";"56451";"1800";"102";"2025-03-21 02:44:49";"System";"2025-03-21 02:44:49";"System"
"810709";"Aru Selatan Timur";"Aru Selatan Timur";"56451";"1800";"102";"2025-03-21 02:44:49";"System";"2025-03-21 02:44:49";"System"
"810710";"Aru Selatan Utara";"Aru Selatan Utara";"56451";"1800";"102";"2025-03-21 02:44:49";"System";"2025-03-21 02:44:49";"System"
"810801";"Moa Lakor";"Moa Lakor";"56513";"1800";"102";"2025-03-21 02:44:49";"System";"2025-03-21 02:44:49";"System"
"810802";"Damer";"Damer";"56513";"1800";"102";"2025-03-21 02:44:49";"System";"2025-03-21 02:44:49";"System"
"810803";"Mndona Hiera";"Mndona Hiera";"56513";"1800";"102";"2025-03-21 02:44:49";"System";"2025-03-21 02:44:49";"System"
"810804";"Pulau-Pulau Babar";"Pulau-Pulau Babar";"56513";"1800";"102";"2025-03-21 02:44:49";"System";"2025-03-21 02:44:49";"System"
"810805";"Pulau-pulau Babar Timur";"Pulau-pulau Babar Timur";"56513";"1800";"102";"2025-03-21 02:44:49";"System";"2025-03-21 02:44:49";"System"
"810806";"Wetar";"Wetar";"56513";"1800";"102";"2025-03-21 02:44:49";"System";"2025-03-21 02:44:49";"System"
"810807";"Pulau-pulau Terselatan";"Pulau-pulau Terselatan";"56513";"1800";"102";"2025-03-21 02:44:49";"System";"2025-03-21 02:44:49";"System"
"810808";"Pulau Leti";"Pulau Leti";"56513";"1800";"102";"2025-03-21 02:44:49";"System";"2025-03-21 02:44:49";"System"
"810809";"Pulau Masela";"Pulau Masela";"56513";"1800";"102";"2025-03-21 02:44:49";"System";"2025-03-21 02:44:49";"System"
"810810";"Dawelor Dawera";"Dawelor Dawera";"56513";"1800";"102";"2025-03-21 02:44:49";"System";"2025-03-21 02:44:49";"System"
"810811";"Pulau Wetang";"Pulau Wetang";"56513";"1800";"102";"2025-03-21 02:44:49";"System";"2025-03-21 02:44:49";"System"
"810812";"Pulau Lakor";"Pulau Lakor";"56513";"1800";"102";"2025-03-21 02:44:49";"System";"2025-03-21 02:44:49";"System"
"810813";"Wetar Utara";"Wetar Utara";"56513";"1800";"102";"2025-03-21 02:44:49";"System";"2025-03-21 02:44:49";"System"
"810814";"Wetar Barat";"Wetar Barat";"56513";"1800";"102";"2025-03-21 02:44:49";"System";"2025-03-21 02:44:49";"System"
"810815";"Wetar Timur";"Wetar Timur";"56513";"1800";"102";"2025-03-21 02:44:49";"System";"2025-03-21 02:44:49";"System"
"810816";"Kepulauan Romang";"Kepulauan Romang";"56513";"1800";"102";"2025-03-21 02:44:49";"System";"2025-03-21 02:44:49";"System"
"810817";"Kisar Utara";"Kisar Utara";"56513";"1800";"102";"2025-03-21 02:44:49";"System";"2025-03-21 02:44:49";"System"
"810901";"Namrole";"Namrole";"56385";"1800";"102";"2025-03-21 02:44:49";"System";"2025-03-21 02:44:49";"System"
"810902";"Waesama";"Waesama";"56385";"1800";"102";"2025-03-21 02:44:49";"System";"2025-03-21 02:44:49";"System"
"810903";"Ambalau";"Ambalau";"56385";"1800";"102";"2025-03-21 02:44:49";"System";"2025-03-21 02:44:49";"System"
"810904";"Kepala Madan";"Kepala Madan";"56385";"1800";"102";"2025-03-21 02:44:49";"System";"2025-03-21 02:44:49";"System"
"810905";"Leksula";"Leksula";"56385";"1800";"102";"2025-03-21 02:44:49";"System";"2025-03-21 02:44:49";"System"
"810906";"Fena Fafan";"Fena Fafan";"56385";"1800";"102";"2025-03-21 02:44:49";"System";"2025-03-21 02:44:49";"System"
"817101";"Nusaniwe";"Nusaniwe";"56727";"1800";"102";"2025-03-21 02:44:49";"System";"2025-03-21 02:44:49";"System"
"817102";"Sirimau";"Sirimau";"56727";"1800";"102";"2025-03-21 02:44:49";"System";"2025-03-21 02:44:49";"System"
"817103";"Baguala";"Baguala";"56727";"1800";"102";"2025-03-21 02:44:49";"System";"2025-03-21 02:44:49";"System"
"817104";"Teluk Ambon";"Teluk Ambon";"56727";"1800";"102";"2025-03-21 02:44:49";"System";"2025-03-21 02:44:49";"System"
"817105";"Leitimur Selatan";"Leitimur Selatan";"56727";"1800";"102";"2025-03-21 02:44:49";"System";"2025-03-21 02:44:49";"System"
"817201";"Pulau Dullah Utara";"Pulau Dullah Utara";"56815";"1800";"102";"2025-03-21 02:44:49";"System";"2025-03-21 02:44:49";"System"
"817202";"Pulau Dullah Selatan";"Pulau Dullah Selatan";"56815";"1800";"102";"2025-03-21 02:44:49";"System";"2025-03-21 02:44:49";"System"
"817203";"Tayando Tam";"Tayando Tam";"56815";"1800";"102";"2025-03-21 02:44:49";"System";"2025-03-21 02:44:49";"System"
"817204";"Pulau-Pulau Kur";"Pulau-Pulau Kur";"56815";"1800";"102";"2025-03-21 02:44:49";"System";"2025-03-21 02:44:49";"System"
"817205";"Kur Selatan";"Kur Selatan";"56815";"1800";"102";"2025-03-21 02:44:49";"System";"2025-03-21 02:44:49";"System"
"820101";"Jailolo";"Jailolo";"56416";"1801";"102";"2025-03-21 02:44:49";"System";"2025-03-21 02:44:49";"System"
"820102";"Loloda";"Loloda";"56416";"1801";"102";"2025-03-21 02:44:49";"System";"2025-03-21 02:44:49";"System"
"820103";"Ibu";"Ibu";"56416";"1801";"102";"2025-03-21 02:44:49";"System";"2025-03-21 02:44:49";"System"
"820104";"Sahu";"Sahu";"56416";"1801";"102";"2025-03-21 02:44:49";"System";"2025-03-21 02:44:49";"System"
"820105";"Jailolo Selatan";"Jailolo Selatan";"56416";"1801";"102";"2025-03-21 02:44:49";"System";"2025-03-21 02:44:49";"System"
"820107";"Ibu Utara";"Ibu Utara";"56416";"1801";"102";"2025-03-21 02:44:49";"System";"2025-03-21 02:44:49";"System"
"820108";"Ibu Selatan";"Ibu Selatan";"56416";"1801";"102";"2025-03-21 02:44:49";"System";"2025-03-21 02:44:49";"System"
"820109";"Sahu Timur";"Sahu Timur";"56416";"1801";"102";"2025-03-21 02:44:49";"System";"2025-03-21 02:44:49";"System"
"820201";"Weda";"Weda";"56418";"1801";"102";"2025-03-21 02:44:49";"System";"2025-03-21 02:44:49";"System"
"820202";"Patani";"Patani";"56418";"1801";"102";"2025-03-21 02:44:49";"System";"2025-03-21 02:44:49";"System"
"820203";"Pulau Gebe";"Pulau Gebe";"56418";"1801";"102";"2025-03-21 02:44:49";"System";"2025-03-21 02:44:49";"System"
"820204";"Weda Utara";"Weda Utara";"56418";"1801";"102";"2025-03-21 02:44:49";"System";"2025-03-21 02:44:49";"System"
"820205";"Weda Selatan";"Weda Selatan";"56418";"1801";"102";"2025-03-21 02:44:49";"System";"2025-03-21 02:44:49";"System"
"820206";"Patani Utara";"Patani Utara";"56418";"1801";"102";"2025-03-21 02:44:49";"System";"2025-03-21 02:44:49";"System"
"820207";"Weda Tengah";"Weda Tengah";"56418";"1801";"102";"2025-03-21 02:44:49";"System";"2025-03-21 02:44:49";"System"
"820208";"Patani Barat";"Patani Barat";"56418";"1801";"102";"2025-03-21 02:44:49";"System";"2025-03-21 02:44:49";"System"
"820209";"weda timur";"weda timur";"56418";"1801";"102";"2025-03-21 02:44:49";"System";"2025-03-21 02:44:49";"System"
"820304";"Galela";"Galela";"56419";"1801";"102";"2025-03-21 02:44:49";"System";"2025-03-21 02:44:49";"System"
"820305";"Tobelo";"Tobelo";"56419";"1801";"102";"2025-03-21 02:44:49";"System";"2025-03-21 02:44:49";"System"
"820306";"Tobelo Selatan";"Tobelo Selatan";"56419";"1801";"102";"2025-03-21 02:44:49";"System";"2025-03-21 02:44:49";"System"
"820307";"Kao";"Kao";"56419";"1801";"102";"2025-03-21 02:44:49";"System";"2025-03-21 02:44:49";"System"
"820308";"Malifut";"Malifut";"56419";"1801";"102";"2025-03-21 02:44:49";"System";"2025-03-21 02:44:49";"System"
"820309";"Loloda Utara";"Loloda Utara";"56419";"1801";"102";"2025-03-21 02:44:49";"System";"2025-03-21 02:44:49";"System"
"820310";"Tobelo Utara";"Tobelo Utara";"56419";"1801";"102";"2025-03-21 02:44:49";"System";"2025-03-21 02:44:49";"System"
"820311";"Tobelo Tengah";"Tobelo Tengah";"56419";"1801";"102";"2025-03-21 02:44:49";"System";"2025-03-21 02:44:49";"System"
"820312";"Tobelo Timur";"Tobelo Timur";"56419";"1801";"102";"2025-03-21 02:44:49";"System";"2025-03-21 02:44:49";"System"
"820313";"Tobelo Barat";"Tobelo Barat";"56419";"1801";"102";"2025-03-21 02:44:49";"System";"2025-03-21 02:44:49";"System"
"820314";"Galela Barat";"Galela Barat";"56419";"1801";"102";"2025-03-21 02:44:49";"System";"2025-03-21 02:44:49";"System"
"820315";"Galela Utara";"Galela Utara";"56419";"1801";"102";"2025-03-21 02:44:49";"System";"2025-03-21 02:44:49";"System"
"820316";"Galela Selatan";"Galela Selatan";"56419";"1801";"102";"2025-03-21 02:44:49";"System";"2025-03-21 02:44:49";"System"
"820319";"Loloda Kepulauan";"Loloda Kepulauan";"56419";"1801";"102";"2025-03-21 02:44:49";"System";"2025-03-21 02:44:49";"System"
"820320";"Kao Utara";"Kao Utara";"56419";"1801";"102";"2025-03-21 02:44:49";"System";"2025-03-21 02:44:49";"System"
"820321";"Kao Barat";"Kao Barat";"56419";"1801";"102";"2025-03-21 02:44:49";"System";"2025-03-21 02:44:49";"System"
"820322";"Kao Teluk";"Kao Teluk";"56419";"1801";"102";"2025-03-21 02:44:49";"System";"2025-03-21 02:44:49";"System"
"820401";"Pulau Makian";"Pulau Makian";"56417";"1801";"102";"2025-03-21 02:44:49";"System";"2025-03-21 02:44:49";"System"
"820402";"Kayoa";"Kayoa";"56417";"1801";"102";"2025-03-21 02:44:49";"System";"2025-03-21 02:44:49";"System"
"820403";"Gane Timur";"Gane Timur";"56417";"1801";"102";"2025-03-21 02:44:49";"System";"2025-03-21 02:44:49";"System"
"820404";"Gane Barat";"Gane Barat";"56417";"1801";"102";"2025-03-21 02:44:49";"System";"2025-03-21 02:44:49";"System"
"820405";"Obi Selatan";"Obi Selatan";"56417";"1801";"102";"2025-03-21 02:44:49";"System";"2025-03-21 02:44:49";"System"
"820406";"Obi";"Obi";"56417";"1801";"102";"2025-03-21 02:44:49";"System";"2025-03-21 02:44:49";"System"
"820407";"Bacan Timur";"Bacan Timur";"56417";"1801";"102";"2025-03-21 02:44:49";"System";"2025-03-21 02:44:49";"System"
"820408";"Bacan";"Bacan";"56417";"1801";"102";"2025-03-21 02:44:49";"System";"2025-03-21 02:44:49";"System"
"820409";"Bacan Barat";"Bacan Barat";"56417";"1801";"102";"2025-03-21 02:44:49";"System";"2025-03-21 02:44:49";"System"
"820410";"Makian Barat";"Makian Barat";"56417";"1801";"102";"2025-03-21 02:44:49";"System";"2025-03-21 02:44:49";"System"
"820411";"Kayoa Barat";"Kayoa Barat";"56417";"1801";"102";"2025-03-21 02:44:49";"System";"2025-03-21 02:44:49";"System"
"820412";"Kayoa Selatan";"Kayoa Selatan";"56417";"1801";"102";"2025-03-21 02:44:49";"System";"2025-03-21 02:44:49";"System"
"820413";"Kayoa Utara";"Kayoa Utara";"56417";"1801";"102";"2025-03-21 02:44:49";"System";"2025-03-21 02:44:49";"System"
"820414";"Bacan Barat Utara";"Bacan Barat Utara";"56417";"1801";"102";"2025-03-21 02:44:49";"System";"2025-03-21 02:44:49";"System"
"820415";"Kasiruta Barat";"Kasiruta Barat";"56417";"1801";"102";"2025-03-21 02:44:49";"System";"2025-03-21 02:44:49";"System"
"820416";"Kasiruta Timur";"Kasiruta Timur";"56417";"1801";"102";"2025-03-21 02:44:49";"System";"2025-03-21 02:44:49";"System"
"820417";"Bacan Selatan";"Bacan Selatan";"56417";"1801";"102";"2025-03-21 02:44:49";"System";"2025-03-21 02:44:49";"System"
"820418";"Kepulauan Botanglomang";"Kepulauan Botanglomang";"56417";"1801";"102";"2025-03-21 02:44:49";"System";"2025-03-21 02:44:49";"System"
"820419";"Mandioli Selatan";"Mandioli Selatan";"56417";"1801";"102";"2025-03-21 02:44:49";"System";"2025-03-21 02:44:49";"System"
"820420";"Mandioli Utara";"Mandioli Utara";"56417";"1801";"102";"2025-03-21 02:44:49";"System";"2025-03-21 02:44:49";"System"
"820421";"Bacan Timur Selatan";"Bacan Timur Selatan";"56417";"1801";"102";"2025-03-21 02:44:49";"System";"2025-03-21 02:44:49";"System"
"820422";"Bacan Timur Tengah";"Bacan Timur Tengah";"56417";"1801";"102";"2025-03-21 02:44:49";"System";"2025-03-21 02:44:49";"System"
"820423";"Gane Barat Selatan";"Gane Barat Selatan";"56417";"1801";"102";"2025-03-21 02:44:49";"System";"2025-03-21 02:44:49";"System"
"820424";"Gane Barat Utara";"Gane Barat Utara";"56417";"1801";"102";"2025-03-21 02:44:49";"System";"2025-03-21 02:44:49";"System"
"820425";"Kepulauan Joronga";"Kepulauan Joronga";"56417";"1801";"102";"2025-03-21 02:44:49";"System";"2025-03-21 02:44:49";"System"
"820426";"Gane Timur Selatan";"Gane Timur Selatan";"56417";"1801";"102";"2025-03-21 02:44:49";"System";"2025-03-21 02:44:49";"System"
"820427";"Gane Timur Tengah";"Gane Timur Tengah";"56417";"1801";"102";"2025-03-21 02:44:49";"System";"2025-03-21 02:44:49";"System"
"820428";"Obi Barat";"Obi Barat";"56417";"1801";"102";"2025-03-21 02:44:49";"System";"2025-03-21 02:44:49";"System"
"820429";"Obi Timur";"Obi Timur";"56417";"1801";"102";"2025-03-21 02:44:49";"System";"2025-03-21 02:44:49";"System"
"820430";"Obi Utara";"Obi Utara";"56417";"1801";"102";"2025-03-21 02:44:49";"System";"2025-03-21 02:44:49";"System"
"820501";"Mangoli Timur";"Mangoli Timur";"56455";"1801";"102";"2025-03-21 02:44:49";"System";"2025-03-21 02:44:49";"System"
"820502";"Sanana";"Sanana";"56455";"1801";"102";"2025-03-21 02:44:49";"System";"2025-03-21 02:44:49";"System"
"820503";"Sulabesi Barat";"Sulabesi Barat";"56455";"1801";"102";"2025-03-21 02:44:49";"System";"2025-03-21 02:44:49";"System"
"820506";"Mangoli Barat";"Mangoli Barat";"56455";"1801";"102";"2025-03-21 02:44:49";"System";"2025-03-21 02:44:49";"System"
"820507";"Sulabesi Tengah";"Sulabesi Tengah";"56455";"1801";"102";"2025-03-21 02:44:49";"System";"2025-03-21 02:44:49";"System"
"820508";"Sulabesi Timur";"Sulabesi Timur";"56455";"1801";"102";"2025-03-21 02:44:49";"System";"2025-03-21 02:44:49";"System"
"820509";"Sulabesi Selatan";"Sulabesi Selatan";"56455";"1801";"102";"2025-03-21 02:44:49";"System";"2025-03-21 02:44:49";"System"
"820510";"Mangoli Utara Timur";"Mangoli Utara Timur";"56455";"1801";"102";"2025-03-21 02:44:49";"System";"2025-03-21 02:44:49";"System"
"820511";"Mangoli Tengah";"Mangoli Tengah";"56455";"1801";"102";"2025-03-21 02:44:49";"System";"2025-03-21 02:44:49";"System"
"820512";"Mangoli Selatan";"Mangoli Selatan";"56455";"1801";"102";"2025-03-21 02:44:49";"System";"2025-03-21 02:44:49";"System"
"820513";"Mangoli Utara";"Mangoli Utara";"56455";"1801";"102";"2025-03-21 02:44:49";"System";"2025-03-21 02:44:49";"System"
"820518";"Sanana Utara";"Sanana Utara";"56455";"1801";"102";"2025-03-21 02:44:49";"System";"2025-03-21 02:44:49";"System"
"820601";"Wasile";"Wasile";"148900";"1801";"102";"2025-03-21 02:44:49";"System";"2025-03-21 02:44:49";"System"
"820602";"Maba";"Maba";"148900";"1801";"102";"2025-03-21 02:44:49";"System";"2025-03-21 02:44:49";"System"
"820603";"Maba Selatan";"Maba Selatan";"148900";"1801";"102";"2025-03-21 02:44:49";"System";"2025-03-21 02:44:49";"System"
"820604";"Wasile Selatan";"Wasile Selatan";"148900";"1801";"102";"2025-03-21 02:44:49";"System";"2025-03-21 02:44:49";"System"
"820605";"Wasile Tengah";"Wasile Tengah";"148900";"1801";"102";"2025-03-21 02:44:49";"System";"2025-03-21 02:44:49";"System"
"820606";"Wasile Utara";"Wasile Utara";"148900";"1801";"102";"2025-03-21 02:44:49";"System";"2025-03-21 02:44:49";"System"
"820607";"Wasile Timur";"Wasile Timur";"148900";"1801";"102";"2025-03-21 02:44:49";"System";"2025-03-21 02:44:49";"System"
"820608";"Maba Tengah";"Maba Tengah";"148900";"1801";"102";"2025-03-21 02:44:49";"System";"2025-03-21 02:44:49";"System"
"820609";"Maba Utara";"Maba Utara";"148900";"1801";"102";"2025-03-21 02:44:49";"System";"2025-03-21 02:44:49";"System"
"820610";"Kota Maba";"Kota Maba";"148900";"1801";"102";"2025-03-21 02:44:49";"System";"2025-03-21 02:44:49";"System"
"820701";"Morotai Selatan";"Morotai Selatan";"56602";"1801";"102";"2025-03-21 02:44:49";"System";"2025-03-21 02:44:49";"System"
"820702";"Morotai Selatan Barat";"Morotai Selatan Barat";"56602";"1801";"102";"2025-03-21 02:44:49";"System";"2025-03-21 02:44:49";"System"
"820703";"Morotai Jaya";"Morotai Jaya";"56602";"1801";"102";"2025-03-21 02:44:49";"System";"2025-03-21 02:44:49";"System"
"820704";"Morotai Utara";"Morotai Utara";"56602";"1801";"102";"2025-03-21 02:44:49";"System";"2025-03-21 02:44:49";"System"
"820705";"Morotai Timur";"Morotai Timur";"56602";"1801";"102";"2025-03-21 02:44:49";"System";"2025-03-21 02:44:49";"System"
"820801";"Taliabu Barat";"Taliabu Barat";"56603";"1801";"102";"2025-03-21 02:44:49";"System";"2025-03-21 02:44:49";"System"
"820802";"Taliabu Barat Laut";"Taliabu Barat Laut";"56603";"1801";"102";"2025-03-21 02:44:49";"System";"2025-03-21 02:44:49";"System"
"820803";"Lede";"Lede";"56603";"1801";"102";"2025-03-21 02:44:49";"System";"2025-03-21 02:44:49";"System"
"820804";"Taliabu Utara";"Taliabu Utara";"56603";"1801";"102";"2025-03-21 02:44:49";"System";"2025-03-21 02:44:49";"System"
"820805";"Taliabu Timur";"Taliabu Timur";"56603";"1801";"102";"2025-03-21 02:44:49";"System";"2025-03-21 02:44:49";"System"
"820806";"Taliabu Timur Selatan";"Taliabu Timur Selatan";"56603";"1801";"102";"2025-03-21 02:44:49";"System";"2025-03-21 02:44:49";"System"
"820807";"Taliabu Selatan";"Taliabu Selatan";"56603";"1801";"102";"2025-03-21 02:44:49";"System";"2025-03-21 02:44:49";"System"
"820808";"Tabona";"Tabona";"56603";"1801";"102";"2025-03-21 02:44:49";"System";"2025-03-21 02:44:49";"System"
"827101";"Pulau Ternate";"Pulau Ternate";"56812";"1801";"102";"2025-03-21 02:44:49";"System";"2025-03-21 02:44:49";"System"
"827102";"Kota Ternate Selatan";"Kota Ternate Selatan";"56812";"1801";"102";"2025-03-21 02:44:49";"System";"2025-03-21 02:44:49";"System"
"827103";"Kota Ternate Utara";"Kota Ternate Utara";"56812";"1801";"102";"2025-03-21 02:44:49";"System";"2025-03-21 02:44:49";"System"
"827104";"Pulau Moti";"Pulau Moti";"56812";"1801";"102";"2025-03-21 02:44:49";"System";"2025-03-21 02:44:49";"System"
"827105";"Pulau Batang Dua";"Pulau Batang Dua";"56812";"1801";"102";"2025-03-21 02:44:49";"System";"2025-03-21 02:44:49";"System"
"827106";"Kota Ternate Tengah";"Kota Ternate Tengah";"56812";"1801";"102";"2025-03-21 02:44:49";"System";"2025-03-21 02:44:49";"System"
"827107";"Pulau Hiri";"Pulau Hiri";"56812";"1801";"102";"2025-03-21 02:44:49";"System";"2025-03-21 02:44:49";"System"
"827201";"Tidore";"Tidore";"56813";"1801";"102";"2025-03-21 02:44:49";"System";"2025-03-21 02:44:49";"System"
"827202";"Oba Utara";"Oba Utara";"56813";"1801";"102";"2025-03-21 02:44:49";"System";"2025-03-21 02:44:49";"System"
"827203";"Oba";"Oba";"56813";"1801";"102";"2025-03-21 02:44:49";"System";"2025-03-21 02:44:49";"System"
"827204";"Tidore Selatan";"Tidore Selatan";"56813";"1801";"102";"2025-03-21 02:44:49";"System";"2025-03-21 02:44:49";"System"
"827205";"Tidore Utara";"Tidore Utara";"56813";"1801";"102";"2025-03-21 02:44:49";"System";"2025-03-21 02:44:49";"System"
"827206";"Oba Tengah";"Oba Tengah";"56813";"1801";"102";"2025-03-21 02:44:49";"System";"2025-03-21 02:44:49";"System"
"827207";"Oba Selatan";"Oba Selatan";"56813";"1801";"102";"2025-03-21 02:44:49";"System";"2025-03-21 02:44:49";"System"
"827208";"Tidore Timur";"Tidore Timur";"56813";"1801";"102";"2025-03-21 02:44:49";"System";"2025-03-21 02:44:49";"System"
"910101";"Merauke";"Merauke";"56533";"1798";"102";"2025-03-21 02:44:49";"System";"2025-03-21 02:44:49";"System"
"910102";"Muting";"Muting";"56533";"1798";"102";"2025-03-21 02:44:49";"System";"2025-03-21 02:44:49";"System"
"910103";"Okaba";"Okaba";"56533";"1798";"102";"2025-03-21 02:44:49";"System";"2025-03-21 02:44:49";"System"
"910104";"Kimaam";"Kimaam";"56533";"1798";"102";"2025-03-21 02:44:49";"System";"2025-03-21 02:44:49";"System"
"910105";"Semangga";"Semangga";"56533";"1798";"102";"2025-03-21 02:44:49";"System";"2025-03-21 02:44:49";"System"
"910106";"Tanah Miring";"Tanah Miring";"56533";"1798";"102";"2025-03-21 02:44:49";"System";"2025-03-21 02:44:49";"System"
"910107";"Jagebob";"Jagebob";"56533";"1798";"102";"2025-03-21 02:44:49";"System";"2025-03-21 02:44:49";"System"
"910108";"Sota";"Sota";"56533";"1798";"102";"2025-03-21 02:44:49";"System";"2025-03-21 02:44:49";"System"
"910109";"Ulilin";"Ulilin";"56533";"1798";"102";"2025-03-21 02:44:49";"System";"2025-03-21 02:44:49";"System"
"910110";"Elikobal";"Elikobal";"56533";"1798";"102";"2025-03-21 02:44:49";"System";"2025-03-21 02:44:49";"System"
"910111";"Kurik";"Kurik";"56533";"1798";"102";"2025-03-21 02:44:49";"System";"2025-03-21 02:44:49";"System"
"910112";"Naukenjerai";"Naukenjerai";"56533";"1798";"102";"2025-03-21 02:44:49";"System";"2025-03-21 02:44:49";"System"
"910113";"Animha";"Animha";"56533";"1798";"102";"2025-03-21 02:44:49";"System";"2025-03-21 02:44:49";"System"
"910114";"Malind";"Malind";"56533";"1798";"102";"2025-03-21 02:44:49";"System";"2025-03-21 02:44:49";"System"
"910115";"Tubang";"Tubang";"56533";"1798";"102";"2025-03-21 02:44:49";"System";"2025-03-21 02:44:49";"System"
"910116";"Ngguti";"Ngguti";"56533";"1798";"102";"2025-03-21 02:44:49";"System";"2025-03-21 02:44:49";"System"
"910117";"Kaptel";"Kaptel";"56533";"1798";"102";"2025-03-21 02:44:49";"System";"2025-03-21 02:44:49";"System"
"910118";"Tabonji";"Tabonji";"56533";"1798";"102";"2025-03-21 02:44:49";"System";"2025-03-21 02:44:49";"System"
"910119";"Waan";"Waan";"56533";"1798";"102";"2025-03-21 02:44:49";"System";"2025-03-21 02:44:49";"System"
"910120";"Ilwayab";"Ilwayab";"56533";"1798";"102";"2025-03-21 02:44:49";"System";"2025-03-21 02:44:49";"System"
"910201";"Wamena";"Wamena";"56429";"1798";"102";"2025-03-21 02:44:49";"System";"2025-03-21 02:44:49";"System"
"910203";"Kurulu";"Kurulu";"56429";"1798";"102";"2025-03-21 02:44:49";"System";"2025-03-21 02:44:49";"System"
"910204";"Asologaima";"Asologaima";"56429";"1798";"102";"2025-03-21 02:44:49";"System";"2025-03-21 02:44:49";"System"
"910212";"Hubikosi";"Hubikosi";"56429";"1798";"102";"2025-03-21 02:44:49";"System";"2025-03-21 02:44:49";"System"
"910215";"Bolakme";"Bolakme";"56429";"1798";"102";"2025-03-21 02:44:49";"System";"2025-03-21 02:44:49";"System"
"910225";"Walelagama";"Walelagama";"56429";"1798";"102";"2025-03-21 02:44:49";"System";"2025-03-21 02:44:49";"System"
"910227";"Musatfak";"Musatfak";"56429";"1798";"102";"2025-03-21 02:44:49";"System";"2025-03-21 02:44:49";"System"
"910228";"Wolo";"Wolo";"56429";"1798";"102";"2025-03-21 02:44:49";"System";"2025-03-21 02:44:49";"System"
"910229";"Asolokobal";"Asolokobal";"56429";"1798";"102";"2025-03-21 02:44:49";"System";"2025-03-21 02:44:49";"System"
"910234";"Pelebaga";"Pelebaga";"56429";"1798";"102";"2025-03-21 02:44:49";"System";"2025-03-21 02:44:49";"System"
"910235";"Yalengga";"Yalengga";"56429";"1798";"102";"2025-03-21 02:44:49";"System";"2025-03-21 02:44:49";"System"
"910240";"Trikora";"Trikora";"56429";"1798";"102";"2025-03-21 02:44:49";"System";"2025-03-21 02:44:49";"System"
"910241";"Napua";"Napua";"56429";"1798";"102";"2025-03-21 02:44:49";"System";"2025-03-21 02:44:49";"System"
"910242";"Walaik";"Walaik";"56429";"1798";"102";"2025-03-21 02:44:49";"System";"2025-03-21 02:44:49";"System"
"910243";"Wouma";"Wouma";"56429";"1798";"102";"2025-03-21 02:44:49";"System";"2025-03-21 02:44:49";"System"
"910244";"Hubikiak";"Hubikiak";"56429";"1798";"102";"2025-03-21 02:44:49";"System";"2025-03-21 02:44:49";"System"
"910245";"Ibele";"Ibele";"56429";"1798";"102";"2025-03-21 02:44:49";"System";"2025-03-21 02:44:49";"System"
"910246";"Taelarek";"Taelarek";"56429";"1798";"102";"2025-03-21 02:44:49";"System";"2025-03-21 02:44:49";"System"
"910247";"Itlay Hisage";"Itlay Hisage";"56429";"1798";"102";"2025-03-21 02:44:49";"System";"2025-03-21 02:44:49";"System"
"910248";"Siepkosi";"Siepkosi";"56429";"1798";"102";"2025-03-21 02:44:49";"System";"2025-03-21 02:44:49";"System"
"910249";"Usilimo";"Usilimo";"56429";"1798";"102";"2025-03-21 02:44:49";"System";"2025-03-21 02:44:49";"System"
"910250";"Wita Waya";"Wita Waya";"56429";"1798";"102";"2025-03-21 02:44:49";"System";"2025-03-21 02:44:49";"System"
"910251";"Libarek";"Libarek";"56429";"1798";"102";"2025-03-21 02:44:49";"System";"2025-03-21 02:44:49";"System"
"910252";"Wadangku";"Wadangku";"56429";"1798";"102";"2025-03-21 02:44:49";"System";"2025-03-21 02:44:49";"System"
"910253";"Pisugi";"Pisugi";"56429";"1798";"102";"2025-03-21 02:44:49";"System";"2025-03-21 02:44:49";"System"
"910254";"Koragi";"Koragi";"56429";"1798";"102";"2025-03-21 02:44:49";"System";"2025-03-21 02:44:49";"System"
"910255";"Tagime";"Tagime";"56429";"1798";"102";"2025-03-21 02:44:49";"System";"2025-03-21 02:44:49";"System"
"910256";"Molagalome";"Molagalome";"56429";"1798";"102";"2025-03-21 02:44:49";"System";"2025-03-21 02:44:49";"System"
"910257";"Tagineri";"Tagineri";"56429";"1798";"102";"2025-03-21 02:44:49";"System";"2025-03-21 02:44:49";"System"
"910258";"Silo Karno Doga";"Silo Karno Doga";"56429";"1798";"102";"2025-03-21 02:44:49";"System";"2025-03-21 02:44:49";"System"
"910259";"Piramid";"Piramid";"56429";"1798";"102";"2025-03-21 02:44:49";"System";"2025-03-21 02:44:49";"System"
"910260";"Muliama";"Muliama";"56429";"1798";"102";"2025-03-21 02:44:49";"System";"2025-03-21 02:44:49";"System"
"910261";"Bugi";"Bugi";"56429";"1798";"102";"2025-03-21 02:44:49";"System";"2025-03-21 02:44:49";"System"
"910262";"Bpiri";"Bpiri";"56429";"1798";"102";"2025-03-21 02:44:49";"System";"2025-03-21 02:44:49";"System"
"910263";"Welesi";"Welesi";"56429";"1798";"102";"2025-03-21 02:44:49";"System";"2025-03-21 02:44:49";"System"
"910264";"Asotipo";"Asotipo";"56429";"1798";"102";"2025-03-21 02:44:49";"System";"2025-03-21 02:44:49";"System"
"910265";"Maima";"Maima";"56429";"1798";"102";"2025-03-21 02:44:49";"System";"2025-03-21 02:44:49";"System"
"910266";"Popugoba";"Popugoba";"56429";"1798";"102";"2025-03-21 02:44:49";"System";"2025-03-21 02:44:49";"System"
"910267";"Wame";"Wame";"56429";"1798";"102";"2025-03-21 02:44:49";"System";"2025-03-21 02:44:49";"System"
"910268";"Wesaput";"Wesaput";"56429";"1798";"102";"2025-03-21 02:44:49";"System";"2025-03-21 02:44:49";"System"
"910301";"Sentani";"Sentani";"56428";"1798";"102";"2025-03-21 02:44:49";"System";"2025-03-21 02:44:49";"System"
"910302";"Sentani Timur";"Sentani Timur";"56428";"1798";"102";"2025-03-21 02:44:49";"System";"2025-03-21 02:44:49";"System"
"910303";"Depapre";"Depapre";"56428";"1798";"102";"2025-03-21 02:44:49";"System";"2025-03-21 02:44:49";"System"
"910304";"Sentani Barat";"Sentani Barat";"56428";"1798";"102";"2025-03-21 02:44:49";"System";"2025-03-21 02:44:49";"System"
"910305";"Kemtuk";"Kemtuk";"56428";"1798";"102";"2025-03-21 02:44:49";"System";"2025-03-21 02:44:49";"System"
"910306";"Kemtuk Gresi";"Kemtuk Gresi";"56428";"1798";"102";"2025-03-21 02:44:49";"System";"2025-03-21 02:44:49";"System"
"910307";"Nimboran";"Nimboran";"56428";"1798";"102";"2025-03-21 02:44:49";"System";"2025-03-21 02:44:49";"System"
"910308";"Nimbokrang";"Nimbokrang";"56428";"1798";"102";"2025-03-21 02:44:49";"System";"2025-03-21 02:44:49";"System"
"910309";"Unurum Guay";"Unurum Guay";"56428";"1798";"102";"2025-03-21 02:44:49";"System";"2025-03-21 02:44:49";"System"
"910310";"Demta";"Demta";"56428";"1798";"102";"2025-03-21 02:44:49";"System";"2025-03-21 02:44:49";"System"
"910311";"Kaureh";"Kaureh";"56428";"1798";"102";"2025-03-21 02:44:49";"System";"2025-03-21 02:44:49";"System"
"910312";"Ebungfa";"Ebungfa";"56428";"1798";"102";"2025-03-21 02:44:49";"System";"2025-03-21 02:44:49";"System"
"910313";"Waibu";"Waibu";"56428";"1798";"102";"2025-03-21 02:44:49";"System";"2025-03-21 02:44:49";"System"
"910314";"Nambluong";"Nambluong";"56428";"1798";"102";"2025-03-21 02:44:49";"System";"2025-03-21 02:44:49";"System"
"910315";"Yapsi";"Yapsi";"56428";"1798";"102";"2025-03-21 02:44:49";"System";"2025-03-21 02:44:49";"System"
"910316";"Airu";"Airu";"56428";"1798";"102";"2025-03-21 02:44:49";"System";"2025-03-21 02:44:49";"System"
"910317";"Raveni Rara";"Raveni Rara";"56428";"1798";"102";"2025-03-21 02:44:49";"System";"2025-03-21 02:44:49";"System"
"910318";"Gresi Selatan";"Gresi Selatan";"56428";"1798";"102";"2025-03-21 02:44:49";"System";"2025-03-21 02:44:49";"System"
"910319";"Yokari";"Yokari";"56428";"1798";"102";"2025-03-21 02:44:49";"System";"2025-03-21 02:44:49";"System"
"910401";"Nabire";"Nabire";"56551";"1798";"102";"2025-03-21 02:44:49";"System";"2025-03-21 02:44:49";"System"
"910402";"Napan";"Napan";"56551";"1798";"102";"2025-03-21 02:44:49";"System";"2025-03-21 02:44:49";"System"
"910403";"Yaur";"Yaur";"56551";"1798";"102";"2025-03-21 02:44:49";"System";"2025-03-21 02:44:49";"System"
"910406";"Uwapa";"Uwapa";"56551";"1798";"102";"2025-03-21 02:44:49";"System";"2025-03-21 02:44:49";"System"
"910407";"Wanggar";"Wanggar";"56551";"1798";"102";"2025-03-21 02:44:49";"System";"2025-03-21 02:44:49";"System"
"910410";"Siriwo";"Siriwo";"56551";"1798";"102";"2025-03-21 02:44:49";"System";"2025-03-21 02:44:49";"System"
"910411";"Makimi";"Makimi";"56551";"1798";"102";"2025-03-21 02:44:49";"System";"2025-03-21 02:44:49";"System"
"910412";"Teluk Umar";"Teluk Umar";"56551";"1798";"102";"2025-03-21 02:44:49";"System";"2025-03-21 02:44:49";"System"
"910416";"Teluk Kimi";"Teluk Kimi";"56551";"1798";"102";"2025-03-21 02:44:49";"System";"2025-03-21 02:44:49";"System"
"910417";"Yaro";"Yaro";"56551";"1798";"102";"2025-03-21 02:44:49";"System";"2025-03-21 02:44:49";"System"
"910421";"Wapoga";"Wapoga";"56551";"1798";"102";"2025-03-21 02:44:49";"System";"2025-03-21 02:44:49";"System"
"910422";"Nabire Barat";"Nabire Barat";"56551";"1798";"102";"2025-03-21 02:44:49";"System";"2025-03-21 02:44:49";"System"
"910423";"Moora";"Moora";"56551";"1798";"102";"2025-03-21 02:44:49";"System";"2025-03-21 02:44:49";"System"
"910424";"Dipa";"Dipa";"56551";"1798";"102";"2025-03-21 02:44:49";"System";"2025-03-21 02:44:49";"System"
"910425";"Menou";"Menou";"56551";"1798";"102";"2025-03-21 02:44:49";"System";"2025-03-21 02:44:49";"System"
"910501";"Yapen Selatan";"Yapen Selatan";"56457";"1798";"102";"2025-03-21 02:44:49";"System";"2025-03-21 02:44:49";"System"
"910502";"Yapen Barat";"Yapen Barat";"56457";"1798";"102";"2025-03-21 02:44:49";"System";"2025-03-21 02:44:49";"System"
"910503";"Yapen Timur";"Yapen Timur";"56457";"1798";"102";"2025-03-21 02:44:49";"System";"2025-03-21 02:44:49";"System"
"910504";"Angkaisera";"Angkaisera";"56457";"1798";"102";"2025-03-21 02:44:49";"System";"2025-03-21 02:44:49";"System"
"910505";"Poom";"Poom";"56457";"1798";"102";"2025-03-21 02:44:49";"System";"2025-03-21 02:44:49";"System"
"910506";"Kosiwo";"Kosiwo";"56457";"1798";"102";"2025-03-21 02:44:49";"System";"2025-03-21 02:44:49";"System"
"910507";"Yapen Utara";"Yapen Utara";"56457";"1798";"102";"2025-03-21 02:44:49";"System";"2025-03-21 02:44:49";"System"
"910508";"Raimbawi";"Raimbawi";"56457";"1798";"102";"2025-03-21 02:44:49";"System";"2025-03-21 02:44:49";"System"
"910509";"Teluk Ampimoi";"Teluk Ampimoi";"56457";"1798";"102";"2025-03-21 02:44:49";"System";"2025-03-21 02:44:49";"System"
"910510";"Kepulauan Ambai";"Kepulauan Ambai";"56457";"1798";"102";"2025-03-21 02:44:49";"System";"2025-03-21 02:44:49";"System"
"910511";"Wonawa";"Wonawa";"56457";"1798";"102";"2025-03-21 02:44:49";"System";"2025-03-21 02:44:49";"System"
"910512";"Windesi";"Windesi";"56457";"1798";"102";"2025-03-21 02:44:49";"System";"2025-03-21 02:44:49";"System"
"910513";"Pulau Kurudu";"Pulau Kurudu";"56457";"1798";"102";"2025-03-21 02:44:49";"System";"2025-03-21 02:44:49";"System"
"910514";"Pulau Yerui";"Pulau Yerui";"56457";"1798";"102";"2025-03-21 02:44:49";"System";"2025-03-21 02:44:49";"System"
"910601";"Biak Kota";"Biak Kota";"56359";"1798";"102";"2025-03-21 02:44:49";"System";"2025-03-21 02:44:49";"System"
"910602";"Biak Utara";"Biak Utara";"56359";"1798";"102";"2025-03-21 02:44:49";"System";"2025-03-21 02:44:49";"System"
"910603";"Biak Timur";"Biak Timur";"56359";"1798";"102";"2025-03-21 02:44:49";"System";"2025-03-21 02:44:49";"System"
"910604";"Numfor Barat";"Numfor Barat";"56359";"1798";"102";"2025-03-21 02:44:49";"System";"2025-03-21 02:44:49";"System"
"910605";"Numfor Timur";"Numfor Timur";"56359";"1798";"102";"2025-03-21 02:44:49";"System";"2025-03-21 02:44:49";"System"
"910608";"Biak Barat";"Biak Barat";"56359";"1798";"102";"2025-03-21 02:44:49";"System";"2025-03-21 02:44:49";"System"
"910609";"Warsa";"Warsa";"56359";"1798";"102";"2025-03-21 02:44:49";"System";"2025-03-21 02:44:49";"System"
"910610";"Padaido";"Padaido";"56359";"1798";"102";"2025-03-21 02:44:49";"System";"2025-03-21 02:44:49";"System"
"910611";"Yendidori";"Yendidori";"56359";"1798";"102";"2025-03-21 02:44:49";"System";"2025-03-21 02:44:49";"System"
"910612";"Samofa";"Samofa";"56359";"1798";"102";"2025-03-21 02:44:49";"System";"2025-03-21 02:44:49";"System"
"910613";"Yawosi";"Yawosi";"56359";"1798";"102";"2025-03-21 02:44:49";"System";"2025-03-21 02:44:49";"System"
"910614";"Andey";"Andey";"56359";"1798";"102";"2025-03-21 02:44:49";"System";"2025-03-21 02:44:49";"System"
"910615";"Swandiwe";"Swandiwe";"56359";"1798";"102";"2025-03-21 02:44:49";"System";"2025-03-21 02:44:49";"System"
"910616";"Bruyadori";"Bruyadori";"56359";"1798";"102";"2025-03-21 02:44:49";"System";"2025-03-21 02:44:49";"System"
"910617";"Orkeri";"Orkeri";"56359";"1798";"102";"2025-03-21 02:44:49";"System";"2025-03-21 02:44:49";"System"
"910618";"Poiru";"Poiru";"56359";"1798";"102";"2025-03-21 02:44:49";"System";"2025-03-21 02:44:49";"System"
"910619";"Aimando Padaido";"Aimando Padaido";"56359";"1798";"102";"2025-03-21 02:44:49";"System";"2025-03-21 02:44:49";"System"
"910620";"Oridek";"Oridek";"56359";"1798";"102";"2025-03-21 02:44:49";"System";"2025-03-21 02:44:49";"System"
"910621";"Bondifuar";"Bondifuar";"56359";"1798";"102";"2025-03-21 02:44:49";"System";"2025-03-21 02:44:49";"System"
"910701";"Mulia";"Mulia";"56604";"1798";"102";"2025-03-21 02:44:49";"System";"2025-03-21 02:44:49";"System"
"910703";"Ilu";"Ilu";"56604";"1798";"102";"2025-03-21 02:44:49";"System";"2025-03-21 02:44:49";"System"
"910706";"Fawi";"Fawi";"56604";"1798";"102";"2025-03-21 02:44:49";"System";"2025-03-21 02:44:49";"System"
"910707";"Mewoluk";"Mewoluk";"56604";"1798";"102";"2025-03-21 02:44:49";"System";"2025-03-21 02:44:49";"System"
"910708";"Yamo";"Yamo";"56604";"1798";"102";"2025-03-21 02:44:49";"System";"2025-03-21 02:44:49";"System"
"910710";"Nume";"Nume";"56604";"1798";"102";"2025-03-21 02:44:49";"System";"2025-03-21 02:44:49";"System"
"910711";"Torere";"Torere";"56604";"1798";"102";"2025-03-21 02:44:49";"System";"2025-03-21 02:44:49";"System"
"910712";"Tingginambut";"Tingginambut";"56604";"1798";"102";"2025-03-21 02:44:49";"System";"2025-03-21 02:44:49";"System"
"910717";"Pagaleme";"Pagaleme";"56604";"1798";"102";"2025-03-21 02:44:49";"System";"2025-03-21 02:44:49";"System"
"910718";"Gurage";"Gurage";"56604";"1798";"102";"2025-03-21 02:44:49";"System";"2025-03-21 02:44:49";"System"
"910719";"Irimuli";"Irimuli";"56604";"1798";"102";"2025-03-21 02:44:49";"System";"2025-03-21 02:44:49";"System"
"910720";"Muara";"Muara";"56604";"1798";"102";"2025-03-21 02:44:49";"System";"2025-03-21 02:44:49";"System"
"910721";"Ilamburawi";"Ilamburawi";"56604";"1798";"102";"2025-03-21 02:44:49";"System";"2025-03-21 02:44:49";"System"
"910722";"Yambi";"Yambi";"56604";"1798";"102";"2025-03-21 02:44:49";"System";"2025-03-21 02:44:49";"System"
"910723";"Lumo";"Lumo";"56604";"1798";"102";"2025-03-21 02:44:49";"System";"2025-03-21 02:44:49";"System"
"910724";"Molanikime";"Molanikime";"56604";"1798";"102";"2025-03-21 02:44:49";"System";"2025-03-21 02:44:49";"System"
"910725";"Dokome";"Dokome";"56604";"1798";"102";"2025-03-21 02:44:49";"System";"2025-03-21 02:44:49";"System"
"910726";"Kalome";"Kalome";"56604";"1798";"102";"2025-03-21 02:44:49";"System";"2025-03-21 02:44:49";"System"
"910727";"Wanwi";"Wanwi";"56604";"1798";"102";"2025-03-21 02:44:49";"System";"2025-03-21 02:44:49";"System"
"910728";"Yamoneri";"Yamoneri";"56604";"1798";"102";"2025-03-21 02:44:49";"System";"2025-03-21 02:44:49";"System"
"910729";"Waegi";"Waegi";"56604";"1798";"102";"2025-03-21 02:44:49";"System";"2025-03-21 02:44:49";"System"
"910730";"Nioga";"Nioga";"56604";"1798";"102";"2025-03-21 02:44:49";"System";"2025-03-21 02:44:49";"System"
"910731";"Gubume";"Gubume";"56604";"1798";"102";"2025-03-21 02:44:49";"System";"2025-03-21 02:44:49";"System"
"910732";"Taganombak";"Taganombak";"56604";"1798";"102";"2025-03-21 02:44:49";"System";"2025-03-21 02:44:49";"System"
"910733";"Dagai";"Dagai";"56604";"1798";"102";"2025-03-21 02:44:49";"System";"2025-03-21 02:44:49";"System"
"910734";"Kiyage";"Kiyage";"56604";"1798";"102";"2025-03-21 02:44:49";"System";"2025-03-21 02:44:49";"System"
"910801";"Paniai Timur";"Paniai Timur";"56577";"1798";"102";"2025-03-21 02:44:49";"System";"2025-03-21 02:44:49";"System"
"910802";"Paniai Barat";"Paniai Barat";"56577";"1798";"102";"2025-03-21 02:44:49";"System";"2025-03-21 02:44:49";"System"
"910804";"Aradide";"Aradide";"56577";"1798";"102";"2025-03-21 02:44:49";"System";"2025-03-21 02:44:49";"System"
"910807";"Bogabaida";"Bogabaida";"56577";"1798";"102";"2025-03-21 02:44:49";"System";"2025-03-21 02:44:49";"System"
"910809";"Bibida";"Bibida";"56577";"1798";"102";"2025-03-21 02:44:49";"System";"2025-03-21 02:44:49";"System"
"910812";"Dumadama";"Dumadama";"56577";"1798";"102";"2025-03-21 02:44:49";"System";"2025-03-21 02:44:49";"System"
"910813";"Siriwo";"Siriwo";"56577";"1798";"102";"2025-03-21 02:44:49";"System";"2025-03-21 02:44:49";"System"
"910819";"Kebo";"Kebo";"56577";"1798";"102";"2025-03-21 02:44:49";"System";"2025-03-21 02:44:49";"System"
"910820";"Yatamo";"Yatamo";"56577";"1798";"102";"2025-03-21 02:44:49";"System";"2025-03-21 02:44:49";"System"
"910821";"Ekadide";"Ekadide";"56577";"1798";"102";"2025-03-21 02:44:49";"System";"2025-03-21 02:44:49";"System"
"910822";"Wegee Muka";"Wegee Muka";"56577";"1798";"102";"2025-03-21 02:44:49";"System";"2025-03-21 02:44:49";"System"
"910823";"Wegee Bino";"Wegee Bino";"56577";"1798";"102";"2025-03-21 02:44:49";"System";"2025-03-21 02:44:49";"System"
"910824";"Pugo Dagi";"Pugo Dagi";"56577";"1798";"102";"2025-03-21 02:44:49";"System";"2025-03-21 02:44:49";"System"
"910825";"Muye";"Muye";"56577";"1798";"102";"2025-03-21 02:44:49";"System";"2025-03-21 02:44:49";"System"
"910826";"Nakama";"Nakama";"56577";"1798";"102";"2025-03-21 02:44:49";"System";"2025-03-21 02:44:49";"System"
"910827";"Teluk Deya";"Teluk Deya";"56577";"1798";"102";"2025-03-21 02:44:49";"System";"2025-03-21 02:44:49";"System"
"910828";"Yagai";"Yagai";"56577";"1798";"102";"2025-03-21 02:44:49";"System";"2025-03-21 02:44:49";"System"
"910829";"Youtadi";"Youtadi";"56577";"1798";"102";"2025-03-21 02:44:49";"System";"2025-03-21 02:44:49";"System"
"910830";"Baya Biru";"Baya Biru";"56577";"1798";"102";"2025-03-21 02:44:49";"System";"2025-03-21 02:44:49";"System"
"910831";"Deiyai Miyo";"Deiyai Miyo";"56577";"1798";"102";"2025-03-21 02:44:49";"System";"2025-03-21 02:44:49";"System"
"910832";"Dogomo";"Dogomo";"56577";"1798";"102";"2025-03-21 02:44:49";"System";"2025-03-21 02:44:49";"System"
"910833";"Aweida";"Aweida";"56577";"1798";"102";"2025-03-21 02:44:49";"System";"2025-03-21 02:44:49";"System"
"910834";"Topiyai";"Topiyai";"56577";"1798";"102";"2025-03-21 02:44:49";"System";"2025-03-21 02:44:49";"System"
"910901";"Mimika Baru";"Mimika Baru";"56535";"1798";"102";"2025-03-21 02:44:49";"System";"2025-03-21 02:44:49";"System"
"910902";"Agimuga";"Agimuga";"56535";"1798";"102";"2025-03-21 02:44:49";"System";"2025-03-21 02:44:49";"System"
"910903";"Mimika Timur";"Mimika Timur";"56535";"1798";"102";"2025-03-21 02:44:49";"System";"2025-03-21 02:44:49";"System"
"910904";"Mimika Barat";"Mimika Barat";"56535";"1798";"102";"2025-03-21 02:44:49";"System";"2025-03-21 02:44:49";"System"
"910905";"Jita";"Jita";"56535";"1798";"102";"2025-03-21 02:44:49";"System";"2025-03-21 02:44:49";"System"
"910906";"Jila";"Jila";"56535";"1798";"102";"2025-03-21 02:44:49";"System";"2025-03-21 02:44:49";"System"
"910907";"Mimika Timur Jauh";"Mimika Timur Jauh";"56535";"1798";"102";"2025-03-21 02:44:49";"System";"2025-03-21 02:44:49";"System"
"910908";"Mimika Tengah";"Mimika Tengah";"56535";"1798";"102";"2025-03-21 02:44:49";"System";"2025-03-21 02:44:49";"System"
"910909";"Kuala Kencana";"Kuala Kencana";"56535";"1798";"102";"2025-03-21 02:44:49";"System";"2025-03-21 02:44:49";"System"
"910910";"Tembagapura";"Tembagapura";"56535";"1798";"102";"2025-03-21 02:44:49";"System";"2025-03-21 02:44:49";"System"
"910911";"Mimika Barat Jauh";"Mimika Barat Jauh";"56535";"1798";"102";"2025-03-21 02:44:49";"System";"2025-03-21 02:44:49";"System"
"910912";"Mimika Barat Tengah";"Mimika Barat Tengah";"56535";"1798";"102";"2025-03-21 02:44:49";"System";"2025-03-21 02:44:49";"System"
"910913";"Kwamki Narama";"Kwamki Narama";"56535";"1798";"102";"2025-03-21 02:44:49";"System";"2025-03-21 02:44:49";"System"
"910914";"Hoya";"Hoya";"56535";"1798";"102";"2025-03-21 02:44:49";"System";"2025-03-21 02:44:49";"System"
"910915";"Iwaka";"Iwaka";"56535";"1798";"102";"2025-03-21 02:44:49";"System";"2025-03-21 02:44:49";"System"
"910916";"Wania";"Wania";"56535";"1798";"102";"2025-03-21 02:44:49";"System";"2025-03-21 02:44:49";"System"
"910917";"Amar";"Amar";"56535";"1798";"102";"2025-03-21 02:44:49";"System";"2025-03-21 02:44:49";"System"
"910918";"Alama";"Alama";"56535";"1798";"102";"2025-03-21 02:44:49";"System";"2025-03-21 02:44:49";"System"
"911001";"Sarmi";"Sarmi";"56617";"1798";"102";"2025-03-21 02:44:49";"System";"2025-03-21 02:44:49";"System"
"911002";"Tor Atas";"Tor Atas";"56617";"1798";"102";"2025-03-21 02:44:49";"System";"2025-03-21 02:44:49";"System"
"911003";"Pantai Barat";"Pantai Barat";"56617";"1798";"102";"2025-03-21 02:44:49";"System";"2025-03-21 02:44:49";"System"
"911004";"Pantai Timur";"Pantai Timur";"56617";"1798";"102";"2025-03-21 02:44:49";"System";"2025-03-21 02:44:49";"System"
"911005";"Bonggo";"Bonggo";"56617";"1798";"102";"2025-03-21 02:44:49";"System";"2025-03-21 02:44:49";"System"
"911009";"Apawer Hulu";"Apawer Hulu";"56617";"1798";"102";"2025-03-21 02:44:49";"System";"2025-03-21 02:44:49";"System"
"911012";"Sarmi Selatan";"Sarmi Selatan";"56617";"1798";"102";"2025-03-21 02:44:49";"System";"2025-03-21 02:44:49";"System"
"911013";"Sarmi Timur";"Sarmi Timur";"56617";"1798";"102";"2025-03-21 02:44:49";"System";"2025-03-21 02:44:49";"System"
"911014";"Pantai Timur Bagian Barat";"Pantai Timur Bagian Barat";"56617";"1798";"102";"2025-03-21 02:44:49";"System";"2025-03-21 02:44:49";"System"
"911015";"Bonggo Timur";"Bonggo Timur";"56617";"1798";"102";"2025-03-21 02:44:49";"System";"2025-03-21 02:44:49";"System"
"911101";"Waris";"Waris";"56447";"1798";"102";"2025-03-21 02:44:49";"System";"2025-03-21 02:44:49";"System"
"911102";"Arso";"Arso";"56447";"1798";"102";"2025-03-21 02:44:49";"System";"2025-03-21 02:44:49";"System"
"911103";"Senggi";"Senggi";"56447";"1798";"102";"2025-03-21 02:44:49";"System";"2025-03-21 02:44:49";"System"
"911104";"Web";"Web";"56447";"1798";"102";"2025-03-21 02:44:49";"System";"2025-03-21 02:44:49";"System"
"911105";"Skanto";"Skanto";"56447";"1798";"102";"2025-03-21 02:44:49";"System";"2025-03-21 02:44:49";"System"
"911106";"Arso Timur";"Arso Timur";"56447";"1798";"102";"2025-03-21 02:44:49";"System";"2025-03-21 02:44:49";"System"
"911107";"Towe";"Towe";"56447";"1798";"102";"2025-03-21 02:44:49";"System";"2025-03-21 02:44:49";"System"
"911108";"Arso Barat";"Arso Barat";"56447";"1798";"102";"2025-03-21 02:44:49";"System";"2025-03-21 02:44:49";"System"
"911109";"Mannem";"Mannem";"56447";"1798";"102";"2025-03-21 02:44:49";"System";"2025-03-21 02:44:49";"System"
"911110";"Yaffi";"Yaffi";"56447";"1798";"102";"2025-03-21 02:44:49";"System";"2025-03-21 02:44:49";"System"
"911111";"Kaisenar";"Kaisenar";"56447";"1798";"102";"2025-03-21 02:44:49";"System";"2025-03-21 02:44:49";"System"
"911201";"Oksibil";"Oksibil";"56584";"1798";"102";"2025-03-21 02:44:49";"System";"2025-03-21 02:44:49";"System"
"911202";"Kiwirok";"Kiwirok";"56584";"1798";"102";"2025-03-21 02:44:49";"System";"2025-03-21 02:44:49";"System"
"911203";"Okbibab";"Okbibab";"56584";"1798";"102";"2025-03-21 02:44:49";"System";"2025-03-21 02:44:49";"System"
"911204";"Iwur";"Iwur";"56584";"1798";"102";"2025-03-21 02:44:49";"System";"2025-03-21 02:44:49";"System"
"911205";"Batom";"Batom";"56584";"1798";"102";"2025-03-21 02:44:49";"System";"2025-03-21 02:44:49";"System"
"911206";"Borme";"Borme";"56584";"1798";"102";"2025-03-21 02:44:49";"System";"2025-03-21 02:44:49";"System"
"911207";"Kiwirok Timur";"Kiwirok Timur";"56584";"1798";"102";"2025-03-21 02:44:49";"System";"2025-03-21 02:44:49";"System"
"911208";"Aboy";"Aboy";"56584";"1798";"102";"2025-03-21 02:44:49";"System";"2025-03-21 02:44:49";"System"
"911209";"Pepera";"Pepera";"56584";"1798";"102";"2025-03-21 02:44:49";"System";"2025-03-21 02:44:49";"System"
"911210";"Bime";"Bime";"56584";"1798";"102";"2025-03-21 02:44:49";"System";"2025-03-21 02:44:49";"System"
"911211";"Alemsom";"Alemsom";"56584";"1798";"102";"2025-03-21 02:44:49";"System";"2025-03-21 02:44:49";"System"
"911212";"Okbape";"Okbape";"56584";"1798";"102";"2025-03-21 02:44:49";"System";"2025-03-21 02:44:49";"System"
"911213";"Kalomdol";"Kalomdol";"56584";"1798";"102";"2025-03-21 02:44:49";"System";"2025-03-21 02:44:49";"System"
"911214";"Oksop";"Oksop";"56584";"1798";"102";"2025-03-21 02:44:49";"System";"2025-03-21 02:44:49";"System"
"911215";"Serambakon";"Serambakon";"56584";"1798";"102";"2025-03-21 02:44:49";"System";"2025-03-21 02:44:49";"System"
"911216";"Ok Aom";"Ok Aom";"56584";"1798";"102";"2025-03-21 02:44:49";"System";"2025-03-21 02:44:49";"System"
"911217";"Kawor";"Kawor";"56584";"1798";"102";"2025-03-21 02:44:49";"System";"2025-03-21 02:44:49";"System"
"911218";"Awinbon";"Awinbon";"56584";"1798";"102";"2025-03-21 02:44:49";"System";"2025-03-21 02:44:49";"System"
"911219";"Tarup";"Tarup";"56584";"1798";"102";"2025-03-21 02:44:49";"System";"2025-03-21 02:44:49";"System"
"911220";"Okhika";"Okhika";"56584";"1798";"102";"2025-03-21 02:44:49";"System";"2025-03-21 02:44:49";"System"
"911221";"Oksamol";"Oksamol";"56584";"1798";"102";"2025-03-21 02:44:49";"System";"2025-03-21 02:44:49";"System"
"911222";"Oklip";"Oklip";"56584";"1798";"102";"2025-03-21 02:44:49";"System";"2025-03-21 02:44:49";"System"
"911223";"Okbemtau";"Okbemtau";"56584";"1798";"102";"2025-03-21 02:44:49";"System";"2025-03-21 02:44:49";"System"
"911224";"Oksebang";"Oksebang";"56584";"1798";"102";"2025-03-21 02:44:49";"System";"2025-03-21 02:44:49";"System"
"911225";"Okbab";"Okbab";"56584";"1798";"102";"2025-03-21 02:44:49";"System";"2025-03-21 02:44:49";"System"
"911226";"Batani";"Batani";"56584";"1798";"102";"2025-03-21 02:44:49";"System";"2025-03-21 02:44:49";"System"
"911227";"Weime";"Weime";"56584";"1798";"102";"2025-03-21 02:44:49";"System";"2025-03-21 02:44:49";"System"
"911228";"Murkim";"Murkim";"56584";"1798";"102";"2025-03-21 02:44:49";"System";"2025-03-21 02:44:49";"System"
"911229";"Mofinop";"Mofinop";"56584";"1798";"102";"2025-03-21 02:44:49";"System";"2025-03-21 02:44:49";"System"
"911230";"Jetfa";"Jetfa";"56584";"1798";"102";"2025-03-21 02:44:49";"System";"2025-03-21 02:44:49";"System"
"911231";"Teiraplu";"Teiraplu";"56584";"1798";"102";"2025-03-21 02:44:49";"System";"2025-03-21 02:44:49";"System"
"911232";"Eipumek";"Eipumek";"56584";"1798";"102";"2025-03-21 02:44:49";"System";"2025-03-21 02:44:49";"System"
"911233";"Pamek";"Pamek";"56584";"1798";"102";"2025-03-21 02:44:49";"System";"2025-03-21 02:44:49";"System"
"911234";"Nongme";"Nongme";"56584";"1798";"102";"2025-03-21 02:44:49";"System";"2025-03-21 02:44:49";"System"
"911301";"Kurima";"Kurima";"56694";"1798";"102";"2025-03-21 02:44:49";"System";"2025-03-21 02:44:49";"System"
"911302";"Anggruk";"Anggruk";"56694";"1798";"102";"2025-03-21 02:44:49";"System";"2025-03-21 02:44:49";"System"
"911303";"Ninia";"Ninia";"56694";"1798";"102";"2025-03-21 02:44:49";"System";"2025-03-21 02:44:49";"System"
"911306";"Silimo";"Silimo";"56694";"1798";"102";"2025-03-21 02:44:49";"System";"2025-03-21 02:44:49";"System"
"911307";"Samenage";"Samenage";"56694";"1798";"102";"2025-03-21 02:44:49";"System";"2025-03-21 02:44:49";"System"
"911308";"Nalca";"Nalca";"56694";"1798";"102";"2025-03-21 02:44:49";"System";"2025-03-21 02:44:49";"System"
"911309";"Dekai";"Dekai";"56694";"1798";"102";"2025-03-21 02:44:49";"System";"2025-03-21 02:44:49";"System"
"911310";"Obio";"Obio";"56694";"1798";"102";"2025-03-21 02:44:49";"System";"2025-03-21 02:44:49";"System"
"911311";"Suru Suru";"Suru Suru";"56694";"1798";"102";"2025-03-21 02:44:49";"System";"2025-03-21 02:44:49";"System"
"911312";"Wusama";"Wusama";"56694";"1798";"102";"2025-03-21 02:44:49";"System";"2025-03-21 02:44:49";"System"
"911313";"Amuma";"Amuma";"56694";"1798";"102";"2025-03-21 02:44:49";"System";"2025-03-21 02:44:49";"System"
"911314";"Musaik";"Musaik";"56694";"1798";"102";"2025-03-21 02:44:49";"System";"2025-03-21 02:44:49";"System"
"911315";"Pasema";"Pasema";"56694";"1798";"102";"2025-03-21 02:44:49";"System";"2025-03-21 02:44:49";"System"
"911316";"Hogio";"Hogio";"56694";"1798";"102";"2025-03-21 02:44:49";"System";"2025-03-21 02:44:49";"System"
"911317";"Mugi";"Mugi";"56694";"1798";"102";"2025-03-21 02:44:49";"System";"2025-03-21 02:44:49";"System"
"911318";"Soba";"Soba";"56694";"1798";"102";"2025-03-21 02:44:49";"System";"2025-03-21 02:44:49";"System"
"911319";"Werima";"Werima";"56694";"1798";"102";"2025-03-21 02:44:49";"System";"2025-03-21 02:44:49";"System"
"911320";"Tangma";"Tangma";"56694";"1798";"102";"2025-03-21 02:44:49";"System";"2025-03-21 02:44:49";"System"
"911321";"Ukha";"Ukha";"56694";"1798";"102";"2025-03-21 02:44:49";"System";"2025-03-21 02:44:49";"System"
"911322";"Panggema";"Panggema";"56694";"1798";"102";"2025-03-21 02:44:49";"System";"2025-03-21 02:44:49";"System"
"911323";"Kosarek";"Kosarek";"56694";"1798";"102";"2025-03-21 02:44:49";"System";"2025-03-21 02:44:49";"System"
"911324";"Nipsan";"Nipsan";"56694";"1798";"102";"2025-03-21 02:44:49";"System";"2025-03-21 02:44:49";"System"
"911325";"Ubahak";"Ubahak";"56694";"1798";"102";"2025-03-21 02:44:49";"System";"2025-03-21 02:44:49";"System"
"911326";"Pronggoli";"Pronggoli";"56694";"1798";"102";"2025-03-21 02:44:49";"System";"2025-03-21 02:44:49";"System"
"911327";"Walma";"Walma";"56694";"1798";"102";"2025-03-21 02:44:49";"System";"2025-03-21 02:44:49";"System"
"911328";"Yahuliambut";"Yahuliambut";"56694";"1798";"102";"2025-03-21 02:44:49";"System";"2025-03-21 02:44:49";"System"
"911329";"Hereapini";"Hereapini";"56694";"1798";"102";"2025-03-21 02:44:49";"System";"2025-03-21 02:44:49";"System"
"911330";"Ubalihi";"Ubalihi";"56694";"1798";"102";"2025-03-21 02:44:49";"System";"2025-03-21 02:44:49";"System"
"911331";"Talambo";"Talambo";"56694";"1798";"102";"2025-03-21 02:44:49";"System";"2025-03-21 02:44:49";"System"
"911332";"Puldama";"Puldama";"56694";"1798";"102";"2025-03-21 02:44:49";"System";"2025-03-21 02:44:49";"System"
"911333";"Endomen";"Endomen";"56694";"1798";"102";"2025-03-21 02:44:49";"System";"2025-03-21 02:44:49";"System"
"911334";"Kona";"Kona";"56694";"1798";"102";"2025-03-21 02:44:49";"System";"2025-03-21 02:44:49";"System"
"911335";"Dirwemna";"Dirwemna";"56694";"1798";"102";"2025-03-21 02:44:49";"System";"2025-03-21 02:44:49";"System"
"911336";"Holuon";"Holuon";"56694";"1798";"102";"2025-03-21 02:44:49";"System";"2025-03-21 02:44:49";"System"
"911337";"Lolat";"Lolat";"56694";"1798";"102";"2025-03-21 02:44:49";"System";"2025-03-21 02:44:49";"System"
"911338";"Soloikma";"Soloikma";"56694";"1798";"102";"2025-03-21 02:44:49";"System";"2025-03-21 02:44:49";"System"
"911339";"Sela";"Sela";"56694";"1798";"102";"2025-03-21 02:44:49";"System";"2025-03-21 02:44:49";"System"
"911340";"Korupun";"Korupun";"56694";"1798";"102";"2025-03-21 02:44:49";"System";"2025-03-21 02:44:49";"System"
"911341";"Langda";"Langda";"56694";"1798";"102";"2025-03-21 02:44:49";"System";"2025-03-21 02:44:49";"System"
"911342";"Bomela";"Bomela";"56694";"1798";"102";"2025-03-21 02:44:49";"System";"2025-03-21 02:44:49";"System"
"911343";"Suntamon";"Suntamon";"56694";"1798";"102";"2025-03-21 02:44:49";"System";"2025-03-21 02:44:49";"System"
"911344";"Seredela";"Seredela";"56694";"1798";"102";"2025-03-21 02:44:49";"System";"2025-03-21 02:44:49";"System"
"911345";"Sobaham";"Sobaham";"56694";"1798";"102";"2025-03-21 02:44:49";"System";"2025-03-21 02:44:49";"System"
"911346";"Kabianggama";"Kabianggama";"56694";"1798";"102";"2025-03-21 02:44:49";"System";"2025-03-21 02:44:49";"System"
"911347";"Kwelemdua";"Kwelemdua";"56694";"1798";"102";"2025-03-21 02:44:49";"System";"2025-03-21 02:44:49";"System"
"911348";"Kwikma";"Kwikma";"56694";"1798";"102";"2025-03-21 02:44:49";"System";"2025-03-21 02:44:49";"System"
"911349";"Hilipuk";"Hilipuk";"56694";"1798";"102";"2025-03-21 02:44:49";"System";"2025-03-21 02:44:49";"System"
"911350";"Duram";"Duram";"56694";"1798";"102";"2025-03-21 02:44:49";"System";"2025-03-21 02:44:49";"System"
"911351";"Yogosem";"Yogosem";"56694";"1798";"102";"2025-03-21 02:44:49";"System";"2025-03-21 02:44:49";"System"
"911352";"Kayo";"Kayo";"56694";"1798";"102";"2025-03-21 02:44:49";"System";"2025-03-21 02:44:49";"System"
"911353";"Sumo";"Sumo";"56694";"1798";"102";"2025-03-21 02:44:49";"System";"2025-03-21 02:44:49";"System"
"911401";"Karubaga";"Karubaga";"56683";"1798";"102";"2025-03-21 02:44:49";"System";"2025-03-21 02:44:49";"System"
"911402";"Bokondini";"Bokondini";"56683";"1798";"102";"2025-03-21 02:44:49";"System";"2025-03-21 02:44:49";"System"
"911403";"Kanggime";"Kanggime";"56683";"1798";"102";"2025-03-21 02:44:49";"System";"2025-03-21 02:44:49";"System"
"911404";"Kembu";"Kembu";"56683";"1798";"102";"2025-03-21 02:44:49";"System";"2025-03-21 02:44:49";"System"
"911405";"Goyage";"Goyage";"56683";"1798";"102";"2025-03-21 02:44:49";"System";"2025-03-21 02:44:49";"System"
"911406";"Wunim";"Wunim";"56683";"1798";"102";"2025-03-21 02:44:49";"System";"2025-03-21 02:44:49";"System"
"911407";"Wina";"Wina";"56683";"1798";"102";"2025-03-21 02:44:49";"System";"2025-03-21 02:44:49";"System"
"911408";"Umagi";"Umagi";"56683";"1798";"102";"2025-03-21 02:44:49";"System";"2025-03-21 02:44:49";"System"
"911409";"Panaga";"Panaga";"56683";"1798";"102";"2025-03-21 02:44:49";"System";"2025-03-21 02:44:49";"System"
"911410";"Woniki";"Woniki";"56683";"1798";"102";"2025-03-21 02:44:49";"System";"2025-03-21 02:44:49";"System"
"911411";"Kubu";"Kubu";"56683";"1798";"102";"2025-03-21 02:44:49";"System";"2025-03-21 02:44:49";"System"
"911412";"Konda/ Kondaga";"Konda/ Kondaga";"56683";"1798";"102";"2025-03-21 02:44:49";"System";"2025-03-21 02:44:49";"System"
"911413";"Nelawi";"Nelawi";"56683";"1798";"102";"2025-03-21 02:44:49";"System";"2025-03-21 02:44:49";"System"
"911414";"Kuari";"Kuari";"56683";"1798";"102";"2025-03-21 02:44:49";"System";"2025-03-21 02:44:49";"System"
"911415";"Bokoneri";"Bokoneri";"56683";"1798";"102";"2025-03-21 02:44:49";"System";"2025-03-21 02:44:49";"System"
"911416";"Bewani";"Bewani";"56683";"1798";"102";"2025-03-21 02:44:49";"System";"2025-03-21 02:44:49";"System"
"911418";"Nabunage";"Nabunage";"56683";"1798";"102";"2025-03-21 02:44:49";"System";"2025-03-21 02:44:49";"System"
"911419";"Gilubandu";"Gilubandu";"56683";"1798";"102";"2025-03-21 02:44:49";"System";"2025-03-21 02:44:49";"System"
"911420";"Nunggawi";"Nunggawi";"56683";"1798";"102";"2025-03-21 02:44:49";"System";"2025-03-21 02:44:49";"System"
"911421";"Gundagi";"Gundagi";"56683";"1798";"102";"2025-03-21 02:44:49";"System";"2025-03-21 02:44:49";"System"
"911422";"Numba";"Numba";"56683";"1798";"102";"2025-03-21 02:44:49";"System";"2025-03-21 02:44:49";"System"
"911423";"Timori";"Timori";"56683";"1798";"102";"2025-03-21 02:44:49";"System";"2025-03-21 02:44:49";"System"
"911424";"Dundu";"Dundu";"56683";"1798";"102";"2025-03-21 02:44:49";"System";"2025-03-21 02:44:49";"System"
"911425";"Geya";"Geya";"56683";"1798";"102";"2025-03-21 02:44:49";"System";"2025-03-21 02:44:49";"System"
"911426";"Egiam";"Egiam";"56683";"1798";"102";"2025-03-21 02:44:49";"System";"2025-03-21 02:44:49";"System"
"911427";"Poganeri";"Poganeri";"56683";"1798";"102";"2025-03-21 02:44:49";"System";"2025-03-21 02:44:49";"System"
"911428";"Kamboneri";"Kamboneri";"56683";"1798";"102";"2025-03-21 02:44:49";"System";"2025-03-21 02:44:49";"System"
"911429";"Airgaram";"Airgaram";"56683";"1798";"102";"2025-03-21 02:44:49";"System";"2025-03-21 02:44:49";"System"
"911430";"Wari/Taiyeve II";"Wari/Taiyeve II";"56683";"1798";"102";"2025-03-21 02:44:49";"System";"2025-03-21 02:44:49";"System"
"911431";"Dow";"Dow";"56683";"1798";"102";"2025-03-21 02:44:49";"System";"2025-03-21 02:44:49";"System"
"911432";"Tagineri";"Tagineri";"56683";"1798";"102";"2025-03-21 02:44:49";"System";"2025-03-21 02:44:49";"System"
"911433";"Yuneri";"Yuneri";"56683";"1798";"102";"2025-03-21 02:44:49";"System";"2025-03-21 02:44:49";"System"
"911434";"Wakuwo";"Wakuwo";"56683";"1798";"102";"2025-03-21 02:44:49";"System";"2025-03-21 02:44:49";"System"
"911435";"Gika";"Gika";"56683";"1798";"102";"2025-03-21 02:44:49";"System";"2025-03-21 02:44:49";"System"
"911436";"Telenggeme";"Telenggeme";"56683";"1798";"102";"2025-03-21 02:44:49";"System";"2025-03-21 02:44:49";"System"
"911437";"Anawi";"Anawi";"56683";"1798";"102";"2025-03-21 02:44:49";"System";"2025-03-21 02:44:49";"System"
"911438";"Wenam";"Wenam";"56683";"1798";"102";"2025-03-21 02:44:49";"System";"2025-03-21 02:44:49";"System"
"911439";"Wugi";"Wugi";"56683";"1798";"102";"2025-03-21 02:44:49";"System";"2025-03-21 02:44:49";"System"
"911440";"Danime";"Danime";"56683";"1798";"102";"2025-03-21 02:44:49";"System";"2025-03-21 02:44:49";"System"
"911441";"Tagime";"Tagime";"56683";"1798";"102";"2025-03-21 02:44:49";"System";"2025-03-21 02:44:49";"System"
"911442";"Kai";"Kai";"56683";"1798";"102";"2025-03-21 02:44:49";"System";"2025-03-21 02:44:49";"System"
"911443";"Aweku";"Aweku";"56683";"1798";"102";"2025-03-21 02:44:49";"System";"2025-03-21 02:44:49";"System"
"911444";"Bogonuk";"Bogonuk";"56683";"1798";"102";"2025-03-21 02:44:49";"System";"2025-03-21 02:44:49";"System"
"911445";"Li Anogomma";"Li Anogomma";"56683";"1798";"102";"2025-03-21 02:44:49";"System";"2025-03-21 02:44:49";"System"
"911446";"Biuk";"Biuk";"56683";"1798";"102";"2025-03-21 02:44:49";"System";"2025-03-21 02:44:49";"System"
"911447";"Yuko";"Yuko";"56683";"1798";"102";"2025-03-21 02:44:49";"System";"2025-03-21 02:44:49";"System"
"911501";"Waropen Bawah";"Waropen Bawah";"56690";"1798";"102";"2025-03-21 02:44:49";"System";"2025-03-21 02:44:49";"System"
"911503";"Masirei";"Masirei";"56690";"1798";"102";"2025-03-21 02:44:49";"System";"2025-03-21 02:44:49";"System"
"911507";"Risei Sayati";"Risei Sayati";"56690";"1798";"102";"2025-03-21 02:44:49";"System";"2025-03-21 02:44:49";"System"
"911508";"Urei Faisei";"Urei Faisei";"56690";"1798";"102";"2025-03-21 02:44:49";"System";"2025-03-21 02:44:49";"System"
"911509";"Inggerus";"Inggerus";"56690";"1798";"102";"2025-03-21 02:44:49";"System";"2025-03-21 02:44:49";"System"
"911510";"Kirihi";"Kirihi";"56690";"1798";"102";"2025-03-21 02:44:49";"System";"2025-03-21 02:44:49";"System"
"911511";"Oudate";"Oudate";"56690";"1798";"102";"2025-03-21 02:44:49";"System";"2025-03-21 02:44:49";"System"
"911512";"Wapoga";"Wapoga";"56690";"1798";"102";"2025-03-21 02:44:49";"System";"2025-03-21 02:44:49";"System"
"911513";"Demba";"Demba";"56690";"1798";"102";"2025-03-21 02:44:49";"System";"2025-03-21 02:44:49";"System"
"911514";"Wonti";"Wonti";"56690";"1798";"102";"2025-03-21 02:44:49";"System";"2025-03-21 02:44:49";"System"
"911515";"Soyoi Mambai";"Soyoi Mambai";"56690";"1798";"102";"2025-03-21 02:44:49";"System";"2025-03-21 02:44:49";"System"
"911601";"Mandobo";"Mandobo";"56376";"1798";"102";"2025-03-21 02:44:49";"System";"2025-03-21 02:44:49";"System"
"911602";"Mindiptana";"Mindiptana";"56376";"1798";"102";"2025-03-21 02:44:49";"System";"2025-03-21 02:44:49";"System"
"911603";"Waropko";"Waropko";"56376";"1798";"102";"2025-03-21 02:44:49";"System";"2025-03-21 02:44:49";"System"
"911604";"Kouh";"Kouh";"56376";"1798";"102";"2025-03-21 02:44:49";"System";"2025-03-21 02:44:49";"System"
"911605";"Jair";"Jair";"56376";"1798";"102";"2025-03-21 02:44:49";"System";"2025-03-21 02:44:49";"System"
"911606";"Bomakia";"Bomakia";"56376";"1798";"102";"2025-03-21 02:44:49";"System";"2025-03-21 02:44:49";"System"
"911607";"Kombut";"Kombut";"56376";"1798";"102";"2025-03-21 02:44:49";"System";"2025-03-21 02:44:49";"System"
"911608";"Iniyandit";"Iniyandit";"56376";"1798";"102";"2025-03-21 02:44:49";"System";"2025-03-21 02:44:49";"System"
"911609";"Arimop";"Arimop";"56376";"1798";"102";"2025-03-21 02:44:49";"System";"2025-03-21 02:44:49";"System"
"911610";"Fofi";"Fofi";"56376";"1798";"102";"2025-03-21 02:44:49";"System";"2025-03-21 02:44:49";"System"
"911611";"Ambatkwi";"Ambatkwi";"56376";"1798";"102";"2025-03-21 02:44:49";"System";"2025-03-21 02:44:49";"System"
"911612";"Manggelum";"Manggelum";"56376";"1798";"102";"2025-03-21 02:44:49";"System";"2025-03-21 02:44:49";"System"
"911613";"Firiwage";"Firiwage";"56376";"1798";"102";"2025-03-21 02:44:49";"System";"2025-03-21 02:44:49";"System"
"911614";"Yaniruma";"Yaniruma";"56376";"1798";"102";"2025-03-21 02:44:49";"System";"2025-03-21 02:44:49";"System"
"911615";"Subur";"Subur";"56376";"1798";"102";"2025-03-21 02:44:49";"System";"2025-03-21 02:44:49";"System"
"911616";"Kombay";"Kombay";"56376";"1798";"102";"2025-03-21 02:44:49";"System";"2025-03-21 02:44:49";"System"
"911617";"Ninati";"Ninati";"56376";"1798";"102";"2025-03-21 02:44:49";"System";"2025-03-21 02:44:49";"System"
"911618";"Sesnuk";"Sesnuk";"56376";"1798";"102";"2025-03-21 02:44:49";"System";"2025-03-21 02:44:49";"System"
"911619";"Ki";"Ki";"56376";"1798";"102";"2025-03-21 02:44:49";"System";"2025-03-21 02:44:49";"System"
"911620";"Kawagit";"Kawagit";"56376";"1798";"102";"2025-03-21 02:44:49";"System";"2025-03-21 02:44:49";"System"
"911701";"Obaa";"Obaa";"56529";"1798";"102";"2025-03-21 02:44:49";"System";"2025-03-21 02:44:49";"System"
"911702";"Mambioman Bapai";"Mambioman Bapai";"56529";"1798";"102";"2025-03-21 02:44:49";"System";"2025-03-21 02:44:49";"System"
"911703";"Citak-Mitak";"Citak-Mitak";"56529";"1798";"102";"2025-03-21 02:44:49";"System";"2025-03-21 02:44:49";"System"
"911704";"Edera";"Edera";"56529";"1798";"102";"2025-03-21 02:44:49";"System";"2025-03-21 02:44:49";"System"
"911705";"Haju";"Haju";"56529";"1798";"102";"2025-03-21 02:44:49";"System";"2025-03-21 02:44:49";"System"
"911706";"Assue";"Assue";"56529";"1798";"102";"2025-03-21 02:44:49";"System";"2025-03-21 02:44:49";"System"
"911707";"Kaibar";"Kaibar";"56529";"1798";"102";"2025-03-21 02:44:49";"System";"2025-03-21 02:44:49";"System"
"911708";"Passue";"Passue";"56529";"1798";"102";"2025-03-21 02:44:49";"System";"2025-03-21 02:44:49";"System"
"911709";"Minyamur";"Minyamur";"56529";"1798";"102";"2025-03-21 02:44:49";"System";"2025-03-21 02:44:49";"System"
"911710";"Venaha";"Venaha";"56529";"1798";"102";"2025-03-21 02:44:49";"System";"2025-03-21 02:44:49";"System"
"911711";"Syahcame";"Syahcame";"56529";"1798";"102";"2025-03-21 02:44:49";"System";"2025-03-21 02:44:49";"System"
"911712";"Yakomi";"Yakomi";"56529";"1798";"102";"2025-03-21 02:44:49";"System";"2025-03-21 02:44:49";"System"
"911713";"Bamgi";"Bamgi";"56529";"1798";"102";"2025-03-21 02:44:49";"System";"2025-03-21 02:44:49";"System"
"911714";"Passue Bawah";"Passue Bawah";"56529";"1798";"102";"2025-03-21 02:44:49";"System";"2025-03-21 02:44:49";"System"
"911715";"Ti Zain";"Ti Zain";"56529";"1798";"102";"2025-03-21 02:44:49";"System";"2025-03-21 02:44:49";"System"
"911801";"Agats";"Agats";"56321";"1798";"102";"2025-03-21 02:44:49";"System";"2025-03-21 02:44:49";"System"
"911802";"Atsj";"Atsj";"56321";"1798";"102";"2025-03-21 02:44:49";"System";"2025-03-21 02:44:49";"System"
"911803";"Sawa Erma";"Sawa Erma";"56321";"1798";"102";"2025-03-21 02:44:49";"System";"2025-03-21 02:44:49";"System"
"911804";"Akat";"Akat";"56321";"1798";"102";"2025-03-21 02:44:49";"System";"2025-03-21 02:44:49";"System"
"911805";"Fayit";"Fayit";"56321";"1798";"102";"2025-03-21 02:44:49";"System";"2025-03-21 02:44:49";"System"
"911806";"Pantai Kasuari";"Pantai Kasuari";"56321";"1798";"102";"2025-03-21 02:44:49";"System";"2025-03-21 02:44:49";"System"
"911807";"Suator";"Suator";"56321";"1798";"102";"2025-03-21 02:44:49";"System";"2025-03-21 02:44:49";"System"
"911808";"Suru-suru";"Suru-suru";"56321";"1798";"102";"2025-03-21 02:44:49";"System";"2025-03-21 02:44:49";"System"
"911809";"Kolf Braza";"Kolf Braza";"56321";"1798";"102";"2025-03-21 02:44:49";"System";"2025-03-21 02:44:49";"System"
"911810";"Unir Sirau";"Unir Sirau";"56321";"1798";"102";"2025-03-21 02:44:49";"System";"2025-03-21 02:44:49";"System"
"911811";"Joerat";"Joerat";"56321";"1798";"102";"2025-03-21 02:44:49";"System";"2025-03-21 02:44:49";"System"
"911812";"Pulau Tiga";"Pulau Tiga";"56321";"1798";"102";"2025-03-21 02:44:49";"System";"2025-03-21 02:44:49";"System"
"911813";"Jetsy";"Jetsy";"56321";"1798";"102";"2025-03-21 02:44:49";"System";"2025-03-21 02:44:49";"System"
"911814";"Der Koumur";"Der Koumur";"56321";"1798";"102";"2025-03-21 02:44:49";"System";"2025-03-21 02:44:49";"System"
"911815";"Kopay";"Kopay";"56321";"1798";"102";"2025-03-21 02:44:49";"System";"2025-03-21 02:44:49";"System"
"911816";"Safan";"Safan";"56321";"1798";"102";"2025-03-21 02:44:49";"System";"2025-03-21 02:44:49";"System"
"911817";"Sirets";"Sirets";"56321";"1798";"102";"2025-03-21 02:44:49";"System";"2025-03-21 02:44:49";"System"
"911818";"Ayip";"Ayip";"56321";"1798";"102";"2025-03-21 02:44:49";"System";"2025-03-21 02:44:49";"System"
"911819";"Betcbamu";"Betcbamu";"56321";"1798";"102";"2025-03-21 02:44:49";"System";"2025-03-21 02:44:49";"System"
"911901";"Supiori Selatan";"Supiori Selatan";"56656";"1798";"102";"2025-03-21 02:44:49";"System";"2025-03-21 02:44:49";"System"
"911902";"Supiori Utara";"Supiori Utara";"56656";"1798";"102";"2025-03-21 02:44:49";"System";"2025-03-21 02:44:49";"System"
"911903";"Supiori Timur";"Supiori Timur";"56656";"1798";"102";"2025-03-21 02:44:49";"System";"2025-03-21 02:44:49";"System"
"911904";"Kepulauan Aruri";"Kepulauan Aruri";"56656";"1798";"102";"2025-03-21 02:44:49";"System";"2025-03-21 02:44:49";"System"
"911905";"Supiori Barat";"Supiori Barat";"56656";"1798";"102";"2025-03-21 02:44:49";"System";"2025-03-21 02:44:49";"System"
"912001";"Mamberamo Tengah";"Mamberamo Tengah";"56518";"1798";"102";"2025-03-21 02:44:49";"System";"2025-03-21 02:44:49";"System"
"912002";"Mamberamo Hulu";"Mamberamo Hulu";"56518";"1798";"102";"2025-03-21 02:44:49";"System";"2025-03-21 02:44:49";"System"
"912003";"Rufaer";"Rufaer";"56518";"1798";"102";"2025-03-21 02:44:49";"System";"2025-03-21 02:44:49";"System"
"912004";"Mamberamo Tengah Timur";"Mamberamo Tengah Timur";"56518";"1798";"102";"2025-03-21 02:44:49";"System";"2025-03-21 02:44:49";"System"
"912005";"Mamberamo Hilir";"Mamberamo Hilir";"56518";"1798";"102";"2025-03-21 02:44:49";"System";"2025-03-21 02:44:49";"System"
"912006";"Waropen Atas";"Waropen Atas";"56518";"1798";"102";"2025-03-21 02:44:49";"System";"2025-03-21 02:44:49";"System"
"912007";"Benuki";"Benuki";"56518";"1798";"102";"2025-03-21 02:44:49";"System";"2025-03-21 02:44:49";"System"
"912008";"Sawai";"Sawai";"56518";"1798";"102";"2025-03-21 02:44:49";"System";"2025-03-21 02:44:49";"System"
"912101";"Kobagma";"Kobagma";"56519";"1798";"102";"2025-03-21 02:44:49";"System";"2025-03-21 02:44:49";"System"
"912102";"Kelila";"Kelila";"56519";"1798";"102";"2025-03-21 02:44:49";"System";"2025-03-21 02:44:49";"System"
"912103";"Eragayam";"Eragayam";"56519";"1798";"102";"2025-03-21 02:44:49";"System";"2025-03-21 02:44:49";"System"
"912104";"Megambilis";"Megambilis";"56519";"1798";"102";"2025-03-21 02:44:49";"System";"2025-03-21 02:44:49";"System"
"912105";"Ilugwa";"Ilugwa";"56519";"1798";"102";"2025-03-21 02:44:49";"System";"2025-03-21 02:44:49";"System"
"912201";"Elelim";"Elelim";"56695";"1798";"102";"2025-03-21 02:44:49";"System";"2025-03-21 02:44:49";"System"
"912202";"Apalapsili";"Apalapsili";"56695";"1798";"102";"2025-03-21 02:44:49";"System";"2025-03-21 02:44:49";"System"
"912203";"Abenaho";"Abenaho";"56695";"1798";"102";"2025-03-21 02:44:49";"System";"2025-03-21 02:44:49";"System"
"912204";"Benawa";"Benawa";"56695";"1798";"102";"2025-03-21 02:44:49";"System";"2025-03-21 02:44:49";"System"
"912205";"Welarek";"Welarek";"56695";"1798";"102";"2025-03-21 02:44:49";"System";"2025-03-21 02:44:49";"System"
"912301";"Tiom";"Tiom";"56490";"1798";"102";"2025-03-21 02:44:49";"System";"2025-03-21 02:44:49";"System"
"912302";"Pirime";"Pirime";"56490";"1798";"102";"2025-03-21 02:44:49";"System";"2025-03-21 02:44:49";"System"
"912303";"Makki";"Makki";"56490";"1798";"102";"2025-03-21 02:44:49";"System";"2025-03-21 02:44:49";"System"
"912304";"Gamelia";"Gamelia";"56490";"1798";"102";"2025-03-21 02:44:49";"System";"2025-03-21 02:44:49";"System"
"912305";"Dimba";"Dimba";"56490";"1798";"102";"2025-03-21 02:44:49";"System";"2025-03-21 02:44:49";"System"
"912306";"Melagineri";"Melagineri";"56490";"1798";"102";"2025-03-21 02:44:49";"System";"2025-03-21 02:44:49";"System"
"912307";"Balingga";"Balingga";"56490";"1798";"102";"2025-03-21 02:44:49";"System";"2025-03-21 02:44:49";"System"
"912308";"Tiomneri";"Tiomneri";"56490";"1798";"102";"2025-03-21 02:44:49";"System";"2025-03-21 02:44:49";"System"
"912309";"Kuyawage";"Kuyawage";"56490";"1798";"102";"2025-03-21 02:44:49";"System";"2025-03-21 02:44:49";"System"
"912310";"Poga";"Poga";"56490";"1798";"102";"2025-03-21 02:44:49";"System";"2025-03-21 02:44:49";"System"
"912311";"Niname";"Niname";"56490";"1798";"102";"2025-03-21 02:44:49";"System";"2025-03-21 02:44:49";"System"
"912312";"Nogi";"Nogi";"56490";"1798";"102";"2025-03-21 02:44:49";"System";"2025-03-21 02:44:49";"System"
"912313";"Yiginua";"Yiginua";"56490";"1798";"102";"2025-03-21 02:44:49";"System";"2025-03-21 02:44:49";"System"
"912314";"Tiom Ollo";"Tiom Ollo";"56490";"1798";"102";"2025-03-21 02:44:49";"System";"2025-03-21 02:44:49";"System"
"912315";"Yugungwi";"Yugungwi";"56490";"1798";"102";"2025-03-21 02:44:49";"System";"2025-03-21 02:44:49";"System"
"912316";"Mokoni";"Mokoni";"56490";"1798";"102";"2025-03-21 02:44:49";"System";"2025-03-21 02:44:49";"System"
"912317";"Wereka";"Wereka";"56490";"1798";"102";"2025-03-21 02:44:49";"System";"2025-03-21 02:44:49";"System"
"912318";"Milimbo";"Milimbo";"56490";"1798";"102";"2025-03-21 02:44:49";"System";"2025-03-21 02:44:49";"System"
"912319";"Wiringgambut";"Wiringgambut";"56490";"1798";"102";"2025-03-21 02:44:49";"System";"2025-03-21 02:44:49";"System"
"912320";"Gollo";"Gollo";"56490";"1798";"102";"2025-03-21 02:44:49";"System";"2025-03-21 02:44:49";"System"
"912321";"Awina";"Awina";"56490";"1798";"102";"2025-03-21 02:44:49";"System";"2025-03-21 02:44:49";"System"
"912322";"Ayumnati";"Ayumnati";"56490";"1798";"102";"2025-03-21 02:44:49";"System";"2025-03-21 02:44:49";"System"
"912323";"Wano Barat";"Wano Barat";"56490";"1798";"102";"2025-03-21 02:44:49";"System";"2025-03-21 02:44:49";"System"
"912324";"Goa Balim";"Goa Balim";"56490";"1798";"102";"2025-03-21 02:44:49";"System";"2025-03-21 02:44:49";"System"
"912325";"Bruwa";"Bruwa";"56490";"1798";"102";"2025-03-21 02:44:49";"System";"2025-03-21 02:44:49";"System"
"912326";"Balingga Barat";"Balingga Barat";"56490";"1798";"102";"2025-03-21 02:44:49";"System";"2025-03-21 02:44:49";"System"
"912327";"Gupura";"Gupura";"56490";"1798";"102";"2025-03-21 02:44:49";"System";"2025-03-21 02:44:49";"System"
"912328";"Kolawa";"Kolawa";"56490";"1798";"102";"2025-03-21 02:44:49";"System";"2025-03-21 02:44:49";"System"
"912329";"Gelok Beam";"Gelok Beam";"56490";"1798";"102";"2025-03-21 02:44:49";"System";"2025-03-21 02:44:49";"System"
"912330";"Kuly Lanny";"Kuly Lanny";"56490";"1798";"102";"2025-03-21 02:44:49";"System";"2025-03-21 02:44:49";"System"
"912331";"Lannyna";"Lannyna";"56490";"1798";"102";"2025-03-21 02:44:49";"System";"2025-03-21 02:44:49";"System"
"912332";"Karu";"Karu";"56490";"1798";"102";"2025-03-21 02:44:49";"System";"2025-03-21 02:44:49";"System"
"912333";"Yiluk";"Yiluk";"56490";"1798";"102";"2025-03-21 02:44:49";"System";"2025-03-21 02:44:49";"System"
"912334";"Guna";"Guna";"56490";"1798";"102";"2025-03-21 02:44:49";"System";"2025-03-21 02:44:49";"System"
"912335";"Kelulome";"Kelulome";"56490";"1798";"102";"2025-03-21 02:44:49";"System";"2025-03-21 02:44:49";"System"
"912336";"Nikogwe";"Nikogwe";"56490";"1798";"102";"2025-03-21 02:44:49";"System";"2025-03-21 02:44:49";"System"
"912337";"Muara";"Muara";"56490";"1798";"102";"2025-03-21 02:44:49";"System";"2025-03-21 02:44:49";"System"
"912338";"Buguk Gona";"Buguk Gona";"56490";"1798";"102";"2025-03-21 02:44:49";"System";"2025-03-21 02:44:49";"System"
"912339";"Melagi";"Melagi";"56490";"1798";"102";"2025-03-21 02:44:49";"System";"2025-03-21 02:44:49";"System"
"912401";"Kenyam";"Kenyam";"56555";"1798";"102";"2025-03-21 02:44:49";"System";"2025-03-21 02:44:49";"System"
"912402";"Mapenduma";"Mapenduma";"56555";"1798";"102";"2025-03-21 02:44:49";"System";"2025-03-21 02:44:49";"System"
"912403";"Yigi";"Yigi";"56555";"1798";"102";"2025-03-21 02:44:49";"System";"2025-03-21 02:44:49";"System"
"912404";"Wosak";"Wosak";"56555";"1798";"102";"2025-03-21 02:44:49";"System";"2025-03-21 02:44:49";"System"
"912405";"Geselma";"Geselma";"56555";"1798";"102";"2025-03-21 02:44:49";"System";"2025-03-21 02:44:49";"System"
"912406";"Mugi";"Mugi";"56555";"1798";"102";"2025-03-21 02:44:49";"System";"2025-03-21 02:44:49";"System"
"912407";"Mbuwa";"Mbuwa";"56555";"1798";"102";"2025-03-21 02:44:49";"System";"2025-03-21 02:44:49";"System"
"912408";"Gearek";"Gearek";"56555";"1798";"102";"2025-03-21 02:44:49";"System";"2025-03-21 02:44:49";"System"
"912409";"Koroptak";"Koroptak";"56555";"1798";"102";"2025-03-21 02:44:49";"System";"2025-03-21 02:44:49";"System"
"912410";"Kegayem";"Kegayem";"56555";"1798";"102";"2025-03-21 02:44:49";"System";"2025-03-21 02:44:49";"System"
"912411";"Paro";"Paro";"56555";"1798";"102";"2025-03-21 02:44:49";"System";"2025-03-21 02:44:49";"System"
"912412";"Mebarok";"Mebarok";"56555";"1798";"102";"2025-03-21 02:44:49";"System";"2025-03-21 02:44:49";"System"
"912413";"Yenggelo";"Yenggelo";"56555";"1798";"102";"2025-03-21 02:44:49";"System";"2025-03-21 02:44:49";"System"
"912414";"Kilmid";"Kilmid";"56555";"1798";"102";"2025-03-21 02:44:49";"System";"2025-03-21 02:44:49";"System"
"912415";"Alama";"Alama";"56555";"1798";"102";"2025-03-21 02:44:49";"System";"2025-03-21 02:44:49";"System"
"912416";"Yal";"Yal";"56555";"1798";"102";"2025-03-21 02:44:49";"System";"2025-03-21 02:44:49";"System"
"912417";"Mam";"Mam";"56555";"1798";"102";"2025-03-21 02:44:49";"System";"2025-03-21 02:44:49";"System"
"912418";"Dal";"Dal";"56555";"1798";"102";"2025-03-21 02:44:49";"System";"2025-03-21 02:44:49";"System"
"912419";"Nirkuri";"Nirkuri";"56555";"1798";"102";"2025-03-21 02:44:49";"System";"2025-03-21 02:44:49";"System"
"912420";"Inikgal";"Inikgal";"56555";"1798";"102";"2025-03-21 02:44:49";"System";"2025-03-21 02:44:49";"System"
"912421";"Iniye";"Iniye";"56555";"1798";"102";"2025-03-21 02:44:49";"System";"2025-03-21 02:44:49";"System"
"912422";"Mbulmu Yalma";"Mbulmu Yalma";"56555";"1798";"102";"2025-03-21 02:44:49";"System";"2025-03-21 02:44:49";"System"
"912423";"Mbua Tengah";"Mbua Tengah";"56555";"1798";"102";"2025-03-21 02:44:49";"System";"2025-03-21 02:44:49";"System"
"912424";"Embetpen";"Embetpen";"56555";"1798";"102";"2025-03-21 02:44:49";"System";"2025-03-21 02:44:49";"System"
"912425";"Kora";"Kora";"56555";"1798";"102";"2025-03-21 02:44:49";"System";"2025-03-21 02:44:49";"System"
"912426";"Wusi";"Wusi";"56555";"1798";"102";"2025-03-21 02:44:49";"System";"2025-03-21 02:44:49";"System"
"912427";"Pija";"Pija";"56555";"1798";"102";"2025-03-21 02:44:49";"System";"2025-03-21 02:44:49";"System"
"912428";"Moba";"Moba";"56555";"1798";"102";"2025-03-21 02:44:49";"System";"2025-03-21 02:44:49";"System"
"912429";"Wutpaga";"Wutpaga";"56555";"1798";"102";"2025-03-21 02:44:49";"System";"2025-03-21 02:44:49";"System"
"912430";"Nenggeagin";"Nenggeagin";"56555";"1798";"102";"2025-03-21 02:44:49";"System";"2025-03-21 02:44:49";"System"
"912431";"Krepkuri";"Krepkuri";"56555";"1798";"102";"2025-03-21 02:44:49";"System";"2025-03-21 02:44:49";"System"
"912432";"Pasir Putih";"Pasir Putih";"56555";"1798";"102";"2025-03-21 02:44:49";"System";"2025-03-21 02:44:49";"System"
"912501";"Ilaga";"Ilaga";"0";"0";"102";"2025-03-21 02:44:49";"System";"2025-03-21 02:44:49";"System"
"912502";"Wangbe";"Wangbe";"0";"0";"102";"2025-03-21 02:44:49";"System";"2025-03-21 02:44:49";"System"
"912503";"Beoga";"Beoga";"0";"0";"102";"2025-03-21 02:44:49";"System";"2025-03-21 02:44:49";"System"
"912504";"Doufo";"Doufo";"0";"0";"102";"2025-03-21 02:44:49";"System";"2025-03-21 02:44:49";"System"
"912505";"Pogoma";"Pogoma";"0";"0";"102";"2025-03-21 02:44:49";"System";"2025-03-21 02:44:49";"System"
"912506";"Sinak";"Sinak";"0";"0";"102";"2025-03-21 02:44:49";"System";"2025-03-21 02:44:49";"System"
"912507";"Agandugume";"Agandugume";"0";"0";"102";"2025-03-21 02:44:49";"System";"2025-03-21 02:44:49";"System"
"912508";"Gome";"Gome";"0";"0";"102";"2025-03-21 02:44:49";"System";"2025-03-21 02:44:49";"System"
"912509";"Dervos";"Dervos";"0";"0";"102";"2025-03-21 02:44:49";"System";"2025-03-21 02:44:49";"System"
"912510";"Beoga Barat";"Beoga Barat";"0";"0";"102";"2025-03-21 02:44:49";"System";"2025-03-21 02:44:49";"System"
"912511";"Beoga Timur";"Beoga Timur";"0";"0";"102";"2025-03-21 02:44:49";"System";"2025-03-21 02:44:49";"System"
"912512";"Ogamanim";"Ogamanim";"0";"0";"102";"2025-03-21 02:44:49";"System";"2025-03-21 02:44:49";"System"
"912513";"Kembru";"Kembru";"0";"0";"102";"2025-03-21 02:44:49";"System";"2025-03-21 02:44:49";"System"
"912514";"Bina";"Bina";"0";"0";"102";"2025-03-21 02:44:49";"System";"2025-03-21 02:44:49";"System"
"912515";"Sinak Barat";"Sinak Barat";"0";"0";"102";"2025-03-21 02:44:49";"System";"2025-03-21 02:44:49";"System"
"912516";"Mage'abume";"Mage'abume";"0";"0";"102";"2025-03-21 02:44:49";"System";"2025-03-21 02:44:49";"System"
"912517";"Yugumuak";"Yugumuak";"0";"0";"102";"2025-03-21 02:44:49";"System";"2025-03-21 02:44:49";"System"
"912518";"Ilaga Utara";"Ilaga Utara";"0";"0";"102";"2025-03-21 02:44:49";"System";"2025-03-21 02:44:49";"System"
"912519";"Mabugi";"Mabugi";"0";"0";"102";"2025-03-21 02:44:49";"System";"2025-03-21 02:44:49";"System"
"912520";"Omukia";"Omukia";"0";"0";"102";"2025-03-21 02:44:49";"System";"2025-03-21 02:44:49";"System"
"912521";"Lambewi";"Lambewi";"0";"0";"102";"2025-03-21 02:44:49";"System";"2025-03-21 02:44:49";"System"
"912522";"Oneri";"Oneri";"0";"0";"102";"2025-03-21 02:44:49";"System";"2025-03-21 02:44:49";"System"
"912523";"Amungkalpia";"Amungkalpia";"0";"0";"102";"2025-03-21 02:44:49";"System";"2025-03-21 02:44:49";"System"
"912524";"Gome Utara";"Gome Utara";"0";"0";"102";"2025-03-21 02:44:49";"System";"2025-03-21 02:44:49";"System"
"912525";"Erelmakawia";"Erelmakawia";"0";"0";"102";"2025-03-21 02:44:49";"System";"2025-03-21 02:44:49";"System"
"912601";"Kamu";"Kamu";"56399";"1798";"102";"2025-03-21 02:44:49";"System";"2025-03-21 02:44:49";"System"
"912602";"Mapia";"Mapia";"56399";"1798";"102";"2025-03-21 02:44:49";"System";"2025-03-21 02:44:49";"System"
"912603";"Piyaiye";"Piyaiye";"56399";"1798";"102";"2025-03-21 02:44:49";"System";"2025-03-21 02:44:49";"System"
"912604";"Kamu Utara";"Kamu Utara";"56399";"1798";"102";"2025-03-21 02:44:49";"System";"2025-03-21 02:44:49";"System"
"912605";"Sukikai Selatan";"Sukikai Selatan";"56399";"1798";"102";"2025-03-21 02:44:49";"System";"2025-03-21 02:44:49";"System"
"912606";"Mapia Barat";"Mapia Barat";"56399";"1798";"102";"2025-03-21 02:44:49";"System";"2025-03-21 02:44:49";"System"
"912607";"Kamu Selatan";"Kamu Selatan";"56399";"1798";"102";"2025-03-21 02:44:49";"System";"2025-03-21 02:44:49";"System"
"912608";"Kamu Timur";"Kamu Timur";"56399";"1798";"102";"2025-03-21 02:44:49";"System";"2025-03-21 02:44:49";"System"
"912609";"Mapia Tengah";"Mapia Tengah";"56399";"1798";"102";"2025-03-21 02:44:49";"System";"2025-03-21 02:44:49";"System"
"912610";"Dogiyai";"Dogiyai";"56399";"1798";"102";"2025-03-21 02:44:49";"System";"2025-03-21 02:44:49";"System"
"912701";"Sugapa";"Sugapa";"56427";"1798";"102";"2025-03-21 02:44:49";"System";"2025-03-21 02:44:49";"System"
"912702";"Homeyo";"Homeyo";"56427";"1798";"102";"2025-03-21 02:44:49";"System";"2025-03-21 02:44:49";"System"
"912703";"Wandai";"Wandai";"56427";"1798";"102";"2025-03-21 02:44:49";"System";"2025-03-21 02:44:49";"System"
"912704";"Biandoga";"Biandoga";"56427";"1798";"102";"2025-03-21 02:44:49";"System";"2025-03-21 02:44:49";"System"
"912705";"Agisiga";"Agisiga";"56427";"1798";"102";"2025-03-21 02:44:49";"System";"2025-03-21 02:44:49";"System"
"912706";"Hitadipa";"Hitadipa";"56427";"1798";"102";"2025-03-21 02:44:49";"System";"2025-03-21 02:44:49";"System"
"912707";"Ugimba";"Ugimba";"56427";"1798";"102";"2025-03-21 02:44:49";"System";"2025-03-21 02:44:49";"System"
"912708";"Tomosiga";"Tomosiga";"56427";"1798";"102";"2025-03-21 02:44:49";"System";"2025-03-21 02:44:49";"System"
"912801";"Tigi";"Tigi";"56395";"1798";"102";"2025-03-21 02:44:49";"System";"2025-03-21 02:44:49";"System"
"912802";"Tigi Timur";"Tigi Timur";"56395";"1798";"102";"2025-03-21 02:44:49";"System";"2025-03-21 02:44:49";"System"
"912803";"Bowobado";"Bowobado";"56395";"1798";"102";"2025-03-21 02:44:49";"System";"2025-03-21 02:44:49";"System"
"912804";"Tigi Barat";"Tigi Barat";"56395";"1798";"102";"2025-03-21 02:44:49";"System";"2025-03-21 02:44:49";"System"
"912805";"Kapiraya";"Kapiraya";"56395";"1798";"102";"2025-03-21 02:44:49";"System";"2025-03-21 02:44:49";"System"
"917101";"Jayapura Utara";"Jayapura Utara";"56756";"1798";"102";"2025-03-21 02:44:49";"System";"2025-03-21 02:44:49";"System"
"917102";"Jayapura Selatan";"Jayapura Selatan";"56756";"1798";"102";"2025-03-21 02:44:49";"System";"2025-03-21 02:44:49";"System"
"917103";"Abepura";"Abepura";"56756";"1798";"102";"2025-03-21 02:44:49";"System";"2025-03-21 02:44:49";"System"
"917104";"Muara Tami";"Muara Tami";"56756";"1798";"102";"2025-03-21 02:44:49";"System";"2025-03-21 02:44:49";"System"
"917105";"Heram";"Heram";"56756";"1798";"102";"2025-03-21 02:44:49";"System";"2025-03-21 02:44:49";"System"
"920101";"Makbon";"Makbon";"56641";"1799";"102";"2025-03-21 02:44:49";"System";"2025-03-21 02:44:49";"System"
"920104";"Beraur";"Beraur";"56641";"1799";"102";"2025-03-21 02:44:49";"System";"2025-03-21 02:44:49";"System"
"920105";"Salawati";"Salawati";"56641";"1799";"102";"2025-03-21 02:44:49";"System";"2025-03-21 02:44:49";"System"
"920106";"Seget";"Seget";"56641";"1799";"102";"2025-03-21 02:44:49";"System";"2025-03-21 02:44:49";"System"
"920107";"Aimas";"Aimas";"56641";"1799";"102";"2025-03-21 02:44:49";"System";"2025-03-21 02:44:49";"System"
"920108";"Klamono";"Klamono";"56641";"1799";"102";"2025-03-21 02:44:49";"System";"2025-03-21 02:44:49";"System"
"920110";"Sayosa";"Sayosa";"56641";"1799";"102";"2025-03-21 02:44:49";"System";"2025-03-21 02:44:49";"System"
"920112";"Segun";"Segun";"56641";"1799";"102";"2025-03-21 02:44:49";"System";"2025-03-21 02:44:49";"System"
"920113";"Mayamuk";"Mayamuk";"56641";"1799";"102";"2025-03-21 02:44:49";"System";"2025-03-21 02:44:49";"System"
"920114";"Salawati Selatan";"Salawati Selatan";"56641";"1799";"102";"2025-03-21 02:44:49";"System";"2025-03-21 02:44:49";"System"
"920117";"Klabot";"Klabot";"56641";"1799";"102";"2025-03-21 02:44:49";"System";"2025-03-21 02:44:49";"System"
"920118";"Klawak";"Klawak";"56641";"1799";"102";"2025-03-21 02:44:49";"System";"2025-03-21 02:44:49";"System"
"920120";"Maudus";"Maudus";"56641";"1799";"102";"2025-03-21 02:44:49";"System";"2025-03-21 02:44:49";"System"
"920139";"Mariat";"Mariat";"56641";"1799";"102";"2025-03-21 02:44:49";"System";"2025-03-21 02:44:49";"System"
"920140";"Klaili";"Klaili";"56641";"1799";"102";"2025-03-21 02:44:49";"System";"2025-03-21 02:44:49";"System"
"920141";"Klaso";"Klaso";"56641";"1799";"102";"2025-03-21 02:44:49";"System";"2025-03-21 02:44:49";"System"
"920142";"Moisegen";"Moisegen";"56641";"1799";"102";"2025-03-21 02:44:49";"System";"2025-03-21 02:44:49";"System"
"920143";"Sorong";"Sorong";"56641";"1799";"102";"2025-03-21 02:44:49";"System";"2025-03-21 02:44:49";"System"
"920144";"Bagun";"Bagun";"56641";"1799";"102";"2025-03-21 02:44:49";"System";"2025-03-21 02:44:49";"System"
"920145";"Wemak";"Wemak";"56641";"1799";"102";"2025-03-21 02:44:49";"System";"2025-03-21 02:44:49";"System"
"920146";"Sunook";"Sunook";"56641";"1799";"102";"2025-03-21 02:44:49";"System";"2025-03-21 02:44:49";"System"
"920147";"Buk";"Buk";"56641";"1799";"102";"2025-03-21 02:44:49";"System";"2025-03-21 02:44:49";"System"
"920148";"Saengkeduk";"Saengkeduk";"56641";"1799";"102";"2025-03-21 02:44:49";"System";"2025-03-21 02:44:49";"System"
"920149";"Malabotom";"Malabotom";"56641";"1799";"102";"2025-03-21 02:44:49";"System";"2025-03-21 02:44:49";"System"
"920150";"Konhir";"Konhir";"56641";"1799";"102";"2025-03-21 02:44:49";"System";"2025-03-21 02:44:49";"System"
"920151";"Klasafet";"Klasafet";"56641";"1799";"102";"2025-03-21 02:44:49";"System";"2025-03-21 02:44:49";"System"
"920152";"Hobard";"Hobard";"56641";"1799";"102";"2025-03-21 02:44:49";"System";"2025-03-21 02:44:49";"System"
"920153";"Salawati Tengah";"Salawati Tengah";"56641";"1799";"102";"2025-03-21 02:44:49";"System";"2025-03-21 02:44:49";"System"
"920154";"Botain";"Botain";"56641";"1799";"102";"2025-03-21 02:44:49";"System";"2025-03-21 02:44:49";"System"
"920155";"Sayosa Timur";"Sayosa Timur";"56641";"1799";"102";"2025-03-21 02:44:49";"System";"2025-03-21 02:44:49";"System"
"920203";"Warmare";"Warmare";"56527";"1799";"102";"2025-03-21 02:44:49";"System";"2025-03-21 02:44:49";"System"
"920204";"Prafi";"Prafi";"56527";"1799";"102";"2025-03-21 02:44:49";"System";"2025-03-21 02:44:49";"System"
"920205";"Masni";"Masni";"56527";"1799";"102";"2025-03-21 02:44:49";"System";"2025-03-21 02:44:49";"System"
"920212";"Manokwari Barat";"Manokwari Barat";"56527";"1799";"102";"2025-03-21 02:44:49";"System";"2025-03-21 02:44:49";"System"
"920213";"Manokwari Timur";"Manokwari Timur";"56527";"1799";"102";"2025-03-21 02:44:49";"System";"2025-03-21 02:44:49";"System"
"920214";"Manokwari Utara";"Manokwari Utara";"56527";"1799";"102";"2025-03-21 02:44:49";"System";"2025-03-21 02:44:49";"System"
"920215";"Manokwari Selatan";"Manokwari Selatan";"56527";"1799";"102";"2025-03-21 02:44:49";"System";"2025-03-21 02:44:49";"System"
"920217";"Tanah Rubuh";"Tanah Rubuh";"56527";"1799";"102";"2025-03-21 02:44:49";"System";"2025-03-21 02:44:49";"System"
"920221";"Sidey";"Sidey";"56527";"1799";"102";"2025-03-21 02:44:49";"System";"2025-03-21 02:44:49";"System"
"920301";"Fak-Fak";"Fak-Fak";"0";"0";"102";"2025-03-21 02:44:49";"System";"2025-03-21 02:44:49";"System"
"920302";"Fak-Fak Barat";"Fak-Fak Barat";"0";"0";"102";"2025-03-21 02:44:49";"System";"2025-03-21 02:44:49";"System"
"920303";"Fak-Fak Timur";"Fak-Fak Timur";"0";"0";"102";"2025-03-21 02:44:49";"System";"2025-03-21 02:44:49";"System"
"920304";"Kokas";"Kokas";"0";"0";"102";"2025-03-21 02:44:49";"System";"2025-03-21 02:44:49";"System"
"920305";"Fak-Fak Tengah";"Fak-Fak Tengah";"0";"0";"102";"2025-03-21 02:44:49";"System";"2025-03-21 02:44:49";"System"
"920306";"Karas";"Karas";"0";"0";"102";"2025-03-21 02:44:49";"System";"2025-03-21 02:44:49";"System"
"920307";"Bomberay";"Bomberay";"0";"0";"102";"2025-03-21 02:44:49";"System";"2025-03-21 02:44:49";"System"
"920308";"Kramongmongga";"Kramongmongga";"0";"0";"102";"2025-03-21 02:44:49";"System";"2025-03-21 02:44:49";"System"
"920309";"Teluk Patipi";"Teluk Patipi";"0";"0";"102";"2025-03-21 02:44:49";"System";"2025-03-21 02:44:49";"System"
"920310";"Pariwari";"Pariwari";"0";"0";"102";"2025-03-21 02:44:49";"System";"2025-03-21 02:44:49";"System"
"920311";"Wartutin";"Wartutin";"0";"0";"102";"2025-03-21 02:44:49";"System";"2025-03-21 02:44:49";"System"
"920312";"Fakfak Timur Tengah";"Fakfak Timur Tengah";"0";"0";"102";"2025-03-21 02:44:49";"System";"2025-03-21 02:44:49";"System"
"920313";"Arguni";"Arguni";"0";"0";"102";"2025-03-21 02:44:49";"System";"2025-03-21 02:44:49";"System"
"920314";"Mbahamdandara";"Mbahamdandara";"0";"0";"102";"2025-03-21 02:44:49";"System";"2025-03-21 02:44:49";"System"
"920315";"Kayauni";"Kayauni";"0";"0";"102";"2025-03-21 02:44:49";"System";"2025-03-21 02:44:49";"System"
"920316";"Furwagi";"Furwagi";"0";"0";"102";"2025-03-21 02:44:49";"System";"2025-03-21 02:44:49";"System"
"920317";"Tomage";"Tomage";"0";"0";"102";"2025-03-21 02:44:49";"System";"2025-03-21 02:44:49";"System"
"920401";"Teminabuan";"Teminabuan";"56642";"1799";"102";"2025-03-21 02:44:49";"System";"2025-03-21 02:44:49";"System"
"920404";"Inanwatan";"Inanwatan";"56642";"1799";"102";"2025-03-21 02:44:49";"System";"2025-03-21 02:44:49";"System"
"920406";"Sawiat";"Sawiat";"56642";"1799";"102";"2025-03-21 02:44:49";"System";"2025-03-21 02:44:49";"System"
"920409";"Kokoda";"Kokoda";"56642";"1799";"102";"2025-03-21 02:44:49";"System";"2025-03-21 02:44:49";"System"
"920410";"Moswaren";"Moswaren";"56642";"1799";"102";"2025-03-21 02:44:49";"System";"2025-03-21 02:44:49";"System"
"920411";"Seremuk";"Seremuk";"56642";"1799";"102";"2025-03-21 02:44:49";"System";"2025-03-21 02:44:49";"System"
"920412";"Wayer";"Wayer";"56642";"1799";"102";"2025-03-21 02:44:49";"System";"2025-03-21 02:44:49";"System"
"920414";"Kais";"Kais";"56642";"1799";"102";"2025-03-21 02:44:49";"System";"2025-03-21 02:44:49";"System"
"920415";"Konda";"Konda";"56642";"1799";"102";"2025-03-21 02:44:49";"System";"2025-03-21 02:44:49";"System"
"920420";"Matemani";"Matemani";"56642";"1799";"102";"2025-03-21 02:44:49";"System";"2025-03-21 02:44:49";"System"
"920421";"Kokoda Utara";"Kokoda Utara";"56642";"1799";"102";"2025-03-21 02:44:49";"System";"2025-03-21 02:44:49";"System"
"920422";"Saifi";"Saifi";"56642";"1799";"102";"2025-03-21 02:44:49";"System";"2025-03-21 02:44:49";"System"
"920424";"Fokour";"Fokour";"56642";"1799";"102";"2025-03-21 02:44:49";"System";"2025-03-21 02:44:49";"System"
"920425";"Salkma";"Salkma";"56642";"1799";"102";"2025-03-21 02:44:49";"System";"2025-03-21 02:44:49";"System"
"920426";"Kais Darat";"Kais Darat";"56642";"1799";"102";"2025-03-21 02:44:49";"System";"2025-03-21 02:44:49";"System"
"920501";"Misool (Misool Utara)";"Misool (Misool Utara)";"56608";"1799";"102";"2025-03-21 02:44:49";"System";"2025-03-21 02:44:49";"System"
"920502";"Waigeo Utara";"Waigeo Utara";"56608";"1799";"102";"2025-03-21 02:44:49";"System";"2025-03-21 02:44:49";"System"
"920503";"Waigeo Selatan";"Waigeo Selatan";"56608";"1799";"102";"2025-03-21 02:44:49";"System";"2025-03-21 02:44:49";"System"
"920504";"Salawati Utara";"Salawati Utara";"56608";"1799";"102";"2025-03-21 02:44:49";"System";"2025-03-21 02:44:49";"System"
"920505";"Kepulauan Ayau";"Kepulauan Ayau";"56608";"1799";"102";"2025-03-21 02:44:49";"System";"2025-03-21 02:44:49";"System"
"920506";"Misool Timur";"Misool Timur";"56608";"1799";"102";"2025-03-21 02:44:49";"System";"2025-03-21 02:44:49";"System"
"920507";"Waigeo Barat";"Waigeo Barat";"56608";"1799";"102";"2025-03-21 02:44:49";"System";"2025-03-21 02:44:49";"System"
"920508";"Waigeo Timur";"Waigeo Timur";"56608";"1799";"102";"2025-03-21 02:44:49";"System";"2025-03-21 02:44:49";"System"
"920509";"Teluk Mayalibit";"Teluk Mayalibit";"56608";"1799";"102";"2025-03-21 02:44:49";"System";"2025-03-21 02:44:49";"System"
"920510";"Kofiau";"Kofiau";"56608";"1799";"102";"2025-03-21 02:44:49";"System";"2025-03-21 02:44:49";"System"
"920511";"Meos Mansar";"Meos Mansar";"56608";"1799";"102";"2025-03-21 02:44:49";"System";"2025-03-21 02:44:49";"System"
"920513";"Misool Selatan";"Misool Selatan";"56608";"1799";"102";"2025-03-21 02:44:49";"System";"2025-03-21 02:44:49";"System"
"920514";"Warwarbomi";"Warwarbomi";"56608";"1799";"102";"2025-03-21 02:44:49";"System";"2025-03-21 02:44:49";"System"
"920515";"Waigeo Barat Kepulauan";"Waigeo Barat Kepulauan";"56608";"1799";"102";"2025-03-21 02:44:49";"System";"2025-03-21 02:44:49";"System"
"920516";"Misool Barat";"Misool Barat";"56608";"1799";"102";"2025-03-21 02:44:49";"System";"2025-03-21 02:44:49";"System"
"920517";"Kepulauan Sembilan";"Kepulauan Sembilan";"56608";"1799";"102";"2025-03-21 02:44:49";"System";"2025-03-21 02:44:49";"System"
"920518";"Kota Waisai";"Kota Waisai";"56608";"1799";"102";"2025-03-21 02:44:49";"System";"2025-03-21 02:44:49";"System"
"920519";"Tiplol Mayalibit";"Tiplol Mayalibit";"56608";"1799";"102";"2025-03-21 02:44:49";"System";"2025-03-21 02:44:49";"System"
"920520";"Batanta Utara";"Batanta Utara";"56608";"1799";"102";"2025-03-21 02:44:49";"System";"2025-03-21 02:44:49";"System"
"920521";"Salawati Barat";"Salawati Barat";"56608";"1799";"102";"2025-03-21 02:44:49";"System";"2025-03-21 02:44:49";"System"
"920522";"Salawati Tengah";"Salawati Tengah";"56608";"1799";"102";"2025-03-21 02:44:49";"System";"2025-03-21 02:44:49";"System"
"920523";"Supnin";"Supnin";"56608";"1799";"102";"2025-03-21 02:44:49";"System";"2025-03-21 02:44:49";"System"
"920524";"Ayau";"Ayau";"56608";"1799";"102";"2025-03-21 02:44:49";"System";"2025-03-21 02:44:49";"System"
"920525";"Batanta Selatan";"Batanta Selatan";"56608";"1799";"102";"2025-03-21 02:44:49";"System";"2025-03-21 02:44:49";"System"
"920601";"Bintuni";"Bintuni";"56677";"1799";"102";"2025-03-21 02:44:49";"System";"2025-03-21 02:44:49";"System"
"920602";"Merdey";"Merdey";"56677";"1799";"102";"2025-03-21 02:44:49";"System";"2025-03-21 02:44:49";"System"
"920603";"Babo";"Babo";"56677";"1799";"102";"2025-03-21 02:44:49";"System";"2025-03-21 02:44:49";"System"
"920604";"Aranday";"Aranday";"56677";"1799";"102";"2025-03-21 02:44:49";"System";"2025-03-21 02:44:49";"System"
"920605";"Moskona Selatan";"Moskona Selatan";"56677";"1799";"102";"2025-03-21 02:44:49";"System";"2025-03-21 02:44:49";"System"
"920606";"Moskona Utara";"Moskona Utara";"56677";"1799";"102";"2025-03-21 02:44:49";"System";"2025-03-21 02:44:49";"System"
"920607";"Wamesa";"Wamesa";"56677";"1799";"102";"2025-03-21 02:44:49";"System";"2025-03-21 02:44:49";"System"
"920608";"Fafurwar";"Fafurwar";"56677";"1799";"102";"2025-03-21 02:44:49";"System";"2025-03-21 02:44:49";"System"
"920609";"Tembuni";"Tembuni";"56677";"1799";"102";"2025-03-21 02:44:49";"System";"2025-03-21 02:44:49";"System"
"920610";"Kuri";"Kuri";"56677";"1799";"102";"2025-03-21 02:44:49";"System";"2025-03-21 02:44:49";"System"
"920611";"Manimeri";"Manimeri";"56677";"1799";"102";"2025-03-21 02:44:49";"System";"2025-03-21 02:44:49";"System"
"920612";"Tuhiba";"Tuhiba";"56677";"1799";"102";"2025-03-21 02:44:49";"System";"2025-03-21 02:44:49";"System"
"920613";"Dataran Beimes";"Dataran Beimes";"56677";"1799";"102";"2025-03-21 02:44:49";"System";"2025-03-21 02:44:49";"System"
"920614";"Sumuri";"Sumuri";"56677";"1799";"102";"2025-03-21 02:44:49";"System";"2025-03-21 02:44:49";"System"
"920615";"Kaitaro";"Kaitaro";"56677";"1799";"102";"2025-03-21 02:44:49";"System";"2025-03-21 02:44:49";"System"
"920616";"Aroba";"Aroba";"56677";"1799";"102";"2025-03-21 02:44:49";"System";"2025-03-21 02:44:49";"System"
"920617";"Masyeta";"Masyeta";"56677";"1799";"102";"2025-03-21 02:44:49";"System";"2025-03-21 02:44:49";"System"
"920618";"Biscoop";"Biscoop";"56677";"1799";"102";"2025-03-21 02:44:49";"System";"2025-03-21 02:44:49";"System"
"920619";"Tomu";"Tomu";"56677";"1799";"102";"2025-03-21 02:44:49";"System";"2025-03-21 02:44:49";"System"
"920620";"Kamundan";"Kamundan";"56677";"1799";"102";"2025-03-21 02:44:49";"System";"2025-03-21 02:44:49";"System"
"920621";"Weriagar";"Weriagar";"56677";"1799";"102";"2025-03-21 02:44:49";"System";"2025-03-21 02:44:49";"System"
"920622";"Moskona Barat";"Moskona Barat";"56677";"1799";"102";"2025-03-21 02:44:49";"System";"2025-03-21 02:44:49";"System"
"920623";"Meyado";"Meyado";"56677";"1799";"102";"2025-03-21 02:44:49";"System";"2025-03-21 02:44:49";"System"
"920624";"Moskona Timur";"Moskona Timur";"56677";"1799";"102";"2025-03-21 02:44:49";"System";"2025-03-21 02:44:49";"System"
"920701";"Wasior";"Wasior";"56678";"1799";"102";"2025-03-21 02:44:49";"System";"2025-03-21 02:44:49";"System"
"920702";"Windesi";"Windesi";"56678";"1799";"102";"2025-03-21 02:44:49";"System";"2025-03-21 02:44:49";"System"
"920703";"Teluk Duairi";"Teluk Duairi";"56678";"1799";"102";"2025-03-21 02:44:49";"System";"2025-03-21 02:44:49";"System"
"920704";"Wondiboy";"Wondiboy";"56678";"1799";"102";"2025-03-21 02:44:49";"System";"2025-03-21 02:44:49";"System"
"920705";"Wamesa";"Wamesa";"56678";"1799";"102";"2025-03-21 02:44:49";"System";"2025-03-21 02:44:49";"System"
"920706";"Rumberpon";"Rumberpon";"56678";"1799";"102";"2025-03-21 02:44:49";"System";"2025-03-21 02:44:49";"System"
"920707";"Naikere";"Naikere";"56678";"1799";"102";"2025-03-21 02:44:49";"System";"2025-03-21 02:44:49";"System"
"920708";"Rasiei";"Rasiei";"56678";"1799";"102";"2025-03-21 02:44:49";"System";"2025-03-21 02:44:49";"System"
"920709";"Kuri Wamesa";"Kuri Wamesa";"56678";"1799";"102";"2025-03-21 02:44:49";"System";"2025-03-21 02:44:49";"System"
"920710";"Roon";"Roon";"56678";"1799";"102";"2025-03-21 02:44:49";"System";"2025-03-21 02:44:49";"System"
"920711";"Roswar";"Roswar";"56678";"1799";"102";"2025-03-21 02:44:49";"System";"2025-03-21 02:44:49";"System"
"920712";"Nikiwar";"Nikiwar";"56678";"1799";"102";"2025-03-21 02:44:49";"System";"2025-03-21 02:44:49";"System"
"920713";"Soug Jaya";"Soug Jaya";"56678";"1799";"102";"2025-03-21 02:44:49";"System";"2025-03-21 02:44:49";"System"
"920801";"Kaimana";"Kaimana";"56435";"1799";"102";"2025-03-21 02:44:49";"System";"2025-03-21 02:44:49";"System"
"920802";"Buruway";"Buruway";"56435";"1799";"102";"2025-03-21 02:44:49";"System";"2025-03-21 02:44:49";"System"
"920803";"Teluk Arguni Atas";"Teluk Arguni Atas";"56435";"1799";"102";"2025-03-21 02:44:49";"System";"2025-03-21 02:44:49";"System"
"920804";"Teluk Etna";"Teluk Etna";"56435";"1799";"102";"2025-03-21 02:44:49";"System";"2025-03-21 02:44:49";"System"
"920805";"Kambrau";"Kambrau";"56435";"1799";"102";"2025-03-21 02:44:49";"System";"2025-03-21 02:44:49";"System"
"920806";"Teluk Arguni Bawah";"Teluk Arguni Bawah";"56435";"1799";"102";"2025-03-21 02:44:49";"System";"2025-03-21 02:44:49";"System"
"920807";"Yamor";"Yamor";"56435";"1799";"102";"2025-03-21 02:44:49";"System";"2025-03-21 02:44:49";"System"
"920901";"Fef";"Fef";"56660";"1799";"102";"2025-03-21 02:44:49";"System";"2025-03-21 02:44:49";"System"
"920902";"Miyah";"Miyah";"56660";"1799";"102";"2025-03-21 02:44:49";"System";"2025-03-21 02:44:49";"System"
"920903";"Yembun";"Yembun";"56660";"1799";"102";"2025-03-21 02:44:49";"System";"2025-03-21 02:44:49";"System"
"920904";"Kwoor";"Kwoor";"56660";"1799";"102";"2025-03-21 02:44:49";"System";"2025-03-21 02:44:49";"System"
"920905";"Sausapor";"Sausapor";"56660";"1799";"102";"2025-03-21 02:44:49";"System";"2025-03-21 02:44:49";"System"
"920906";"Abun";"Abun";"56660";"1799";"102";"2025-03-21 02:44:49";"System";"2025-03-21 02:44:49";"System"
"920907";"Syujak";"Syujak";"56660";"1799";"102";"2025-03-21 02:44:49";"System";"2025-03-21 02:44:49";"System"
"920908";"Moraid";"Moraid";"56660";"1799";"102";"2025-03-21 02:44:49";"System";"2025-03-21 02:44:49";"System"
"920909";"Kebar";"Kebar";"56660";"1799";"102";"2025-03-21 02:44:49";"System";"2025-03-21 02:44:49";"System"
"920910";"Amberbaken";"Amberbaken";"56660";"1799";"102";"2025-03-21 02:44:49";"System";"2025-03-21 02:44:49";"System"
"920911";"Senopi";"Senopi";"56660";"1799";"102";"2025-03-21 02:44:49";"System";"2025-03-21 02:44:49";"System"
"920912";"Mubrani";"Mubrani";"56660";"1799";"102";"2025-03-21 02:44:49";"System";"2025-03-21 02:44:49";"System"
"920913";"Bikar";"Bikar";"56660";"1799";"102";"2025-03-21 02:44:49";"System";"2025-03-21 02:44:49";"System"
"920914";"Bamusbama";"Bamusbama";"56660";"1799";"102";"2025-03-21 02:44:49";"System";"2025-03-21 02:44:49";"System"
"920915";"Ases";"Ases";"56660";"1799";"102";"2025-03-21 02:44:49";"System";"2025-03-21 02:44:49";"System"
"920916";"Miyah Selatan";"Miyah Selatan";"56660";"1799";"102";"2025-03-21 02:44:49";"System";"2025-03-21 02:44:49";"System"
"920917";"Ireres";"Ireres";"56660";"1799";"102";"2025-03-21 02:44:49";"System";"2025-03-21 02:44:49";"System"
"920918";"Tobouw";"Tobouw";"56660";"1799";"102";"2025-03-21 02:44:49";"System";"2025-03-21 02:44:49";"System"
"920919";"Wilhem Roumbouts";"Wilhem Roumbouts";"56660";"1799";"102";"2025-03-21 02:44:49";"System";"2025-03-21 02:44:49";"System"
"920920";"Tinggouw";"Tinggouw";"56660";"1799";"102";"2025-03-21 02:44:49";"System";"2025-03-21 02:44:49";"System"
"920921";"Kwesefo";"Kwesefo";"56660";"1799";"102";"2025-03-21 02:44:49";"System";"2025-03-21 02:44:49";"System"
"920922";"Mawabuan";"Mawabuan";"56660";"1799";"102";"2025-03-21 02:44:49";"System";"2025-03-21 02:44:49";"System"
"920923";"Kebar Timur";"Kebar Timur";"56660";"1799";"102";"2025-03-21 02:44:49";"System";"2025-03-21 02:44:49";"System"
"920924";"Kebar Selatan";"Kebar Selatan";"56660";"1799";"102";"2025-03-21 02:44:49";"System";"2025-03-21 02:44:49";"System"
"920925";"Manekar";"Manekar";"56660";"1799";"102";"2025-03-21 02:44:49";"System";"2025-03-21 02:44:49";"System"
"920926";"Mpur";"Mpur";"56660";"1799";"102";"2025-03-21 02:44:49";"System";"2025-03-21 02:44:49";"System"
"920927";"Amberbaken Barat";"Amberbaken Barat";"56660";"1799";"102";"2025-03-21 02:44:49";"System";"2025-03-21 02:44:49";"System"
"920928";"Kasi";"Kasi";"56660";"1799";"102";"2025-03-21 02:44:49";"System";"2025-03-21 02:44:49";"System"
"920929";"Selemkai";"Selemkai";"56660";"1799";"102";"2025-03-21 02:44:49";"System";"2025-03-21 02:44:49";"System"
"921001";"Aifat";"Aifat";"56531";"1799";"102";"2025-03-21 02:44:49";"System";"2025-03-21 02:44:49";"System"
"921002";"Aifat Utara";"Aifat Utara";"56531";"1799";"102";"2025-03-21 02:44:49";"System";"2025-03-21 02:44:49";"System"
"921003";"Aifat Timur";"Aifat Timur";"56531";"1799";"102";"2025-03-21 02:44:49";"System";"2025-03-21 02:44:49";"System"
"921004";"Aifat Selatan";"Aifat Selatan";"56531";"1799";"102";"2025-03-21 02:44:49";"System";"2025-03-21 02:44:49";"System"
"921005";"Aitinyo Barat";"Aitinyo Barat";"56531";"1799";"102";"2025-03-21 02:44:49";"System";"2025-03-21 02:44:49";"System"
"921006";"Aitinyo";"Aitinyo";"56531";"1799";"102";"2025-03-21 02:44:49";"System";"2025-03-21 02:44:49";"System"
"921007";"Aitinyo Utara";"Aitinyo Utara";"56531";"1799";"102";"2025-03-21 02:44:49";"System";"2025-03-21 02:44:49";"System"
"921008";"Ayamaru";"Ayamaru";"56531";"1799";"102";"2025-03-21 02:44:49";"System";"2025-03-21 02:44:49";"System"
"921009";"Ayamaru Utara";"Ayamaru Utara";"56531";"1799";"102";"2025-03-21 02:44:49";"System";"2025-03-21 02:44:49";"System"
"921010";"Ayamaru Timur";"Ayamaru Timur";"56531";"1799";"102";"2025-03-21 02:44:49";"System";"2025-03-21 02:44:49";"System"
"921011";"Mare";"Mare";"56531";"1799";"102";"2025-03-21 02:44:49";"System";"2025-03-21 02:44:49";"System"
"921012";"Aifat Timur Tengah";"Aifat Timur Tengah";"56531";"1799";"102";"2025-03-21 02:44:49";"System";"2025-03-21 02:44:49";"System"
"921013";"Aifat Timur Jauh";"Aifat Timur Jauh";"56531";"1799";"102";"2025-03-21 02:44:49";"System";"2025-03-21 02:44:49";"System"
"921014";"Aifat Timur Selatan";"Aifat Timur Selatan";"56531";"1799";"102";"2025-03-21 02:44:49";"System";"2025-03-21 02:44:49";"System"
"921015";"Ayamaru Selatan";"Ayamaru Selatan";"56531";"1799";"102";"2025-03-21 02:44:49";"System";"2025-03-21 02:44:49";"System"
"921016";"Ayamaru Jaya";"Ayamaru Jaya";"56531";"1799";"102";"2025-03-21 02:44:49";"System";"2025-03-21 02:44:49";"System"
"921017";"Ayamaru Selatan Jaya";"Ayamaru Selatan Jaya";"56531";"1799";"102";"2025-03-21 02:44:49";"System";"2025-03-21 02:44:49";"System"
"921018";"Ayamaru Timur Selatan";"Ayamaru Timur Selatan";"56531";"1799";"102";"2025-03-21 02:44:49";"System";"2025-03-21 02:44:49";"System"
"921019";"Ayamaru Utara Timur";"Ayamaru Utara Timur";"56531";"1799";"102";"2025-03-21 02:44:49";"System";"2025-03-21 02:44:49";"System"
"921020";"Ayamaru Tengah";"Ayamaru Tengah";"56531";"1799";"102";"2025-03-21 02:44:49";"System";"2025-03-21 02:44:49";"System"
"921021";"Ayamaru Barat";"Ayamaru Barat";"56531";"1799";"102";"2025-03-21 02:44:49";"System";"2025-03-21 02:44:49";"System"
"921022";"Aitinyo Tengah";"Aitinyo Tengah";"56531";"1799";"102";"2025-03-21 02:44:49";"System";"2025-03-21 02:44:49";"System"
"921023";"Aitinyo Raya";"Aitinyo Raya";"56531";"1799";"102";"2025-03-21 02:44:49";"System";"2025-03-21 02:44:49";"System"
"921024";"Mare Selatan";"Mare Selatan";"56531";"1799";"102";"2025-03-21 02:44:49";"System";"2025-03-21 02:44:49";"System"
"921101";"Ransiki";"Ransiki";"56528";"1799";"102";"2025-03-21 02:44:49";"System";"2025-03-21 02:44:49";"System"
"921102";"Oransbari";"Oransbari";"56528";"1799";"102";"2025-03-21 02:44:49";"System";"2025-03-21 02:44:49";"System"
"921103";"Neney";"Neney";"56528";"1799";"102";"2025-03-21 02:44:49";"System";"2025-03-21 02:44:49";"System"
"921104";"Dataran Isim";"Dataran Isim";"56528";"1799";"102";"2025-03-21 02:44:49";"System";"2025-03-21 02:44:49";"System"
"921105";"Momi Waren";"Momi Waren";"56528";"1799";"102";"2025-03-21 02:44:49";"System";"2025-03-21 02:44:49";"System"
"921106";"Tahota";"Tahota";"56528";"1799";"102";"2025-03-21 02:44:49";"System";"2025-03-21 02:44:49";"System"
"921201";"Anggi";"Anggi";"0";"0";"102";"2025-03-21 02:44:49";"System";"2025-03-21 02:44:49";"System"
"921202";"Anggi Gida";"Anggi Gida";"0";"0";"102";"2025-03-21 02:44:49";"System";"2025-03-21 02:44:49";"System"
"921203";"Membey";"Membey";"0";"0";"102";"2025-03-21 02:44:49";"System";"2025-03-21 02:44:49";"System"
"921204";"Sururey";"Sururey";"0";"0";"102";"2025-03-21 02:44:49";"System";"2025-03-21 02:44:49";"System"
"921205";"Didohu";"Didohu";"0";"0";"102";"2025-03-21 02:44:49";"System";"2025-03-21 02:44:49";"System"
"921206";"Taige";"Taige";"0";"0";"102";"2025-03-21 02:44:49";"System";"2025-03-21 02:44:49";"System"
"921207";"Catubouw";"Catubouw";"0";"0";"102";"2025-03-21 02:44:49";"System";"2025-03-21 02:44:49";"System"
"921208";"Testega";"Testega";"0";"0";"102";"2025-03-21 02:44:49";"System";"2025-03-21 02:44:49";"System"
"921209";"Minyambaouw";"Minyambaouw";"0";"0";"102";"2025-03-21 02:44:49";"System";"2025-03-21 02:44:49";"System"
"921210";"Hingk";"Hingk";"0";"0";"102";"2025-03-21 02:44:49";"System";"2025-03-21 02:44:49";"System"
"927101";"Sorong";"Sorong";"56799";"1799";"102";"2025-03-21 02:44:49";"System";"2025-03-21 02:44:49";"System"
"927102";"Sorong Timur";"Sorong Timur";"56799";"1799";"102";"2025-03-21 02:44:49";"System";"2025-03-21 02:44:49";"System"
"927103";"Sorong Barat";"Sorong Barat";"56799";"1799";"102";"2025-03-21 02:44:49";"System";"2025-03-21 02:44:49";"System"
"927104";"Sorong Kepulauan";"Sorong Kepulauan";"56799";"1799";"102";"2025-03-21 02:44:49";"System";"2025-03-21 02:44:49";"System"
"927105";"Sorong Utara";"Sorong Utara";"56799";"1799";"102";"2025-03-21 02:44:49";"System";"2025-03-21 02:44:49";"System"
"927106";"Sorong Manoi";"Sorong Manoi";"56799";"1799";"102";"2025-03-21 02:44:49";"System";"2025-03-21 02:44:49";"System"
"927107";"Sorong Kota";"Sorong Kota";"56799";"1799";"102";"2025-03-21 02:44:49";"System";"2025-03-21 02:44:49";"System"
"927108";"Klaurung";"Klaurung";"56799";"1799";"102";"2025-03-21 02:44:49";"System";"2025-03-21 02:44:49";"System"
"927109";"Malaimsimsa";"Malaimsimsa";"56799";"1799";"102";"2025-03-21 02:44:49";"System";"2025-03-21 02:44:49";"System"
"927110";"Maladum Mes";"Maladum Mes";"56799";"1799";"102";"2025-03-21 02:44:49";"System";"2025-03-21 02:44:49";"System"
"927111";"Mukim Pantai";"Mukim Pantai";"76559";"1948";"132";"2025-03-26 01:31:28";"System";"2025-03-26 01:31:28";"System"
